split,file,ssim,psnr
train,0.tif,0.648768,21.5553
train,1.tif,0.462097,19.6689
train,10.tif,0.757092,20.5043
train,100.tif,0.571995,20.8461
train,1000.tif,0.581452,21.6157
train,10000.tif,0.467715,17.9461
train,10001.tif,0.590334,20.3872
train,10002.tif,0.633762,21.7487
train,10003.tif,0.624303,22.279
train,10004.tif,0.482682,20.4389
train,10005.tif,0.549876,20.8848
train,10006.tif,0.547983,21.5062
train,10007.tif,0.572462,21.7679
train,10008.tif,0.245344,16.8945
train,10009.tif,0.503052,19.1311
train,1001.tif,0.627966,22.5247
train,10010.tif,0.562692,21.4188
train,10011.tif,0.664016,22.7388
train,10012.tif,0.545202,21.4734
train,10013.tif,0.6019,21.6814
train,10014.tif,0.633587,21.1712
train,10015.tif,0.58247,19.1546
train,10016.tif,0.61295,19.353
train,10017.tif,0.553001,19.803
train,10018.tif,0.628243,19.6574
train,10019.tif,0.513575,21.5968
train,1002.tif,0.504765,19.9045
train,10020.tif,0.46414,18.2072
train,10021.tif,0.648242,20.3975
train,10022.tif,0.532128,18.5175
train,10023.tif,0.557624,20.0632
train,10024.tif,0.530634,20.0109
train,10025.tif,0.565898,20.1032
train,10026.tif,0.719342,24.3278
train,10027.tif,0.514253,19.8039
train,10028.tif,0.595778,20.7331
train,10029.tif,0.600856,20.1227
train,1003.tif,0.508242,18.2643
train,10030.tif,0.530979,19.6984
train,10031.tif,0.475216,15.7092
train,10032.tif,0.553384,20.9614
train,10033.tif,0.819926,23.8435
train,10034.tif,0.595629,21.4228
train,10035.tif,0.50115,19.5446
train,10036.tif,0.499199,17.6173
train,10037.tif,0.838112,27.4411
train,10038.tif,0.490211,19.5635
train,10039.tif,0.460303,19.1617
train,1004.tif,0.460192,18.3789
train,10040.tif,0.516937,19.9799
train,10041.tif,0.442213,18.1487
train,10042.tif,0.705848,23.6091
train,10043.tif,0.51111,20.2586
train,10044.tif,0.496725,20.0484
train,10045.tif,0.56645,19.764
train,10046.tif,0.650818,23.2826
train,10047.tif,0.532841,18.8963
train,10048.tif,0.622637,20.6969
train,10049.tif,0.485132,19.6128
train,1005.tif,0.506104,18.921
train,10050.tif,0.520169,20.3095
train,10051.tif,0.547561,20.6372
train,10052.tif,0.590001,18.9771
train,10053.tif,0.547316,19.9404
train,10054.tif,0.834625,20.0017
train,10055.tif,0.525811,18.8898
train,10056.tif,0.639117,21.8974
train,10057.tif,0.582389,20.7576
train,10058.tif,0.576104,20.8302
train,10059.tif,0.659327,20.363
train,1006.tif,0.505081,19.2288
train,10060.tif,0.553923,21.7667
train,10061.tif,0.527445,20.8137
train,10062.tif,0.494088,19.0262
train,10063.tif,0.520221,20.6742
train,10064.tif,0.661452,23.3163
train,10065.tif,0.498333,20.1214
train,10066.tif,0.544284,17.7429
train,10067.tif,0.596068,20.6453
train,10068.tif,0.727129,24.2957
train,10069.tif,0.555048,20.4048
train,1007.tif,0.447984,17.6938
train,10070.tif,0.590019,21.3375
train,10071.tif,0.570881,20.958
train,10072.tif,0.5353,18.7312
train,10073.tif,0.550337,20.5585
train,10074.tif,0.504487,20.1106
train,10075.tif,0.631176,23.6003
train,10076.tif,0.628536,22.762
train,10077.tif,0.537313,19.4179
train,10078.tif,0.445983,18.4956
train,10079.tif,0.526066,15.4898
train,1008.tif,0.552766,20.536
train,10080.tif,0.529696,20.9198
train,10081.tif,0.877836,26.0261
train,10082.tif,0.467674,18.6371
train,10083.tif,0.59787,21.4276
train,10084.tif,0.553938,20.2071
train,10085.tif,0.60107,20.9354
train,10086.tif,0.644189,21.7576
train,10087.tif,0.508922,17.5405
train,10088.tif,0.667964,24.0554
train,10089.tif,0.480244,20.1389
train,1009.tif,0.834341,21.9841
train,10090.tif,0.534331,20.4556
train,10091.tif,0.777581,23.9754
train,10092.tif,0.661977,21.4996
train,10093.tif,0.662985,22.129
train,10094.tif,0.568199,20.1532
train,10095.tif,0.609778,21.1013
train,10096.tif,0.589828,21.9132
train,10097.tif,0.417726,16.6698
train,10098.tif,0.527632,19.8842
train,10099.tif,0.570129,21.1409
train,101.tif,0.587188,19.7905
train,1010.tif,0.554063,20.2249
train,10100.tif,0.783483,23.8692
train,10101.tif,0.661517,22.5236
train,10102.tif,0.641998,19.7663
train,10103.tif,0.549553,19.9384
train,10104.tif,0.490574,18.096
train,10105.tif,0.53898,18.5184
train,10106.tif,0.627093,22.0758
train,10107.tif,0.558006,20.2345
train,10108.tif,0.432003,18.8202
train,10109.tif,0.669288,24.3788
train,1011.tif,0.527456,18.8178
train,10110.tif,0.631172,20.9516
train,10111.tif,0.604319,19.8659
train,10112.tif,0.50534,19.9943
train,10113.tif,0.565322,19.1507
train,10114.tif,0.823576,24.3607
train,10115.tif,0.610955,22.2938
train,10116.tif,0.548428,20.0324
train,10117.tif,0.526817,20.6721
train,10118.tif,0.719225,23.4941
train,10119.tif,0.53748,20.4603
train,1012.tif,0.532096,16.9437
train,10120.tif,0.642544,20.0801
train,10121.tif,0.544363,19.9277
train,10122.tif,0.602311,19.061
train,10123.tif,0.467939,15.803
train,10124.tif,0.639066,22.2131
train,10125.tif,0.634624,21.0124
train,10126.tif,0.476399,19.2258
train,10127.tif,0.525063,20.9704
train,10128.tif,0.777343,24.977
train,10129.tif,0.72749,20.7427
train,1013.tif,0.728443,23.9544
train,10130.tif,0.447403,16.0568
train,10131.tif,0.670053,21.7548
train,10132.tif,0.658525,21.3724
train,10133.tif,0.676309,20.3736
train,10134.tif,0.63849,22.8238
train,10135.tif,0.57953,20.5869
train,10136.tif,0.660534,22.6248
train,10137.tif,0.537208,19.4053
train,10138.tif,0.530562,19.3379
train,10139.tif,0.564644,20.3769
train,1014.tif,0.529383,17.5075
train,10140.tif,0.580294,21.0492
train,10141.tif,0.557866,18.7237
train,10142.tif,0.611371,21.8023
train,10143.tif,0.632122,21.8188
train,10144.tif,0.490366,17.7333
train,10145.tif,0.622025,22.0163
train,10146.tif,0.453155,18.1641
train,10147.tif,0.450481,16.1668
train,10148.tif,0.511522,18.6342
train,10149.tif,0.560141,18.1058
train,1015.tif,0.573961,18.4867
train,10150.tif,0.606597,21.6872
train,10151.tif,0.529178,20.0669
train,10152.tif,0.564201,20.1478
train,10153.tif,0.59072,20.325
train,10154.tif,0.499749,17.2481
train,10155.tif,0.615061,20.187
train,10156.tif,0.654718,20.4818
train,10157.tif,0.482835,18.7788
train,10158.tif,0.552061,20.492
train,10159.tif,0.625033,22.9342
train,1016.tif,0.511572,17.6785
train,10160.tif,0.529719,20.0471
train,10161.tif,0.642821,22.0205
train,10162.tif,0.50963,19.3415
train,10163.tif,0.644371,20.7293
train,10164.tif,0.693426,23.651
train,10165.tif,0.717487,22.4527
train,10166.tif,0.554074,21.5103
train,10167.tif,0.601991,20.4906
train,10168.tif,0.591092,19.6919
train,10169.tif,0.631993,21.3901
train,1017.tif,0.510251,19.2056
train,10170.tif,0.517365,19.4854
train,10171.tif,0.486217,18.3767
train,10172.tif,0.503584,19.5547
train,10173.tif,0.623283,20.3448
train,10174.tif,0.736095,24.4237
train,10175.tif,0.569952,21.1345
train,10176.tif,0.63569,19.1766
train,10177.tif,0.563401,20.8331
train,10178.tif,0.564088,20.4234
train,10179.tif,0.505361,20.3246
train,1018.tif,0.557351,20.3676
train,10180.tif,0.547793,22.4973
train,10181.tif,0.714484,22.6799
train,10182.tif,0.579635,19.6279
train,10183.tif,0.465596,19.1257
train,10184.tif,0.482521,18.8954
train,10185.tif,0.534703,19.5884
train,10186.tif,0.655653,22.0568
train,10187.tif,0.529593,20.6884
train,10188.tif,0.620193,22.244
train,10189.tif,0.572229,21.2339
train,1019.tif,0.583379,20.9575
train,10190.tif,0.495676,19.7494
train,10191.tif,0.831632,24.7445
train,10192.tif,0.566082,20.281
train,10193.tif,0.847864,26.4401
train,10194.tif,0.642523,21.7377
train,10195.tif,0.572124,19.0447
train,10196.tif,0.694178,18.8119
train,10197.tif,0.666325,22.7787
train,10198.tif,0.605727,20.8394
train,10199.tif,0.509491,18.7686
train,102.tif,0.632064,19.8853
train,1020.tif,0.521148,18.4576
train,10200.tif,0.532895,20.4999
train,10201.tif,0.594388,20.6699
train,10202.tif,0.57487,20.4739
train,10203.tif,0.53351,20.4657
train,10204.tif,0.64255,21.4556
train,10205.tif,0.795694,25.4912
train,10206.tif,0.514782,19.5381
train,10207.tif,0.58674,20.6239
train,10208.tif,0.611225,20.5337
train,10209.tif,0.627658,20.7031
train,1021.tif,0.515118,20.259
train,10210.tif,0.653816,21.1283
train,10211.tif,0.519445,21.1202
train,10212.tif,0.572248,20.9541
train,10213.tif,0.762302,23.7547
train,10214.tif,0.635841,22.5601
train,10215.tif,0.536875,19.5106
train,10216.tif,0.662124,22.1098
train,10217.tif,0.615163,21.0047
train,10218.tif,0.590116,21.1494
train,10219.tif,0.612199,20.8473
train,1022.tif,0.508656,19.1114
train,10220.tif,0.483117,17.7789
train,10221.tif,0.500596,19.6524
train,10222.tif,0.489559,19.5971
train,10223.tif,0.80894,23.8523
train,10224.tif,0.730887,22.7744
train,10225.tif,0.495109,19.503
train,10226.tif,0.75773,24.8008
train,10227.tif,0.651985,22.1594
train,10228.tif,0.535152,19.7325
train,10229.tif,0.690244,23.8176
train,1023.tif,0.495039,17.6774
train,10230.tif,0.528686,19.6115
train,10231.tif,0.523799,18.9947
train,10232.tif,0.702755,21.6395
train,10233.tif,0.49649,20.5651
train,10234.tif,0.640377,23.2348
train,10235.tif,0.506085,20.2053
train,10236.tif,0.640702,18.9991
train,10237.tif,0.477972,19.2231
train,10238.tif,0.694122,23.407
train,10239.tif,0.555738,19.7984
train,1024.tif,0.63395,16.1288
train,10240.tif,0.847588,26.4939
train,10241.tif,0.539745,20.5367
train,10242.tif,0.586612,18.9796
train,10243.tif,0.547495,19.8166
train,10244.tif,0.514138,19.7483
train,10245.tif,0.514313,18.9475
train,10246.tif,0.677541,19.6892
train,10247.tif,0.533757,19.467
train,10248.tif,0.487156,18.5169
train,10249.tif,0.558251,20.3698
train,1025.tif,0.816611,23.6966
train,10250.tif,0.620421,20.7885
train,10251.tif,0.770813,23.7078
train,10252.tif,0.735263,23.4648
train,10253.tif,0.594346,21.1279
train,10254.tif,0.530828,19.8997
train,10255.tif,0.488072,19.6022
train,10256.tif,0.714607,24.3749
train,10257.tif,0.408424,16.9057
train,10258.tif,0.499278,20.1038
train,10259.tif,0.57485,21.2457
train,1026.tif,0.510226,17.9418
train,10260.tif,0.691136,23.5894
train,10261.tif,0.657445,22.4513
train,10262.tif,0.507582,19.6328
train,10263.tif,0.571115,19.4349
train,10264.tif,0.540806,19.4118
train,10265.tif,0.520441,18.9671
train,10266.tif,0.491141,19.1682
train,10267.tif,0.623099,20.9918
train,10268.tif,0.682525,21.7346
train,10269.tif,0.495349,18.8594
train,1027.tif,0.562743,18.4516
train,10270.tif,0.610978,21.8244
train,10271.tif,0.820942,26.1924
train,10272.tif,0.625494,20.622
train,10273.tif,0.547571,21.2599
train,10274.tif,0.612209,21.4029
train,10275.tif,0.511063,19.9781
train,10276.tif,0.43067,18.7043
train,10277.tif,0.623985,21.6632
train,10278.tif,0.658296,22.4642
train,10279.tif,0.672841,24.2222
train,1028.tif,0.494374,18.3327
train,10280.tif,0.4543,16.745
train,10281.tif,0.498467,19.9914
train,10282.tif,0.528009,18.6832
train,10283.tif,0.61119,22.0176
train,10284.tif,0.661129,23.1674
train,10285.tif,0.762396,24.4039
train,10286.tif,0.696385,24.7398
train,10287.tif,0.641423,20.8781
train,10288.tif,0.61781,21.6099
train,10289.tif,0.640019,23.3491
train,1029.tif,0.563122,20.1483
train,10290.tif,0.652583,22.1537
train,10291.tif,0.496606,16.2823
train,10292.tif,0.448601,18.3711
train,10293.tif,0.558945,20.8658
train,10294.tif,0.769524,24.7062
train,10295.tif,0.747728,23.5867
train,10296.tif,0.571451,19.8886
train,10297.tif,0.628639,22.3717
train,10298.tif,0.629432,21.4629
train,10299.tif,0.483348,20.007
train,103.tif,0.541838,20.1219
train,1030.tif,0.609899,21.8641
train,10300.tif,0.572218,18.999
train,10301.tif,0.455633,18.5571
train,10302.tif,0.506886,19.3117
train,10303.tif,0.786707,24.5326
train,10304.tif,0.539442,18.0247
train,10305.tif,0.589408,19.0348
train,10306.tif,0.530907,19.6418
train,10307.tif,0.656598,20.2977
train,10308.tif,0.735748,24.3981
train,10309.tif,0.713281,21.6415
train,1031.tif,0.487869,17.3682
train,10310.tif,0.594358,21.2394
train,10311.tif,0.52121,19.6195
train,10312.tif,0.717125,23.1268
train,10313.tif,0.631886,20.7581
train,10314.tif,0.613626,20.2956
train,10315.tif,0.642793,21.7344
train,10316.tif,0.538628,20.1788
train,10317.tif,0.635237,23.6583
train,10318.tif,0.487998,19.2765
train,10319.tif,0.494634,20.5458
train,1032.tif,0.559469,20.1974
train,10320.tif,0.476359,18.1775
train,10321.tif,0.600151,18.8149
train,10322.tif,0.720902,24.8196
train,10323.tif,0.75724,21.4365
train,10324.tif,0.477069,18.1172
train,10325.tif,0.711399,22.7854
train,10326.tif,0.494058,17.8978
train,10327.tif,0.493437,20.4018
train,10328.tif,0.500525,19.5295
train,10329.tif,0.57599,20.5559
train,1033.tif,0.446534,17.4373
train,10330.tif,0.535149,21.2334
train,10331.tif,0.468651,18.4272
train,10332.tif,0.694844,22.8739
train,10333.tif,0.563485,19.7712
train,10334.tif,0.469827,19.2464
train,10335.tif,0.518549,20.2585
train,10336.tif,0.488129,19.685
train,10337.tif,0.550562,18.7058
train,10338.tif,0.576823,19.9651
train,10339.tif,0.547315,18.9022
train,1034.tif,0.656916,22.064
train,10340.tif,0.662169,22.4953
train,10341.tif,0.521048,18.8964
train,10342.tif,0.622331,20.8468
train,10343.tif,0.563594,20.5292
train,10344.tif,0.532721,19.3897
train,10345.tif,0.662028,23.2391
train,10346.tif,0.660624,22.0727
train,10347.tif,0.651207,21.2739
train,10348.tif,0.536742,18.8949
train,10349.tif,0.617345,20.9744
train,1035.tif,0.585431,19.3018
train,10350.tif,0.647474,21.308
train,10351.tif,0.592612,20.6083
train,10352.tif,0.566293,20.2782
train,10353.tif,0.505849,19.4471
train,10354.tif,0.247684,18.5967
train,10355.tif,0.556333,21.3002
train,10356.tif,0.671057,21.1607
train,10357.tif,0.713561,23.1759
train,10358.tif,0.604298,20.4251
train,10359.tif,0.52764,20.1704
train,1036.tif,0.485153,17.9171
train,10360.tif,0.531155,21.3483
train,10361.tif,0.517805,18.752
train,10362.tif,0.678215,24.0146
train,10363.tif,0.576718,22.3859
train,10364.tif,0.601916,21.9589
train,10365.tif,0.660802,21.0749
train,10366.tif,0.490533,18.1559
train,10367.tif,0.569105,19.4148
train,10368.tif,0.464974,16.5695
train,10369.tif,0.525474,19.4859
train,1037.tif,0.600268,17.918
train,10370.tif,0.662816,21.8148
train,10371.tif,0.642959,18.9019
train,10372.tif,0.629154,20.3234
train,10373.tif,0.600514,20.4125
train,10374.tif,0.617477,20.5676
train,10375.tif,0.598449,20.1917
train,10376.tif,0.573523,21.0225
train,10377.tif,0.56094,18.5466
train,10378.tif,0.613484,20.3692
train,10379.tif,0.546413,19.0892
train,1038.tif,0.630901,21.9737
train,10380.tif,0.457055,18.7264
train,10381.tif,0.567789,19.9839
train,10382.tif,0.464798,19.3655
train,10383.tif,0.468493,19.2509
train,10384.tif,0.66488,20.5159
train,10385.tif,0.539891,19.3959
train,10386.tif,0.638959,20.8138
train,10387.tif,0.555491,19.9409
train,10388.tif,0.586806,20.7325
train,10389.tif,0.353934,17.7482
train,1039.tif,0.525333,18.3685
train,10390.tif,0.481547,19.7422
train,10391.tif,0.58245,20.2667
train,10392.tif,0.527555,18.1879
train,10393.tif,0.609613,21.3027
train,10394.tif,0.581843,20.9599
train,10395.tif,0.527674,19.4865
train,10396.tif,0.592529,21.0089
train,10397.tif,0.633781,22.0041
train,10398.tif,0.579991,17.1611
train,10399.tif,0.676747,21.4646
train,104.tif,0.550834,19.0306
train,1040.tif,0.520921,17.503
train,10400.tif,0.577182,18.3063
train,10401.tif,0.598635,21.0226
train,10402.tif,0.588598,20.001
train,10403.tif,0.57239,20.9572
train,10404.tif,0.646005,23.5654
train,10405.tif,0.568166,20.0842
train,10406.tif,0.578923,20.8222
train,10407.tif,0.608883,19.2273
train,10408.tif,0.663663,20.6282
train,10409.tif,0.65458,20.4344
train,1041.tif,0.538923,17.139
train,10410.tif,0.510244,19.365
train,10411.tif,0.792762,23.1945
train,10412.tif,0.627809,21.776
train,10413.tif,0.648212,20.9432
train,10414.tif,0.640586,21.3758
train,10415.tif,0.581442,19.1141
train,10416.tif,0.552586,20.1653
train,10417.tif,0.629277,20.9916
train,10418.tif,0.593958,20.5427
train,10419.tif,0.485536,18.9235
train,1042.tif,0.489935,20.5106
train,10420.tif,0.433992,16.9255
train,10421.tif,0.68159,20.2398
train,10422.tif,0.663013,22.0212
train,10423.tif,0.54578,20.2381
train,10424.tif,0.553501,19.4724
train,10425.tif,0.422525,18.2287
train,10426.tif,0.605083,22.1094
train,10427.tif,0.583123,20.5957
train,10428.tif,0.645591,22.6849
train,10429.tif,0.607566,20.4178
train,1043.tif,0.571408,18.591
train,10430.tif,0.57657,19.7491
train,10431.tif,0.475426,17.8729
train,10432.tif,0.63669,19.8461
train,10433.tif,0.450586,17.4368
train,10434.tif,0.65753,22.0319
train,10435.tif,0.534623,20.4106
train,10436.tif,0.514537,17.6223
train,10437.tif,0.479573,17.8279
train,10438.tif,0.555141,20.4361
train,10439.tif,0.624786,20.6335
train,1044.tif,0.510181,20.2609
train,10440.tif,0.553489,20.1739
train,10441.tif,0.490865,18.2211
train,10442.tif,0.579641,21.4965
train,10443.tif,0.589884,20.6652
train,10444.tif,0.500019,19.047
train,10445.tif,0.731669,24.6693
train,10446.tif,0.602193,22.1878
train,10447.tif,0.6267,21.039
train,10448.tif,0.461909,17.5481
train,10449.tif,0.559277,19.9259
train,1045.tif,0.458401,17.3313
train,10450.tif,0.56566,20.0332
train,10451.tif,0.476272,18.91
train,10452.tif,0.551665,19.8551
train,10453.tif,0.656334,21.8197
train,10454.tif,0.54417,20.0056
train,10455.tif,0.566343,19.1363
train,10456.tif,0.659821,20.4859
train,10457.tif,0.58402,21.4081
train,10458.tif,0.568088,18.8377
train,10459.tif,0.628154,19.5031
train,1046.tif,0.750205,22.8643
train,10460.tif,0.712105,21.1629
train,10461.tif,0.539689,19.8094
train,10462.tif,0.584742,20.0124
train,10463.tif,0.627497,21.5565
train,10464.tif,0.582641,22.7828
train,10465.tif,0.572546,20.2235
train,10466.tif,0.64795,18.1669
train,10467.tif,0.651416,22.6835
train,10468.tif,0.469373,18.3764
train,10469.tif,0.62044,20.8276
train,1047.tif,0.481735,19.4227
train,10470.tif,0.562976,19.1066
train,10471.tif,0.49087,19.9683
train,10472.tif,0.582905,20.6643
train,10473.tif,0.494557,19.8097
train,10474.tif,0.595603,19.0814
train,10475.tif,0.600952,19.3241
train,10476.tif,0.538295,18.5145
train,10477.tif,0.552265,17.9892
train,10478.tif,0.517246,19.7901
train,10479.tif,0.594501,18.8908
train,1048.tif,0.505739,19.8142
train,10480.tif,0.490347,19.7728
train,10481.tif,0.592223,20.4033
train,10482.tif,0.56134,20.1393
train,10483.tif,0.607947,22.1851
train,10484.tif,0.563428,19.7812
train,10485.tif,0.657195,21.7325
train,10486.tif,0.558794,21.1372
train,10487.tif,0.613947,19.5556
train,10488.tif,0.634894,20.765
train,10489.tif,0.605416,19.1237
train,1049.tif,0.47659,17.4726
train,10490.tif,0.598441,19.3569
train,10491.tif,0.510953,19.0413
train,10492.tif,0.562751,19.5774
train,10493.tif,0.558805,20.1935
train,10494.tif,0.541866,19.5303
train,10495.tif,0.582589,20.6233
train,10496.tif,0.64652,21.3514
train,10497.tif,0.594764,19.8754
train,10498.tif,0.699693,20.4765
train,10499.tif,0.633052,18.7012
train,105.tif,0.564485,19.8731
train,1050.tif,0.490414,17.7901
train,10500.tif,0.636931,20.4979
train,10501.tif,0.611372,20.8039
train,10502.tif,0.567018,20.5759
train,10503.tif,0.645387,21.4037
train,10504.tif,0.595944,18.7162
train,10505.tif,0.565465,19.9365
train,10506.tif,0.593726,21.2534
train,10507.tif,0.621096,21.6651
train,10508.tif,0.572611,20.1521
train,10509.tif,0.45505,18.268
train,1051.tif,0.539831,20.4685
train,10510.tif,0.565733,21.8806
train,10511.tif,0.56247,20.6986
train,10512.tif,0.623413,20.7349
train,10513.tif,0.532301,17.7029
train,10514.tif,0.704529,22.8691
train,10515.tif,0.505825,19.8619
train,10516.tif,0.608115,23.2836
train,10517.tif,0.631476,20.7687
train,10518.tif,0.624659,22.0633
train,10519.tif,0.519739,19.9831
train,1052.tif,0.438039,17.8573
train,10520.tif,0.624074,20.7849
train,10521.tif,0.491285,18.565
train,10522.tif,0.570308,18.9175
train,10523.tif,0.504367,20.052
train,10524.tif,0.524001,19.4012
train,10525.tif,0.839319,21.1451
train,10526.tif,0.588957,18.5382
train,10527.tif,0.621849,21.1067
train,10528.tif,0.706225,22.5872
train,10529.tif,0.695017,22.5217
train,1053.tif,0.515277,17.8286
train,10530.tif,0.649674,18.7232
train,10531.tif,0.530388,18.2027
train,10532.tif,0.638354,21.5673
train,10533.tif,0.592262,20.4044
train,10534.tif,0.479775,17.9913
train,10535.tif,0.524723,17.1421
train,10536.tif,0.523871,20.5189
train,10537.tif,0.533914,17.3609
train,10538.tif,0.625731,19.0468
train,10539.tif,0.503923,19.6567
train,1054.tif,0.757162,20.9222
train,10540.tif,0.614748,21.157
train,10541.tif,0.581551,20.9257
train,10542.tif,0.578453,19.3048
train,10543.tif,0.597675,20.34
train,10544.tif,0.662383,22.2724
train,10545.tif,0.821798,23.0901
train,10546.tif,0.622361,17.7898
train,10547.tif,0.520553,19.824
train,10548.tif,0.590312,20.2885
train,10549.tif,0.465992,19.7572
train,1055.tif,0.538301,19.3672
train,10550.tif,0.651141,18.8231
train,10551.tif,0.57667,19.6596
train,10552.tif,0.511448,19.6469
train,10553.tif,0.511035,19.4211
train,10554.tif,0.396927,18.1574
train,10555.tif,0.582438,19.7394
train,10556.tif,0.640968,20.2718
train,10557.tif,0.560646,20.4975
train,10558.tif,0.71947,23.5447
train,10559.tif,0.550544,18.483
train,1056.tif,0.435524,20.5582
train,10560.tif,0.656645,14.5543
train,10561.tif,0.59605,19.3269
train,10562.tif,0.633093,19.7485
train,10563.tif,0.612685,20.611
train,10564.tif,0.556334,18.9403
train,10565.tif,0.680891,20.9889
train,10566.tif,0.450793,18.474
train,10567.tif,0.647802,21.4061
train,10568.tif,0.548842,19.0922
train,10569.tif,0.621871,21.5147
train,1057.tif,0.447917,16.7967
train,10570.tif,0.740068,22.2784
train,10571.tif,0.599921,19.7878
train,10572.tif,0.639609,20.0119
train,10573.tif,0.597896,21.0053
train,10574.tif,0.490276,17.826
train,10575.tif,0.57655,20.4913
train,10576.tif,0.440894,16.4769
train,10577.tif,0.621014,23.224
train,10578.tif,0.633632,19.6938
train,10579.tif,0.550857,20.8437
train,1058.tif,0.579958,21.6018
train,10580.tif,0.567423,19.0534
train,10581.tif,0.554838,19.5221
train,10582.tif,0.553755,19.6152
train,10583.tif,0.697616,19.8241
train,10584.tif,0.591951,20.5502
train,10585.tif,0.549075,17.3552
train,10586.tif,0.617833,20.8471
train,10587.tif,0.60743,20.6941
train,10588.tif,0.615092,19.3321
train,10589.tif,0.58305,19.1511
train,1059.tif,0.503946,19.0648
train,10590.tif,0.662758,23.5008
train,10591.tif,0.601593,22.3132
train,10592.tif,0.603718,20.5808
train,10593.tif,0.463043,18.6036
train,10594.tif,0.654107,20.4405
train,10595.tif,0.554529,18.619
train,10596.tif,0.508333,18.8682
train,10597.tif,0.466506,18.7373
train,10598.tif,0.535814,19.9063
train,10599.tif,0.592754,21.6517
train,106.tif,0.629502,20.9528
train,1060.tif,0.438061,16.617
train,10600.tif,0.560926,19.8502
train,10601.tif,0.598836,20.4423
train,10602.tif,0.657731,19.3715
train,10603.tif,0.610269,21.2646
train,10604.tif,0.600462,21.5865
train,10605.tif,0.572554,17.1093
train,10606.tif,0.630066,21.4321
train,10607.tif,0.599634,18.596
train,10608.tif,0.592166,19.7428
train,10609.tif,0.560235,19.7525
train,1061.tif,0.45857,17.5453
train,10610.tif,0.553666,20.884
train,10611.tif,0.589641,20.9442
train,10612.tif,0.528154,19.1624
train,10613.tif,0.590322,20.7484
train,10614.tif,0.607175,20.743
train,10615.tif,0.610574,18.6998
train,10616.tif,0.590871,21.0103
train,10617.tif,0.767718,24.4081
train,10618.tif,0.722488,22.0097
train,10619.tif,0.523375,19.4697
train,1062.tif,0.511382,11.1431
train,10620.tif,0.618937,21.0348
train,10621.tif,0.54775,20.3486
train,10622.tif,0.582191,21.8112
train,10623.tif,0.481294,18.9321
train,10624.tif,0.52775,20.1903
train,10625.tif,0.509737,19.3262
train,10626.tif,0.612135,21.4584
train,10627.tif,0.564597,20.6922
train,10628.tif,0.617359,20.61
train,10629.tif,0.560688,19.744
train,1063.tif,0.507636,18.7726
train,10630.tif,0.587263,20.3322
train,10631.tif,0.56315,17.6127
train,10632.tif,0.631741,21.5225
train,10633.tif,0.532429,17.2843
train,10634.tif,0.700387,21.8006
train,10635.tif,0.673768,22.0578
train,10636.tif,0.65257,20.4518
train,10637.tif,0.633852,21.251
train,10638.tif,0.478277,19.103
train,10639.tif,0.694382,22.4128
train,1064.tif,0.694832,21.4795
train,10640.tif,0.584463,18.5255
train,10641.tif,0.686433,20.5994
train,10642.tif,0.528971,19.3926
train,10643.tif,0.63764,20.1989
train,10644.tif,0.547432,18.0273
train,10645.tif,0.597685,20.8515
train,10646.tif,0.480179,18.7839
train,10647.tif,0.674527,22.5571
train,10648.tif,0.54382,18.7452
train,10649.tif,0.51676,19.158
train,1065.tif,0.509145,18.5651
train,10650.tif,0.637038,21.7756
train,10651.tif,0.447506,16.8126
train,10652.tif,0.629255,21.5302
train,10653.tif,0.657615,21.1823
train,10654.tif,0.519239,20.083
train,10655.tif,0.517704,16.8059
train,10656.tif,0.59655,18.6965
train,10657.tif,0.563051,19.2565
train,10658.tif,0.717372,21.989
train,10659.tif,0.559121,19.9184
train,1066.tif,0.728001,22.4343
train,10660.tif,0.525364,19.5313
train,10661.tif,0.54953,20.0409
train,10662.tif,0.531552,19.2292
train,10663.tif,0.710606,22.0088
train,10664.tif,0.543981,20.435
train,10665.tif,0.55737,19.1712
train,10666.tif,0.684297,20.9712
train,10667.tif,0.561458,18.5447
train,10668.tif,0.552876,20.0362
train,10669.tif,0.507458,19.5775
train,1067.tif,0.443837,17.7679
train,10670.tif,0.600506,19.0045
train,10671.tif,0.609741,19.8648
train,10672.tif,0.65492,22.4183
train,10673.tif,0.647994,20.9532
train,10674.tif,0.620145,19.7478
train,10675.tif,0.63351,21.7497
train,10676.tif,0.811938,22.9705
train,10677.tif,0.604334,19.998
train,10678.tif,0.516445,18.2613
train,10679.tif,0.575715,20.1746
train,1068.tif,0.517328,17.3868
train,10680.tif,0.594952,21.2273
train,10681.tif,0.589398,20.583
train,10682.tif,0.648326,19.4886
train,10683.tif,0.597923,21.6899
train,10684.tif,0.631352,19.4232
train,10685.tif,0.547256,18.5846
train,10686.tif,0.476684,18.1602
train,10687.tif,0.539896,20.1694
train,10688.tif,0.601523,21.1468
train,10689.tif,0.688172,18.9819
train,1069.tif,0.449035,17.461
train,10690.tif,0.565173,19.5675
train,10691.tif,0.658326,20.9354
train,10692.tif,0.661217,20.0852
train,10693.tif,0.601307,21.4866
train,10694.tif,0.586668,16.2281
train,10695.tif,0.611481,20.6113
train,10696.tif,0.568861,19.3594
train,10697.tif,0.63135,20.9081
train,10698.tif,0.592057,20.3498
train,10699.tif,0.564894,21.0513
train,107.tif,0.554308,19.4504
train,1070.tif,0.608604,21.7556
train,10700.tif,0.627374,21.5288
train,10701.tif,0.648309,21.1937
train,10702.tif,0.644577,21.1842
train,10703.tif,0.595905,21.2565
train,10704.tif,0.568303,21.3926
train,10705.tif,0.58091,21.3012
train,10706.tif,0.619191,21.6098
train,10707.tif,0.471116,18.6844
train,10708.tif,0.628056,21.5896
train,10709.tif,0.452597,17.4907
train,1071.tif,0.541145,21.0066
train,10710.tif,0.646515,20.4614
train,10711.tif,0.571684,18.9066
train,10712.tif,0.501313,17.7047
train,10713.tif,0.466635,17.9022
train,10714.tif,0.666591,21.6026
train,10715.tif,0.566676,18.692
train,10716.tif,0.5524,20.263
train,10717.tif,0.640138,20.356
train,10718.tif,0.579275,20.9619
train,10719.tif,0.598934,21.5228
train,1072.tif,0.493031,18.8234
train,10720.tif,0.602826,20.4969
train,10721.tif,0.500179,19.1698
train,10722.tif,0.627126,20.4209
train,10723.tif,0.496372,19.2768
train,10724.tif,0.635469,20.5736
train,10725.tif,0.588162,19.7869
train,10726.tif,0.572461,20.2581
train,10727.tif,0.600647,19.8391
train,10728.tif,0.536928,20.2532
train,10729.tif,0.663419,22.3271
train,1073.tif,0.585922,21.8904
train,10730.tif,0.611604,19.7405
train,10731.tif,0.520537,20.0053
train,10732.tif,0.7301,22.2631
train,10733.tif,0.615228,20.9447
train,10734.tif,0.562112,19.4971
train,10735.tif,0.643705,19.8591
train,10736.tif,0.483208,16.684
train,10737.tif,0.632387,20.4299
train,10738.tif,0.456171,19.0421
train,10739.tif,0.618075,20.3532
train,1074.tif,0.662314,21.2866
train,10740.tif,0.613922,19.5783
train,10741.tif,0.504638,19.9422
train,10742.tif,0.613078,20.8626
train,10743.tif,0.443123,19.3529
train,10744.tif,0.445911,18.8671
train,10745.tif,0.59055,18.9
train,10746.tif,0.683519,20.9717
train,10747.tif,0.644311,19.8158
train,10748.tif,0.562239,20.3857
train,10749.tif,0.548997,20.3552
train,1075.tif,0.454999,17.8858
train,10750.tif,0.615081,20.3237
train,10751.tif,0.607833,19.7578
train,10752.tif,0.555413,19.7642
train,10753.tif,0.575949,20.7224
train,10754.tif,0.618423,20.4972
train,10755.tif,0.513453,18.3203
train,10756.tif,0.569948,18.577
train,10757.tif,0.628063,22.2714
train,10758.tif,0.451032,16.8772
train,10759.tif,0.742873,22.6741
train,1076.tif,0.541229,19.056
train,10760.tif,0.581547,18.7085
train,10761.tif,0.496763,19.2447
train,10762.tif,0.531007,18.3476
train,10763.tif,0.617299,21.2232
train,10764.tif,0.543086,21.6053
train,10765.tif,0.616286,18.9039
train,10766.tif,0.50049,17.1989
train,10767.tif,0.383122,17.5237
train,10768.tif,0.536401,19.6939
train,10769.tif,0.598209,19.5088
train,1077.tif,0.515663,17.6953
train,10770.tif,0.606751,21.7268
train,10771.tif,0.585144,19.4075
train,10772.tif,0.571829,20.3936
train,10773.tif,0.569413,19.4084
train,10774.tif,0.494786,18.5616
train,10775.tif,0.563939,21.021
train,10776.tif,0.513842,19.2185
train,10777.tif,0.545605,19.3264
train,10778.tif,0.419677,18.2625
train,10779.tif,0.607335,20.8028
train,1078.tif,0.410362,15.894
train,10780.tif,0.569091,19.3927
train,10781.tif,0.506667,18.1264
train,10782.tif,0.503034,19.622
train,10783.tif,0.642054,20.3843
train,10784.tif,0.612817,19.8976
train,10785.tif,0.668328,22.5967
train,10786.tif,0.566989,19.0934
train,10787.tif,0.646535,21.0828
train,10788.tif,0.492305,19.2463
train,10789.tif,0.573802,20.2812
train,1079.tif,0.569908,18.2806
train,10790.tif,0.588724,20.1178
train,10791.tif,0.562022,19.5171
train,10792.tif,0.60605,21.0888
train,10793.tif,0.537389,19.4258
train,10794.tif,0.572598,20.5881
train,10795.tif,0.534274,19.7989
train,10796.tif,0.589953,19.0361
train,10797.tif,0.542709,19.1871
train,10798.tif,0.519598,19.8289
train,10799.tif,0.632191,21.8233
train,108.tif,0.619554,21.3687
train,1080.tif,0.56823,18.5719
train,10800.tif,0.590316,21.2923
train,10801.tif,0.577797,20.3814
train,10802.tif,0.551104,20.7712
train,10803.tif,0.641299,18.2822
train,10804.tif,0.524904,19.4693
train,10805.tif,0.624261,21.607
train,10806.tif,0.576931,18.6194
train,10807.tif,0.586856,20.1644
train,10808.tif,0.48381,18.7606
train,10809.tif,0.484397,18.6854
train,1081.tif,0.58046,19.8247
train,10810.tif,0.661248,21.4217
train,10811.tif,0.542559,18.4497
train,10812.tif,0.403298,18.6535
train,10813.tif,0.467567,17.2334
train,10814.tif,0.535979,19.4977
train,10815.tif,0.486933,18.9307
train,10816.tif,0.534352,20.0989
train,10817.tif,0.57064,19.6606
train,10818.tif,0.576746,18.5547
train,10819.tif,0.506245,20.4718
train,1082.tif,0.482321,19.0511
train,10820.tif,0.650195,21.6028
train,10821.tif,0.428251,18.1668
train,10822.tif,0.569074,20.208
train,10823.tif,0.650559,21.516
train,10824.tif,0.486599,17.9631
train,10825.tif,0.60884,21.3335
train,10826.tif,0.784416,23.0333
train,10827.tif,0.478856,18.5189
train,10828.tif,0.66004,21.565
train,10829.tif,0.595302,20.5667
train,1083.tif,0.500435,18.8561
train,10830.tif,0.619299,20.6024
train,10831.tif,0.545745,20.9379
train,10832.tif,0.66191,21.853
train,10833.tif,0.656281,19.7236
train,10834.tif,0.424866,15.6823
train,10835.tif,0.66149,21.82
train,10836.tif,0.77576,23.6557
train,10837.tif,0.680719,22.0641
train,10838.tif,0.562434,19.9523
train,10839.tif,0.643878,20.198
train,1084.tif,0.49898,18.6166
train,10840.tif,0.792395,23.3941
train,10841.tif,0.499121,18.679
train,10842.tif,0.634679,21.8519
train,10843.tif,0.588062,19.8216
train,10844.tif,0.598747,19.3776
train,10845.tif,0.526938,18.5828
train,10846.tif,0.578245,16.8913
train,10847.tif,0.609892,21.6036
train,10848.tif,0.523831,17.0029
train,10849.tif,0.701259,21.6364
train,1085.tif,0.557209,18.3217
train,10850.tif,0.478032,18.937
train,10851.tif,0.647395,21.23
train,10852.tif,0.59588,19.3325
train,10853.tif,0.609821,21.4259
train,10854.tif,0.618193,20.689
train,10855.tif,0.689746,20.0672
train,10856.tif,0.584552,19.2112
train,10857.tif,0.636504,20.5458
train,10858.tif,0.644828,20.3411
train,10859.tif,0.566646,19.4632
train,1086.tif,0.507803,17.2007
train,10860.tif,0.583213,20.7123
train,10861.tif,0.487645,16.7778
train,10862.tif,0.64937,20.8128
train,10863.tif,0.485297,19.3206
train,10864.tif,0.528405,19.892
train,10865.tif,0.412138,19.8593
train,10866.tif,0.627263,21.2812
train,10867.tif,0.492725,18.9873
train,10868.tif,0.642702,21.2742
train,10869.tif,0.461418,18.7624
train,1087.tif,0.630196,21.5575
train,10870.tif,0.511139,17.7116
train,10871.tif,0.649283,20.652
train,10872.tif,0.554163,19.6727
train,10873.tif,0.508246,18.3184
train,10874.tif,0.666979,21.5822
train,10875.tif,0.642678,20.8239
train,10876.tif,0.572725,19.9145
train,10877.tif,0.687893,22.1475
train,10878.tif,0.58722,19.1882
train,10879.tif,0.610021,20.8509
train,1088.tif,0.494402,18.0695
train,10880.tif,0.646205,19.4814
train,10881.tif,0.605571,22.367
train,10882.tif,0.593712,21.7189
train,10883.tif,0.537154,19.963
train,10884.tif,0.476349,19.4501
train,10885.tif,0.51579,18.5639
train,10886.tif,0.435205,16.2579
train,10887.tif,0.597386,20.7342
train,10888.tif,0.627295,18.4023
train,10889.tif,0.614484,15.7659
train,1089.tif,0.580777,18.639
train,10890.tif,0.652304,19.6727
train,10891.tif,0.60392,21.0451
train,10892.tif,0.538684,19.7278
train,10893.tif,0.52781,19.567
train,10894.tif,0.521502,19.766
train,10895.tif,0.563418,19.5807
train,10896.tif,0.623361,20.7112
train,10897.tif,0.554233,16.2246
train,10898.tif,0.642538,20.5285
train,10899.tif,0.574027,20.422
train,109.tif,0.589118,20.57
train,1090.tif,0.49585,18.0003
train,10900.tif,0.6009,20.8385
train,10901.tif,0.578498,17.5042
train,10902.tif,0.622258,22.1345
train,10903.tif,0.644644,20.858
train,10904.tif,0.620181,21.2498
train,10905.tif,0.515187,19.84
train,10906.tif,0.629943,21.544
train,10907.tif,0.592304,20.7143
train,10908.tif,0.574045,19.2412
train,10909.tif,0.609202,20.9241
train,1091.tif,0.609514,19.7763
train,10910.tif,0.582756,20.5517
train,10911.tif,0.625718,21.8171
train,10912.tif,0.522131,19.4562
train,10913.tif,0.611888,19.4996
train,10914.tif,0.582045,18.6444
train,10915.tif,0.580842,17.5691
train,10916.tif,0.650075,21.4698
train,10917.tif,0.510689,19.8002
train,10918.tif,0.691769,22.4506
train,10919.tif,0.455569,18.1365
train,1092.tif,0.502729,18.9821
train,10920.tif,0.546036,20.4391
train,10921.tif,0.51392,18.3828
train,10922.tif,0.572731,20.8889
train,10923.tif,0.623146,21.3942
train,10924.tif,0.530666,17.9128
train,10925.tif,0.624991,21.1308
train,10926.tif,0.541113,19.4725
train,10927.tif,0.634837,21.754
train,10928.tif,0.530172,20.4229
train,10929.tif,0.393802,16.6144
train,1093.tif,0.469937,18.3936
train,10930.tif,0.412225,15.9702
train,10931.tif,0.60197,21.6819
train,10932.tif,0.451749,19.1658
train,10933.tif,0.631773,21.0717
train,10934.tif,0.578323,19.4065
train,10935.tif,0.526313,16.9422
train,10936.tif,0.56726,19.1705
train,10937.tif,0.586608,21.5403
train,10938.tif,0.52187,19.9255
train,10939.tif,0.576772,20.739
train,1094.tif,0.46208,17.3208
train,10940.tif,0.53813,19.1973
train,10941.tif,0.711681,21.8759
train,10942.tif,0.625806,21.6078
train,10943.tif,0.570498,18.7744
train,10944.tif,0.611744,19.9221
train,10945.tif,0.465479,19.2007
train,10946.tif,0.564872,20.4171
train,10947.tif,0.636653,21.3031
train,10948.tif,0.592079,21.1235
train,10949.tif,0.627345,19.6827
train,1095.tif,0.654502,21.1975
train,10950.tif,0.610739,22.4419
train,10951.tif,0.502956,19.6898
train,10952.tif,0.703953,19.4933
train,10953.tif,0.554119,19.6867
train,10954.tif,0.490546,18.7494
train,10955.tif,0.523393,20.0925
train,10956.tif,0.445185,18.843
train,10957.tif,0.550327,18.8397
train,10958.tif,0.561585,20.3444
train,10959.tif,0.630358,22.1216
train,1096.tif,0.688319,24.5438
train,10960.tif,0.591867,21.0317
train,10961.tif,0.593111,18.8064
train,10962.tif,0.601638,20.3125
train,10963.tif,0.601571,22.0161
train,10964.tif,0.617835,21.3628
train,10965.tif,0.58368,18.6518
train,10966.tif,0.645665,21.4672
train,10967.tif,0.582439,20.827
train,10968.tif,0.63663,20.2173
train,10969.tif,0.650603,22.0395
train,1097.tif,0.665253,23.068
train,10970.tif,0.669311,20.5309
train,10971.tif,0.543544,19.1599
train,10972.tif,0.664718,21.6415
train,10973.tif,0.554151,20.0114
train,10974.tif,0.540131,16.6868
train,10975.tif,0.585068,20.594
train,10976.tif,0.654331,22.1979
train,10977.tif,0.518669,18.2937
train,10978.tif,0.542002,19.3498
train,10979.tif,0.599317,21.0232
train,1098.tif,0.53345,18.6377
train,10980.tif,0.48243,19.0754
train,10981.tif,0.608824,21.0981
train,10982.tif,0.630829,20.9668
train,10983.tif,0.601825,21.911
train,10984.tif,0.58481,20.0141
train,10985.tif,0.623999,20.7006
train,10986.tif,0.521439,18.776
train,10987.tif,0.553804,21.4061
train,10988.tif,0.54356,18.6134
train,10989.tif,0.378527,18.0484
train,1099.tif,0.76938,17.8209
train,10990.tif,0.586025,19.3804
train,10991.tif,0.6992,19.9647
train,10992.tif,0.605371,21.4732
train,10993.tif,0.545367,19.3428
train,10994.tif,0.644788,21.744
train,10995.tif,0.536731,19.4667
train,10996.tif,0.604865,20.4143
train,10997.tif,0.599122,18.9523
train,10998.tif,0.462009,17.971
train,10999.tif,0.558853,19.6035
train,11.tif,0.624596,20.2382
train,110.tif,0.527514,18.2626
train,1100.tif,0.474502,19.3561
train,11000.tif,0.577652,19.345
train,11001.tif,0.531367,20.2047
train,11002.tif,0.55645,19.9939
train,11003.tif,0.564195,19.6974
train,11004.tif,0.510597,19.2269
train,11005.tif,0.496137,17.9527
train,11006.tif,0.483504,19.5325
train,11007.tif,0.593559,19.262
train,11008.tif,0.682309,22.0306
train,11009.tif,0.552875,19.6679
train,1101.tif,0.585775,21.2908
train,11010.tif,0.602308,20.9987
train,11011.tif,0.591821,20.4572
train,11012.tif,0.614168,21.0974
train,11013.tif,0.552605,19.0775
train,11014.tif,0.607714,20.0304
train,11015.tif,0.549543,20.612
train,11016.tif,0.598332,18.62
train,11017.tif,0.478674,17.6907
train,11018.tif,0.624637,21.6369
train,11019.tif,0.600145,21.1291
train,1102.tif,0.481717,18.305
train,11020.tif,0.560194,19.2136
train,11021.tif,0.465248,18.8402
train,11022.tif,0.609663,21.0789
train,11023.tif,0.633356,21.0011
train,11024.tif,0.74411,20.5701
train,11025.tif,0.495074,19.9623
train,11026.tif,0.509252,19.5413
train,11027.tif,0.572321,19.5618
train,11028.tif,0.637756,20.9057
train,11029.tif,0.584816,20.7532
train,1103.tif,0.484889,16.9843
train,11030.tif,0.589791,19.6055
train,11031.tif,0.566066,20.9785
train,11032.tif,0.588055,19.9106
train,11033.tif,0.517791,19.3926
train,11034.tif,0.64445,20.7361
train,11035.tif,0.607782,22.0184
train,11036.tif,0.657288,22.4866
train,11037.tif,0.615224,21.9081
train,11038.tif,0.595054,20.1608
train,11039.tif,0.631436,20.8243
train,1104.tif,0.591761,19.8042
train,11040.tif,0.534472,18.9817
train,11041.tif,0.631472,22.1919
train,11042.tif,0.605232,18.5467
train,11043.tif,0.549316,19.3329
train,11044.tif,0.719001,23.1676
train,11045.tif,0.434514,17.1506
train,11046.tif,0.681413,19.5896
train,11047.tif,0.432542,17.3255
train,11048.tif,0.646341,21.0714
train,11049.tif,0.659906,22.2429
train,1105.tif,0.518532,19.6185
train,11050.tif,0.637248,21.5495
train,11051.tif,0.629056,19.7776
train,11052.tif,0.541146,19.0762
train,11053.tif,0.732747,22.4294
train,11054.tif,0.472695,18.7769
train,11055.tif,0.582896,18.0143
train,11056.tif,0.630185,19.4727
train,11057.tif,0.556778,20.533
train,11058.tif,0.577302,21.1754
train,11059.tif,0.447376,16.6342
train,1106.tif,0.469442,16.4408
train,11060.tif,0.554905,19.8928
train,11061.tif,0.658413,21.3832
train,11062.tif,0.548222,18.9383
train,11063.tif,0.578113,18.506
train,11064.tif,0.647813,21.749
train,11065.tif,0.647104,21.953
train,11066.tif,0.452832,19.2563
train,11067.tif,0.549732,19.374
train,11068.tif,0.50198,18.8926
train,11069.tif,0.50411,17.5312
train,1107.tif,0.493601,19.3446
train,11070.tif,0.428296,17.4804
train,11071.tif,0.671264,20.9822
train,11072.tif,0.603852,19.2558
train,11073.tif,0.670666,22.0779
train,11074.tif,0.519569,18.5744
train,11075.tif,0.620689,21.122
train,11076.tif,0.600737,21.546
train,11077.tif,0.599791,20.464
train,11078.tif,0.600432,20.6015
train,11079.tif,0.47973,18.3158
train,1108.tif,0.560534,18.1239
train,11080.tif,0.577074,20.8575
train,11081.tif,0.445724,15.9126
train,11082.tif,0.565767,18.9226
train,11083.tif,0.651181,20.5841
train,11084.tif,0.605897,21.2063
train,11085.tif,0.523681,19.7184
train,11086.tif,0.661925,21.1651
train,11087.tif,0.66307,21.7578
train,11088.tif,0.586483,20.4104
train,11089.tif,0.563296,18.6529
train,1109.tif,0.516037,18.1141
train,11090.tif,0.567395,20.6104
train,11091.tif,0.607344,18.5855
train,11092.tif,0.631365,21.6852
train,11093.tif,0.57386,19.7551
train,11094.tif,0.584148,21.4973
train,11095.tif,0.562409,19.9843
train,11096.tif,0.413183,18.1377
train,11097.tif,0.556032,20.6271
train,11098.tif,0.450819,18.9485
train,11099.tif,0.529563,20.1987
train,111.tif,0.530727,19.7177
train,1110.tif,0.648618,21.1189
train,11100.tif,0.489488,19.5456
train,11101.tif,0.439837,17.0668
train,11102.tif,0.556792,20.611
train,11103.tif,0.706446,16.8797
train,11104.tif,0.553271,19.1265
train,11105.tif,0.52259,19.4621
train,11106.tif,0.48496,19.0149
train,11107.tif,0.599884,22.0827
train,11108.tif,0.583543,17.5643
train,11109.tif,0.586223,21.1915
train,1111.tif,0.493963,19.1444
train,11110.tif,0.528232,20.5398
train,11111.tif,0.50913,20.2383
train,11112.tif,0.607894,20.3332
train,11113.tif,0.614652,20.7453
train,11114.tif,0.623324,21.2286
train,11115.tif,0.553638,18.0291
train,11116.tif,0.653024,21.4478
train,11117.tif,0.609753,22.1562
train,11118.tif,0.498608,20.2266
train,11119.tif,0.532419,18.8712
train,1112.tif,0.568511,19.6778
train,11120.tif,0.605506,20.4358
train,11121.tif,0.518548,18.423
train,11122.tif,0.606095,21.6975
train,11123.tif,0.477966,17.5794
train,11124.tif,0.41547,19.0347
train,11125.tif,0.558014,20.5984
train,11126.tif,0.533275,19.6269
train,11127.tif,0.609921,21.0692
train,11128.tif,0.658717,23.8958
train,11129.tif,0.643172,22.3188
train,1113.tif,0.627997,19.5858
train,11130.tif,0.538753,19.5567
train,11131.tif,0.638274,21.6971
train,11132.tif,0.598731,20.2772
train,11133.tif,0.615264,21.9015
train,11134.tif,0.457697,19.8155
train,11135.tif,0.621464,20.1706
train,11136.tif,0.603182,19.5735
train,11137.tif,0.652454,20.3561
train,11138.tif,0.7852,23.198
train,11139.tif,0.543723,19.2811
train,1114.tif,0.723915,21.5244
train,11140.tif,0.636296,22.1856
train,11141.tif,0.630678,21.43
train,11142.tif,0.594466,20.3377
train,11143.tif,0.602307,21.0515
train,11144.tif,0.623558,19.1614
train,11145.tif,0.624146,21.1947
train,11146.tif,0.548891,18.7429
train,11147.tif,0.491424,17.7229
train,11148.tif,0.553298,19.1315
train,11149.tif,0.68753,22.5519
train,1115.tif,0.679034,21.0906
train,11150.tif,0.543797,19.8833
train,11151.tif,0.512675,19.7167
train,11152.tif,0.526229,21.0912
train,11153.tif,0.53148,20.7996
train,11154.tif,0.564203,20.3373
train,11155.tif,0.505063,19.8392
train,11156.tif,0.68974,21.7138
train,11157.tif,0.543167,19.8407
train,11158.tif,0.656011,22.2662
train,11159.tif,0.483088,19.4958
train,1116.tif,0.542426,21.1928
train,11160.tif,0.399254,18.4198
train,11161.tif,0.637897,20.6659
train,11162.tif,0.550456,18.8895
train,11163.tif,0.469609,19.102
train,11164.tif,0.494489,20.2291
train,11165.tif,0.677552,20.3534
train,11166.tif,0.494265,19.1672
train,11167.tif,0.552171,21.1152
train,11168.tif,0.662698,20.5091
train,11169.tif,0.569042,20.5646
train,1117.tif,0.568943,16.5117
train,11170.tif,0.473993,18.7686
train,11171.tif,0.607527,20.3509
train,11172.tif,0.603594,21.1559
train,11173.tif,0.501671,18.7113
train,11174.tif,0.647387,21.6592
train,11175.tif,0.468947,19.2217
train,11176.tif,0.665433,20.7877
train,11177.tif,0.589409,20.9132
train,11178.tif,0.627721,21.3778
train,11179.tif,0.534775,20.0343
train,1118.tif,0.536587,21.3346
train,11180.tif,0.562308,20.9131
train,11181.tif,0.556147,19.8045
train,11182.tif,0.578734,20.7644
train,11183.tif,0.510884,19.1773
train,11184.tif,0.556168,20.0415
train,11185.tif,0.66979,20.7137
train,11186.tif,0.590102,22.0178
train,11187.tif,0.612911,20.7817
train,11188.tif,0.68579,22.2573
train,11189.tif,0.59091,20.4899
train,1119.tif,0.525857,20.2829
train,11190.tif,0.61849,20.7274
train,11191.tif,0.464213,19.5224
train,11192.tif,0.54824,20.3359
train,11193.tif,0.450204,18.7644
train,11194.tif,0.614821,20.7898
train,11195.tif,0.492523,19.3751
train,11196.tif,0.506753,20.1966
train,11197.tif,0.451807,18.6632
train,11198.tif,0.644846,20.0361
train,11199.tif,0.60177,20.0309
train,112.tif,0.617332,20.373
train,1120.tif,0.764849,22.5863
train,11200.tif,0.641601,21.6292
train,11201.tif,0.546857,20.2534
train,11202.tif,0.664379,22.0939
train,11203.tif,0.572818,19.1774
train,11204.tif,0.679378,21.9917
train,11205.tif,0.527033,20.1334
train,11206.tif,0.60287,19.3569
train,11207.tif,0.516919,19.4452
train,11208.tif,0.49989,17.8147
train,11209.tif,0.600771,21.4488
train,1121.tif,0.596879,22.2711
train,11210.tif,0.615872,20.3306
train,11211.tif,0.543916,20.2976
train,11212.tif,0.421728,17.4236
train,11213.tif,0.777499,24.0399
train,11214.tif,0.523434,20.1871
train,11215.tif,0.512026,18.3658
train,11216.tif,0.61122,21.4505
train,11217.tif,0.614473,20.0771
train,11218.tif,0.623063,22.5717
train,11219.tif,0.578847,19.8206
train,1122.tif,0.662632,20.3784
train,11220.tif,0.592966,20.7697
train,11221.tif,0.574445,20.7793
train,11222.tif,0.593893,20.7496
train,11223.tif,0.577206,21.8068
train,11224.tif,0.632567,21.2395
train,11225.tif,0.516333,20.3617
train,11226.tif,0.641109,22.4229
train,11227.tif,0.512368,19.9416
train,11228.tif,0.557164,20.1573
train,11229.tif,0.680477,23.0799
train,1123.tif,0.509805,17.7727
train,11230.tif,0.55965,20.9363
train,11231.tif,0.452591,17.3768
train,11232.tif,0.703567,24.6432
train,11233.tif,0.500699,17.2286
train,11234.tif,0.520859,20.3543
train,11235.tif,0.500932,19.8758
train,11236.tif,0.45625,18.5656
train,11237.tif,0.489855,17.5109
train,11238.tif,0.531612,19.8403
train,11239.tif,0.632674,21.6191
train,1124.tif,0.619475,21.4611
train,11240.tif,0.682324,20.463
train,11241.tif,0.525281,20.1197
train,11242.tif,0.576537,19.3871
train,11243.tif,0.59406,22.3071
train,11244.tif,0.552331,19.1511
train,11245.tif,0.471922,18.5969
train,11246.tif,0.757174,23.0025
train,11247.tif,0.567591,20.2172
train,11248.tif,0.558769,21.2228
train,11249.tif,0.677403,22.2273
train,1125.tif,0.491294,17.7067
train,11250.tif,0.554099,21.6074
train,11251.tif,0.472677,20.3974
train,11252.tif,0.601122,20.9413
train,11253.tif,0.670073,22.0452
train,11254.tif,0.676184,21.7715
train,11255.tif,0.496143,18.9667
train,11256.tif,0.559578,19.4476
train,11257.tif,0.54399,20.9327
train,11258.tif,0.590672,21.2619
train,11259.tif,0.568287,21.0378
train,1126.tif,0.507946,16.1594
train,11260.tif,0.64058,21.2336
train,11261.tif,0.612592,21.5507
train,11262.tif,0.661309,20.5583
train,11263.tif,0.4639,19.673
train,11264.tif,0.520603,19.9976
train,11265.tif,0.566136,20.9443
train,11266.tif,0.506134,18.8593
train,11267.tif,0.47877,19.0751
train,11268.tif,0.509602,19.9209
train,11269.tif,0.732652,24.3019
train,1127.tif,0.619682,21.8483
train,11270.tif,0.477629,19.912
train,11271.tif,0.398529,16.7766
train,11272.tif,0.716414,23.1801
train,11273.tif,0.664086,21.846
train,11274.tif,0.560499,19.6729
train,11275.tif,0.436506,19.066
train,11276.tif,0.540386,20.6844
train,11277.tif,0.59606,20.5044
train,11278.tif,0.578847,20.1068
train,11279.tif,0.463339,18.4582
train,1128.tif,0.458479,15.9375
train,11280.tif,0.562676,20.8341
train,11281.tif,0.52431,19.9885
train,11282.tif,0.624436,21.1985
train,11283.tif,0.640874,22.3682
train,11284.tif,0.529926,21.0502
train,11285.tif,0.642895,23.6297
train,11286.tif,0.630253,21.6374
train,11287.tif,0.662668,20.0426
train,11288.tif,0.642275,20.9244
train,11289.tif,0.492719,18.8474
train,1129.tif,0.528165,14.5698
train,11290.tif,0.624436,21.5972
train,11291.tif,0.55963,19.6506
train,11292.tif,0.482406,18.9045
train,11293.tif,0.61194,21.3217
train,11294.tif,0.632382,21.8225
train,11295.tif,0.610795,20.3132
train,11296.tif,0.543,20.005
train,11297.tif,0.638714,21.3215
train,11298.tif,0.44819,19.3115
train,11299.tif,0.690659,23.4758
train,113.tif,0.542721,19.9015
train,1130.tif,0.495212,17.7238
train,11300.tif,0.60906,21.0492
train,11301.tif,0.596895,21.9457
train,11302.tif,0.682684,21.1135
train,11303.tif,0.536748,20.2958
train,11304.tif,0.562751,20.3041
train,11305.tif,0.439092,17.9952
train,11306.tif,0.627152,22.2314
train,11307.tif,0.567614,19.9776
train,11308.tif,0.573557,20.6209
train,11309.tif,0.59694,20.7561
train,1131.tif,0.566604,18.3329
train,11310.tif,0.636581,22.0312
train,11311.tif,0.662828,21.8738
train,11312.tif,0.549221,19.3778
train,11313.tif,0.669322,22.2509
train,11314.tif,0.558266,19.3399
train,11315.tif,0.569807,20.4665
train,11316.tif,0.531401,19.8462
train,11317.tif,0.658961,22.0297
train,11318.tif,0.589358,19.1498
train,11319.tif,0.456845,17.8918
train,1132.tif,0.524223,19.9296
train,11320.tif,0.624918,20.2215
train,11321.tif,0.560934,20.6071
train,11322.tif,0.469574,19.0385
train,11323.tif,0.561579,20.6837
train,11324.tif,0.598519,19.5863
train,11325.tif,0.580549,20.2522
train,11326.tif,0.564561,19.9191
train,11327.tif,0.593084,21.3707
train,11328.tif,0.617168,19.3613
train,11329.tif,0.761523,20.6651
train,1133.tif,0.602202,20.0289
train,11330.tif,0.555066,20.1066
train,11331.tif,0.657399,20.7372
train,11332.tif,0.567135,21.0479
train,11333.tif,0.509193,19.903
train,11334.tif,0.633851,21.2542
train,11335.tif,0.524884,21.2905
train,11336.tif,0.668882,19.5712
train,11337.tif,0.590913,19.9767
train,11338.tif,0.637977,20.236
train,11339.tif,0.581166,19.2297
train,1134.tif,0.527367,19.7243
train,11340.tif,0.613871,20.8881
train,11341.tif,0.55107,20.3784
train,11342.tif,0.595819,19.2836
train,11343.tif,0.50966,18.4024
train,11344.tif,0.44722,17.6376
train,11345.tif,0.623613,21.8514
train,11346.tif,0.505676,20.4837
train,11347.tif,0.569305,18.7957
train,11348.tif,0.539742,15.7839
train,11349.tif,0.495001,19.6088
train,1135.tif,0.527539,17.2818
train,11350.tif,0.656818,22.8228
train,11351.tif,0.59126,19.5656
train,11352.tif,0.553521,20.7626
train,11353.tif,0.62954,19.4776
train,11354.tif,0.558048,20.3184
train,11355.tif,0.62696,22.5032
train,11356.tif,0.611726,21.936
train,11357.tif,0.819501,23.0284
train,11358.tif,0.598901,20.0139
train,11359.tif,0.534057,20.7069
train,1136.tif,0.484203,20.1381
train,11360.tif,0.489648,18.6387
train,11361.tif,0.464846,19.6342
train,11362.tif,0.49305,16.8053
train,11363.tif,0.501557,17.6288
train,11364.tif,0.603614,20.8882
train,11365.tif,0.589169,21.4591
train,11366.tif,0.585737,23.0015
train,11367.tif,0.473486,17.552
train,11368.tif,0.605215,21.7106
train,11369.tif,0.494731,19.6662
train,1137.tif,0.562889,20.2404
train,11370.tif,0.494004,19.5172
train,11371.tif,0.611185,20.8318
train,11372.tif,0.623152,22.2597
train,11373.tif,0.672861,22.2795
train,11374.tif,0.559117,20.5579
train,11375.tif,0.569535,20.3814
train,11376.tif,0.518464,20.1689
train,11377.tif,0.65486,21.3904
train,11378.tif,0.551727,18.1923
train,11379.tif,0.604878,19.4035
train,1138.tif,0.561841,20.8004
train,11380.tif,0.559215,20.5932
train,11381.tif,0.705184,22.9541
train,11382.tif,0.535743,20.8032
train,11383.tif,0.666872,20.9601
train,11384.tif,0.57827,19.8218
train,11385.tif,0.633067,22.4989
train,11386.tif,0.528849,19.2191
train,11387.tif,0.499277,18.1665
train,11388.tif,0.652121,21.2874
train,11389.tif,0.627074,19.7451
train,1139.tif,0.497978,17.6485
train,11390.tif,0.50654,20.2301
train,11391.tif,0.602958,21.8807
train,11392.tif,0.594755,19.8537
train,11393.tif,0.538095,21.0426
train,11394.tif,0.449682,21.1153
train,11395.tif,0.547198,19.0481
train,11396.tif,0.536602,20.0275
train,11397.tif,0.578931,20.5329
train,11398.tif,0.615898,21.6367
train,11399.tif,0.679592,22.729
train,114.tif,0.547196,18.4627
train,1140.tif,0.471311,19.2365
train,11400.tif,0.477364,18.6997
train,11401.tif,0.55179,18.7863
train,11402.tif,0.644307,23.2416
train,11403.tif,0.555973,20.8041
train,11404.tif,0.539155,20.6458
train,11405.tif,0.613491,20.7182
train,11406.tif,0.806934,25.375
train,11407.tif,0.564129,21.3293
train,11408.tif,0.590071,20.6898
train,11409.tif,0.629118,22.2448
train,1141.tif,0.535026,21.0785
train,11410.tif,0.588546,20.4987
train,11411.tif,0.503106,19.0436
train,11412.tif,0.623859,21.0909
train,11413.tif,0.504448,19.4219
train,11414.tif,0.579513,21.6984
train,11415.tif,0.530119,20.0336
train,11416.tif,0.515353,19.9918
train,11417.tif,0.570936,21.2403
train,11418.tif,0.651183,23.3182
train,11419.tif,0.502999,20.0247
train,1142.tif,0.580137,19.3569
train,11420.tif,0.458663,20.2573
train,11421.tif,0.628349,22.9507
train,11422.tif,0.455755,20.0175
train,11423.tif,0.663891,22.0988
train,11424.tif,0.598231,20.3543
train,11425.tif,0.640258,18.9096
train,11426.tif,0.608973,22.1957
train,11427.tif,0.64709,19.9654
train,11428.tif,0.618433,20.3317
train,11429.tif,0.541055,18.6715
train,1143.tif,0.508267,16.4955
train,11430.tif,0.604934,19.8252
train,11431.tif,0.500112,18.0477
train,11432.tif,0.551659,19.7182
train,11433.tif,0.560489,19.7382
train,11434.tif,0.673369,22.8436
train,11435.tif,0.542424,20.6385
train,11436.tif,0.562062,21.4468
train,11437.tif,0.501236,20.1718
train,11438.tif,0.562136,20.4013
train,11439.tif,0.605097,19.5685
train,1144.tif,0.509128,19.4053
train,11440.tif,0.678617,22.6849
train,11441.tif,0.587998,20.8638
train,11442.tif,0.734295,21.2612
train,11443.tif,0.630683,21.9987
train,11444.tif,0.558431,20.9439
train,11445.tif,0.662428,21.316
train,11446.tif,0.627338,22.2443
train,11447.tif,0.584706,19.8253
train,11448.tif,0.683177,20.4488
train,11449.tif,0.512169,19.1688
train,1145.tif,0.758297,23.4018
train,11450.tif,0.565674,20.2503
train,11451.tif,0.474485,17.8837
train,11452.tif,0.562331,20.0565
train,11453.tif,0.614936,21.5861
train,11454.tif,0.676192,21.9719
train,11455.tif,0.612964,20.7233
train,11456.tif,0.551523,19.6796
train,11457.tif,0.609641,21.4219
train,11458.tif,0.570121,20.8852
train,11459.tif,0.645765,19.5497
train,1146.tif,0.498846,18.5562
train,11460.tif,0.571509,19.5642
train,11461.tif,0.666998,21.351
train,11462.tif,0.562116,19.5804
train,11463.tif,0.64307,22.2074
train,11464.tif,0.546556,19.196
train,11465.tif,0.641541,21.5029
train,11466.tif,0.567194,21.8264
train,11467.tif,0.532943,19.6654
train,11468.tif,0.53012,19.7251
train,11469.tif,0.594253,21.5537
train,1147.tif,0.524373,16.2589
train,11470.tif,0.604469,21.1893
train,11471.tif,0.562108,20.1016
train,11472.tif,0.540869,20.8305
train,11473.tif,0.5121,16.0026
train,11474.tif,0.592647,20.8559
train,11475.tif,0.556989,20.62
train,11476.tif,0.628732,21.1564
train,11477.tif,0.589102,20.7708
train,11478.tif,0.683751,22.1314
train,11479.tif,0.586743,21.967
train,1148.tif,0.536695,19.5819
train,11480.tif,0.56613,19.6998
train,11481.tif,0.569585,19.523
train,11482.tif,0.630139,22.7494
train,11483.tif,0.495141,20.383
train,11484.tif,0.543144,20.602
train,11485.tif,0.661467,20.6427
train,11486.tif,0.471436,18.1026
train,11487.tif,0.425326,17.8134
train,11488.tif,0.576153,20.8309
train,11489.tif,0.656584,22.6733
train,1149.tif,0.509921,19.8339
train,11490.tif,0.649815,23.6905
train,11491.tif,0.527036,20.3725
train,11492.tif,0.580523,20.3123
train,11493.tif,0.573394,20.3445
train,11494.tif,0.630492,21.8857
train,11495.tif,0.627332,21.2849
train,11496.tif,0.519893,19.7556
train,11497.tif,0.509814,18.0192
train,11498.tif,0.57756,20.38
train,11499.tif,0.583294,20.5876
train,115.tif,0.541073,20.0139
train,1150.tif,0.399778,18.1581
train,11500.tif,0.564282,20.5589
train,11501.tif,0.608542,18.7355
train,11502.tif,0.587584,20.3151
train,11503.tif,0.655211,20.9171
train,11504.tif,0.615613,22.1357
train,11505.tif,0.550259,20.1837
train,11506.tif,0.635316,22.15
train,11507.tif,0.619774,20.278
train,11508.tif,0.43012,19.1575
train,11509.tif,0.566947,20.1837
train,1151.tif,0.4756,18.5063
train,11510.tif,0.617755,21.6815
train,11511.tif,0.567921,20.5598
train,11512.tif,0.610606,20.7609
train,11513.tif,0.608679,20.4107
train,11514.tif,0.491067,19.5545
train,11515.tif,0.48698,20.1276
train,11516.tif,0.580061,19.6163
train,11517.tif,0.605978,19.5676
train,11518.tif,0.829609,25.9734
train,11519.tif,0.584194,19.0936
train,1152.tif,0.56354,20.7928
train,11520.tif,0.558603,18.6938
train,11521.tif,0.457461,17.5462
train,11522.tif,0.611723,22.6464
train,11523.tif,0.563208,19.5814
train,11524.tif,0.430313,18.9174
train,11525.tif,0.551445,18.7033
train,11526.tif,0.423979,17.8965
train,11527.tif,0.534259,18.8972
train,11528.tif,0.477758,19.8646
train,11529.tif,0.560632,19.9487
train,1153.tif,0.548867,19.9095
train,11530.tif,0.548315,20.7374
train,11531.tif,0.549028,19.5328
train,11532.tif,0.60295,20.0548
train,11533.tif,0.602657,19.5117
train,11534.tif,0.571921,19.6025
train,11535.tif,0.50886,20.1668
train,11536.tif,0.564388,19.9408
train,11537.tif,0.617216,21.3503
train,11538.tif,0.604704,21.166
train,11539.tif,0.683723,21.8988
train,1154.tif,0.509842,19.9892
train,11540.tif,0.492552,19.4102
train,11541.tif,0.460904,19.5501
train,11542.tif,0.484912,19.6781
train,11543.tif,0.504945,18.4071
train,11544.tif,0.482582,17.719
train,11545.tif,0.637378,21.3544
train,11546.tif,0.48487,18.485
train,11547.tif,0.63977,21.5107
train,11548.tif,0.592528,20.1992
train,11549.tif,0.604658,21.1942
train,1155.tif,0.479888,17.8061
train,11550.tif,0.609412,22.4043
train,11551.tif,0.606229,19.5063
train,11552.tif,0.633221,21.5286
train,11553.tif,0.606071,21.6985
train,11554.tif,0.486766,19.3482
train,11555.tif,0.585895,21.5914
train,11556.tif,0.595326,20.6986
train,11557.tif,0.456797,17.8148
train,11558.tif,0.582814,21.4752
train,11559.tif,0.612891,20.8
train,1156.tif,0.548531,17.6063
train,11560.tif,0.506073,19.4128
train,11561.tif,0.553517,19.2264
train,11562.tif,0.49939,19.3552
train,11563.tif,0.568181,21.1274
train,11564.tif,0.590583,20.1145
train,11565.tif,0.466807,19.9387
train,11566.tif,0.526947,18.9881
train,11567.tif,0.506121,20.5708
train,11568.tif,0.558183,19.1891
train,11569.tif,0.589923,21.5256
train,1157.tif,0.480837,19.0977
train,11570.tif,0.542252,19.0806
train,11571.tif,0.605488,21.9112
train,11572.tif,0.521462,20.2783
train,11573.tif,0.759904,22.9731
train,11574.tif,0.49916,18.5427
train,11575.tif,0.468249,18.7127
train,11576.tif,0.538768,19.6414
train,11577.tif,0.545405,20.7377
train,11578.tif,0.467018,19.0355
train,11579.tif,0.473412,17.7898
train,1158.tif,0.49239,17.3741
train,11580.tif,0.495437,20.0267
train,11581.tif,0.613923,19.3957
train,11582.tif,0.585925,19.0354
train,11583.tif,0.572695,19.4999
train,11584.tif,0.520246,18.7694
train,11585.tif,0.4965,18.7101
train,11586.tif,0.488453,18.6713
train,11587.tif,0.589268,20.4311
train,11588.tif,0.65328,20.506
train,11589.tif,0.444983,16.3723
train,1159.tif,0.518935,18.467
train,11590.tif,0.425351,18.5886
train,11591.tif,0.440733,18.9889
train,11592.tif,0.554967,20.9652
train,11593.tif,0.500176,19.9141
train,11594.tif,0.590898,21.0754
train,11595.tif,0.583015,21.328
train,11596.tif,0.769562,23.2761
train,11597.tif,0.4911,19.2743
train,11598.tif,0.530479,20.4721
train,11599.tif,0.60838,21.1118
train,116.tif,0.493245,18.6459
train,1160.tif,0.648449,22.548
train,11600.tif,0.770336,22.1574
train,11601.tif,0.644322,23.1263
train,11602.tif,0.591013,20.1547
train,11603.tif,0.566031,21.1001
train,11604.tif,0.61212,20.5992
train,11605.tif,0.495817,18.4514
train,11606.tif,0.654996,22.1936
train,11607.tif,0.569574,19.2843
train,11608.tif,0.58816,19.6373
train,11609.tif,0.595191,21.2782
train,1161.tif,0.52558,17.0826
train,11610.tif,0.692688,22.1682
train,11611.tif,0.622398,22.6995
train,11612.tif,0.582508,20.4976
train,11613.tif,0.592355,21.611
train,11614.tif,0.494519,20.1359
train,11615.tif,0.482044,20.2528
train,11616.tif,0.672609,21.8982
train,11617.tif,0.489827,18.271
train,11618.tif,0.508533,19.537
train,11619.tif,0.547642,20.9383
train,1162.tif,0.51832,18.8811
train,11620.tif,0.6186,20.6859
train,11621.tif,0.689799,21.3433
train,11622.tif,0.720536,23.1188
train,11623.tif,0.595685,21.0124
train,11624.tif,0.646656,21.3342
train,11625.tif,0.603208,19.5368
train,11626.tif,0.489283,20.1056
train,11627.tif,0.439791,19.39
train,11628.tif,0.614136,22.4026
train,11629.tif,0.616942,21.4107
train,1163.tif,0.46411,17.1827
train,11630.tif,0.655967,21.8487
train,11631.tif,0.572707,19.9059
train,11632.tif,0.606596,21.3026
train,11633.tif,0.59328,21.3787
train,11634.tif,0.502791,20.4677
train,11635.tif,0.613743,20.3296
train,11636.tif,0.579536,21.9272
train,11637.tif,0.44488,18.7545
train,11638.tif,0.60669,21.5083
train,11639.tif,0.515575,19.4822
train,1164.tif,0.510585,16.3073
train,11640.tif,0.510466,18.0198
train,11641.tif,0.592923,20.8392
train,11642.tif,0.593938,21.9027
train,11643.tif,0.435993,18.2039
train,11644.tif,0.579467,19.8153
train,11645.tif,0.474117,20.421
train,11646.tif,0.587786,20.4862
train,11647.tif,0.62977,19.5665
train,11648.tif,0.630886,21.3564
train,11649.tif,0.528027,20.1332
train,1165.tif,0.54536,20.7108
train,11650.tif,0.540007,20.0666
train,11651.tif,0.652844,21.8835
train,11652.tif,0.795282,24.454
train,11653.tif,0.577364,20.1711
train,11654.tif,0.473856,17.5071
train,11655.tif,0.581794,20.4945
train,11656.tif,0.583131,20.6623
train,11657.tif,0.584094,22.0044
train,11658.tif,0.636474,21.2063
train,11659.tif,0.607606,21.237
train,1166.tif,0.565995,18.0393
train,11660.tif,0.502134,19.935
train,11661.tif,0.497355,18.9032
train,11662.tif,0.564275,20.0428
train,11663.tif,0.4827,18.9584
train,11664.tif,0.666787,21.3568
train,11665.tif,0.45227,17.287
train,11666.tif,0.577023,21.7645
train,11667.tif,0.515438,18.0317
train,11668.tif,0.489138,18.9161
train,11669.tif,0.568853,21.4166
train,1167.tif,0.445852,18.5794
train,11670.tif,0.61086,22.8173
train,11671.tif,0.451938,18.16
train,11672.tif,0.484202,19.3936
train,11673.tif,0.585706,20.7296
train,11674.tif,0.489338,20.1458
train,11675.tif,0.550551,21.4094
train,11676.tif,0.545716,20.4014
train,11677.tif,0.627262,22.1166
train,11678.tif,0.664943,21.9793
train,11679.tif,0.433149,17.8907
train,1168.tif,0.485373,18.3733
train,11680.tif,0.611504,19.9445
train,11681.tif,0.613084,22.1497
train,11682.tif,0.500733,20.647
train,11683.tif,0.507665,19.4261
train,11684.tif,0.537838,20.4968
train,11685.tif,0.451112,19.3299
train,11686.tif,0.513834,19.5648
train,11687.tif,0.511656,20.083
train,11688.tif,0.689342,23.3123
train,11689.tif,0.617987,21.6821
train,1169.tif,0.489103,18.4082
train,11690.tif,0.483936,19.5951
train,11691.tif,0.506437,20.5397
train,11692.tif,0.577793,21.4555
train,11693.tif,0.839903,25.0439
train,11694.tif,0.60076,21.6147
train,11695.tif,0.62574,20.2247
train,11696.tif,0.461339,19.9069
train,11697.tif,0.569132,19.519
train,11698.tif,0.651275,20.9092
train,11699.tif,0.476581,17.4593
train,117.tif,0.570072,19.8385
train,1170.tif,0.5306,14.5214
train,11700.tif,0.520425,19.5468
train,11701.tif,0.690647,23.3908
train,11702.tif,0.544655,20.6561
train,11703.tif,0.577824,18.9273
train,11704.tif,0.546192,20.9104
train,11705.tif,0.638503,22.5708
train,11706.tif,0.51981,19.7807
train,11707.tif,0.528676,20.3313
train,11708.tif,0.636328,21.2034
train,11709.tif,0.660478,22.1272
train,1171.tif,0.613699,18.9831
train,11710.tif,0.521025,20.878
train,11711.tif,0.486673,15.9885
train,11712.tif,0.430905,17.4835
train,11713.tif,0.591534,19.881
train,11714.tif,0.530626,18.7549
train,11715.tif,0.590302,21.5068
train,11716.tif,0.648403,23.1074
train,11717.tif,0.624009,19.9238
train,11718.tif,0.572788,19.7604
train,11719.tif,0.625728,21.2579
train,1172.tif,0.479319,18.1879
train,11720.tif,0.468012,18.4239
train,11721.tif,0.548343,20.6047
train,11722.tif,0.551726,18.9445
train,11723.tif,0.636708,18.84
train,11724.tif,0.641,21.4947
train,11725.tif,0.464684,18.6146
train,11726.tif,0.621636,20.8287
train,11727.tif,0.445194,17.113
train,11728.tif,0.600229,22.1213
train,11729.tif,0.580155,21.6822
train,1173.tif,0.643573,20.3757
train,11730.tif,0.643761,21.4297
train,11731.tif,0.644416,21.4728
train,11732.tif,0.660661,20.4446
train,11733.tif,0.463375,19.9959
train,11734.tif,0.563654,20.2614
train,11735.tif,0.461714,19.4856
train,11736.tif,0.641403,21.7943
train,11737.tif,0.566163,20.2771
train,11738.tif,0.546316,19.925
train,11739.tif,0.548597,20.3432
train,1174.tif,0.508919,19.2977
train,11740.tif,0.638405,21.7952
train,11741.tif,0.624685,16.9758
train,11742.tif,0.641389,21.1672
train,11743.tif,0.491878,19.1606
train,11744.tif,0.556489,18.9487
train,11745.tif,0.476371,20.2949
train,11746.tif,0.451804,18.1497
train,11747.tif,0.641045,20.1802
train,11748.tif,0.502567,18.0555
train,11749.tif,0.596792,17.0091
train,1175.tif,0.450107,19.3805
train,11750.tif,0.460509,19.2685
train,11751.tif,0.572416,21.6137
train,11752.tif,0.656497,21.2981
train,11753.tif,0.616531,21.5565
train,11754.tif,0.474295,17.4902
train,11755.tif,0.663962,21.858
train,11756.tif,0.50804,19.1718
train,11757.tif,0.567819,20.5994
train,11758.tif,0.559381,21.1931
train,11759.tif,0.574663,21.7035
train,1176.tif,0.510952,19.3854
train,11760.tif,0.75354,23.6203
train,11761.tif,0.413936,18.0645
train,11762.tif,0.429401,17.7816
train,11763.tif,0.634849,21.5851
train,11764.tif,0.671961,19.9517
train,11765.tif,0.777064,20.7924
train,11766.tif,0.510668,19.7556
train,11767.tif,0.632691,20.7654
train,11768.tif,0.656709,22.1605
train,11769.tif,0.566609,20.9594
train,1177.tif,0.440756,18.122
train,11770.tif,0.544375,18.2152
train,11771.tif,0.528154,20.22
train,11772.tif,0.462268,18.557
train,11773.tif,0.410271,18.4838
train,11774.tif,0.551684,19.5188
train,11775.tif,0.523344,18.6978
train,11776.tif,0.551259,20.5704
train,11777.tif,0.568799,19.4994
train,11778.tif,0.623504,20.2427
train,11779.tif,0.521908,18.7279
train,1178.tif,0.505236,17.1449
train,11780.tif,0.669958,20.7176
train,11781.tif,0.489767,19.5983
train,11782.tif,0.549208,20.118
train,11783.tif,0.599396,20.3556
train,11784.tif,0.507308,19.6059
train,11785.tif,0.533196,20.0938
train,11786.tif,0.6025,19.5478
train,11787.tif,0.577727,17.61
train,11788.tif,0.592068,21.2539
train,11789.tif,0.494317,17.4363
train,1179.tif,0.606846,17.8313
train,11790.tif,0.443972,18.0628
train,11791.tif,0.589352,19.9001
train,11792.tif,0.482568,19.0888
train,11793.tif,0.635609,21.821
train,11794.tif,0.656117,20.7197
train,11795.tif,0.498144,19.4691
train,11796.tif,0.446267,17.8278
train,11797.tif,0.703459,20.1641
train,11798.tif,0.43774,17.6505
train,11799.tif,0.591613,20.6339
train,118.tif,0.510589,18.0103
train,1180.tif,0.515135,20.0279
train,11800.tif,0.493518,20.4065
train,11801.tif,0.501051,19.2102
train,11802.tif,0.515302,19.2941
train,11803.tif,0.560026,21.028
train,11804.tif,0.524494,19.809
train,11805.tif,0.604755,21.5802
train,11806.tif,0.518835,20.2962
train,11807.tif,0.649776,20.1781
train,11808.tif,0.531747,18.2364
train,11809.tif,0.586209,20.4798
train,1181.tif,0.619006,22.2419
train,11810.tif,0.521501,20.5168
train,11811.tif,0.61518,20.538
train,11812.tif,0.508435,19.6476
train,11813.tif,0.419886,18.1694
train,11814.tif,0.570006,19.3448
train,11815.tif,0.457338,16.9475
train,11816.tif,0.477317,18.3086
train,11817.tif,0.522305,20.5333
train,11818.tif,0.606624,22.0371
train,11819.tif,0.648076,22.1228
train,1182.tif,0.550089,19.2727
train,11820.tif,0.602065,21.0357
train,11821.tif,0.544254,20.5931
train,11822.tif,0.677078,21.9604
train,11823.tif,0.601214,20.679
train,11824.tif,0.643013,21.151
train,11825.tif,0.597265,20.1327
train,11826.tif,0.540245,19.7119
train,11827.tif,0.532955,19.5255
train,11828.tif,0.520956,18.8258
train,11829.tif,0.505581,19.8938
train,1183.tif,0.600561,22.3228
train,11830.tif,0.503917,19.2961
train,11831.tif,0.464793,18.4405
train,11832.tif,0.587234,21.7692
train,11833.tif,0.488012,18.8682
train,11834.tif,0.416737,18.9954
train,11835.tif,0.542278,20.4036
train,11836.tif,0.615922,22.1271
train,11837.tif,0.542512,18.5768
train,11838.tif,0.472944,19.4442
train,11839.tif,0.443098,18.9455
train,1184.tif,0.525573,18.4098
train,11840.tif,0.609836,21.8076
train,11841.tif,0.477803,19.4802
train,11842.tif,0.559225,21.399
train,11843.tif,0.539499,20.5862
train,11844.tif,0.522556,18.5668
train,11845.tif,0.650927,20.5821
train,11846.tif,0.610929,22.269
train,11847.tif,0.747596,19.0785
train,11848.tif,0.685685,22.5483
train,11849.tif,0.469843,17.7971
train,1185.tif,0.480164,19.0037
train,11850.tif,0.615488,20.6612
train,11851.tif,0.542634,20.6988
train,11852.tif,0.714533,21.1903
train,11853.tif,0.545376,21.3443
train,11854.tif,0.568804,20.1401
train,11855.tif,0.510889,19.4097
train,11856.tif,0.392991,17.783
train,11857.tif,0.520446,16.5737
train,11858.tif,0.671964,23.388
train,11859.tif,0.454494,18.7616
train,1186.tif,0.534475,21.4411
train,11860.tif,0.620467,20.7088
train,11861.tif,0.534073,19.2422
train,11862.tif,0.532911,18.0386
train,11863.tif,0.545007,20.1332
train,11864.tif,0.706372,21.8227
train,11865.tif,0.543431,21.5468
train,11866.tif,0.526528,19.0753
train,11867.tif,0.629951,20.4957
train,11868.tif,0.77519,23.4949
train,11869.tif,0.514339,18.5777
train,1187.tif,0.449536,18.7493
train,11870.tif,0.643534,20.4138
train,11871.tif,0.578151,19.0183
train,11872.tif,0.483677,19.4341
train,11873.tif,0.616259,19.1662
train,11874.tif,0.624514,19.8525
train,11875.tif,0.585193,22.9041
train,11876.tif,0.523859,21.1136
train,11877.tif,0.600568,21.3251
train,11878.tif,0.461744,17.3948
train,11879.tif,0.515607,18.0664
train,1188.tif,0.42746,15.7758
train,11880.tif,0.559011,18.7422
train,11881.tif,0.775527,23.5025
train,11882.tif,0.557294,19.3923
train,11883.tif,0.604818,19.1467
train,11884.tif,0.62251,19.9047
train,11885.tif,0.631564,21.5465
train,11886.tif,0.546261,20.9552
train,11887.tif,0.512142,18.0881
train,11888.tif,0.586585,21.1424
train,11889.tif,0.508076,18.8103
train,1189.tif,0.505402,18.8363
train,11890.tif,0.623387,21.6056
train,11891.tif,0.581112,17.7519
train,11892.tif,0.557724,21.0472
train,11893.tif,0.626213,20.3143
train,11894.tif,0.563799,21.4802
train,11895.tif,0.464601,19.5806
train,11896.tif,0.634216,21.8347
train,11897.tif,0.419111,19.4956
train,11898.tif,0.601291,21.2737
train,11899.tif,0.479477,18.6436
train,119.tif,0.51074,19.9953
train,1190.tif,0.505465,18.8406
train,11900.tif,0.642352,21.4846
train,11901.tif,0.615389,21.5068
train,11902.tif,0.596538,21.3734
train,11903.tif,0.451967,18.539
train,11904.tif,0.531912,19.7935
train,11905.tif,0.60353,18.5555
train,11906.tif,0.532162,20.1622
train,11907.tif,0.438214,19.3918
train,11908.tif,0.674479,20.9468
train,11909.tif,0.608593,21.1787
train,1191.tif,0.565223,19.0167
train,11910.tif,0.590372,19.556
train,11911.tif,0.566883,18.9076
train,11912.tif,0.513498,20.0497
train,11913.tif,0.62623,20.1804
train,11914.tif,0.555905,19.3977
train,11915.tif,0.553204,20.7643
train,11916.tif,0.702196,21.1289
train,11917.tif,0.642953,22.2357
train,11918.tif,0.747546,24.9996
train,11919.tif,0.537634,20.9572
train,1192.tif,0.501846,18.2538
train,11920.tif,0.528392,20.8908
train,11921.tif,0.570049,20.6341
train,11922.tif,0.582886,21.704
train,11923.tif,0.613287,21.6319
train,11924.tif,0.578916,19.1135
train,11925.tif,0.585125,21.1087
train,11926.tif,0.52985,20.4392
train,11927.tif,0.730115,23.2621
train,11928.tif,0.590104,19.6674
train,11929.tif,0.633477,21.4435
train,1193.tif,0.547511,20.6365
train,11930.tif,0.613503,21.4162
train,11931.tif,0.610354,21.5163
train,11932.tif,0.508289,19.9943
train,11933.tif,0.408373,18.2953
train,11934.tif,0.604268,21.0161
train,11935.tif,0.685814,20.7108
train,11936.tif,0.626325,22.3929
train,11937.tif,0.568799,21.4748
train,11938.tif,0.575125,20.052
train,11939.tif,0.47542,19.6125
train,1194.tif,0.564093,19.832
train,11940.tif,0.545066,19.6849
train,11941.tif,0.528603,20.7544
train,11942.tif,0.518462,19.9736
train,11943.tif,0.593689,20.0757
train,11944.tif,0.513209,20.202
train,11945.tif,0.589222,18.2216
train,11946.tif,0.648788,21.2911
train,11947.tif,0.489572,19.5434
train,11948.tif,0.528127,18.9117
train,11949.tif,0.432305,17.0016
train,1195.tif,0.523566,20.2572
train,11950.tif,0.553701,20.4159
train,11951.tif,0.51168,19.5573
train,11952.tif,0.563563,21.514
train,11953.tif,0.552109,20.7053
train,11954.tif,0.415576,19.7745
train,11955.tif,0.520128,19.5094
train,11956.tif,0.486205,18.9563
train,11957.tif,0.6278,21.4785
train,11958.tif,0.554046,20.1891
train,11959.tif,0.527562,18.7904
train,1196.tif,0.58349,20.3082
train,11960.tif,0.595446,21.4633
train,11961.tif,0.600127,19.1378
train,11962.tif,0.668638,21.2393
train,11963.tif,0.589066,21.7721
train,11964.tif,0.643737,21.8921
train,11965.tif,0.654789,20.4684
train,11966.tif,0.631754,20.6946
train,11967.tif,0.458349,19.394
train,11968.tif,0.602383,21.3727
train,11969.tif,0.66254,20.323
train,1197.tif,0.458035,19.0963
train,11970.tif,0.622907,20.9744
train,11971.tif,0.531075,20.5338
train,11972.tif,0.575479,21.2641
train,11973.tif,0.629398,19.5463
train,11974.tif,0.559257,21.7578
train,11975.tif,0.567657,20.498
train,11976.tif,0.549363,20.8007
train,11977.tif,0.587458,21.0845
train,11978.tif,0.488584,18.855
train,11979.tif,0.530253,18.7383
train,1198.tif,0.511241,20.5148
train,11980.tif,0.601377,21.0612
train,11981.tif,0.465404,19.4422
train,11982.tif,0.59925,22.4069
train,11983.tif,0.54348,21.8547
train,11984.tif,0.471439,18.6778
train,11985.tif,0.56002,20.8764
train,11986.tif,0.442153,17.9727
train,11987.tif,0.613623,22.5476
train,11988.tif,0.588348,21.0322
train,11989.tif,0.598363,20.2432
train,1199.tif,0.466901,18.1216
train,11990.tif,0.601009,22.2991
train,11991.tif,0.545209,20.8263
train,11992.tif,0.583764,19.9529
train,11993.tif,0.577738,20.9029
train,11994.tif,0.601763,20.3566
train,11995.tif,0.541905,19.6431
train,11996.tif,0.682623,20.7063
train,11997.tif,0.531275,21.3434
train,11998.tif,0.5231,19.8841
train,11999.tif,0.628992,23.1504
train,12.tif,0.672561,22.6923
train,120.tif,0.404817,17.7842
train,1200.tif,0.604551,20.1367
train,12000.tif,0.627642,22.0465
train,12001.tif,0.513489,20.3171
train,12002.tif,0.537618,19.7321
train,12003.tif,0.609726,21.1597
train,12004.tif,0.66305,21.6654
train,12005.tif,0.601739,20.657
train,12006.tif,0.805191,23.0375
train,12007.tif,0.777013,24.0472
train,12008.tif,0.532073,19.123
train,12009.tif,0.47696,18.2538
train,1201.tif,0.468263,17.9733
train,12010.tif,0.512266,18.8746
train,12011.tif,0.664567,21.9603
train,12012.tif,0.63798,21.7573
train,12013.tif,0.600401,21.5604
train,12014.tif,0.541552,20.3335
train,12015.tif,0.572778,20.552
train,12016.tif,0.602954,21.2675
train,12017.tif,0.591192,19.9594
train,12018.tif,0.605852,20.519
train,12019.tif,0.548061,20.2986
train,1202.tif,0.529364,19.0265
train,12020.tif,0.632687,22.553
train,12021.tif,0.4812,19.685
train,12022.tif,0.629276,22.7543
train,12023.tif,0.646515,18.7179
train,12024.tif,0.45217,19.5134
train,12025.tif,0.621536,21.2845
train,12026.tif,0.541945,20.6277
train,12027.tif,0.717524,23.2784
train,12028.tif,0.433786,16.3789
train,12029.tif,0.633228,21.9572
train,1203.tif,0.540656,20.0874
train,12030.tif,0.471097,19.8728
train,12031.tif,0.481852,20.3475
train,12032.tif,0.482569,18.5761
train,12033.tif,0.405793,18.4215
train,12034.tif,0.710688,20.6777
train,12035.tif,0.5274,18.9348
train,12036.tif,0.499918,20.167
train,12037.tif,0.60862,18.9295
train,12038.tif,0.528675,19.5663
train,12039.tif,0.638407,19.64
train,1204.tif,0.588111,22.7642
train,12040.tif,0.521481,20.8329
train,12041.tif,0.539526,21.8484
train,12042.tif,0.667366,21.2906
train,12043.tif,0.453565,19.8472
train,12044.tif,0.547965,20.034
train,12045.tif,0.55643,19.1223
train,12046.tif,0.621749,21.4661
train,12047.tif,0.731381,21.5533
train,12048.tif,0.538749,19.6883
train,12049.tif,0.578956,21.403
train,1205.tif,0.656615,20.7703
train,12050.tif,0.435869,18.65
train,12051.tif,0.58626,20.6953
train,12052.tif,0.624852,22.2363
train,12053.tif,0.541831,20.6134
train,12054.tif,0.592564,21.5805
train,12055.tif,0.591673,20.5258
train,12056.tif,0.557413,21.8513
train,12057.tif,0.544877,21.2193
train,12058.tif,0.541582,20.0879
train,12059.tif,0.610998,21.4137
train,1206.tif,0.48696,18.2242
train,12060.tif,0.535629,19.7219
train,12061.tif,0.569877,19.4059
train,12062.tif,0.426697,16.0003
train,12063.tif,0.619797,19.6268
train,12064.tif,0.600891,20.2156
train,12065.tif,0.549105,19.1993
train,12066.tif,0.57163,20.2366
train,12067.tif,0.437915,17.069
train,12068.tif,0.428512,17.5955
train,12069.tif,0.497138,19.1933
train,1207.tif,0.5562,17.7049
train,12070.tif,0.509447,19.8372
train,12071.tif,0.658953,22.7456
train,12072.tif,0.518914,19.4792
train,12073.tif,0.650385,21.2699
train,12074.tif,0.634245,20.7525
train,12075.tif,0.620881,19.8213
train,12076.tif,0.497629,19.4664
train,12077.tif,0.526228,19.8399
train,12078.tif,0.64564,22.4845
train,12079.tif,0.438331,19.3848
train,1208.tif,0.623778,19.6801
train,12080.tif,0.505204,19.5089
train,12081.tif,0.602295,21.1872
train,12082.tif,0.621537,21.9371
train,12083.tif,0.53171,20.1016
train,12084.tif,0.589053,17.685
train,12085.tif,0.594378,19.9655
train,12086.tif,0.614625,20.0741
train,12087.tif,0.501985,19.7672
train,12088.tif,0.501407,17.8818
train,12089.tif,0.557046,19.3308
train,1209.tif,0.669498,19.3936
train,12090.tif,0.599186,21.7382
train,12091.tif,0.587482,20.921
train,12092.tif,0.547336,19.9518
train,12093.tif,0.642144,21.6289
train,12094.tif,0.576778,20.6251
train,12095.tif,0.463617,19.7043
train,12096.tif,0.557334,18.3165
train,12097.tif,0.62896,21.7758
train,12098.tif,0.616337,20.6724
train,12099.tif,0.629731,18.7613
train,121.tif,0.714141,23.9922
train,1210.tif,0.479026,17.7111
train,12100.tif,0.637702,20.9044
train,12101.tif,0.538111,21.3885
train,12102.tif,0.642903,21.501
train,12103.tif,0.483596,19.2041
train,12104.tif,0.507887,19.9742
train,12105.tif,0.513315,19.0516
train,12106.tif,0.58303,21.3098
train,12107.tif,0.620269,20.5406
train,12108.tif,0.61961,21.5475
train,12109.tif,0.529311,20.5053
train,1211.tif,0.439119,17.1383
train,12110.tif,0.622551,22.0226
train,12111.tif,0.531857,19.9628
train,12112.tif,0.550833,20.5705
train,12113.tif,0.537344,20.9491
train,12114.tif,0.556492,20.2091
train,12115.tif,0.459966,19.693
train,12116.tif,0.463083,19.3773
train,12117.tif,0.468964,17.9479
train,12118.tif,0.615424,22.2211
train,12119.tif,0.648637,22.2927
train,1212.tif,0.543865,19.5392
train,12120.tif,0.56958,21.22
train,12121.tif,0.531742,21.1456
train,12122.tif,0.661127,21.7879
train,12123.tif,0.532675,18.4875
train,12124.tif,0.616996,21.5789
train,12125.tif,0.492806,19.4987
train,12126.tif,0.603926,20.5248
train,12127.tif,0.624878,21.1131
train,12128.tif,0.642787,22.3018
train,12129.tif,0.471678,19.7881
train,1213.tif,0.602806,20.1996
train,12130.tif,0.516762,20.2745
train,12131.tif,0.512626,20.016
train,12132.tif,0.545172,20.0551
train,12133.tif,0.596956,20.7898
train,12134.tif,0.644314,21.3177
train,12135.tif,0.63625,21.5342
train,12136.tif,0.749438,22.1615
train,12137.tif,0.513303,18.5474
train,12138.tif,0.541091,20.7341
train,12139.tif,0.748373,24.1439
train,1214.tif,0.46766,17.58
train,12140.tif,0.625174,21.0885
train,12141.tif,0.774986,22.4755
train,12142.tif,0.63502,19.8555
train,12143.tif,0.450639,18.5508
train,12144.tif,0.626821,19.6613
train,12145.tif,0.655842,20.8028
train,12146.tif,0.539369,20.8298
train,12147.tif,0.626101,21.9391
train,12148.tif,0.402049,17.5021
train,12149.tif,0.679428,22.1568
train,1215.tif,0.497786,18.9349
train,12150.tif,0.603919,21.4999
train,12151.tif,0.595157,19.3281
train,12152.tif,0.560607,21.3276
train,12153.tif,0.57338,20.0632
train,12154.tif,0.588096,21.3794
train,12155.tif,0.673589,22.4192
train,12156.tif,0.620334,22.3348
train,12157.tif,0.517982,20.4096
train,12158.tif,0.653147,20.7137
train,12159.tif,0.530326,16.6846
train,1216.tif,0.580868,20.2552
train,12160.tif,0.504307,20.7431
train,12161.tif,0.678481,22.6825
train,12162.tif,0.492964,18.6124
train,12163.tif,0.505202,19.308
train,12164.tif,0.44627,15.3893
train,12165.tif,0.565746,17.9932
train,12166.tif,0.600966,20.8297
train,12167.tif,0.678437,22.1293
train,12168.tif,0.643632,21.6229
train,12169.tif,0.573852,21.2726
train,1217.tif,0.488235,18.825
train,12170.tif,0.62802,20.392
train,12171.tif,0.598695,23.1689
train,12172.tif,0.522758,20.6353
train,12173.tif,0.613749,20.8127
train,12174.tif,0.512886,20.1003
train,12175.tif,0.579989,19.5574
train,12176.tif,0.607066,13.9061
train,12177.tif,0.480564,19.8422
train,12178.tif,0.747826,21.4254
train,12179.tif,0.521786,19.4731
train,1218.tif,0.462813,19.2755
train,12180.tif,0.564929,21.4266
train,12181.tif,0.634602,20.7329
train,12182.tif,0.575246,21.5323
train,12183.tif,0.461973,19.1388
train,12184.tif,0.59184,21.4261
train,12185.tif,0.548464,20.771
train,12186.tif,0.475474,20.2548
train,12187.tif,0.481129,18.9681
train,12188.tif,0.565162,19.6305
train,12189.tif,0.630401,20.1122
train,1219.tif,0.498933,19.7654
train,12190.tif,0.632294,22.6113
train,12191.tif,0.628227,19.5536
train,12192.tif,0.636424,20.4657
train,12193.tif,0.488555,19.7745
train,12194.tif,0.707687,22.6321
train,12195.tif,0.607577,19.641
train,12196.tif,0.595428,20.2762
train,12197.tif,0.490033,20.1015
train,12198.tif,0.608621,22.3209
train,12199.tif,0.629625,21.0843
train,122.tif,0.703243,22.802
train,1220.tif,0.594464,19.652
train,12200.tif,0.547362,20.9
train,12201.tif,0.480284,18.884
train,12202.tif,0.42302,17.5099
train,12203.tif,0.57051,20.3919
train,12204.tif,0.601318,19.9425
train,12205.tif,0.524706,20.8378
train,12206.tif,0.715536,22.9558
train,12207.tif,0.564392,19.4082
train,12208.tif,0.595581,20.502
train,12209.tif,0.751501,21.7191
train,1221.tif,0.628598,19.8576
train,12210.tif,0.623968,22.2125
train,12211.tif,0.55864,19.527
train,12212.tif,0.537051,18.1027
train,12213.tif,0.538396,20.1302
train,12214.tif,0.635071,20.7878
train,12215.tif,0.642922,21.5042
train,12216.tif,0.599051,19.3372
train,12217.tif,0.647019,20.2126
train,12218.tif,0.511536,19.1402
train,12219.tif,0.562544,17.9696
train,1222.tif,0.575423,16.2755
train,12220.tif,0.490156,18.9902
train,12221.tif,0.647786,21.6246
train,12222.tif,0.614861,22.1542
train,12223.tif,0.625545,21.4272
train,12224.tif,0.647914,21.6934
train,12225.tif,0.411936,18.2436
train,12226.tif,0.46323,20.0548
train,12227.tif,0.584075,21.5892
train,12228.tif,0.685511,22.4573
train,12229.tif,0.470467,19.2331
train,1223.tif,0.659081,21.8445
train,12230.tif,0.625294,21.2596
train,12231.tif,0.503081,20.5816
train,12232.tif,0.672704,21.3248
train,12233.tif,0.493644,18.8098
train,12234.tif,0.523215,18.3363
train,12235.tif,0.556341,21.3662
train,12236.tif,0.508611,19.4679
train,12237.tif,0.601072,21.2251
train,12238.tif,0.634736,22.1784
train,12239.tif,0.597861,21.7928
train,1224.tif,0.524477,20.344
train,12240.tif,0.546207,17.0133
train,12241.tif,0.566195,19.9027
train,12242.tif,0.448773,19.3036
train,12243.tif,0.66357,21.4219
train,12244.tif,0.531733,20.8274
train,12245.tif,0.604061,21.1294
train,12246.tif,0.609324,21.9772
train,12247.tif,0.637197,22.1821
train,12248.tif,0.591928,19.8798
train,12249.tif,0.587145,19.4245
train,1225.tif,0.640984,21.2798
train,12250.tif,0.57144,20.3082
train,12251.tif,0.534338,19.7455
train,12252.tif,0.562529,21.2976
train,12253.tif,0.443381,19.2917
train,12254.tif,0.593937,21.8455
train,12255.tif,0.59288,20.7416
train,12256.tif,0.648613,21.5744
train,12257.tif,0.770373,22.9192
train,12258.tif,0.537928,19.8189
train,12259.tif,0.626522,20.9852
train,1226.tif,0.821037,24.1153
train,12260.tif,0.677991,21.5711
train,12261.tif,0.646215,21.8332
train,12262.tif,0.652694,21.0069
train,12263.tif,0.572865,21.348
train,12264.tif,0.562572,20.9031
train,12265.tif,0.638872,21.3178
train,12266.tif,0.517592,19.9495
train,12267.tif,0.641614,20.5696
train,12268.tif,0.601906,22.1742
train,12269.tif,0.564172,19.0385
train,1227.tif,0.496423,16.9774
train,12270.tif,0.655671,22.2717
train,12271.tif,0.567401,20.7847
train,12272.tif,0.708082,20.939
train,12273.tif,0.636069,20.9476
train,12274.tif,0.733626,22.9706
train,12275.tif,0.637955,22.5751
train,12276.tif,0.434012,19.0116
train,12277.tif,0.574373,19.6495
train,12278.tif,0.453418,19.8481
train,12279.tif,0.629921,22.2298
train,1228.tif,0.597771,20.7408
train,12280.tif,0.517093,20.2606
train,12281.tif,0.609987,21.5452
train,12282.tif,0.473719,19.4825
train,12283.tif,0.678313,21.5004
train,12284.tif,0.603965,19.2841
train,12285.tif,0.532217,19.713
train,12286.tif,0.606643,20.294
train,12287.tif,0.647483,18.4385
train,12288.tif,0.580956,20.694
train,12289.tif,0.467605,20.0774
train,1229.tif,0.577932,20.5699
train,12290.tif,0.521953,21.1317
train,12291.tif,0.587613,21.3273
train,12292.tif,0.637789,21.9575
train,12293.tif,0.471573,18.7732
train,12294.tif,0.632896,21.6965
train,12295.tif,0.477735,19.6966
train,12296.tif,0.534722,19.8353
train,12297.tif,0.494223,19.9889
train,12298.tif,0.599094,20.3069
train,12299.tif,0.498375,18.6712
train,123.tif,0.66037,20.5538
train,1230.tif,0.615543,20.7732
train,12300.tif,0.54778,21.7428
train,12301.tif,0.592421,16.7468
train,12302.tif,0.622987,21.7679
train,12303.tif,0.801791,24.343
train,12304.tif,0.621473,21.2809
train,12305.tif,0.634409,20.5719
train,12306.tif,0.613482,21.0625
train,12307.tif,0.490032,18.2612
train,12308.tif,0.589745,19.8071
train,12309.tif,0.644061,20.4373
train,1231.tif,0.465551,18.9605
train,12310.tif,0.557561,21.2922
train,12311.tif,0.614295,21.8548
train,12312.tif,0.480116,20.1226
train,12313.tif,0.419166,19.0238
train,12314.tif,0.617315,20.3117
train,12315.tif,0.620077,22.0653
train,12316.tif,0.615511,20.617
train,12317.tif,0.455501,17.4608
train,12318.tif,0.543168,20.1011
train,12319.tif,0.630435,22.0083
train,1232.tif,0.520442,19.0065
train,12320.tif,0.676548,21.2235
train,12321.tif,0.629505,22.348
train,12322.tif,0.607753,22.2131
train,12323.tif,0.499264,18.8656
train,12324.tif,0.602451,21.7771
train,12325.tif,0.51933,20.0745
train,12326.tif,0.493535,19.2463
train,12327.tif,0.543,19.1861
train,12328.tif,0.852501,24.2546
train,12329.tif,0.600476,22.0634
train,1233.tif,0.686136,23.0435
train,12330.tif,0.634386,21.6787
train,12331.tif,0.584691,21.5259
train,12332.tif,0.587819,21.6319
train,12333.tif,0.572998,19.6525
train,12334.tif,0.571436,19.4436
train,12335.tif,0.549912,21.7008
train,12336.tif,0.646263,20.4297
train,12337.tif,0.639,20.7218
train,12338.tif,0.633463,21.5909
train,12339.tif,0.54365,21.278
train,1234.tif,0.377233,16.9114
train,12340.tif,0.52422,18.0119
train,12341.tif,0.572737,20.6776
train,12342.tif,0.482886,19.0314
train,12343.tif,0.550193,20.2216
train,12344.tif,0.792947,24.2399
train,12345.tif,0.625314,21.4902
train,12346.tif,0.527414,18.4979
train,12347.tif,0.619525,19.06
train,12348.tif,0.568732,20.0532
train,12349.tif,0.6036,21.7835
train,1235.tif,0.558083,20.5763
train,12350.tif,0.549961,21.0067
train,12351.tif,0.591366,19.5235
train,12352.tif,0.769106,23.841
train,12353.tif,0.457482,19.8273
train,12354.tif,0.632527,19.4437
train,12355.tif,0.494379,19.1922
train,12356.tif,0.528005,21.0923
train,12357.tif,0.591192,20.9751
train,12358.tif,0.635652,22.9062
train,12359.tif,0.666783,20.0472
train,1236.tif,0.644784,21.5009
train,12360.tif,0.464802,18.099
train,12361.tif,0.553714,21.2249
train,12362.tif,0.525155,20.2917
train,12363.tif,0.584574,20.2692
train,12364.tif,0.551759,19.977
train,12365.tif,0.40009,17.2225
train,12366.tif,0.615455,19.7794
train,12367.tif,0.466158,18.2408
train,12368.tif,0.392454,17.9145
train,12369.tif,0.582921,20.9941
train,1237.tif,0.52215,18.6443
train,12370.tif,0.56902,18.0022
train,12371.tif,0.620373,19.3574
train,12372.tif,0.637981,19.0562
train,12373.tif,0.728637,21.0083
train,12374.tif,0.464666,18.7404
train,12375.tif,0.555534,20.8286
train,12376.tif,0.610687,21.5229
train,12377.tif,0.550708,20.7113
train,12378.tif,0.534053,20.2464
train,12379.tif,0.53564,20.9076
train,1238.tif,0.516843,18.111
train,12380.tif,0.831434,25.0913
train,12381.tif,0.444556,19.139
train,12382.tif,0.607388,21.0874
train,12383.tif,0.668093,20.9935
train,12384.tif,0.581125,20.2238
train,12385.tif,0.704472,21.5145
train,12386.tif,0.572717,20.5727
train,12387.tif,0.601724,20.9893
train,12388.tif,0.510995,18.4657
train,12389.tif,0.609805,20.0333
train,1239.tif,0.462244,18.0042
train,12390.tif,0.62349,22.2729
train,12391.tif,0.415411,18.6005
train,12392.tif,0.627008,21.6493
train,12393.tif,0.576572,20.7802
train,12394.tif,0.599024,21.4858
train,12395.tif,0.521184,19.3625
train,12396.tif,0.636446,21.878
train,12397.tif,0.56897,20.2168
train,12398.tif,0.590776,20.2323
train,12399.tif,0.524063,20.39
train,124.tif,0.546324,19.496
train,1240.tif,0.609779,20.02
train,12400.tif,0.591991,21.4438
train,12401.tif,0.624748,17.8033
train,12402.tif,0.475179,19.3619
train,12403.tif,0.514399,17.6352
train,12404.tif,0.613892,20.7753
train,12405.tif,0.562911,20.7924
train,12406.tif,0.456867,19.8811
train,12407.tif,0.506289,20.4556
train,12408.tif,0.615024,21.3915
train,12409.tif,0.631483,22.3286
train,1241.tif,0.668263,21.3435
train,12410.tif,0.589798,21.1225
train,12411.tif,0.575917,19.8003
train,12412.tif,0.544968,19.3297
train,12413.tif,0.610286,20.9982
train,12414.tif,0.488736,19.1579
train,12415.tif,0.585694,20.9982
train,12416.tif,0.568846,20.7875
train,12417.tif,0.425693,19.246
train,12418.tif,0.596613,20.9544
train,12419.tif,0.588562,21.3308
train,1242.tif,0.5636,21.2815
train,12420.tif,0.589629,20.6063
train,12421.tif,0.606185,20.599
train,12422.tif,0.560981,18.9164
train,12423.tif,0.554574,19.4266
train,12424.tif,0.504479,18.7453
train,12425.tif,0.498113,20.3522
train,12426.tif,0.626901,20.6388
train,12427.tif,0.605977,21.2242
train,12428.tif,0.581226,21.1046
train,12429.tif,0.575665,20.5581
train,1243.tif,0.694094,22.3519
train,12430.tif,0.488319,19.3687
train,12431.tif,0.570033,20.8413
train,12432.tif,0.506287,20.5042
train,12433.tif,0.549967,18.2311
train,12434.tif,0.592355,21.2897
train,12435.tif,0.59072,20.6015
train,12436.tif,0.526825,17.9534
train,12437.tif,0.587622,21.133
train,12438.tif,0.534653,20.9293
train,12439.tif,0.549913,19.2052
train,1244.tif,0.474173,16.5776
train,12440.tif,0.452578,18.215
train,12441.tif,0.41692,19.0935
train,12442.tif,0.616985,20.7962
train,12443.tif,0.580084,20.6504
train,12444.tif,0.557321,20.7707
train,12445.tif,0.534866,21.4756
train,12446.tif,0.606276,21.1481
train,12447.tif,0.641131,23.326
train,12448.tif,0.573044,21.1961
train,12449.tif,0.650109,20.7734
train,1245.tif,0.539719,21.3264
train,12450.tif,0.604663,21.2163
train,12451.tif,0.414006,18.5025
train,12452.tif,0.527206,20.3338
train,12453.tif,0.555052,21.1855
train,12454.tif,0.456305,18.0922
train,12455.tif,0.502862,20.3432
train,12456.tif,0.543868,20.5932
train,12457.tif,0.537699,21.3145
train,12458.tif,0.638564,21.958
train,12459.tif,0.555227,21.2853
train,1246.tif,0.585647,20.7017
train,12460.tif,0.565137,21.0017
train,12461.tif,0.516994,20.7104
train,12462.tif,0.563922,19.8723
train,12463.tif,0.626498,22.2838
train,12464.tif,0.623499,21.2659
train,12465.tif,0.453055,17.8849
train,12466.tif,0.585794,21.1885
train,12467.tif,0.556276,19.1065
train,12468.tif,0.381635,18.4485
train,12469.tif,0.564581,17.8985
train,1247.tif,0.476325,18.0614
train,12470.tif,0.522521,18.813
train,12471.tif,0.647187,22.4454
train,12472.tif,0.613265,20.2982
train,12473.tif,0.606934,21.1594
train,12474.tif,0.549817,20.4872
train,12475.tif,0.574766,20.0257
train,12476.tif,0.523089,20.8238
train,12477.tif,0.648903,21.3662
train,12478.tif,0.60028,21.6954
train,12479.tif,0.550605,19.8027
train,1248.tif,0.477571,18.4829
train,12480.tif,0.634298,19.6644
train,12481.tif,0.51506,19.8526
train,12482.tif,0.478731,19.7508
train,12483.tif,0.591512,20.3333
train,12484.tif,0.58084,20.8062
train,12485.tif,0.509217,19.8748
train,12486.tif,0.594829,20.8857
train,12487.tif,0.679097,22.414
train,12488.tif,0.508873,19.4465
train,12489.tif,0.603619,21.23
train,1249.tif,0.523416,20.2829
train,12490.tif,0.553964,19.6648
train,12491.tif,0.695034,21.2482
train,12492.tif,0.408083,18.1201
train,12493.tif,0.451164,19.373
train,12494.tif,0.630553,21.7758
train,12495.tif,0.486145,18.894
train,12496.tif,0.531194,22.5322
train,12497.tif,0.440226,19.6386
train,12498.tif,0.575925,19.802
train,12499.tif,0.581146,22.2198
train,125.tif,0.483458,19.2677
train,1250.tif,0.506604,19.7469
train,12500.tif,0.537471,18.0895
train,12501.tif,0.558555,20.8301
train,12502.tif,0.666631,21.0445
train,12503.tif,0.421326,19.3393
train,12504.tif,0.384852,18.732
train,12505.tif,0.581604,20.4868
train,12506.tif,0.484072,20.1304
train,12507.tif,0.49294,20.5162
train,12508.tif,0.59723,20.5406
train,12509.tif,0.691817,20.8268
train,1251.tif,0.529146,19.2744
train,12510.tif,0.653498,22.3247
train,12511.tif,0.709856,21.141
train,12512.tif,0.578152,20.7649
train,12513.tif,0.610915,23.1872
train,12514.tif,0.58482,19.4184
train,12515.tif,0.482402,19.523
train,12516.tif,0.472296,18.0009
train,12517.tif,0.512345,21.3501
train,12518.tif,0.587487,21.0457
train,12519.tif,0.399983,17.0824
train,1252.tif,0.54277,20.5315
train,12520.tif,0.731753,21.6742
train,12521.tif,0.600198,21.5664
train,12522.tif,0.635211,20.2018
train,12523.tif,0.532932,18.3888
train,12524.tif,0.416429,18.187
train,12525.tif,0.595694,22.0175
train,12526.tif,0.527328,18.4921
train,12527.tif,0.604185,20.0556
train,12528.tif,0.375324,18.5103
train,12529.tif,0.601999,20.3543
train,1253.tif,0.554801,20.2457
train,12530.tif,0.567151,20.9563
train,12531.tif,0.548328,21.6986
train,12532.tif,0.458358,15.9901
train,12533.tif,0.650811,20.7851
train,12534.tif,0.620526,22.007
train,12535.tif,0.609144,19.2439
train,12536.tif,0.580073,20.2471
train,12537.tif,0.473889,18.7408
train,12538.tif,0.63997,20.9632
train,12539.tif,0.622038,21.2616
train,1254.tif,0.525305,17.8195
train,12540.tif,0.534558,17.8922
train,12541.tif,0.671527,21.594
train,12542.tif,0.546999,20.2028
train,12543.tif,0.456962,18.731
train,12544.tif,0.501393,17.4445
train,12545.tif,0.65254,21.1086
train,12546.tif,0.584844,21.5216
train,12547.tif,0.446694,17.877
train,12548.tif,0.59222,18.5802
train,12549.tif,0.642537,20.2315
train,1255.tif,0.524471,20.7587
train,12550.tif,0.611758,22.4809
train,12551.tif,0.464898,17.5785
train,12552.tif,0.661522,24.5011
train,12553.tif,0.571265,20.9955
train,12554.tif,0.507503,18.2246
train,12555.tif,0.476966,18.7576
train,12556.tif,0.517851,20.2314
train,12557.tif,0.523323,18.7455
train,12558.tif,0.691148,24.4244
train,12559.tif,0.447254,17.8576
train,1256.tif,0.648533,16.6832
train,12560.tif,0.481245,19.089
train,12561.tif,0.503217,19.2903
train,12562.tif,0.551362,19.6078
train,12563.tif,0.576245,18.8346
train,12564.tif,0.536147,18.7151
train,12565.tif,0.484618,17.5406
train,12566.tif,0.634098,21.0792
train,12567.tif,0.612259,19.9448
train,12568.tif,0.633722,22.4676
train,12569.tif,0.557359,18.3099
train,1257.tif,0.568478,19.1681
train,12570.tif,0.451761,18.84
train,12571.tif,0.54029,19.0521
train,12572.tif,0.695329,22.996
train,12573.tif,0.617601,21.6348
train,12574.tif,0.653558,20.6738
train,12575.tif,0.644002,22.3492
train,12576.tif,0.549394,20.946
train,12577.tif,0.588807,20.7575
train,12578.tif,0.414901,18.3392
train,12579.tif,0.526936,19.8647
train,1258.tif,0.482719,20.4093
train,12580.tif,0.722508,20.9791
train,12581.tif,0.571826,19.9322
train,12582.tif,0.518871,19.2909
train,12583.tif,0.555809,18.2148
train,12584.tif,0.531116,19.2137
train,12585.tif,0.521773,20.5632
train,12586.tif,0.466181,17.5635
train,12587.tif,0.571537,20.3213
train,12588.tif,0.704217,24.7267
train,12589.tif,0.547638,20.1843
train,1259.tif,0.497738,18.5265
train,12590.tif,0.753252,24.5786
train,12591.tif,0.537221,18.2966
train,12592.tif,0.401294,17.0036
train,12593.tif,0.635889,20.3716
train,12594.tif,0.604861,19.7059
train,12595.tif,0.74351,23.5691
train,12596.tif,0.588272,19.3104
train,12597.tif,0.53241,19.165
train,12598.tif,0.767188,24.1211
train,12599.tif,0.577867,20.4754
train,126.tif,0.541832,20.4967
train,1260.tif,0.564489,21.3398
train,12600.tif,0.565407,18.5963
train,12601.tif,0.558973,19.6002
train,12602.tif,0.646432,23.7007
train,12603.tif,0.510106,20.3745
train,12604.tif,0.511291,19.4516
train,12605.tif,0.577511,18.5795
train,12606.tif,0.47692,18.7666
train,12607.tif,0.577989,19.5533
train,12608.tif,0.569899,19.4
train,12609.tif,0.525465,19.3909
train,1261.tif,0.583841,20.4615
train,12610.tif,0.673044,24.2193
train,12611.tif,0.516416,18.1374
train,12612.tif,0.59633,22.2936
train,12613.tif,0.467061,19.2589
train,12614.tif,0.569953,22.4966
train,12615.tif,0.537963,19.3026
train,12616.tif,0.473609,18.6102
train,12617.tif,0.644638,23.1346
train,12618.tif,0.75347,23.4361
train,12619.tif,0.647159,20.9041
train,1262.tif,0.501455,19.4213
train,12620.tif,0.592964,19.7486
train,12621.tif,0.60855,20.7983
train,12622.tif,0.534619,21.6549
train,12623.tif,0.623959,21.0729
train,12624.tif,0.587958,21.7541
train,12625.tif,0.429249,20.3552
train,12626.tif,0.563809,19.4834
train,12627.tif,0.52045,18.9708
train,12628.tif,0.495346,18.9389
train,12629.tif,0.492728,18.9257
train,1263.tif,0.638543,21.0955
train,12630.tif,0.54069,19.989
train,12631.tif,0.610542,21.1455
train,12632.tif,0.490119,19.2016
train,12633.tif,0.596667,21.1772
train,12634.tif,0.457671,18.6467
train,12635.tif,0.561427,19.6799
train,12636.tif,0.549561,15.6759
train,12637.tif,0.512021,18.9597
train,12638.tif,0.720125,21.687
train,12639.tif,0.431934,19.756
train,1264.tif,0.574049,20.6358
train,12640.tif,0.583597,20.8045
train,12641.tif,0.456833,19.1782
train,12642.tif,0.593754,21.4832
train,12643.tif,0.440747,16.9
train,12644.tif,0.499847,18.9332
train,12645.tif,0.62415,23.1689
train,12646.tif,0.594636,20.3129
train,12647.tif,0.430864,17.3631
train,12648.tif,0.626868,21.0097
train,12649.tif,0.581814,20.6413
train,1265.tif,0.526382,17.2338
train,12650.tif,0.582044,20.4926
train,12651.tif,0.471167,19.5708
train,12652.tif,0.491057,19.238
train,12653.tif,0.570957,19.4291
train,12654.tif,0.436796,16.9042
train,12655.tif,0.710469,23.254
train,12656.tif,0.580699,19.7133
train,12657.tif,0.607763,21.4835
train,12658.tif,0.495424,17.6408
train,12659.tif,0.48298,18.4396
train,1266.tif,0.528455,20.7745
train,12660.tif,0.595924,22.1906
train,12661.tif,0.523014,19.2591
train,12662.tif,0.433004,19.5247
train,12663.tif,0.476981,18.7223
train,12664.tif,0.569292,22.314
train,12665.tif,0.469417,19.2169
train,12666.tif,0.540423,19.767
train,12667.tif,0.603423,21.6449
train,12668.tif,0.710403,23.7744
train,12669.tif,0.578091,20.1379
train,1267.tif,0.522884,19.1611
train,12670.tif,0.546667,17.5008
train,12671.tif,0.474738,20.3108
train,12672.tif,0.532931,20.5081
train,12673.tif,0.49832,17.4082
train,12674.tif,0.537857,18.2094
train,12675.tif,0.535564,20.6689
train,12676.tif,0.531519,20.1681
train,12677.tif,0.475598,18.4148
train,12678.tif,0.598739,20.2131
train,12679.tif,0.733947,24.1255
train,1268.tif,0.617724,20.6018
train,12680.tif,0.627409,21.9591
train,12681.tif,0.652702,24.2917
train,12682.tif,0.488659,20.038
train,12683.tif,0.51609,20.7678
train,12684.tif,0.596654,19.2639
train,12685.tif,0.458129,19.1152
train,12686.tif,0.618638,21.5973
train,12687.tif,0.399738,17.1564
train,12688.tif,0.552876,22.349
train,12689.tif,0.608661,20.9529
train,1269.tif,0.45851,17.0791
train,12690.tif,0.613418,22.0671
train,12691.tif,0.585197,21.1623
train,12692.tif,0.656204,21.7069
train,12693.tif,0.432536,17.9986
train,12694.tif,0.668916,20.3776
train,12695.tif,0.515912,19.627
train,12696.tif,0.531702,19.0735
train,12697.tif,0.576652,21.7403
train,12698.tif,0.77792,20.1824
train,12699.tif,0.546666,18.3708
train,127.tif,0.51325,19.5923
train,1270.tif,0.560683,21.49
train,12700.tif,0.484326,19.2342
train,12701.tif,0.596,21.5686
train,12702.tif,0.521488,20.404
train,12703.tif,0.512213,18.7276
train,12704.tif,0.575924,21.291
train,12705.tif,0.479906,18.81
train,12706.tif,0.627062,22.3935
train,12707.tif,0.556507,19.9938
train,12708.tif,0.503512,19.8301
train,12709.tif,0.507565,20.3545
train,1271.tif,0.570094,20.0381
train,12710.tif,0.643303,22.3368
train,12711.tif,0.47513,19.7993
train,12712.tif,0.535934,17.6399
train,12713.tif,0.495106,19.8075
train,12714.tif,0.827603,24.2008
train,12715.tif,0.604722,19.3145
train,12716.tif,0.460871,17.5301
train,12717.tif,0.483379,19.3317
train,12718.tif,0.547358,17.4998
train,12719.tif,0.59176,20.2542
train,1272.tif,0.563587,19.4033
train,12720.tif,0.562642,21.6616
train,12721.tif,0.582399,21.7336
train,12722.tif,0.609265,20.3749
train,12723.tif,0.462084,16.033
train,12724.tif,0.629078,21.1314
train,12725.tif,0.46614,19.4945
train,12726.tif,0.668173,22.6125
train,12727.tif,0.712341,19.4654
train,12728.tif,0.494866,18.8024
train,12729.tif,0.440498,16.6203
train,1273.tif,0.611671,21.0284
train,12730.tif,0.423963,19.104
train,12731.tif,0.496476,19.8273
train,12732.tif,0.466177,19.7865
train,12733.tif,0.505149,18.8735
train,12734.tif,0.482476,19.2077
train,12735.tif,0.512331,18.8486
train,12736.tif,0.620533,20.5934
train,12737.tif,0.617661,20.3622
train,12738.tif,0.56051,20.6182
train,12739.tif,0.569743,18.7173
train,1274.tif,0.496311,21.1519
train,12740.tif,0.453495,18.2014
train,12741.tif,0.578542,20.4575
train,12742.tif,0.632989,20.7096
train,12743.tif,0.617337,20.9905
train,12744.tif,0.542386,20.9679
train,12745.tif,0.562813,22.359
train,12746.tif,0.510266,20.6589
train,12747.tif,0.623032,20.7577
train,12748.tif,0.640427,19.8823
train,12749.tif,0.540325,19.8513
train,1275.tif,0.609043,20.1176
train,12750.tif,0.505487,18.932
train,12751.tif,0.427535,18.677
train,12752.tif,0.530767,20.5799
train,12753.tif,0.567099,19.5148
train,12754.tif,0.494364,19.2762
train,12755.tif,0.57386,19.8977
train,12756.tif,0.505484,18.5881
train,12757.tif,0.54905,19.7842
train,12758.tif,0.529924,18.9525
train,12759.tif,0.543999,18.0754
train,1276.tif,0.524964,20.1479
train,12760.tif,0.546743,20.8792
train,12761.tif,0.664426,21.262
train,12762.tif,0.638288,23.3095
train,12763.tif,0.61432,22.3861
train,12764.tif,0.558217,19.9588
train,12765.tif,0.522191,19.2377
train,12766.tif,0.568261,19.1124
train,12767.tif,0.545318,20.2323
train,12768.tif,0.565126,19.7953
train,12769.tif,0.58183,21.729
train,1277.tif,0.445259,17.4056
train,12770.tif,0.518262,18.7839
train,12771.tif,0.49331,18.5635
train,12772.tif,0.650898,22.2978
train,12773.tif,0.623391,21.3443
train,12774.tif,0.609892,22.0008
train,12775.tif,0.680422,21.1214
train,12776.tif,0.573861,21.7124
train,12777.tif,0.649841,22.8817
train,12778.tif,0.512919,19.4609
train,12779.tif,0.547827,17.4898
train,1278.tif,0.642483,21.7176
train,12780.tif,0.631055,21.1002
train,12781.tif,0.597597,21.8262
train,12782.tif,0.562737,22.296
train,12783.tif,0.404474,18.2105
train,12784.tif,0.606174,20.0173
train,12785.tif,0.468767,18.9088
train,12786.tif,0.490823,18.4186
train,12787.tif,0.497544,19.3698
train,12788.tif,0.463507,19.0208
train,12789.tif,0.65375,23.2517
train,1279.tif,0.665725,20.826
train,12790.tif,0.52587,17.516
train,12791.tif,0.455896,19.469
train,12792.tif,0.61489,19.4494
train,12793.tif,0.473256,18.3599
train,12794.tif,0.542509,19.9336
train,12795.tif,0.557543,20.6814
train,12796.tif,0.665159,20.4099
train,12797.tif,0.611595,20.9794
train,12798.tif,0.545352,21.0753
train,12799.tif,0.569261,21.1972
train,128.tif,0.451141,19.52
train,1280.tif,0.490998,18.5622
train,12800.tif,0.469104,18.2595
train,12801.tif,0.551322,20.095
train,12802.tif,0.435606,19.0331
train,12803.tif,0.664454,24.0358
train,12804.tif,0.469394,17.5245
train,12805.tif,0.513021,19.4627
train,12806.tif,0.569113,20.6334
train,12807.tif,0.497679,19.6025
train,12808.tif,0.611248,22.6096
train,12809.tif,0.551913,18.4503
train,1281.tif,0.522693,19.6211
train,12810.tif,0.580405,19.353
train,12811.tif,0.480988,19.6804
train,12812.tif,0.471481,19.4302
train,12813.tif,0.495195,19.1677
train,12814.tif,0.682335,22.3787
train,12815.tif,0.5354,19.4852
train,12816.tif,0.503394,19.1947
train,12817.tif,0.501999,19.5907
train,12818.tif,0.496747,20.6829
train,12819.tif,0.541402,20.1826
train,1282.tif,0.772224,26.6266
train,12820.tif,0.482558,20.3366
train,12821.tif,0.604763,20.8306
train,12822.tif,0.589125,21.8157
train,12823.tif,0.495226,17.6925
train,12824.tif,0.478588,17.443
train,12825.tif,0.685142,23.9577
train,12826.tif,0.599466,20.4527
train,12827.tif,0.54797,19.2753
train,12828.tif,0.467062,19.83
train,12829.tif,0.549106,19.4889
train,1283.tif,0.459389,18.735
train,12830.tif,0.538741,18.7892
train,12831.tif,0.672216,22.0639
train,12832.tif,0.529899,21.1861
train,12833.tif,0.531651,19.67
train,12834.tif,0.452156,17.5691
train,12835.tif,0.524573,20.4018
train,12836.tif,0.563406,21.2001
train,12837.tif,0.486161,17.8523
train,12838.tif,0.519375,19.5433
train,12839.tif,0.596092,23.7146
train,1284.tif,0.735209,23.7074
train,12840.tif,0.402535,16.6767
train,12841.tif,0.574603,21.4635
train,12842.tif,0.541442,19.5277
train,12843.tif,0.79325,22.5658
train,12844.tif,0.4455,15.922
train,12845.tif,0.454117,18.9264
train,12846.tif,0.707025,25.8848
train,12847.tif,0.77405,22.6155
train,12848.tif,0.477723,17.6768
train,12849.tif,0.531897,20.8446
train,1285.tif,0.47737,17.6496
train,12850.tif,0.468844,17.743
train,12851.tif,0.489347,18.6425
train,12852.tif,0.654259,22.2584
train,12853.tif,0.431109,18.3403
train,12854.tif,0.494696,18.0393
train,12855.tif,0.559647,20.4658
train,12856.tif,0.606697,19.0046
train,12857.tif,0.426532,16.3625
train,12858.tif,0.492139,18.6671
train,12859.tif,0.447176,19.8363
train,1286.tif,0.512044,16.3255
train,12860.tif,0.597564,18.9966
train,12861.tif,0.605197,22.1131
train,12862.tif,0.617178,19.1645
train,12863.tif,0.502531,19.8485
train,12864.tif,0.540954,20.9087
train,12865.tif,0.562669,18.8244
train,12866.tif,0.473158,18.2666
train,12867.tif,0.53545,21.7071
train,12868.tif,0.642836,21.6549
train,12869.tif,0.699669,24.4331
train,1287.tif,0.571841,19.6306
train,12870.tif,0.63113,21.5339
train,12871.tif,0.423644,16.555
train,12872.tif,0.496388,19.1996
train,12873.tif,0.488214,19.5345
train,12874.tif,0.580981,20.9523
train,12875.tif,0.5038,15.0346
train,12876.tif,0.562243,19.1912
train,12877.tif,0.584376,20.2882
train,12878.tif,0.523557,21.0057
train,12879.tif,0.58667,20.7003
train,1288.tif,0.582962,20.7248
train,12880.tif,0.576388,20.114
train,12881.tif,0.603422,20.4195
train,12882.tif,0.628177,19.8067
train,12883.tif,0.478277,17.4472
train,12884.tif,0.527264,18.1398
train,12885.tif,0.629427,22.1554
train,12886.tif,0.593997,21.8961
train,12887.tif,0.473454,18.7546
train,12888.tif,0.487855,18.6732
train,12889.tif,0.48934,19.1175
train,1289.tif,0.510132,17.5431
train,12890.tif,0.668112,21.5476
train,12891.tif,0.551249,20.6752
train,12892.tif,0.605912,19.8156
train,12893.tif,0.831859,23.119
train,12894.tif,0.551978,19.8602
train,12895.tif,0.459117,17.0944
train,12896.tif,0.610362,20.337
train,12897.tif,0.53816,21.2722
train,12898.tif,0.454268,19.364
train,12899.tif,0.477484,17.3767
train,129.tif,0.588948,19.8566
train,1290.tif,0.521093,19.0178
train,12900.tif,0.486946,19.589
train,12901.tif,0.63164,20.0514
train,12902.tif,0.48939,19.5949
train,12903.tif,0.590596,19.639
train,12904.tif,0.607602,20.4825
train,12905.tif,0.612159,22.3883
train,12906.tif,0.622207,20.7563
train,12907.tif,0.55416,20.3407
train,12908.tif,0.735522,25.6763
train,12909.tif,0.596173,21.7528
train,1291.tif,0.581067,20.521
train,12910.tif,0.52155,20.1907
train,12911.tif,0.469267,20.6373
train,12912.tif,0.580836,21.3004
train,12913.tif,0.490954,19.0415
train,12914.tif,0.527393,20.1187
train,12915.tif,0.570108,20.8183
train,12916.tif,0.604565,20.9252
train,12917.tif,0.665797,17.4847
train,12918.tif,0.637097,21.6492
train,12919.tif,0.496016,19.9459
train,1292.tif,0.527643,17.9606
train,12920.tif,0.519457,20.6387
train,12921.tif,0.543141,20.9534
train,12922.tif,0.525426,19.178
train,12923.tif,0.487512,20.0332
train,12924.tif,0.546287,19.2464
train,12925.tif,0.60664,20.0608
train,12926.tif,0.613893,17.7714
train,12927.tif,0.573465,19.5592
train,12928.tif,0.552776,19.0884
train,12929.tif,0.621809,20.3302
train,1293.tif,0.642768,19.8781
train,12930.tif,0.552364,14.4642
train,12931.tif,0.532899,19.311
train,12932.tif,0.591949,20.4235
train,12933.tif,0.565072,20.2095
train,12934.tif,0.669732,21.9274
train,12935.tif,0.596615,21.6112
train,12936.tif,0.546684,19.4267
train,12937.tif,0.620558,21.8731
train,12938.tif,0.528802,19.944
train,12939.tif,0.649361,21.1531
train,1294.tif,0.637995,19.6681
train,12940.tif,0.585433,20.6652
train,12941.tif,0.586893,21.0952
train,12942.tif,0.551685,18.7837
train,12943.tif,0.465142,19.2568
train,12944.tif,0.417881,17.8385
train,12945.tif,0.589814,19.671
train,12946.tif,0.572151,20.683
train,12947.tif,0.408138,19.1815
train,12948.tif,0.481954,18.6793
train,12949.tif,0.617688,22.0477
train,1295.tif,0.605448,19.5686
train,12950.tif,0.618009,19.4191
train,12951.tif,0.51528,19.0996
train,12952.tif,0.569187,21.1404
train,12953.tif,0.686517,24.2464
train,12954.tif,0.64435,23.2736
train,12955.tif,0.412966,17.5371
train,12956.tif,0.602644,21.6411
train,12957.tif,0.534647,20.3494
train,12958.tif,0.50146,19.6768
train,12959.tif,0.604982,19.8899
train,1296.tif,0.792678,25.2844
train,12960.tif,0.534441,19.6659
train,12961.tif,0.598267,20.3549
train,12962.tif,0.571089,15.974
train,12963.tif,0.524342,19.1868
train,12964.tif,0.454162,18.8639
train,12965.tif,0.574063,21.7945
train,12966.tif,0.479465,19.7169
train,12967.tif,0.511917,18.0625
train,12968.tif,0.597461,20.9834
train,12969.tif,0.623083,20.5862
train,1297.tif,0.539293,20.6864
train,12970.tif,0.643965,22.7523
train,12971.tif,0.626401,18.9147
train,12972.tif,0.494075,19.8746
train,12973.tif,0.45706,19.3414
train,12974.tif,0.519127,18.0171
train,12975.tif,0.600775,20.0279
train,12976.tif,0.538369,19.3381
train,12977.tif,0.438571,19.0503
train,12978.tif,0.649696,20.0375
train,12979.tif,0.543347,21.3184
train,1298.tif,0.574439,20.1504
train,12980.tif,0.600407,20.5319
train,12981.tif,0.689549,22.7298
train,12982.tif,0.58635,20.4817
train,12983.tif,0.546736,20.4209
train,12984.tif,0.55192,19.5192
train,12985.tif,0.480851,18.4198
train,12986.tif,0.574991,20.6003
train,12987.tif,0.554449,19.4201
train,12988.tif,0.451465,16.4749
train,12989.tif,0.756835,22.9695
train,1299.tif,0.51089,18.1679
train,12990.tif,0.66134,25.0108
train,12991.tif,0.52976,17.354
train,12992.tif,0.563003,19.7198
train,12993.tif,0.541112,18.9468
train,12994.tif,0.479982,18.8393
train,12995.tif,0.575554,20.929
train,12996.tif,0.651102,21.3894
train,12997.tif,0.517252,20.4456
train,12998.tif,0.585053,20.6021
train,12999.tif,0.577547,21.7178
train,13.tif,0.404516,14.2287
train,130.tif,0.531537,17.6437
train,1300.tif,0.666436,21.6644
train,13000.tif,0.482162,19.2524
train,13001.tif,0.501297,18.5092
train,13002.tif,0.504321,19.4156
train,13003.tif,0.592103,19.6236
train,13004.tif,0.570354,22.1741
train,13005.tif,0.47501,17.1703
train,13006.tif,0.789542,25.4775
train,13007.tif,0.596642,18.7922
train,13008.tif,0.545604,20.0289
train,13009.tif,0.734456,21.8001
train,1301.tif,0.582046,18.2645
train,13010.tif,0.776573,21.9129
train,13011.tif,0.508865,18.7081
train,13012.tif,0.555465,19.9164
train,13013.tif,0.591162,19.9764
train,13014.tif,0.569528,18.7724
train,13015.tif,0.691617,23.4052
train,13016.tif,0.681275,22.0466
train,13017.tif,0.507527,19.6792
train,13018.tif,0.508768,18.5281
train,13019.tif,0.509239,20.7313
train,1302.tif,0.499039,18.8204
train,13020.tif,0.570771,18.0101
train,13021.tif,0.546249,19.359
train,13022.tif,0.439717,18.4488
train,13023.tif,0.59708,21.2893
train,13024.tif,0.55042,20.9322
train,13025.tif,0.471279,19.9209
train,13026.tif,0.621962,21.7994
train,13027.tif,0.514397,20.2103
train,13028.tif,0.804749,24.9615
train,13029.tif,0.461586,19.1506
train,1303.tif,0.573132,18.1791
train,13030.tif,0.61056,21.9675
train,13031.tif,0.563431,21.2434
train,13032.tif,0.565183,21.4173
train,13033.tif,0.61494,21.3108
train,13034.tif,0.53511,18.9643
train,13035.tif,0.528368,18.2797
train,13036.tif,0.63591,22.4441
train,13037.tif,0.583704,21.6164
train,13038.tif,0.716628,23.048
train,13039.tif,0.630533,20.9202
train,1304.tif,0.569226,20.4217
train,13040.tif,0.56901,19.1152
train,13041.tif,0.460488,20.258
train,13042.tif,0.456255,19.2762
train,13043.tif,0.542622,19.7101
train,13044.tif,0.64492,20.8455
train,13045.tif,0.61981,20.9806
train,13046.tif,0.616808,21.021
train,13047.tif,0.660261,22.0009
train,13048.tif,0.510184,20.3255
train,13049.tif,0.5319,20.9003
train,1305.tif,0.759161,21.4505
train,13050.tif,0.546646,19.9027
train,13051.tif,0.682427,22.7858
train,13052.tif,0.470688,19.0934
train,13053.tif,0.595468,21.0773
train,13054.tif,0.527119,19.768
train,13055.tif,0.452084,18.3963
train,13056.tif,0.834591,26.0741
train,13057.tif,0.585532,20.4323
train,13058.tif,0.637688,21.7275
train,13059.tif,0.493336,18.0794
train,1306.tif,0.500424,16.7146
train,13060.tif,0.598605,20.6302
train,13061.tif,0.48612,18.776
train,13062.tif,0.540948,19.1039
train,13063.tif,0.487285,15.6843
train,13064.tif,0.621058,21.9369
train,13065.tif,0.553773,19.771
train,13066.tif,0.459597,19.3616
train,13067.tif,0.503774,17.8432
train,13068.tif,0.654154,22.7287
train,13069.tif,0.467672,19.1358
train,1307.tif,0.529339,16.8018
train,13070.tif,0.572373,19.1927
train,13071.tif,0.471561,20.2648
train,13072.tif,0.60583,21.1557
train,13073.tif,0.668236,20.6449
train,13074.tif,0.420267,17.7935
train,13075.tif,0.500078,16.0814
train,13076.tif,0.57408,20.1349
train,13077.tif,0.51641,20.2858
train,13078.tif,0.571155,20.9399
train,13079.tif,0.669569,23.6819
train,1308.tif,0.620639,20.2329
train,13080.tif,0.441757,16.7646
train,13081.tif,0.534355,18.6875
train,13082.tif,0.563491,20.1713
train,13083.tif,0.496648,18.8968
train,13084.tif,0.4816,19.6588
train,13085.tif,0.54921,20.3015
train,13086.tif,0.529186,20.4592
train,13087.tif,0.609215,20.0914
train,13088.tif,0.610026,21.1794
train,13089.tif,0.581021,19.6791
train,1309.tif,0.49847,19.9288
train,13090.tif,0.52454,19.2266
train,13091.tif,0.608168,21.0261
train,13092.tif,0.518439,19.7837
train,13093.tif,0.567669,19.5423
train,13094.tif,0.527309,18.8352
train,13095.tif,0.427199,17.4816
train,13096.tif,0.488407,19.2913
train,13097.tif,0.614587,21.1754
train,13098.tif,0.631398,20.9729
train,13099.tif,0.573925,21.9349
train,131.tif,0.620984,21.4384
train,1310.tif,0.474112,16.6298
train,13100.tif,0.598558,23.3204
train,13101.tif,0.714665,22.7375
train,13102.tif,0.502055,19.7912
train,13103.tif,0.549338,19.9154
train,13104.tif,0.622295,19.9644
train,13105.tif,0.595012,21.7263
train,13106.tif,0.58977,20.3808
train,13107.tif,0.464353,18.9813
train,13108.tif,0.577488,19.5437
train,13109.tif,0.532849,20.9263
train,1311.tif,0.598391,19.4438
train,13110.tif,0.581734,20.5378
train,13111.tif,0.535818,20.4551
train,13112.tif,0.556882,20.1999
train,13113.tif,0.693244,20.3786
train,13114.tif,0.486224,18.4073
train,13115.tif,0.472714,18.4164
train,13116.tif,0.473051,18.5183
train,13117.tif,0.557622,20.9438
train,13118.tif,0.493383,19.7833
train,13119.tif,0.54054,17.5922
train,1312.tif,0.485669,17.4747
train,13120.tif,0.524322,19.7742
train,13121.tif,0.574721,21.2817
train,13122.tif,0.512094,19.8086
train,13123.tif,0.464511,17.0335
train,13124.tif,0.488328,18.6609
train,13125.tif,0.660096,22.0425
train,13126.tif,0.606268,20.7023
train,13127.tif,0.604915,20.9769
train,13128.tif,0.575725,19.3539
train,13129.tif,0.756285,22.7432
train,1313.tif,0.514045,18.0307
train,13130.tif,0.583012,19.6753
train,13131.tif,0.43719,18.1063
train,13132.tif,0.450617,18.4027
train,13133.tif,0.533779,19.8132
train,13134.tif,0.515822,18.5003
train,13135.tif,0.628152,20.3817
train,13136.tif,0.579377,18.904
train,13137.tif,0.581793,18.7601
train,13138.tif,0.689413,23.8399
train,13139.tif,0.569055,21.5306
train,1314.tif,0.512521,19.4071
train,13140.tif,0.671817,21.9265
train,13141.tif,0.47999,18.9237
train,13142.tif,0.58658,22.0881
train,13143.tif,0.620796,21.9262
train,13144.tif,0.495421,19.1208
train,13145.tif,0.547316,19.4304
train,13146.tif,0.613878,18.3901
train,13147.tif,0.527054,20.8039
train,13148.tif,0.600349,22.4704
train,13149.tif,0.529459,19.2823
train,1315.tif,0.691328,20.2608
train,13150.tif,0.423464,17.9999
train,13151.tif,0.649864,23.6272
train,13152.tif,0.459675,18.6424
train,13153.tif,0.592818,21.9676
train,13154.tif,0.657071,23.0987
train,13155.tif,0.619616,21.2018
train,13156.tif,0.522572,18.2943
train,13157.tif,0.645507,22.168
train,13158.tif,0.595093,20.8712
train,13159.tif,0.551917,20.8253
train,1316.tif,0.475277,16.8255
train,13160.tif,0.584675,18.9619
train,13161.tif,0.473978,19.4075
train,13162.tif,0.633031,20.9293
train,13163.tif,0.597033,22.401
train,13164.tif,0.574144,18.7245
train,13165.tif,0.618194,20.88
train,13166.tif,0.609963,20.8099
train,13167.tif,0.435246,19.1077
train,13168.tif,0.602606,21.9036
train,13169.tif,0.566863,19.6849
train,1317.tif,0.572878,21.8244
train,13170.tif,0.565025,19.4173
train,13171.tif,0.625842,21.2952
train,13172.tif,0.576979,21.2556
train,13173.tif,0.522126,18.5197
train,13174.tif,0.567686,19.6369
train,13175.tif,0.518653,20.4252
train,13176.tif,0.666113,20.6144
train,13177.tif,0.466643,19.892
train,13178.tif,0.470451,19.3636
train,13179.tif,0.475545,19.4809
train,1318.tif,0.615164,20.5299
train,13180.tif,0.594608,20.5724
train,13181.tif,0.474338,16.7506
train,13182.tif,0.576767,19.7326
train,13183.tif,0.620784,20.6523
train,13184.tif,0.54567,19.3356
train,13185.tif,0.555808,18.5866
train,13186.tif,0.598454,21.3921
train,13187.tif,0.57407,20.2895
train,13188.tif,0.568433,19.3546
train,13189.tif,0.633623,21.2408
train,1319.tif,0.462645,17.6598
train,13190.tif,0.53655,19.5048
train,13191.tif,0.603575,21.1878
train,13192.tif,0.633449,21.0378
train,13193.tif,0.550409,20.7885
train,13194.tif,0.553731,19.7129
train,13195.tif,0.498464,19.5055
train,13196.tif,0.503699,18.6145
train,13197.tif,0.628365,22.9727
train,13198.tif,0.552576,20.1275
train,13199.tif,0.55756,19.2526
train,132.tif,0.495899,19.309
train,1320.tif,0.443868,18.0067
train,13200.tif,0.589747,19.856
train,13201.tif,0.52196,19.7888
train,13202.tif,0.49007,19.5467
train,13203.tif,0.528378,20.6803
train,13204.tif,0.618072,22.6455
train,13205.tif,0.869983,27.5282
train,13206.tif,0.446518,18.668
train,13207.tif,0.603104,22.5399
train,13208.tif,0.568133,21.5183
train,13209.tif,0.625234,22.4558
train,1321.tif,0.556952,19.8893
train,13210.tif,0.628244,20.2296
train,13211.tif,0.605479,19.408
train,13212.tif,0.46736,16.7356
train,13213.tif,0.612202,18.2442
train,13214.tif,0.561057,20.3625
train,13215.tif,0.566197,17.7483
train,13216.tif,0.428649,17.7091
train,13217.tif,0.486193,20.4459
train,13218.tif,0.570374,20.8427
train,13219.tif,0.490578,19.1278
train,1322.tif,0.640628,21.7949
train,13220.tif,0.530677,20.2754
train,13221.tif,0.569091,22.8859
train,13222.tif,0.605314,20.7117
train,13223.tif,0.401744,17.1183
train,13224.tif,0.544211,20.4154
train,13225.tif,0.654386,22.775
train,13226.tif,0.657982,23.3044
train,13227.tif,0.595684,21.4276
train,13228.tif,0.68358,21.899
train,13229.tif,0.557584,17.8011
train,1323.tif,0.440241,19.5263
train,13230.tif,0.618427,20.6411
train,13231.tif,0.67057,24.0015
train,13232.tif,0.614115,20.7471
train,13233.tif,0.492162,19.059
train,13234.tif,0.497569,16.5173
train,13235.tif,0.647301,20.8155
train,13236.tif,0.658089,20.7647
train,13237.tif,0.754624,23.2141
train,13238.tif,0.518143,20.2908
train,13239.tif,0.515502,19.859
train,1324.tif,0.521163,16.5902
train,13240.tif,0.605822,18.6871
train,13241.tif,0.567007,21.1862
train,13242.tif,0.566664,20.7753
train,13243.tif,0.531564,19.4707
train,13244.tif,0.561472,19.5466
train,13245.tif,0.56397,19.9783
train,13246.tif,0.554464,15.7244
train,13247.tif,0.559955,20.5559
train,13248.tif,0.62499,20.9335
train,13249.tif,0.503442,17.5776
train,1325.tif,0.597363,21.291
train,13250.tif,0.771153,24.6738
train,13251.tif,0.520846,19.5044
train,13252.tif,0.448246,18.5954
train,13253.tif,0.613188,20.014
train,13254.tif,0.546571,20.6077
train,13255.tif,0.616907,21.9618
train,13256.tif,0.445355,18.7591
train,13257.tif,0.526466,16.7873
train,13258.tif,0.508761,19.0702
train,13259.tif,0.560699,17.5692
train,1326.tif,0.479045,17.533
train,13260.tif,0.585006,22.4206
train,13261.tif,0.568739,20.4583
train,13262.tif,0.578087,18.2832
train,13263.tif,0.541942,18.8331
train,13264.tif,0.566908,21.2285
train,13265.tif,0.613094,22.5942
train,13266.tif,0.553714,20.3108
train,13267.tif,0.667289,25.1933
train,13268.tif,0.566381,19.1382
train,13269.tif,0.646767,21.4557
train,1327.tif,0.549209,17.5162
train,13270.tif,0.588768,19.8989
train,13271.tif,0.636476,19.2534
train,13272.tif,0.634287,21.0285
train,13273.tif,0.581393,19.4017
train,13274.tif,0.492609,19.7685
train,13275.tif,0.52179,19.576
train,13276.tif,0.438399,19.1642
train,13277.tif,0.532762,19.2834
train,13278.tif,0.572813,17.9829
train,13279.tif,0.444389,16.6864
train,1328.tif,0.738939,24.2279
train,13280.tif,0.753287,23.8017
train,13281.tif,0.620742,21.3596
train,13282.tif,0.612992,20.0579
train,13283.tif,0.502098,17.6935
train,13284.tif,0.451311,16.7412
train,13285.tif,0.563269,20.2631
train,13286.tif,0.460945,16.6731
train,13287.tif,0.571961,19.6357
train,13288.tif,0.673741,22.6766
train,13289.tif,0.533388,18.9518
train,1329.tif,0.505181,18.2127
train,13290.tif,0.75814,24.1001
train,13291.tif,0.424869,15.5237
train,13292.tif,0.614625,20.2935
train,13293.tif,0.683621,23.1277
train,13294.tif,0.758589,21.5962
train,13295.tif,0.656927,22.5904
train,13296.tif,0.599574,21.6184
train,13297.tif,0.799703,26.5198
train,13298.tif,0.507275,18.7874
train,13299.tif,0.496493,17.1344
train,133.tif,0.58094,20.9454
train,1330.tif,0.603877,19.0909
train,13300.tif,0.503667,18.3523
train,13301.tif,0.530826,19.5939
train,13302.tif,0.447063,19.8261
train,13303.tif,0.540847,20.2369
train,13304.tif,0.505644,20.3875
train,13305.tif,0.80954,23.4244
train,13306.tif,0.77979,22.853
train,13307.tif,0.5573,20.0213
train,13308.tif,0.625486,21.2955
train,13309.tif,0.472114,19.2657
train,1331.tif,0.484693,18.8344
train,13310.tif,0.603041,22.0635
train,13311.tif,0.59556,17.4392
train,13312.tif,0.704237,23.939
train,13313.tif,0.74746,18.6933
train,13314.tif,0.585584,19.966
train,13315.tif,0.604937,19.9764
train,13316.tif,0.516559,19.4913
train,13317.tif,0.597639,19.1765
train,13318.tif,0.33568,18.907
train,13319.tif,0.479896,19.9677
train,1332.tif,0.550438,21.5521
train,13320.tif,0.430692,18.4866
train,13321.tif,0.548998,18.1264
train,13322.tif,0.560026,20.2936
train,13323.tif,0.663609,20.3621
train,13324.tif,0.527188,20.2103
train,13325.tif,0.574998,19.7241
train,13326.tif,0.497885,18.5987
train,13327.tif,0.563197,19.3659
train,13328.tif,0.545819,19.9138
train,13329.tif,0.491568,18.7424
train,1333.tif,0.617418,21.2746
train,13330.tif,0.643581,20.6192
train,13331.tif,0.574071,19.8716
train,13332.tif,0.610515,16.0673
train,13333.tif,0.442848,18.6782
train,13334.tif,0.602104,21.1655
train,13335.tif,0.608517,20.2169
train,13336.tif,0.53785,16.4006
train,13337.tif,0.622438,21.1856
train,13338.tif,0.569382,20.4528
train,13339.tif,0.50866,18.341
train,1334.tif,0.443551,18.5298
train,13340.tif,0.525703,19.8092
train,13341.tif,0.490148,18.188
train,13342.tif,0.56575,18.8565
train,13343.tif,0.528628,18.4544
train,13344.tif,0.620765,21.2914
train,13345.tif,0.563399,20.9326
train,13346.tif,0.618489,19.5951
train,13347.tif,0.542871,20.5437
train,13348.tif,0.586307,18.4633
train,13349.tif,0.573485,20.1261
train,1335.tif,0.621395,21.3747
train,13350.tif,0.574854,21.185
train,13351.tif,0.562463,21.0647
train,13352.tif,0.53924,17.8782
train,13353.tif,0.641461,21.6252
train,13354.tif,0.732625,21.0726
train,13355.tif,0.558802,20.0841
train,13356.tif,0.628874,21.942
train,13357.tif,0.607849,20.3812
train,13358.tif,0.629001,23.1425
train,13359.tif,0.568018,19.5447
train,1336.tif,0.476412,21.4233
train,13360.tif,0.529144,17.5633
train,13361.tif,0.570339,20.7942
train,13362.tif,0.59497,19.3306
train,13363.tif,0.635041,22.7007
train,13364.tif,0.573228,18.6788
train,13365.tif,0.624407,21.4018
train,13366.tif,0.500793,19.5629
train,13367.tif,0.573679,20.4532
train,13368.tif,0.584312,21.823
train,13369.tif,0.536413,19.9564
train,1337.tif,0.518722,20.489
train,13370.tif,0.589921,21.1609
train,13371.tif,0.737538,25.2104
train,13372.tif,0.600896,22.3182
train,13373.tif,0.709059,21.5719
train,13374.tif,0.586103,22.8759
train,13375.tif,0.635039,20.6249
train,13376.tif,0.730999,24.4837
train,13377.tif,0.529435,20.5355
train,13378.tif,0.454823,17.5437
train,13379.tif,0.548421,21.0998
train,1338.tif,0.557988,20.5199
train,13380.tif,0.573801,19.7464
train,13381.tif,0.558187,18.968
train,13382.tif,0.61401,20.8478
train,13383.tif,0.531066,18.4247
train,13384.tif,0.686669,20.6749
train,13385.tif,0.460707,19.3848
train,13386.tif,0.891517,24.4709
train,13387.tif,0.634267,22.3316
train,13388.tif,0.51345,16.9433
train,13389.tif,0.55696,19.6475
train,1339.tif,0.449818,18.7703
train,13390.tif,0.513672,19.9809
train,13391.tif,0.550272,18.4435
train,13392.tif,0.479293,19.1653
train,13393.tif,0.542627,19.7907
train,13394.tif,0.48957,21.6844
train,13395.tif,0.469528,18.2599
train,13396.tif,0.463892,19.0032
train,13397.tif,0.596609,19.9942
train,13398.tif,0.545165,19.7348
train,13399.tif,0.457645,18.1812
train,134.tif,0.547103,18.955
train,1340.tif,0.517927,19.7486
train,13400.tif,0.518604,19.4112
train,13401.tif,0.666902,19.9894
train,13402.tif,0.523754,20.3479
train,13403.tif,0.59441,19.2054
train,13404.tif,0.57985,19.5543
train,13405.tif,0.621336,20.7633
train,13406.tif,0.795389,25.942
train,13407.tif,0.562035,16.9838
train,13408.tif,0.563366,19.4785
train,13409.tif,0.722686,25.9313
train,1341.tif,0.60364,20.3493
train,13410.tif,0.483357,20.4048
train,13411.tif,0.605251,20.1532
train,13412.tif,0.587193,21.5894
train,13413.tif,0.564856,19.6184
train,13414.tif,0.546267,21.0456
train,13415.tif,0.577713,19.973
train,13416.tif,0.629197,22.2271
train,13417.tif,0.667508,21.2847
train,13418.tif,0.598994,19.7588
train,13419.tif,0.590767,20.7976
train,1342.tif,0.346451,16.9223
train,13420.tif,0.609302,20.5587
train,13421.tif,0.587602,21.1824
train,13422.tif,0.642996,21.6423
train,13423.tif,0.478443,17.8829
train,13424.tif,0.603524,20.7937
train,13425.tif,0.572946,20.4793
train,13426.tif,0.650239,21.5748
train,13427.tif,0.482565,20.5573
train,13428.tif,0.59733,19.78
train,13429.tif,0.532824,19.4206
train,1343.tif,0.468573,17.7014
train,13430.tif,0.653143,22.0545
train,13431.tif,0.662229,21.2681
train,13432.tif,0.49655,19.7536
train,13433.tif,0.715185,22.1905
train,13434.tif,0.590396,23.9667
train,13435.tif,0.618054,21.5879
train,13436.tif,0.550271,21.026
train,13437.tif,0.549217,20.8303
train,13438.tif,0.519167,19.2547
train,13439.tif,0.43561,18.7778
train,1344.tif,0.640952,20.7586
train,13440.tif,0.614213,19.8104
train,13441.tif,0.632985,21.9024
train,13442.tif,0.552194,18.7883
train,13443.tif,0.601409,20.5537
train,13444.tif,0.568254,18.2654
train,13445.tif,0.597428,22.0636
train,13446.tif,0.526713,18.6349
train,13447.tif,0.652011,22.6143
train,13448.tif,0.695295,23.7833
train,13449.tif,0.584105,19.7949
train,1345.tif,0.596641,18.0465
train,13450.tif,0.538089,19.9494
train,13451.tif,0.558688,19.9281
train,13452.tif,0.622702,19.8823
train,13453.tif,0.558944,19.4621
train,13454.tif,0.575057,20.5441
train,13455.tif,0.439715,18.8413
train,13456.tif,0.473247,17.8691
train,13457.tif,0.630922,20.4328
train,13458.tif,0.528226,19.663
train,13459.tif,0.649785,21.8415
train,1346.tif,0.609831,17.5735
train,13460.tif,0.551797,19.8004
train,13461.tif,0.54461,18.5966
train,13462.tif,0.517147,19.3024
train,13463.tif,0.423568,17.9078
train,13464.tif,0.586842,20.485
train,13465.tif,0.451207,17.8323
train,13466.tif,0.596918,19.3822
train,13467.tif,0.593004,19.2041
train,13468.tif,0.5416,19.5369
train,13469.tif,0.583363,20.7662
train,1347.tif,0.78174,22.7889
train,13470.tif,0.587771,20.8223
train,13471.tif,0.705926,23.6174
train,13472.tif,0.604166,21.3342
train,13473.tif,0.651996,22.3035
train,13474.tif,0.66689,24.7515
train,13475.tif,0.581899,20.892
train,13476.tif,0.466321,19.5523
train,13477.tif,0.739789,24.3605
train,13478.tif,0.581105,19.3386
train,13479.tif,0.683354,21.5932
train,1348.tif,0.502452,15.652
train,13480.tif,0.589006,20.8462
train,13481.tif,0.545651,21.0581
train,13482.tif,0.649748,22.3664
train,13483.tif,0.704198,22.6676
train,13484.tif,0.533426,18.0724
train,13485.tif,0.51918,19.4661
train,13486.tif,0.626617,21.7354
train,13487.tif,0.523716,18.213
train,13488.tif,0.561868,19.675
train,13489.tif,0.465725,18.7967
train,1349.tif,0.538901,19.6545
train,13490.tif,0.606823,20.5079
train,13491.tif,0.454081,18.6888
train,13492.tif,0.653308,22.9551
train,13493.tif,0.536594,19.0682
train,13494.tif,0.529934,20.1958
train,13495.tif,0.527778,19.0374
train,13496.tif,0.50863,19.4676
train,13497.tif,0.517006,19.6954
train,13498.tif,0.547553,20.058
train,13499.tif,0.616654,22.1194
train,135.tif,0.471751,17.3538
train,1350.tif,0.523848,17.8661
train,13500.tif,0.636988,21.3889
train,13501.tif,0.53242,19.0306
train,13502.tif,0.514886,20.3519
train,13503.tif,0.511334,18.5743
train,13504.tif,0.604045,21.1631
train,13505.tif,0.808691,25.1951
train,13506.tif,0.640781,21.5153
train,13507.tif,0.462237,18.4634
train,13508.tif,0.672644,22.924
train,13509.tif,0.582689,21.2891
train,1351.tif,0.567696,20.2
train,13510.tif,0.482257,18.9524
train,13511.tif,0.570989,18.5616
train,13512.tif,0.612312,20.6711
train,13513.tif,0.570602,20.935
train,13514.tif,0.572298,20.3619
train,13515.tif,0.455163,15.9448
train,13516.tif,0.413891,15.0654
train,13517.tif,0.553124,19.0985
train,13518.tif,0.500735,16.6073
train,13519.tif,0.565466,17.3481
train,1352.tif,0.549185,20.1779
train,13520.tif,0.544879,18.6357
train,13521.tif,0.594455,21.0322
train,13522.tif,0.498543,17.0563
train,13523.tif,0.781346,24.2028
train,13524.tif,0.51506,20.0201
train,13525.tif,0.653266,21.3434
train,13526.tif,0.603198,21.1178
train,13527.tif,0.495997,17.3879
train,13528.tif,0.592156,20.7792
train,13529.tif,0.606202,21.0686
train,1353.tif,0.558693,20.4154
train,13530.tif,0.724149,22.4617
train,13531.tif,0.577551,19.8278
train,13532.tif,0.491743,18.653
train,13533.tif,0.483631,18.595
train,13534.tif,0.580365,19.2883
train,13535.tif,0.463163,18.0544
train,13536.tif,0.516481,19.1717
train,13537.tif,0.538145,19.1302
train,13538.tif,0.601363,22.6837
train,13539.tif,0.519252,19.11
train,1354.tif,0.575576,19.8118
train,13540.tif,0.448033,17.7879
train,13541.tif,0.564755,20.1081
train,13542.tif,0.610092,19.4923
train,13543.tif,0.572039,20.0831
train,13544.tif,0.591996,21.0145
train,13545.tif,0.519796,19.7761
train,13546.tif,0.68509,20.3877
train,13547.tif,0.645434,20.6921
train,13548.tif,0.454683,18.3067
train,13549.tif,0.558887,21.0113
train,1355.tif,0.474653,17.9843
train,13550.tif,0.638718,20.7703
train,13551.tif,0.558496,20.6933
train,13552.tif,0.495765,18.6247
train,13553.tif,0.625947,22.4243
train,13554.tif,0.759479,22.5266
train,13555.tif,0.363932,17.4151
train,13556.tif,0.465818,19.669
train,13557.tif,0.559721,17.7658
train,13558.tif,0.507919,18.8718
train,13559.tif,0.576761,14.5039
train,1356.tif,0.453057,17.9195
train,13560.tif,0.633248,21.8525
train,13561.tif,0.591109,20.4294
train,13562.tif,0.59078,18.6025
train,13563.tif,0.58319,20.0913
train,13564.tif,0.598621,19.4262
train,13565.tif,0.64199,22.3508
train,13566.tif,0.752757,21.8917
train,13567.tif,0.518368,19.6004
train,13568.tif,0.501063,17.453
train,13569.tif,0.558539,20.3768
train,1357.tif,0.424115,18.0122
train,13570.tif,0.545456,18.6307
train,13571.tif,0.512521,18.1479
train,13572.tif,0.565897,20.2862
train,13573.tif,0.456322,17.7737
train,13574.tif,0.431565,18.0121
train,13575.tif,0.561304,18.6369
train,13576.tif,0.444182,17.1217
train,13577.tif,0.621449,20.4369
train,13578.tif,0.616258,22.1585
train,13579.tif,0.554501,19.3243
train,1358.tif,0.488805,18.6907
train,13580.tif,0.514536,13.9543
train,13581.tif,0.5227,20.429
train,13582.tif,0.559389,20.3576
train,13583.tif,0.612356,22.4254
train,13584.tif,0.777583,19.9565
train,13585.tif,0.597539,20.3441
train,13586.tif,0.639432,19.9437
train,13587.tif,0.570576,21.157
train,13588.tif,0.535402,20.0812
train,13589.tif,0.445562,14.7304
train,1359.tif,0.55092,19.91
train,13590.tif,0.598923,19.132
train,13591.tif,0.53189,17.7674
train,13592.tif,0.651679,21.219
train,13593.tif,0.569034,19.5587
train,13594.tif,0.566469,19.7241
train,13595.tif,0.548724,20.739
train,13596.tif,0.580917,21.5583
train,13597.tif,0.638362,21.3425
train,13598.tif,0.466852,16.5567
train,13599.tif,0.481143,17.4503
train,136.tif,0.604514,20.3848
train,1360.tif,0.32891,17.426
train,13600.tif,0.586696,20.3765
train,13601.tif,0.532377,19.6739
train,13602.tif,0.663946,21.3414
train,13603.tif,0.601642,22.2635
train,13604.tif,0.622601,17.1561
train,13605.tif,0.579649,20.4706
train,13606.tif,0.555505,18.5018
train,13607.tif,0.540445,17.255
train,13608.tif,0.559897,20.2702
train,13609.tif,0.527991,19.1651
train,1361.tif,0.539934,18.8029
train,13610.tif,0.589932,19.3836
train,13611.tif,0.622151,22.0884
train,13612.tif,0.558791,17.432
train,13613.tif,0.58788,19.989
train,13614.tif,0.604837,21.9861
train,13615.tif,0.477028,17.934
train,13616.tif,0.490015,19.1645
train,13617.tif,0.646042,21.3609
train,13618.tif,0.477036,18.5649
train,13619.tif,0.569359,20.5934
train,1362.tif,0.494835,17.5995
train,13620.tif,0.506289,20.2216
train,13621.tif,0.610638,20.7449
train,13622.tif,0.667264,20.4097
train,13623.tif,0.591537,21.9169
train,13624.tif,0.585945,21.7357
train,13625.tif,0.570745,18.7445
train,13626.tif,0.514651,19.2245
train,13627.tif,0.695971,23.1823
train,13628.tif,0.549816,19.2728
train,13629.tif,0.596485,20.9968
train,1363.tif,0.55659,18.9371
train,13630.tif,0.717385,24.3127
train,13631.tif,0.581451,17.107
train,13632.tif,0.584698,20.25
train,13633.tif,0.53321,19.149
train,13634.tif,0.564249,19.8209
train,13635.tif,0.641964,21.6629
train,13636.tif,0.624164,20.7963
train,13637.tif,0.486313,18.8694
train,13638.tif,0.75396,25.6595
train,13639.tif,0.524636,18.5098
train,1364.tif,0.653812,23.018
train,13640.tif,0.589478,18.0743
train,13641.tif,0.61146,20.775
train,13642.tif,0.557046,20.6716
train,13643.tif,0.493149,18.3981
train,13644.tif,0.566402,19.1747
train,13645.tif,0.653259,24.1465
train,13646.tif,0.519885,19.9828
train,13647.tif,0.580364,19.5334
train,13648.tif,0.657137,17.3697
train,13649.tif,0.492043,19.6537
train,1365.tif,0.526876,19.0963
train,13650.tif,0.550186,19.4425
train,13651.tif,0.575464,21.3778
train,13652.tif,0.542288,20.0798
train,13653.tif,0.697298,25.4708
train,13654.tif,0.459442,19.2693
train,13655.tif,0.612681,17.4341
train,13656.tif,0.584071,19.9976
train,13657.tif,0.489078,18.5335
train,13658.tif,0.647398,21.5936
train,13659.tif,0.697606,22.9445
train,1366.tif,0.5157,21.415
train,13660.tif,0.519776,19.5176
train,13661.tif,0.61743,22.4965
train,13662.tif,0.54735,20.3863
train,13663.tif,0.576955,20.0349
train,13664.tif,0.600029,22.5757
train,13665.tif,0.509849,18.7314
train,13666.tif,0.606235,20.6165
train,13667.tif,0.59415,19.0433
train,13668.tif,0.501068,18.3898
train,13669.tif,0.514396,19.2555
train,1367.tif,0.447136,19.3157
train,13670.tif,0.550268,20.8845
train,13671.tif,0.825148,22.8068
train,13672.tif,0.762853,23.6437
train,13673.tif,0.519741,18.5027
train,13674.tif,0.466533,17.5537
train,13675.tif,0.746779,23.3982
train,13676.tif,0.60764,22.906
train,13677.tif,0.618342,19.8423
train,13678.tif,0.609178,18.6115
train,13679.tif,0.615135,21.2899
train,1368.tif,0.491643,18.403
train,13680.tif,0.658413,22.5637
train,13681.tif,0.540314,19.2927
train,13682.tif,0.511989,17.9522
train,13683.tif,0.579613,20.8531
train,13684.tif,0.550763,19.5936
train,13685.tif,0.653179,20.8961
train,13686.tif,0.543434,19.099
train,13687.tif,0.547065,19.6356
train,13688.tif,0.750725,23.2226
train,13689.tif,0.504157,18.4868
train,1369.tif,0.573443,19.6472
train,13690.tif,0.593935,21.8788
train,13691.tif,0.480439,17.4582
train,13692.tif,0.479589,20.6208
train,13693.tif,0.547873,19.6614
train,13694.tif,0.448749,18.2351
train,13695.tif,0.493145,18.0587
train,13696.tif,0.539452,18.7363
train,13697.tif,0.504738,18.1532
train,13698.tif,0.617292,20.5342
train,13699.tif,0.472518,19.0013
train,137.tif,0.57577,20.2094
train,1370.tif,0.580155,18.7277
train,13700.tif,0.563257,20.5095
train,13701.tif,0.616427,22.1497
train,13702.tif,0.6261,21.8675
train,13703.tif,0.595648,21.6082
train,13704.tif,0.680768,22.944
train,13705.tif,0.525369,18.5004
train,13706.tif,0.511389,19.8447
train,13707.tif,0.518338,18.5707
train,13708.tif,0.500676,18.4132
train,13709.tif,0.527137,21.2998
train,1371.tif,0.531743,18.3941
train,13710.tif,0.52565,19.2536
train,13711.tif,0.540229,16.0883
train,13712.tif,0.616813,21.2045
train,13713.tif,0.742001,23.463
train,13714.tif,0.468565,15.9539
train,13715.tif,0.437018,18.6475
train,13716.tif,0.606129,18.393
train,13717.tif,0.782515,23.7217
train,13718.tif,0.533355,20.4627
train,13719.tif,0.582249,21.1587
train,1372.tif,0.567883,20.4977
train,13720.tif,0.656312,20.9489
train,13721.tif,0.449019,18.4559
train,13722.tif,0.53986,21.0832
train,13723.tif,0.571731,16.5896
train,13724.tif,0.606588,19.7525
train,13725.tif,0.532119,19.0932
train,13726.tif,0.588109,21.0197
train,13727.tif,0.548995,20.538
train,13728.tif,0.688532,23.7137
train,13729.tif,0.490477,18.0454
train,1373.tif,0.800697,25.0594
train,13730.tif,0.465749,17.8478
train,13731.tif,0.510161,17.6601
train,13732.tif,0.565757,19.646
train,13733.tif,0.657159,21.4544
train,13734.tif,0.682258,22.3631
train,13735.tif,0.585834,21.1221
train,13736.tif,0.613014,20.4304
train,13737.tif,0.542216,20.4525
train,13738.tif,0.484409,19.7237
train,13739.tif,0.581471,20.6437
train,1374.tif,0.493188,18.3693
train,13740.tif,0.486965,17.7975
train,13741.tif,0.439328,17.5348
train,13742.tif,0.564406,20.4692
train,13743.tif,0.516356,19.4969
train,13744.tif,0.719717,22.825
train,13745.tif,0.497838,17.5897
train,13746.tif,0.613657,19.4173
train,13747.tif,0.574527,21.8274
train,13748.tif,0.515458,19.6539
train,13749.tif,0.554176,19.2781
train,1375.tif,0.53698,21.8329
train,13750.tif,0.588278,21.5735
train,13751.tif,0.524523,19.4061
train,13752.tif,0.601345,20.2827
train,13753.tif,0.577832,20.2876
train,13754.tif,0.64648,22.0428
train,13755.tif,0.594359,20.4951
train,13756.tif,0.511499,20.1472
train,13757.tif,0.602263,19.0351
train,13758.tif,0.563985,19.6398
train,13759.tif,0.492356,18.8396
train,1376.tif,0.573968,19.6313
train,13760.tif,0.685999,21.0813
train,13761.tif,0.581405,20.4095
train,13762.tif,0.551724,19.0453
train,13763.tif,0.611716,19.9607
train,13764.tif,0.730537,23.9376
train,13765.tif,0.85168,24.9719
train,13766.tif,0.534006,19.6341
train,13767.tif,0.270951,16.5184
train,13768.tif,0.571407,20.7963
train,13769.tif,0.525437,18.4816
train,1377.tif,0.481514,19.2199
train,13770.tif,0.607033,20.6313
train,13771.tif,0.531211,20.8756
train,13772.tif,0.587813,20.6134
train,13773.tif,0.577906,20.3076
train,13774.tif,0.477886,20.0275
train,13775.tif,0.520182,18.8002
train,13776.tif,0.649688,21.9368
train,13777.tif,0.618721,22.8489
train,13778.tif,0.513444,19.3636
train,13779.tif,0.63576,21.7914
train,1378.tif,0.455583,20.1681
train,13780.tif,0.52683,19.6179
train,13781.tif,0.582335,19.7315
train,13782.tif,0.556931,19.261
train,13783.tif,0.597798,20.1998
train,13784.tif,0.5304,19.3927
train,13785.tif,0.485019,16.6725
train,13786.tif,0.620226,20.6553
train,13787.tif,0.537889,18.7195
train,13788.tif,0.586538,19.4161
train,13789.tif,0.527801,19.7697
train,1379.tif,0.795821,22.2892
train,13790.tif,0.536279,19.6023
train,13791.tif,0.66089,22.0477
train,13792.tif,0.529682,19.2743
train,13793.tif,0.584875,20.5067
train,13794.tif,0.630262,21.3968
train,13795.tif,0.496398,19.9504
train,13796.tif,0.527573,17.8917
train,13797.tif,0.641988,21.846
train,13798.tif,0.438451,17.9704
train,13799.tif,0.56001,20.2024
train,138.tif,0.50875,19.3007
train,1380.tif,0.611805,20.0899
train,13800.tif,0.553373,19.8932
train,13801.tif,0.769253,22.4514
train,13802.tif,0.585477,20.4683
train,13803.tif,0.504965,19.1968
train,13804.tif,0.628777,23.6386
train,13805.tif,0.556571,19.7796
train,13806.tif,0.615361,22.0926
train,13807.tif,0.727358,25.3028
train,13808.tif,0.400436,16.1869
train,13809.tif,0.486256,17.5934
train,1381.tif,0.486025,18.6383
train,13810.tif,0.622446,23.2772
train,13811.tif,0.504568,17.1037
train,13812.tif,0.52876,19.5174
train,13813.tif,0.556809,20.6707
train,13814.tif,0.607874,20.8877
train,13815.tif,0.48487,18.6308
train,13816.tif,0.513284,18.9438
train,13817.tif,0.700904,24.5612
train,13818.tif,0.498583,19.1088
train,13819.tif,0.699015,20.489
train,1382.tif,0.666851,23.2533
train,13820.tif,0.562616,17.8937
train,13821.tif,0.454804,18.005
train,13822.tif,0.672742,20.013
train,13823.tif,0.713347,23.7603
train,13824.tif,0.56302,19.3484
train,13825.tif,0.68362,20.4923
train,13826.tif,0.589833,19.9684
train,13827.tif,0.484748,18.8584
train,13828.tif,0.564823,22.1269
train,13829.tif,0.567795,19.7897
train,1383.tif,0.621977,17.2737
train,13830.tif,0.540202,18.4166
train,13831.tif,0.550453,19.8826
train,13832.tif,0.644137,20.8697
train,13833.tif,0.521802,20.2988
train,13834.tif,0.483386,20.2907
train,13835.tif,0.539,19.8122
train,13836.tif,0.539854,18.6352
train,13837.tif,0.496447,18.0711
train,13838.tif,0.492668,19.7711
train,13839.tif,0.54006,19.1938
train,1384.tif,0.489684,19.4034
train,13840.tif,0.575642,20.5562
train,13841.tif,0.640408,20.8025
train,13842.tif,0.554774,18.6015
train,13843.tif,0.555641,18.6914
train,13844.tif,0.602421,18.1912
train,13845.tif,0.540638,20.291
train,13846.tif,0.619345,22.5671
train,13847.tif,0.527581,19.4067
train,13848.tif,0.594931,19.506
train,13849.tif,0.655042,22.2694
train,1385.tif,0.520792,18.5319
train,13850.tif,0.559693,20.9257
train,13851.tif,0.610111,21.684
train,13852.tif,0.531843,19.6529
train,13853.tif,0.665633,24.8755
train,13854.tif,0.561813,21.6136
train,13855.tif,0.573341,21.2657
train,13856.tif,0.676,21.315
train,13857.tif,0.487389,17.8481
train,13858.tif,0.584153,20.8354
train,13859.tif,0.579942,18.4355
train,1386.tif,0.52288,16.6716
train,13860.tif,0.597636,19.8581
train,13861.tif,0.546287,19.813
train,13862.tif,0.514525,18.668
train,13863.tif,0.498746,17.3718
train,13864.tif,0.697563,22.4874
train,13865.tif,0.600037,20.5817
train,13866.tif,0.516151,19.3531
train,13867.tif,0.587969,19.7009
train,13868.tif,0.569677,21.562
train,13869.tif,0.609252,21.1559
train,1387.tif,0.605076,20.433
train,13870.tif,0.60623,19.9321
train,13871.tif,0.624727,20.6543
train,13872.tif,0.464146,18.9953
train,13873.tif,0.550663,18.2323
train,13874.tif,0.655896,22.4508
train,13875.tif,0.588588,20.1041
train,13876.tif,0.641421,22.6465
train,13877.tif,0.516802,18.8845
train,13878.tif,0.495541,19.3789
train,13879.tif,0.550814,20.7286
train,1388.tif,0.581028,17.4041
train,13880.tif,0.55637,19.7924
train,13881.tif,0.707366,22.6843
train,13882.tif,0.578155,18.1067
train,13883.tif,0.550623,19.7449
train,13884.tif,0.557159,18.0321
train,13885.tif,0.58724,21.4601
train,13886.tif,0.595008,22.5366
train,13887.tif,0.591186,20.6463
train,13888.tif,0.481742,15.7066
train,13889.tif,0.513723,19.3184
train,1389.tif,0.6188,21.5464
train,13890.tif,0.509808,17.4365
train,13891.tif,0.618658,22.9936
train,13892.tif,0.581884,20.2582
train,13893.tif,0.55475,20.5906
train,13894.tif,0.59472,21.2601
train,13895.tif,0.513376,18.1977
train,13896.tif,0.603924,19.1136
train,13897.tif,0.661137,21.5707
train,13898.tif,0.598203,19.2238
train,13899.tif,0.506133,16.5979
train,139.tif,0.574257,19.6412
train,1390.tif,0.497446,20.4414
train,13900.tif,0.465886,19.1621
train,13901.tif,0.518408,19.6869
train,13902.tif,0.607139,18.8482
train,13903.tif,0.603059,21.7482
train,13904.tif,0.639921,23.4315
train,13905.tif,0.536436,18.505
train,13906.tif,0.694206,23.6493
train,13907.tif,0.845523,22.4979
train,13908.tif,0.627372,18.4491
train,13909.tif,0.596497,19.1912
train,1391.tif,0.608005,19.9774
train,13910.tif,0.565173,18.4727
train,13911.tif,0.633418,20.9971
train,13912.tif,0.6177,22.289
train,13913.tif,0.479518,18.8785
train,13914.tif,0.615755,23.662
train,13915.tif,0.511306,18.6391
train,13916.tif,0.494664,17.2815
train,13917.tif,0.528253,19.621
train,13918.tif,0.509772,18.5828
train,13919.tif,0.532985,18.2884
train,1392.tif,0.485443,18.2901
train,13920.tif,0.47644,17.7461
train,13921.tif,0.604833,21.1441
train,13922.tif,0.508384,19.9824
train,13923.tif,0.608422,21.5503
train,13924.tif,0.514045,18.5171
train,13925.tif,0.64339,22.9664
train,13926.tif,0.449942,17.4402
train,13927.tif,0.663179,22.5811
train,13928.tif,0.551895,19.5388
train,13929.tif,0.460973,18.0054
train,1393.tif,0.543203,19.8858
train,13930.tif,0.537284,19.393
train,13931.tif,0.622961,20.0729
train,13932.tif,0.539816,20.1883
train,13933.tif,0.504967,19.2289
train,13934.tif,0.850163,26.8287
train,13935.tif,0.444954,18.324
train,13936.tif,0.586171,20.9575
train,13937.tif,0.658323,23.1064
train,13938.tif,0.514946,18.4236
train,13939.tif,0.570261,20.8077
train,1394.tif,0.463811,21.7061
train,13940.tif,0.643738,20.1606
train,13941.tif,0.586197,20.3811
train,13942.tif,0.632574,20.0851
train,13943.tif,0.486643,17.3479
train,13944.tif,0.612256,20.2211
train,13945.tif,0.558097,21.7049
train,13946.tif,0.534243,19.3601
train,13947.tif,0.606897,20.8409
train,13948.tif,0.545066,20.6726
train,13949.tif,0.566704,19.4897
train,1395.tif,0.566677,19.1819
train,13950.tif,0.585754,19.1965
train,13951.tif,0.576659,20.2542
train,13952.tif,0.571161,20.2495
train,13953.tif,0.591873,21.4871
train,13954.tif,0.601933,21.8624
train,13955.tif,0.613311,19.6904
train,13956.tif,0.64467,21.1774
train,13957.tif,0.675248,23.1167
train,13958.tif,0.734996,24.6552
train,13959.tif,0.558424,21.9046
train,1396.tif,0.591715,21.1655
train,13960.tif,0.574561,20.0927
train,13961.tif,0.492795,20.2427
train,13962.tif,0.683788,23.3475
train,13963.tif,0.518015,19.1283
train,13964.tif,0.622687,21.9402
train,13965.tif,0.578402,21.0372
train,13966.tif,0.584656,20.8317
train,13967.tif,0.603039,19.5732
train,13968.tif,0.696515,23.6187
train,13969.tif,0.758383,23.5391
train,1397.tif,0.44586,18.7007
train,13970.tif,0.747554,20.7477
train,13971.tif,0.845256,25.1841
train,13972.tif,0.542851,17.4817
train,13973.tif,0.510474,17.516
train,13974.tif,0.517784,19.2033
train,13975.tif,0.586391,20.227
train,13976.tif,0.51212,20.0807
train,13977.tif,0.429464,17.8142
train,13978.tif,0.615675,20.464
train,13979.tif,0.587574,19.0102
train,1398.tif,0.550225,20.3445
train,13980.tif,0.605611,18.613
train,13981.tif,0.657175,22.9904
train,13982.tif,0.554907,21.0819
train,13983.tif,0.497835,19.4336
train,13984.tif,0.640207,19.9593
train,13985.tif,0.602122,22.0973
train,13986.tif,0.835489,24.1944
train,13987.tif,0.467271,18.7237
train,13988.tif,0.494612,19.1737
train,13989.tif,0.460516,17.5649
train,1399.tif,0.573676,20.3287
train,13990.tif,0.578302,20.2966
train,13991.tif,0.625131,21.2956
train,13992.tif,0.644804,21.3427
train,13993.tif,0.443289,17.6619
train,13994.tif,0.524001,20.1486
train,13995.tif,0.633883,22.2296
train,13996.tif,0.717961,16.8299
train,13997.tif,0.621174,22.1365
train,13998.tif,0.56368,20.1712
train,13999.tif,0.557163,19.4462
train,14.tif,0.520894,19.0597
train,140.tif,0.532115,17.8344
train,1400.tif,0.582427,19.3229
train,14000.tif,0.44009,18.9814
train,14001.tif,0.516109,17.1245
train,14002.tif,0.62655,20.9815
train,14003.tif,0.490933,19.0201
train,14004.tif,0.466643,18.1275
train,14005.tif,0.557104,18.7764
train,14006.tif,0.764422,21.5801
train,14007.tif,0.654569,21.1277
train,14008.tif,0.673875,23.4469
train,14009.tif,0.550373,19.6786
train,1401.tif,0.641719,22.5524
train,14010.tif,0.611449,21.4712
train,14011.tif,0.587701,19.3765
train,14012.tif,0.53185,18.6871
train,14013.tif,0.48926,20.1365
train,14014.tif,0.621941,21.5171
train,14015.tif,0.521805,19.2222
train,14016.tif,0.543202,19.5587
train,14017.tif,0.602906,20.6168
train,14018.tif,0.583756,20.5268
train,14019.tif,0.498804,16.8651
train,1402.tif,0.733103,21.4086
train,14020.tif,0.777489,22.7578
train,14021.tif,0.55586,18.7149
train,14022.tif,0.601332,20.0167
train,14023.tif,0.553349,21.5605
train,14024.tif,0.622294,18.3317
train,14025.tif,0.530107,15.3904
train,14026.tif,0.593481,21.3894
train,14027.tif,0.583721,20.048
train,14028.tif,0.656974,21.1946
train,14029.tif,0.583721,19.9076
train,1403.tif,0.603468,20.6483
train,14030.tif,0.555428,20.386
train,14031.tif,0.546097,21.9091
train,14032.tif,0.590701,19.5554
train,14033.tif,0.487276,18.5927
train,14034.tif,0.651546,22.8445
train,14035.tif,0.522844,19.675
train,14036.tif,0.639901,20.9187
train,14037.tif,0.578513,19.6941
train,14038.tif,0.482775,18.0745
train,14039.tif,0.53673,18.563
train,1404.tif,0.690886,18.8318
train,14040.tif,0.50342,20.079
train,14041.tif,0.480409,17.0496
train,14042.tif,0.577806,19.5175
train,14043.tif,0.501247,19.5042
train,14044.tif,0.573056,18.7559
train,14045.tif,0.536779,19.6957
train,14046.tif,0.741024,21.8886
train,14047.tif,0.528104,20.9363
train,14048.tif,0.596057,20.9097
train,14049.tif,0.527042,18.3731
train,1405.tif,0.61328,20.3421
train,14050.tif,0.57143,19.5464
train,14051.tif,0.606637,21.6221
train,14052.tif,0.533035,19.5844
train,14053.tif,0.646944,23.4842
train,14054.tif,0.764465,25.2541
train,14055.tif,0.549338,17.8084
train,14056.tif,0.518115,18.5436
train,14057.tif,0.583191,21.3579
train,14058.tif,0.526307,20.2569
train,14059.tif,0.495645,19.0663
train,1406.tif,0.444046,16.0342
train,14060.tif,0.512628,19.0072
train,14061.tif,0.536303,17.5657
train,14062.tif,0.63527,20.3158
train,14063.tif,0.569359,17.9392
train,14064.tif,0.558498,19.6945
train,14065.tif,0.616764,20.8316
train,14066.tif,0.573281,19.2528
train,14067.tif,0.490233,18.6548
train,14068.tif,0.553619,20.1105
train,14069.tif,0.610723,19.8987
train,1407.tif,0.480555,18.0567
train,14070.tif,0.629512,21.9551
train,14071.tif,0.618338,19.9474
train,14072.tif,0.511197,19.7791
train,14073.tif,0.536087,19.3551
train,14074.tif,0.636842,21.0139
train,14075.tif,0.572587,18.4638
train,14076.tif,0.574437,17.2331
train,14077.tif,0.516771,18.6238
train,14078.tif,0.549593,16.9496
train,14079.tif,0.554135,20.018
train,1408.tif,0.629173,21.9443
train,14080.tif,0.801278,24.1536
train,14081.tif,0.530495,18.4012
train,14082.tif,0.506867,19.1769
train,14083.tif,0.647374,21.6944
train,14084.tif,0.596513,22.7165
train,14085.tif,0.674319,22.6662
train,14086.tif,0.512903,19.5369
train,14087.tif,0.454532,18.6984
train,14088.tif,0.586202,21.8838
train,14089.tif,0.596288,20.6152
train,1409.tif,0.512883,19.3122
train,14090.tif,0.599526,21.8626
train,14091.tif,0.677161,22.748
train,14092.tif,0.709236,22.4615
train,14093.tif,0.6557,23.9811
train,14094.tif,0.691478,22.4047
train,14095.tif,0.576586,19.5171
train,14096.tif,0.523329,17.6854
train,14097.tif,0.646085,22.6166
train,14098.tif,0.616953,23.5721
train,14099.tif,0.60685,20.2284
train,141.tif,0.564627,20.1707
train,1410.tif,0.490458,18.5888
train,14100.tif,0.610943,19.7397
train,14101.tif,0.533468,19.968
train,14102.tif,0.585597,21.1795
train,14103.tif,0.582398,19.0114
train,14104.tif,0.596211,21.1797
train,14105.tif,0.516615,18.6799
train,14106.tif,0.612047,21.2012
train,14107.tif,0.603821,22.0262
train,14108.tif,0.599364,21.5
train,14109.tif,0.397226,16.4537
train,1411.tif,0.578314,18.8692
train,14110.tif,0.624859,21.794
train,14111.tif,0.783751,23.1708
train,14112.tif,0.49686,19.2919
train,14113.tif,0.597932,20.5726
train,14114.tif,0.55055,20.9845
train,14115.tif,0.611796,20.4881
train,14116.tif,0.632951,21.3738
train,14117.tif,0.606039,19.5255
train,14118.tif,0.559198,19.9332
train,14119.tif,0.553702,19.9632
train,1412.tif,0.633299,22.4632
train,14120.tif,0.589009,21.6591
train,14121.tif,0.52036,20.2571
train,14122.tif,0.603641,20.9159
train,14123.tif,0.671029,23.3311
train,14124.tif,0.771221,24.7776
train,14125.tif,0.608119,19.9361
train,14126.tif,0.543216,18.4782
train,14127.tif,0.640863,23.7823
train,14128.tif,0.604421,21.079
train,14129.tif,0.529064,16.0616
train,1413.tif,0.641428,20.7527
train,14130.tif,0.602409,22.2354
train,14131.tif,0.603083,19.6021
train,14132.tif,0.636979,22.151
train,14133.tif,0.71348,23.7065
train,14134.tif,0.642113,20.5805
train,14135.tif,0.594898,22.2239
train,14136.tif,0.49835,18.7975
train,14137.tif,0.612579,20.6341
train,14138.tif,0.517084,20.2634
train,14139.tif,0.730949,24.3957
train,1414.tif,0.499,17.999
train,14140.tif,0.595466,21.838
train,14141.tif,0.607494,22.4843
train,14142.tif,0.756896,24.2275
train,14143.tif,0.624974,21.3525
train,14144.tif,0.544009,20.3195
train,14145.tif,0.631304,20.9309
train,14146.tif,0.615843,20.671
train,14147.tif,0.454749,18.0308
train,14148.tif,0.565867,18.5783
train,14149.tif,0.573495,19.746
train,1415.tif,0.533248,18.5081
train,14150.tif,0.625617,22.66
train,14151.tif,0.591475,20.2112
train,14152.tif,0.589814,20.9448
train,14153.tif,0.497847,20.2866
train,14154.tif,0.534287,20.3346
train,14155.tif,0.515841,18.5572
train,14156.tif,0.54788,21.2042
train,14157.tif,0.656457,21.5379
train,14158.tif,0.602293,20.8443
train,14159.tif,0.581937,22.1352
train,1416.tif,0.662176,22.6199
train,14160.tif,0.548635,19.9458
train,14161.tif,0.593124,21.4086
train,14162.tif,0.510205,20.1742
train,14163.tif,0.552888,19.7007
train,14164.tif,0.588103,19.9686
train,14165.tif,0.547608,18.3513
train,14166.tif,0.737267,24.3284
train,14167.tif,0.561742,20.4904
train,14168.tif,0.582259,20.2758
train,14169.tif,0.617005,23.0714
train,1417.tif,0.527237,20.5213
train,14170.tif,0.535259,19.2694
train,14171.tif,0.493037,17.8235
train,14172.tif,0.571033,20.6231
train,14173.tif,0.57059,21.3242
train,14174.tif,0.599657,20.4269
train,14175.tif,0.511145,18.0543
train,14176.tif,0.605637,21.4934
train,14177.tif,0.642416,20.1843
train,14178.tif,0.557904,20.6699
train,14179.tif,0.525274,20.0227
train,1418.tif,0.570919,19.4721
train,14180.tif,0.559622,20.1997
train,14181.tif,0.605032,18.8797
train,14182.tif,0.600151,21.0564
train,14183.tif,0.530912,20.4086
train,14184.tif,0.582409,20.4621
train,14185.tif,0.507679,18.2414
train,14186.tif,0.462349,18.7575
train,14187.tif,0.63476,21.0502
train,14188.tif,0.402395,17.1988
train,14189.tif,0.593272,18.9564
train,1419.tif,0.61806,19.9156
train,14190.tif,0.605999,23.3215
train,14191.tif,0.552204,19.1175
train,14192.tif,0.580007,19.9418
train,14193.tif,0.675201,18.4894
train,14194.tif,0.607446,21.1493
train,14195.tif,0.519112,17.5348
train,14196.tif,0.534038,19.4241
train,14197.tif,0.779229,24.3661
train,14198.tif,0.501868,20.9027
train,14199.tif,0.624863,19.4335
train,142.tif,0.455799,18.1639
train,1420.tif,0.616511,22.3513
train,14200.tif,0.629787,21.8792
train,14201.tif,0.747104,22.4757
train,14202.tif,0.453729,18.1777
train,14203.tif,0.555946,19.9429
train,14204.tif,0.451566,18.288
train,14205.tif,0.646186,21.0898
train,14206.tif,0.576441,20.7449
train,14207.tif,0.599795,19.7485
train,14208.tif,0.63058,20.5586
train,14209.tif,0.60383,20.9554
train,1421.tif,0.468129,18.817
train,14210.tif,0.565555,19.0654
train,14211.tif,0.588031,19.6569
train,14212.tif,0.63152,19.3474
train,14213.tif,0.606688,22.0426
train,14214.tif,0.524591,18.8367
train,14215.tif,0.5651,19.533
train,14216.tif,0.664496,22.4495
train,14217.tif,0.556879,20.4688
train,14218.tif,0.571529,18.9134
train,14219.tif,0.464039,19.437
train,1422.tif,0.466957,18.8325
train,14220.tif,0.519521,17.8207
train,14221.tif,0.547332,18.7797
train,14222.tif,0.491996,19.017
train,14223.tif,0.547882,17.829
train,14224.tif,0.657877,24.5297
train,14225.tif,0.544931,20.8433
train,14226.tif,0.487248,18.6576
train,14227.tif,0.581971,20.6959
train,14228.tif,0.622049,22.8179
train,14229.tif,0.497683,18.4413
train,1423.tif,0.58642,24.1266
train,14230.tif,0.618341,22.6054
train,14231.tif,0.5866,20.6249
train,14232.tif,0.654458,22.111
train,14233.tif,0.752389,19.3487
train,14234.tif,0.530132,18.2227
train,14235.tif,0.650737,20.6176
train,14236.tif,0.579977,20.5187
train,14237.tif,0.703637,23.6717
train,14238.tif,0.526436,19.5753
train,14239.tif,0.602358,21.2376
train,1424.tif,0.446581,18.0856
train,14240.tif,0.643392,21.2741
train,14241.tif,0.591058,20.3487
train,14242.tif,0.601108,22.0303
train,14243.tif,0.632924,21.2082
train,14244.tif,0.530202,19.9141
train,14245.tif,0.540114,19.1003
train,14246.tif,0.592376,20.6599
train,14247.tif,0.554816,19.4809
train,14248.tif,0.601076,19.4826
train,14249.tif,0.534762,19.2503
train,1425.tif,0.540603,21.0183
train,14250.tif,0.528172,19.1195
train,14251.tif,0.520052,17.8098
train,14252.tif,0.501713,19.0702
train,14253.tif,0.65782,19.795
train,14254.tif,0.581,20.974
train,14255.tif,0.583404,21.8276
train,14256.tif,0.490159,19.4649
train,14257.tif,0.828007,26.2045
train,14258.tif,0.677765,22.4488
train,14259.tif,0.547182,19.5498
train,1426.tif,0.744709,18.8351
train,14260.tif,0.618329,20.5012
train,14261.tif,0.601363,20.8849
train,14262.tif,0.569732,20.4328
train,14263.tif,0.482752,18.1337
train,14264.tif,0.496386,19.24
train,14265.tif,0.662924,22.4853
train,14266.tif,0.52902,21.858
train,14267.tif,0.653871,21.8222
train,14268.tif,0.594561,20.6049
train,14269.tif,0.525059,19.0294
train,1427.tif,0.416532,18.203
train,14270.tif,0.596119,22.2122
train,14271.tif,0.629287,21.8708
train,14272.tif,0.554752,21.9297
train,14273.tif,0.578137,21.2415
train,14274.tif,0.616226,23.0741
train,14275.tif,0.609708,21.1005
train,14276.tif,0.497383,18.518
train,14277.tif,0.57859,20.3842
train,14278.tif,0.446837,19.1329
train,14279.tif,0.493573,19.3599
train,1428.tif,0.443944,17.7402
train,14280.tif,0.593633,21.8748
train,14281.tif,0.658318,21.1593
train,14282.tif,0.613877,21.7075
train,14283.tif,0.59235,20.8415
train,14284.tif,0.475923,19.2078
train,14285.tif,0.615186,21.6179
train,14286.tif,0.766991,20.5457
train,14287.tif,0.542867,18.5263
train,14288.tif,0.434769,18.3757
train,14289.tif,0.595257,20.9729
train,1429.tif,0.59147,20.337
train,14290.tif,0.706256,23.3085
train,14291.tif,0.577703,18.906
train,14292.tif,0.525108,18.9196
train,14293.tif,0.584884,19.5945
train,14294.tif,0.49465,19.5424
train,14295.tif,0.574286,19.6319
train,14296.tif,0.527712,20.0809
train,14297.tif,0.390134,18.8399
train,14298.tif,0.607276,19.9991
train,14299.tif,0.523426,18.3859
train,143.tif,0.502622,18.1558
train,1430.tif,0.58119,20.3526
train,14300.tif,0.671029,23.1037
train,14301.tif,0.589819,20.6267
train,14302.tif,0.681786,22.9493
train,14303.tif,0.56193,21.2165
train,14304.tif,0.587498,20.7042
train,14305.tif,0.649553,20.9591
train,14306.tif,0.525803,16.9219
train,14307.tif,0.518386,20.1318
train,14308.tif,0.50389,19.0813
train,14309.tif,0.619699,19.2513
train,1431.tif,0.734981,20.2256
train,14310.tif,0.583517,20.0158
train,14311.tif,0.489903,18.0431
train,14312.tif,0.473067,17.9176
train,14313.tif,0.501055,19.892
train,14314.tif,0.657042,21.2302
train,14315.tif,0.612964,20.5767
train,14316.tif,0.620271,21.1396
train,14317.tif,0.510364,16.3814
train,14318.tif,0.625776,21.6917
train,14319.tif,0.504884,19.9488
train,1432.tif,0.512224,19.2197
train,14320.tif,0.540931,20.2385
train,14321.tif,0.583817,18.849
train,14322.tif,0.55789,20.1193
train,14323.tif,0.569118,20.5409
train,14324.tif,0.644755,22.9593
train,14325.tif,0.498013,18.0543
train,14326.tif,0.643623,21.4809
train,14327.tif,0.487657,19.1408
train,14328.tif,0.429851,18.3933
train,14329.tif,0.625953,21.3775
train,1433.tif,0.567263,20.5703
train,14330.tif,0.617408,21.5903
train,14331.tif,0.570875,20.6774
train,14332.tif,0.585907,19.9106
train,14333.tif,0.513386,19.6684
train,14334.tif,0.809768,25.0818
train,14335.tif,0.587436,21.5306
train,14336.tif,0.625463,21.9172
train,14337.tif,0.526342,19.3027
train,14338.tif,0.510484,19.6312
train,14339.tif,0.696655,21.2377
train,1434.tif,0.475162,19.4856
train,14340.tif,0.666728,22.8474
train,14341.tif,0.531705,20.4728
train,14342.tif,0.646206,22.0783
train,14343.tif,0.649214,20.5028
train,14344.tif,0.627752,20.4263
train,14345.tif,0.578721,19.9044
train,14346.tif,0.664622,22.2973
train,14347.tif,0.742348,22.064
train,14348.tif,0.487793,19.0155
train,14349.tif,0.685237,22.4972
train,1435.tif,0.424147,18.1847
train,14350.tif,0.618463,21.1516
train,14351.tif,0.611324,21.6307
train,14352.tif,0.602302,18.4142
train,14353.tif,0.531568,20.0054
train,14354.tif,0.750014,21.8962
train,14355.tif,0.586176,18.7479
train,14356.tif,0.565341,20.0419
train,14357.tif,0.624166,22.1408
train,14358.tif,0.447072,17.4129
train,14359.tif,0.57479,21.0326
train,1436.tif,0.492781,18.7562
train,14360.tif,0.550357,18.938
train,14361.tif,0.53918,19.8037
train,14362.tif,0.570757,17.1843
train,14363.tif,0.531769,19.9611
train,14364.tif,0.582145,20.8394
train,14365.tif,0.600056,20.9198
train,14366.tif,0.61461,21.7417
train,14367.tif,0.625958,20.9285
train,14368.tif,0.601572,21.0828
train,14369.tif,0.653512,20.2836
train,1437.tif,0.513123,19.9019
train,14370.tif,0.571206,20.6776
train,14371.tif,0.538919,19.7753
train,14372.tif,0.511104,18.7931
train,14373.tif,0.603855,18.8853
train,14374.tif,0.533938,19.6746
train,14375.tif,0.654269,21.8189
train,14376.tif,0.586947,20.986
train,14377.tif,0.82673,26.8473
train,14378.tif,0.595706,21.5749
train,14379.tif,0.493568,18.9442
train,1438.tif,0.499921,18.2011
train,14380.tif,0.544343,20.5262
train,14381.tif,0.556756,20.5418
train,14382.tif,0.75409,24.6467
train,14383.tif,0.578169,19.9313
train,14384.tif,0.617374,18.2465
train,14385.tif,0.68022,22.3648
train,14386.tif,0.528305,19.0593
train,14387.tif,0.633496,21.686
train,14388.tif,0.588139,18.8335
train,14389.tif,0.621473,21.5938
train,1439.tif,0.631822,20.0344
train,14390.tif,0.623676,20.6401
train,14391.tif,0.592885,20.582
train,14392.tif,0.246089,15.8938
train,14393.tif,0.784835,24.6077
train,14394.tif,0.602821,20.9998
train,14395.tif,0.480653,19.3383
train,14396.tif,0.576756,21.2522
train,14397.tif,0.581563,23.0702
train,14398.tif,0.512995,16.6541
train,14399.tif,0.639015,22.5186
train,144.tif,0.538669,18.7316
train,1440.tif,0.509835,18.0035
train,14400.tif,0.552998,19.7912
train,14401.tif,0.571243,20.3304
train,14402.tif,0.574545,20.0989
train,14403.tif,0.563786,20.783
train,14404.tif,0.72175,23.026
train,14405.tif,0.545457,17.9428
train,14406.tif,0.482825,19.5472
train,14407.tif,0.720744,23.8548
train,14408.tif,0.603301,20.4331
train,14409.tif,0.657867,22.4012
train,1441.tif,0.577472,17.8387
train,14410.tif,0.653806,21.1313
train,14411.tif,0.518202,19.9936
train,14412.tif,0.739633,24.9474
train,14413.tif,0.629555,21.6195
train,14414.tif,0.49235,17.6051
train,14415.tif,0.474099,16.7851
train,14416.tif,0.704817,23.623
train,14417.tif,0.606137,20.5203
train,14418.tif,0.487437,17.2856
train,14419.tif,0.574317,21.0817
train,1442.tif,0.430509,17.283
train,14420.tif,0.483579,19.2054
train,14421.tif,0.499515,18.1715
train,14422.tif,0.562119,21.0303
train,14423.tif,0.523909,19.4107
train,14424.tif,0.545667,19.7095
train,14425.tif,0.601079,20.6031
train,14426.tif,0.547593,19.6411
train,14427.tif,0.783057,23.5897
train,14428.tif,0.57994,20.0532
train,14429.tif,0.628067,21.882
train,1443.tif,0.772533,24.6996
train,14430.tif,0.717643,25.039
train,14431.tif,0.573557,20.916
train,14432.tif,0.456197,18.0946
train,14433.tif,0.640649,23.6743
train,14434.tif,0.549045,19.0065
train,14435.tif,0.613467,22.2001
train,14436.tif,0.639296,23.1234
train,14437.tif,0.758278,24.558
train,14438.tif,0.552224,19.1133
train,14439.tif,0.564433,20.2923
train,1444.tif,0.408917,16.6113
train,14440.tif,0.773302,24.4057
train,14441.tif,0.5119,20.4276
train,14442.tif,0.639716,22.5995
train,14443.tif,0.541432,19.1413
train,14444.tif,0.581585,19.8404
train,14445.tif,0.61964,19.2411
train,14446.tif,0.588011,22.8094
train,14447.tif,0.537577,17.7376
train,14448.tif,0.708154,23.6015
train,14449.tif,0.519004,20.0697
train,1445.tif,0.474369,18.6887
train,14450.tif,0.487327,18.5874
train,14451.tif,0.524511,19.6606
train,14452.tif,0.62277,21.3376
train,14453.tif,0.55686,20.2468
train,14454.tif,0.514768,20.0444
train,14455.tif,0.550726,18.9175
train,14456.tif,0.468932,17.6575
train,14457.tif,0.536626,20.507
train,14458.tif,0.800988,23.3775
train,14459.tif,0.576663,19.3905
train,1446.tif,0.573117,20.8424
train,14460.tif,0.712312,24.0688
train,14461.tif,0.57184,19.1496
train,14462.tif,0.783807,24.6163
train,14463.tif,0.652778,22.859
train,14464.tif,0.608006,21.7403
train,14465.tif,0.549219,20.5918
train,14466.tif,0.58553,21.3664
train,14467.tif,0.57137,20.213
train,14468.tif,0.513673,19.8284
train,14469.tif,0.54559,21.5664
train,1447.tif,0.477466,17.7084
train,14470.tif,0.659405,20.432
train,14471.tif,0.558054,20.4696
train,14472.tif,0.58303,21.2838
train,14473.tif,0.548624,19.6715
train,14474.tif,0.536565,20.4628
train,14475.tif,0.557491,17.1745
train,14476.tif,0.632852,20.9565
train,14477.tif,0.632161,22.1529
train,14478.tif,0.639763,22.0503
train,14479.tif,0.573577,20.9306
train,1448.tif,0.817178,22.8862
train,14480.tif,0.574058,22.1595
train,14481.tif,0.59676,20.8995
train,14482.tif,0.574361,19.8831
train,14483.tif,0.536061,20.1364
train,14484.tif,0.594622,21.6748
train,14485.tif,0.577733,20.569
train,14486.tif,0.538498,20.5317
train,14487.tif,0.541886,20.1095
train,14488.tif,0.591977,22.1381
train,14489.tif,0.593001,19.4055
train,1449.tif,0.459398,17.1878
train,14490.tif,0.632261,23.3302
train,14491.tif,0.664425,22.4238
train,14492.tif,0.248181,17.0833
train,14493.tif,0.507518,19.6201
train,14494.tif,0.611963,21.2307
train,14495.tif,0.586731,20.3276
train,14496.tif,0.526576,18.1425
train,14497.tif,0.501416,20.753
train,14498.tif,0.641662,21.5074
train,14499.tif,0.614397,19.9684
train,145.tif,0.485015,19.7271
train,1450.tif,0.694244,20.8965
train,14500.tif,0.552321,20.9363
train,14501.tif,0.637483,22.3666
train,14502.tif,0.525452,21.2193
train,14503.tif,0.498114,19.2829
train,14504.tif,0.583941,20.5324
train,14505.tif,0.442791,18.2192
train,14506.tif,0.569928,18.4056
train,14507.tif,0.790283,24.191
train,14508.tif,0.621152,21.4978
train,14509.tif,0.547041,19.0294
train,1451.tif,0.40639,16.5257
train,14510.tif,0.547295,20.3384
train,14511.tif,0.615186,21.1237
train,14512.tif,0.646954,21.9646
train,14513.tif,0.682936,21.5132
train,14514.tif,0.518304,18.2079
train,14515.tif,0.477814,18.5008
train,14516.tif,0.74004,24.5385
train,14517.tif,0.577351,20.0602
train,14518.tif,0.455648,19.0295
train,14519.tif,0.49733,18.2086
train,1452.tif,0.564238,18.7744
train,14520.tif,0.437696,18.8675
train,14521.tif,0.584438,21.2447
train,14522.tif,0.533491,19.7531
train,14523.tif,0.479554,20.0084
train,14524.tif,0.589719,21.9721
train,14525.tif,0.608891,20.6067
train,14526.tif,0.556547,20.6117
train,14527.tif,0.559485,19.8665
train,14528.tif,0.517608,18.4461
train,14529.tif,0.631426,21.5597
train,1453.tif,0.571956,20.425
train,14530.tif,0.632492,22.7394
train,14531.tif,0.638096,21.6896
train,14532.tif,0.522759,19.8163
train,14533.tif,0.58002,20.5268
train,14534.tif,0.521085,19.4237
train,14535.tif,0.634082,22.0818
train,14536.tif,0.626075,21.4635
train,14537.tif,0.556298,19.804
train,14538.tif,0.557759,19.9742
train,14539.tif,0.566247,19.4227
train,1454.tif,0.683341,20.7726
train,14540.tif,0.64974,22.8438
train,14541.tif,0.563889,18.2538
train,14542.tif,0.486399,18.3903
train,14543.tif,0.641016,23.7007
train,14544.tif,0.525409,20.5255
train,14545.tif,0.528496,18.8257
train,14546.tif,0.598649,20.4143
train,14547.tif,0.581949,20.8664
train,14548.tif,0.612168,22.496
train,14549.tif,0.492772,19.1906
train,1455.tif,0.554517,19.4067
train,14550.tif,0.702615,23.1949
train,14551.tif,0.801251,24.3282
train,14552.tif,0.618496,19.9657
train,14553.tif,0.609072,23.0434
train,14554.tif,0.565511,19.8641
train,14555.tif,0.555855,21.2922
train,14556.tif,0.718075,25.7341
train,14557.tif,0.609228,20.2399
train,14558.tif,0.668622,22.902
train,14559.tif,0.601044,22.0118
train,1456.tif,0.565166,18.6686
train,14560.tif,0.536054,18.7619
train,14561.tif,0.484282,19.1081
train,14562.tif,0.576062,20.4985
train,14563.tif,0.504549,18.5379
train,14564.tif,0.593646,19.0916
train,14565.tif,0.582992,19.7892
train,14566.tif,0.523937,20.5365
train,14567.tif,0.562891,19.2007
train,14568.tif,0.63366,21.2458
train,14569.tif,0.581024,22.7224
train,1457.tif,0.522271,18.0184
train,14570.tif,0.463842,17.7101
train,14571.tif,0.538326,18.7894
train,14572.tif,0.439907,15.9345
train,14573.tif,0.554154,20.6741
train,14574.tif,0.661693,23.2017
train,14575.tif,0.657714,16.7651
train,14576.tif,0.588407,19.855
train,14577.tif,0.629029,21.158
train,14578.tif,0.603508,21.8491
train,14579.tif,0.503769,19.938
train,1458.tif,0.398203,17.3584
train,14580.tif,0.637665,21.3296
train,14581.tif,0.582658,19.3116
train,14582.tif,0.601538,21.9489
train,14583.tif,0.565062,20.7768
train,14584.tif,0.57916,22.957
train,14585.tif,0.540018,19.5738
train,14586.tif,0.624475,21.6462
train,14587.tif,0.637755,22.2719
train,14588.tif,0.607603,21.0391
train,14589.tif,0.538172,19.3728
train,1459.tif,0.590339,21.9096
train,14590.tif,0.588612,20.2048
train,14591.tif,0.472909,19.0339
train,14592.tif,0.812203,25.5772
train,14593.tif,0.632082,21.1338
train,14594.tif,0.260038,17.22
train,14595.tif,0.578852,17.5015
train,14596.tif,0.525333,19.5575
train,14597.tif,0.591697,21.3563
train,14598.tif,0.484952,17.3149
train,14599.tif,0.65211,21.6258
train,146.tif,0.638278,21.7891
train,1460.tif,0.598349,20.2486
train,14600.tif,0.569813,20.0295
train,14601.tif,0.349766,17.1766
train,14602.tif,0.601833,21.7026
train,14603.tif,0.588295,19.6803
train,14604.tif,0.526761,18.881
train,14605.tif,0.543058,19.7499
train,14606.tif,0.50452,18.5217
train,14607.tif,0.58433,21.0216
train,14608.tif,0.558579,18.7379
train,14609.tif,0.510968,18.7262
train,1461.tif,0.622507,21.5816
train,14610.tif,0.579298,20.5315
train,14611.tif,0.63218,21.1685
train,14612.tif,0.742839,23.9637
train,14613.tif,0.703352,22.8716
train,14614.tif,0.606067,20.7902
train,14615.tif,0.630137,22.0476
train,14616.tif,0.697703,23.8603
train,14617.tif,0.628146,22.4143
train,14618.tif,0.610055,19.9961
train,14619.tif,0.615776,21.1837
train,1462.tif,0.545969,20.7906
train,14620.tif,0.536064,20.2068
train,14621.tif,0.595565,21.2152
train,14622.tif,0.64192,20.8974
train,14623.tif,0.768643,23.7288
train,14624.tif,0.656401,20.6614
train,14625.tif,0.49389,18.8541
train,14626.tif,0.595737,20.5725
train,14627.tif,0.537027,18.8376
train,14628.tif,0.553416,15.4401
train,14629.tif,0.596759,21.5669
train,1463.tif,0.566188,19.6438
train,14630.tif,0.528868,14.6439
train,14631.tif,0.539187,18.8162
train,14632.tif,0.70107,20.9258
train,14633.tif,0.497292,18.9817
train,14634.tif,0.548025,17.7732
train,14635.tif,0.65584,20.6972
train,14636.tif,0.611241,20.9455
train,14637.tif,0.445992,17.7348
train,14638.tif,0.647135,21.5752
train,14639.tif,0.614519,21.653
train,1464.tif,0.593484,19.9525
train,14640.tif,0.48211,18.8882
train,14641.tif,0.562308,21.531
train,14642.tif,0.612333,21.1518
train,14643.tif,0.567974,20.3775
train,14644.tif,0.597306,20.0662
train,14645.tif,0.631684,20.3429
train,14646.tif,0.744817,23.8025
train,14647.tif,0.629916,20.8891
train,14648.tif,0.619735,22.234
train,14649.tif,0.604037,21.5166
train,1465.tif,0.597617,21.0428
train,14650.tif,0.581676,20.3465
train,14651.tif,0.599551,21.5063
train,14652.tif,0.585969,19.6822
train,14653.tif,0.476625,19.1284
train,14654.tif,0.692818,21.6695
train,14655.tif,0.560749,21.1702
train,14656.tif,0.439098,18.4096
train,14657.tif,0.535671,20.2531
train,14658.tif,0.490675,19.6298
train,14659.tif,0.491253,17.4692
train,1466.tif,0.537355,18.158
train,14660.tif,0.765611,23.9524
train,14661.tif,0.570706,20.6299
train,14662.tif,0.645276,22.002
train,14663.tif,0.607735,21.6818
train,14664.tif,0.679732,24.9199
train,14665.tif,0.501945,19.3141
train,14666.tif,0.618201,22.7998
train,14667.tif,0.546861,20.4991
train,14668.tif,0.513833,18.7598
train,14669.tif,0.631061,20.7931
train,1467.tif,0.548964,19.4195
train,14670.tif,0.534385,19.3402
train,14671.tif,0.812499,25.2024
train,14672.tif,0.534222,16.9451
train,14673.tif,0.633582,20.4753
train,14674.tif,0.485238,19.9907
train,14675.tif,0.615861,20.3837
train,14676.tif,0.465194,17.0893
train,14677.tif,0.776413,24.6424
train,14678.tif,0.594782,20.4989
train,14679.tif,0.648867,19.8236
train,1468.tif,0.472668,18.2506
train,14680.tif,0.486522,19.4426
train,14681.tif,0.513451,19.1471
train,14682.tif,0.535965,18.7813
train,14683.tif,0.502563,19.6831
train,14684.tif,0.630364,20.6868
train,14685.tif,0.606766,21.5528
train,14686.tif,0.645692,22.988
train,14687.tif,0.606178,19.4667
train,14688.tif,0.541989,20.2475
train,14689.tif,0.738759,23.3451
train,1469.tif,0.564166,19.5361
train,14690.tif,0.60705,21.2746
train,14691.tif,0.716227,22.7908
train,14692.tif,0.636016,22.5389
train,14693.tif,0.585707,20.3826
train,14694.tif,0.443769,18.5395
train,14695.tif,0.576145,20.375
train,14696.tif,0.597302,20.8918
train,14697.tif,0.560866,20.7365
train,14698.tif,0.661463,21.3948
train,14699.tif,0.672907,20.7969
train,147.tif,0.52368,19.6736
train,1470.tif,0.576976,19.088
train,14700.tif,0.53095,19.8628
train,14701.tif,0.587291,20.699
train,14702.tif,0.630998,16.1362
train,14703.tif,0.639377,19.6355
train,14704.tif,0.509135,19.6274
train,14705.tif,0.56565,18.7025
train,14706.tif,0.540127,18.4394
train,14707.tif,0.654315,22.3233
train,14708.tif,0.642173,22.1745
train,14709.tif,0.435448,17.0723
train,1471.tif,0.514742,18.1171
train,14710.tif,0.595692,21.34
train,14711.tif,0.519365,19.8548
train,14712.tif,0.522519,18.758
train,14713.tif,0.82404,24.432
train,14714.tif,0.61702,20.0937
train,14715.tif,0.567809,20.717
train,14716.tif,0.608276,21.1147
train,14717.tif,0.519965,20.1328
train,14718.tif,0.525704,19.3513
train,14719.tif,0.501469,17.5822
train,1472.tif,0.403926,16.9679
train,14720.tif,0.60028,19.0548
train,14721.tif,0.610921,20.897
train,14722.tif,0.47356,18.5351
train,14723.tif,0.454281,17.6767
train,14724.tif,0.507706,18.8817
train,14725.tif,0.532116,20.1516
train,14726.tif,0.622866,20.6059
train,14727.tif,0.482674,19.0611
train,14728.tif,0.719189,22.9308
train,14729.tif,0.608325,19.2819
train,1473.tif,0.527854,20.1509
train,14730.tif,0.569119,20.1708
train,14731.tif,0.614321,20.248
train,14732.tif,0.58378,20.8672
train,14733.tif,0.486516,19.4964
train,14734.tif,0.813338,25.2118
train,14735.tif,0.646814,20.5128
train,14736.tif,0.560464,19.3412
train,14737.tif,0.517265,19.8008
train,14738.tif,0.551151,19.9682
train,14739.tif,0.564883,19.2892
train,1474.tif,0.55933,19.5659
train,14740.tif,0.619772,21.3696
train,14741.tif,0.507156,22.44
train,14742.tif,0.59374,21.0559
train,14743.tif,0.618257,20.3223
train,14744.tif,0.702334,22.3278
train,14745.tif,0.53347,20.114
train,14746.tif,0.603718,19.1885
train,14747.tif,0.596106,21.4375
train,14748.tif,0.726206,22.8367
train,14749.tif,0.506293,20.0207
train,1475.tif,0.543956,22.0001
train,14750.tif,0.614366,22.5474
train,14751.tif,0.596679,21.2076
train,14752.tif,0.739033,22.9676
train,14753.tif,0.558366,19.5385
train,14754.tif,0.500594,19.089
train,14755.tif,0.536675,19.4797
train,14756.tif,0.527226,21.2459
train,14757.tif,0.640768,21.2017
train,14758.tif,0.726044,22.9569
train,14759.tif,0.492408,18.8404
train,1476.tif,0.504044,21.5981
train,14760.tif,0.564077,21.4682
train,14761.tif,0.500774,19.6046
train,14762.tif,0.524268,22.2199
train,14763.tif,0.51166,19.5809
train,14764.tif,0.509421,20.1583
train,14765.tif,0.47254,16.1806
train,14766.tif,0.495636,18.9596
train,14767.tif,0.714092,23.1276
train,14768.tif,0.493544,19.5408
train,14769.tif,0.501978,20.2055
train,1477.tif,0.421642,17.2602
train,14770.tif,0.461015,19.0125
train,14771.tif,0.584157,20.2433
train,14772.tif,0.573629,18.7043
train,14773.tif,0.634237,22.4698
train,14774.tif,0.535532,20.1766
train,14775.tif,0.637732,20.8406
train,14776.tif,0.476476,18.8932
train,14777.tif,0.560414,20.6231
train,14778.tif,0.568056,21.3418
train,14779.tif,0.61005,22.1543
train,1478.tif,0.588252,21.7758
train,14780.tif,0.479591,18.0819
train,14781.tif,0.665563,21.5674
train,14782.tif,0.664472,22.3717
train,14783.tif,0.499411,19.1976
train,14784.tif,0.628958,20.8418
train,14785.tif,0.526971,18.8499
train,14786.tif,0.417719,18.6253
train,14787.tif,0.675935,19.2499
train,14788.tif,0.509498,19.4089
train,14789.tif,0.402341,16.6824
train,1479.tif,0.581087,20.7219
train,14790.tif,0.834638,22.6529
train,14791.tif,0.494681,19.5184
train,14792.tif,0.514001,19.309
train,14793.tif,0.520543,20.2447
train,14794.tif,0.792876,22.4835
train,14795.tif,0.535654,17.9797
train,14796.tif,0.525424,20.0707
train,14797.tif,0.484029,19.5272
train,14798.tif,0.55648,19.5258
train,14799.tif,0.485087,17.4352
train,148.tif,0.501854,19.5084
train,1480.tif,0.611603,18.0899
train,14800.tif,0.637797,20.8156
train,14801.tif,0.642615,22.5225
train,14802.tif,0.561489,18.3943
train,14803.tif,0.461712,17.9834
train,14804.tif,0.550046,20.834
train,14805.tif,0.669454,25.8049
train,14806.tif,0.722552,22.8672
train,14807.tif,0.470639,19.6586
train,14808.tif,0.512843,19.9456
train,14809.tif,0.642499,22.5934
train,1481.tif,0.529187,18.0158
train,14810.tif,0.618643,21.7469
train,14811.tif,0.593384,21.8125
train,14812.tif,0.621781,20.6611
train,14813.tif,0.788153,22.4804
train,14814.tif,0.777427,18.7664
train,14815.tif,0.782318,20.6693
train,14816.tif,0.547695,18.9166
train,14817.tif,0.416885,16.9406
train,14818.tif,0.619908,21.3535
train,14819.tif,0.758202,23.5089
train,1482.tif,0.669401,23.4252
train,14820.tif,0.527824,20.2213
train,14821.tif,0.625334,17.3171
train,14822.tif,0.834732,22.0265
train,14823.tif,0.519615,19.6784
train,14824.tif,0.593904,22.2872
train,14825.tif,0.616842,20.0897
train,14826.tif,0.459327,19.2924
train,14827.tif,0.509399,20.5777
train,14828.tif,0.52485,20.8098
train,14829.tif,0.504611,19.2654
train,1483.tif,0.597259,20.6301
train,14830.tif,0.642061,23.2711
train,14831.tif,0.479245,18.1639
train,14832.tif,0.616917,22.2506
train,14833.tif,0.57168,22.351
train,14834.tif,0.745998,20.897
train,14835.tif,0.486759,18.7258
train,14836.tif,0.58228,20.5758
train,14837.tif,0.661345,23.2853
train,14838.tif,0.623976,21.6159
train,14839.tif,0.490653,19.3405
train,1484.tif,0.508419,18.7388
train,14840.tif,0.486273,19.5305
train,14841.tif,0.605425,20.1832
train,14842.tif,0.604311,21.9948
train,14843.tif,0.423742,19.4611
train,14844.tif,0.569938,20.6492
train,14845.tif,0.687255,22.6462
train,14846.tif,0.837709,21.7678
train,14847.tif,0.634048,22.0701
train,14848.tif,0.598483,20.673
train,14849.tif,0.571015,19.8603
train,1485.tif,0.709732,24.0555
train,14850.tif,0.757716,22.3817
train,14851.tif,0.539937,18.7145
train,14852.tif,0.51335,19.052
train,14853.tif,0.467812,20.1808
train,14854.tif,0.7492,22.2309
train,14855.tif,0.528238,21.4876
train,14856.tif,0.520123,19.737
train,14857.tif,0.567965,19.6342
train,14858.tif,0.548802,20.0162
train,14859.tif,0.463635,17.2854
train,1486.tif,0.699284,22.2509
train,14860.tif,0.74438,23.426
train,14861.tif,0.509939,19.1686
train,14862.tif,0.607719,18.4929
train,14863.tif,0.388038,16.6232
train,14864.tif,0.58288,22.4073
train,14865.tif,0.655103,22.6998
train,14866.tif,0.521069,19.9726
train,14867.tif,0.698013,22.4124
train,14868.tif,0.587048,21.7235
train,14869.tif,0.475329,18.1665
train,1487.tif,0.41942,19.027
train,14870.tif,0.543597,21.1279
train,14871.tif,0.501842,18.593
train,14872.tif,0.606692,21.4637
train,14873.tif,0.654306,21.1993
train,14874.tif,0.486595,18.9866
train,14875.tif,0.52346,22.0005
train,14876.tif,0.57045,20.0456
train,14877.tif,0.53303,20.5009
train,14878.tif,0.830607,21.5568
train,14879.tif,0.487245,19.1275
train,1488.tif,0.540925,18.926
train,14880.tif,0.666672,18.8412
train,14881.tif,0.577627,21.6802
train,14882.tif,0.546956,20.2549
train,14883.tif,0.6299,20.5227
train,14884.tif,0.750257,21.3338
train,14885.tif,0.488371,19.1559
train,14886.tif,0.697943,21.6148
train,14887.tif,0.492835,19.9318
train,14888.tif,0.495307,18.9875
train,14889.tif,0.560426,20.7995
train,1489.tif,0.643789,21.3917
train,14890.tif,0.538205,21.2688
train,14891.tif,0.655596,23.5104
train,14892.tif,0.70121,21.5454
train,14893.tif,0.520762,20.4101
train,14894.tif,0.480226,18.58
train,14895.tif,0.634844,21.5882
train,14896.tif,0.536849,18.7153
train,14897.tif,0.551812,19.3053
train,14898.tif,0.644845,23.8081
train,14899.tif,0.550177,20.3422
train,149.tif,0.547459,19.8319
train,1490.tif,0.568622,19.168
train,14900.tif,0.709295,23.2863
train,14901.tif,0.563167,19.3634
train,14902.tif,0.640391,21.1466
train,14903.tif,0.625804,20.9236
train,14904.tif,0.513299,20.9875
train,14905.tif,0.496516,20.9252
train,14906.tif,0.599205,18.4756
train,14907.tif,0.528269,21.5056
train,14908.tif,0.488272,18.3397
train,14909.tif,0.545264,21.0008
train,1491.tif,0.538708,20.3303
train,14910.tif,0.540825,19.3337
train,14911.tif,0.861676,23.1921
train,14912.tif,0.594664,21.6595
train,14913.tif,0.503344,20.5053
train,14914.tif,0.603897,22.2856
train,14915.tif,0.630446,21.9656
train,14916.tif,0.660563,19.6322
train,14917.tif,0.680448,22.8574
train,14918.tif,0.762053,23.8391
train,14919.tif,0.500948,19.0874
train,1492.tif,0.472094,18.574
train,14920.tif,0.602311,21.4654
train,14921.tif,0.484807,19.0999
train,14922.tif,0.574779,21.6967
train,14923.tif,0.486053,19.7864
train,14924.tif,0.526986,19.9094
train,14925.tif,0.605389,18.9606
train,14926.tif,0.574095,20.7857
train,14927.tif,0.538114,21.6524
train,14928.tif,0.603797,18.3075
train,14929.tif,0.457301,18.6795
train,1493.tif,0.655954,23.1747
train,14930.tif,0.635642,21.7135
train,14931.tif,0.582435,21.0957
train,14932.tif,0.423831,20.1964
train,14933.tif,0.601095,22.6095
train,14934.tif,0.503426,20.707
train,14935.tif,0.799955,22.718
train,14936.tif,0.538385,19.4994
train,14937.tif,0.646851,21.4388
train,14938.tif,0.505157,18.7913
train,14939.tif,0.601705,20.8864
train,1494.tif,0.4395,17.9741
train,14940.tif,0.54085,18.1617
train,14941.tif,0.619551,20.7335
train,14942.tif,0.593395,20.5912
train,14943.tif,0.534681,19.9175
train,14944.tif,0.519959,19.9552
train,14945.tif,0.582786,21.7685
train,14946.tif,0.549771,19.1646
train,14947.tif,0.525083,19.0148
train,14948.tif,0.541446,22.5379
train,14949.tif,0.524203,20.7778
train,1495.tif,0.526308,17.8815
train,14950.tif,0.463529,17.5813
train,14951.tif,0.516558,21.3104
train,14952.tif,0.517243,19.4229
train,14953.tif,0.554464,20.9982
train,14954.tif,0.510069,19.9413
train,14955.tif,0.515336,19.2859
train,14956.tif,0.55159,20.6817
train,14957.tif,0.695318,21.6222
train,14958.tif,0.524956,19.6655
train,14959.tif,0.768792,19.6536
train,1496.tif,0.540303,19.7932
train,14960.tif,0.513119,20.706
train,14961.tif,0.493596,19.3893
train,14962.tif,0.579779,20.3168
train,14963.tif,0.511649,20.2339
train,14964.tif,0.543522,19.943
train,14965.tif,0.605436,21.6944
train,14966.tif,0.547829,19.1208
train,14967.tif,0.767219,21.6593
train,14968.tif,0.723993,21.8485
train,14969.tif,0.559885,19.8025
train,1497.tif,0.501773,19.4791
train,14970.tif,0.67806,21.6969
train,14971.tif,0.516534,18.9567
train,14972.tif,0.758687,23.3273
train,14973.tif,0.521132,19.342
train,14974.tif,0.517872,19.2422
train,14975.tif,0.510472,21.0293
train,14976.tif,0.57922,21.8361
train,14977.tif,0.496461,19.743
train,14978.tif,0.539883,21.5576
train,14979.tif,0.546931,21.4469
train,1498.tif,0.445777,15.8634
train,14980.tif,0.541682,20.7124
train,14981.tif,0.644527,22.2185
train,14982.tif,0.605917,21.2078
train,14983.tif,0.522425,19.476
train,14984.tif,0.747572,21.39
train,14985.tif,0.777752,23.3371
train,14986.tif,0.588813,22.5968
train,14987.tif,0.553204,19.301
train,14988.tif,0.641388,21.6699
train,14989.tif,0.715512,22.1296
train,1499.tif,0.451197,18.6387
train,14990.tif,0.515585,20.2025
train,14991.tif,0.433057,18.4653
train,14992.tif,0.733261,22.6032
train,14993.tif,0.472784,20.2492
train,14994.tif,0.740103,20.2885
train,14995.tif,0.612903,20.5706
train,14996.tif,0.622955,20.8831
train,14997.tif,0.645322,23.0478
train,14998.tif,0.629893,21.4259
train,14999.tif,0.614171,21.2825
train,15.tif,0.57108,18.4082
train,150.tif,0.480375,17.9521
train,1500.tif,0.779727,24.7441
train,15000.tif,0.799313,22.2595
train,15001.tif,0.46198,19.69
train,15002.tif,0.541818,20.4123
train,15003.tif,0.661745,23.2717
train,15004.tif,0.570813,21.7907
train,15005.tif,0.618555,22.8034
train,15006.tif,0.549433,20.8369
train,15007.tif,0.565551,21.2356
train,15008.tif,0.529849,21.0198
train,15009.tif,0.579648,20.0261
train,1501.tif,0.592323,22.871
train,15010.tif,0.510828,20.7317
train,15011.tif,0.602229,18.91
train,15012.tif,0.606151,21.8684
train,15013.tif,0.540876,19.9066
train,15014.tif,0.548252,19.7511
train,15015.tif,0.592637,20.4849
train,15016.tif,0.631511,21.827
train,15017.tif,0.601334,21.2
train,15018.tif,0.616177,23.6061
train,15019.tif,0.730962,21.2715
train,1502.tif,0.434904,18.254
train,15020.tif,0.569827,20.6104
train,15021.tif,0.820113,24.0155
train,15022.tif,0.818846,20.9882
train,15023.tif,0.670361,20.8371
train,15024.tif,0.537642,20.3509
train,15025.tif,0.576094,20.5576
train,15026.tif,0.585538,20.5953
train,15027.tif,0.568034,20.6106
train,15028.tif,0.564746,21.4223
train,15029.tif,0.507601,20.1307
train,1503.tif,0.461778,18.0215
train,15030.tif,0.521134,19.5317
train,15031.tif,0.7603,19.4034
train,15032.tif,0.536113,20.1167
train,15033.tif,0.713436,21.0515
train,15034.tif,0.462378,18.0128
train,15035.tif,0.482758,19.6065
train,15036.tif,0.460082,18.0941
train,15037.tif,0.677219,22.2995
train,15038.tif,0.516493,18.9547
train,15039.tif,0.539714,21.0926
train,1504.tif,0.513601,18.3138
train,15040.tif,0.647309,19.5442
train,15041.tif,0.638228,22.3741
train,15042.tif,0.591151,23.2657
train,15043.tif,0.595179,20.0431
train,15044.tif,0.532739,19.7706
train,15045.tif,0.644454,23.778
train,15046.tif,0.552449,22.175
train,15047.tif,0.542833,20.8315
train,15048.tif,0.496966,19.7665
train,15049.tif,0.613789,22.8302
train,1505.tif,0.447478,19.0756
train,15050.tif,0.619199,22.3494
train,15051.tif,0.587679,20.3323
train,15052.tif,0.512671,20.6479
train,15053.tif,0.480802,17.887
train,15054.tif,0.69401,23.1661
train,15055.tif,0.606932,20.9711
train,15056.tif,0.460481,18.321
train,15057.tif,0.619799,21.1825
train,15058.tif,0.625471,21.2747
train,15059.tif,0.521768,20.8796
train,1506.tif,0.62057,21.9017
train,15060.tif,0.548319,21.0984
train,15061.tif,0.68159,21.0908
train,15062.tif,0.527708,18.8048
train,15063.tif,0.586193,21.0119
train,15064.tif,0.464877,16.153
train,15065.tif,0.487103,19.5907
train,15066.tif,0.501833,18.9806
train,15067.tif,0.515654,19.7953
train,15068.tif,0.551656,22.7198
train,15069.tif,0.680248,22.0487
train,1507.tif,0.72781,18.4506
train,15070.tif,0.461431,19.4069
train,15071.tif,0.584526,20.5878
train,15072.tif,0.596333,22.0027
train,15073.tif,0.506881,17.8708
train,15074.tif,0.447675,19.2608
train,15075.tif,0.541933,21.802
train,15076.tif,0.60694,21.6748
train,15077.tif,0.350248,16.9236
train,15078.tif,0.419141,17.128
train,15079.tif,0.553761,20.4059
train,1508.tif,0.44295,17.9123
train,15080.tif,0.694564,22.569
train,15081.tif,0.5754,19.5431
train,15082.tif,0.560064,19.2723
train,15083.tif,0.679223,22.2856
train,15084.tif,0.520724,18.6973
train,15085.tif,0.594459,19.9787
train,15086.tif,0.588741,18.9213
train,15087.tif,0.644045,19.9145
train,15088.tif,0.543285,13.6623
train,15089.tif,0.662317,23.4978
train,1509.tif,0.586614,20.9718
train,15090.tif,0.422937,17.2464
train,15091.tif,0.58243,18.7078
train,15092.tif,0.485351,19.1392
train,15093.tif,0.507121,18.7945
train,15094.tif,0.574012,22.6726
train,15095.tif,0.57543,21.8396
train,15096.tif,0.618684,22.3294
train,15097.tif,0.628572,21.8445
train,15098.tif,0.55207,19.9694
train,15099.tif,0.56451,20.0201
train,151.tif,0.530734,19.3302
train,1510.tif,0.818556,26.103
train,15100.tif,0.541856,19.9355
train,15101.tif,0.524273,19.6732
train,15102.tif,0.581952,20.4648
train,15103.tif,0.823648,26.6667
train,15104.tif,0.569869,19.8315
train,15105.tif,0.476908,20.2867
train,15106.tif,0.626741,21.5359
train,15107.tif,0.518504,17.3427
train,15108.tif,0.561197,20.9555
train,15109.tif,0.617774,20.0821
train,1511.tif,0.464545,18.5773
train,15110.tif,0.493498,18.239
train,15111.tif,0.753472,25.45
train,15112.tif,0.597703,19.4799
train,15113.tif,0.652842,20.7743
train,15114.tif,0.525318,18.5007
train,15115.tif,0.487084,18.8531
train,15116.tif,0.647928,22.0072
train,15117.tif,0.629016,21.4422
train,15118.tif,0.584018,20.7808
train,15119.tif,0.467184,17.1434
train,1512.tif,0.617127,20.2714
train,15120.tif,0.541199,17.8357
train,15121.tif,0.534056,19.9335
train,15122.tif,0.472976,18.6621
train,15123.tif,0.647591,22.5432
train,15124.tif,0.611553,22.2063
train,15125.tif,0.640607,21.4753
train,15126.tif,0.478898,18.4495
train,15127.tif,0.569495,20.9416
train,15128.tif,0.629328,20.6743
train,15129.tif,0.872337,26.8264
train,1513.tif,0.580568,21.0884
train,15130.tif,0.646772,21.935
train,15131.tif,0.563895,18.6695
train,15132.tif,0.528385,20.1508
train,15133.tif,0.487504,20.0086
train,15134.tif,0.568081,21.7744
train,15135.tif,0.558114,21.8707
train,15136.tif,0.76559,21.23
train,15137.tif,0.777222,23.3023
train,15138.tif,0.573146,20.7611
train,15139.tif,0.656786,22.3639
train,1514.tif,0.491035,16.1312
train,15140.tif,0.547899,19.6655
train,15141.tif,0.543052,18.8836
train,15142.tif,0.660697,20.5365
train,15143.tif,0.606644,22.8078
train,15144.tif,0.477459,18.0291
train,15145.tif,0.51813,19.4532
train,15146.tif,0.639201,21.0097
train,15147.tif,0.504959,20.021
train,15148.tif,0.56922,19.432
train,15149.tif,0.636211,20.5808
train,1515.tif,0.578935,19.8728
train,15150.tif,0.652231,21.7198
train,15151.tif,0.633146,19.9525
train,15152.tif,0.543934,20.3516
train,15153.tif,0.519324,20.4161
train,15154.tif,0.640795,18.5285
train,15155.tif,0.571029,21.8642
train,15156.tif,0.619956,23.22
train,15157.tif,0.482784,19.7134
train,15158.tif,0.559766,20.4917
train,15159.tif,0.547177,19.2239
train,1516.tif,0.438169,16.1264
train,15160.tif,0.600038,21.0232
train,15161.tif,0.590873,21.8083
train,15162.tif,0.642213,20.8705
train,15163.tif,0.600662,20.8416
train,15164.tif,0.621998,22.8416
train,15165.tif,0.64979,22.924
train,15166.tif,0.5845,18.3347
train,15167.tif,0.636454,15.7671
train,15168.tif,0.573007,20.2825
train,15169.tif,0.646519,22.4275
train,1517.tif,0.475201,19.7851
train,15170.tif,0.531031,19.1151
train,15171.tif,0.591258,21.5681
train,15172.tif,0.607472,21.5132
train,15173.tif,0.519944,19.7597
train,15174.tif,0.63702,22.6182
train,15175.tif,0.497677,19.7491
train,15176.tif,0.605667,22.2218
train,15177.tif,0.482839,17.9046
train,15178.tif,0.564809,21.025
train,15179.tif,0.443751,19.0088
train,1518.tif,0.53535,18.7768
train,15180.tif,0.518982,19.9437
train,15181.tif,0.624824,18.984
train,15182.tif,0.634504,21.8448
train,15183.tif,0.654552,24.2537
train,15184.tif,0.60977,19.3936
train,15185.tif,0.504875,18.0354
train,15186.tif,0.603986,22.4964
train,15187.tif,0.449945,18.7542
train,15188.tif,0.560718,20.5709
train,15189.tif,0.529592,19.461
train,1519.tif,0.451881,15.1465
train,15190.tif,0.597187,22.0296
train,15191.tif,0.541363,18.9971
train,15192.tif,0.534487,20.7599
train,15193.tif,0.526742,19.9675
train,15194.tif,0.588955,20.9973
train,15195.tif,0.603468,20.088
train,15196.tif,0.542674,19.4601
train,15197.tif,0.622365,21.7251
train,15198.tif,0.466031,18.0263
train,15199.tif,0.576221,21.3184
train,152.tif,0.549566,18.8273
train,1520.tif,0.517534,21.5124
train,15200.tif,0.640295,22.2841
train,15201.tif,0.497043,18.0989
train,15202.tif,0.573219,20.8647
train,15203.tif,0.68844,21.8303
train,15204.tif,0.652776,21.4875
train,15205.tif,0.639783,21.4787
train,15206.tif,0.556487,20.5078
train,15207.tif,0.763091,24.7517
train,15208.tif,0.484504,19.8856
train,15209.tif,0.460999,18.4606
train,1521.tif,0.542861,20.7211
train,15210.tif,0.518544,19.7472
train,15211.tif,0.545017,19.7499
train,15212.tif,0.615657,18.7373
train,15213.tif,0.617759,22.3248
train,15214.tif,0.511124,19.8158
train,15215.tif,0.526581,20.1335
train,15216.tif,0.646703,22.5758
train,15217.tif,0.46203,19.8039
train,15218.tif,0.57428,18.3049
train,15219.tif,0.586256,21.3934
train,1522.tif,0.466639,17.4766
train,15220.tif,0.62885,20.3857
train,15221.tif,0.576958,20.6251
train,15222.tif,0.502521,20.1927
train,15223.tif,0.564503,21.3611
train,15224.tif,0.586154,20.6199
train,15225.tif,0.517681,19.3063
train,15226.tif,0.617204,19.7043
train,15227.tif,0.585562,22.1865
train,15228.tif,0.508783,18.5005
train,15229.tif,0.582604,20.5839
train,1523.tif,0.609468,20.4066
train,15230.tif,0.657037,20.65
train,15231.tif,0.498019,18.7662
train,15232.tif,0.507609,19.1982
train,15233.tif,0.622505,21.7554
train,15234.tif,0.626013,21.9438
train,15235.tif,0.621962,19.1997
train,15236.tif,0.558812,20.4132
train,15237.tif,0.623844,19.3984
train,15238.tif,0.500534,19.6638
train,15239.tif,0.413267,17.6624
train,1524.tif,0.455622,18.2277
train,15240.tif,0.529395,19.7867
train,15241.tif,0.525414,20.1176
train,15242.tif,0.493236,20.1615
train,15243.tif,0.564575,21.2666
train,15244.tif,0.561889,19.7506
train,15245.tif,0.554327,20.0314
train,15246.tif,0.600384,20.2087
train,15247.tif,0.639747,21.3601
train,15248.tif,0.507458,19.5632
train,15249.tif,0.684108,21.4079
train,1525.tif,0.545063,19.9946
train,15250.tif,0.638108,22.037
train,15251.tif,0.532386,19.0866
train,15252.tif,0.4068,17.9426
train,15253.tif,0.484421,18.2838
train,15254.tif,0.543842,19.3025
train,15255.tif,0.499266,19.9214
train,15256.tif,0.642153,24.0501
train,15257.tif,0.568356,21.0344
train,15258.tif,0.647602,21.9946
train,15259.tif,0.655585,23.4209
train,1526.tif,0.560013,19.5316
train,15260.tif,0.618675,21.0433
train,15261.tif,0.609586,21.9339
train,15262.tif,0.548639,21.4882
train,15263.tif,0.602642,20.2667
train,15264.tif,0.693426,23.8626
train,15265.tif,0.600181,21.5959
train,15266.tif,0.48455,20.3134
train,15267.tif,0.52443,18.5139
train,15268.tif,0.595925,21.4216
train,15269.tif,0.652526,21.7033
train,1527.tif,0.447258,17.657
train,15270.tif,0.621885,21.5268
train,15271.tif,0.558527,21.7993
train,15272.tif,0.581136,20.7463
train,15273.tif,0.605114,21.5645
train,15274.tif,0.577593,21.1449
train,15275.tif,0.575087,19.3393
train,15276.tif,0.604527,20.9471
train,15277.tif,0.650353,21.1892
train,15278.tif,0.631303,19.1495
train,15279.tif,0.508425,21.1681
train,1528.tif,0.525777,21.2096
train,15280.tif,0.516597,19.0755
train,15281.tif,0.638681,22.9379
train,15282.tif,0.625959,20.3763
train,15283.tif,0.442427,18.4007
train,15284.tif,0.566646,21.3689
train,15285.tif,0.626301,20.6237
train,15286.tif,0.594121,21.036
train,15287.tif,0.582183,21.2683
train,15288.tif,0.571945,21.0651
train,15289.tif,0.574734,20.801
train,1529.tif,0.581178,18.1759
train,15290.tif,0.492206,15.7856
train,15291.tif,0.760445,23.9241
train,15292.tif,0.673986,21.8162
train,15293.tif,0.812874,25.2206
train,15294.tif,0.517322,17.6202
train,15295.tif,0.536138,19.6953
train,15296.tif,0.493082,19.5243
train,15297.tif,0.619443,21.9732
train,15298.tif,0.639396,19.3568
train,15299.tif,0.540363,18.3718
train,153.tif,0.494792,18.4477
train,1530.tif,0.591885,19.7854
train,15300.tif,0.582357,21.2257
train,15301.tif,0.444166,20.1887
train,15302.tif,0.592056,21.064
train,15303.tif,0.544786,20.5266
train,15304.tif,0.623751,21.2264
train,15305.tif,0.583858,21.1024
train,15306.tif,0.624146,21.7492
train,15307.tif,0.529241,20.1918
train,15308.tif,0.61017,19.9334
train,15309.tif,0.547936,19.0984
train,1531.tif,0.544366,18.94
train,15310.tif,0.496681,19.8303
train,15311.tif,0.622273,19.8583
train,15312.tif,0.563139,21.567
train,15313.tif,0.567288,20.0916
train,15314.tif,0.52982,18.9561
train,15315.tif,0.701819,22.7838
train,15316.tif,0.582769,21.0335
train,15317.tif,0.617996,18.9572
train,15318.tif,0.634216,20.2546
train,15319.tif,0.614433,22.1765
train,1532.tif,0.58059,19.5542
train,15320.tif,0.570565,20.8816
train,15321.tif,0.464963,19.2148
train,15322.tif,0.684088,22.5666
train,15323.tif,0.51622,20.5086
train,15324.tif,0.57133,20.4324
train,15325.tif,0.56872,20.2375
train,15326.tif,0.590583,18.8387
train,15327.tif,0.829765,24.8563
train,15328.tif,0.54953,21.6653
train,15329.tif,0.405344,16.7086
train,1533.tif,0.514424,20.7367
train,15330.tif,0.59706,19.2094
train,15331.tif,0.703632,22.5921
train,15332.tif,0.457711,19.3563
train,15333.tif,0.491998,19.7503
train,15334.tif,0.54444,20.0827
train,15335.tif,0.592023,20.131
train,15336.tif,0.519751,19.2648
train,15337.tif,0.673062,23.2677
train,15338.tif,0.644821,21.8966
train,15339.tif,0.633034,23.0644
train,1534.tif,0.470019,19.5954
train,15340.tif,0.630586,21.6507
train,15341.tif,0.597163,21.5386
train,15342.tif,0.584177,20.7814
train,15343.tif,0.528973,20.5365
train,15344.tif,0.596725,20.3284
train,15345.tif,0.598878,17.845
train,15346.tif,0.647836,22.0864
train,15347.tif,0.518059,20.3927
train,15348.tif,0.64174,23.9307
train,15349.tif,0.61123,20.5175
train,1535.tif,0.536263,18.4727
train,15350.tif,0.550731,21.5812
train,15351.tif,0.666678,21.7236
train,15352.tif,0.59357,20.7101
train,15353.tif,0.590649,22.3891
train,15354.tif,0.561278,21.4119
train,15355.tif,0.483412,18.4474
train,15356.tif,0.575522,19.5934
train,15357.tif,0.514136,17.9413
train,15358.tif,0.611639,21.1344
train,15359.tif,0.659051,22.5787
train,1536.tif,0.572131,20.896
train,15360.tif,0.58878,20.024
train,15361.tif,0.493787,18.9529
train,15362.tif,0.431058,19.3851
train,15363.tif,0.659299,22.1974
train,15364.tif,0.620638,21.7217
train,15365.tif,0.626725,21.3795
train,15366.tif,0.670821,22.5242
train,15367.tif,0.527449,20.7726
train,15368.tif,0.605865,18.1951
train,15369.tif,0.607729,20.3611
train,1537.tif,0.547747,19.7399
train,15370.tif,0.543968,20.3205
train,15371.tif,0.648016,22.1928
train,15372.tif,0.627238,22.0447
train,15373.tif,0.560977,20.4297
train,15374.tif,0.566791,21.3588
train,15375.tif,0.701561,21.8173
train,15376.tif,0.541249,20.0666
train,15377.tif,0.590407,23.8029
train,15378.tif,0.588733,20.0361
train,15379.tif,0.494673,19.6334
train,1538.tif,0.556971,20.1231
train,15380.tif,0.780204,22.7214
train,15381.tif,0.505927,19.8668
train,15382.tif,0.54762,20.5017
train,15383.tif,0.626933,21.1637
train,15384.tif,0.746422,23.5599
train,15385.tif,0.669756,22.0171
train,15386.tif,0.620478,21.4914
train,15387.tif,0.53027,20.0432
train,15388.tif,0.605878,21.0563
train,15389.tif,0.562001,21.6232
train,1539.tif,0.603658,21.0091
train,15390.tif,0.598477,18.9285
train,15391.tif,0.63529,21.2015
train,15392.tif,0.705639,22.3807
train,15393.tif,0.583198,20.9246
train,15394.tif,0.666791,21.3311
train,15395.tif,0.534654,20.2512
train,15396.tif,0.572659,20.6593
train,15397.tif,0.607249,23.4113
train,15398.tif,0.574315,21.0607
train,15399.tif,0.572623,20.1858
train,154.tif,0.490658,19.053
train,1540.tif,0.581283,17.3879
train,15400.tif,0.592988,21.6901
train,15401.tif,0.546987,20.3518
train,15402.tif,0.553508,19.5054
train,15403.tif,0.642945,22.4155
train,15404.tif,0.494777,17.7778
train,15405.tif,0.554511,19.8717
train,15406.tif,0.648265,22.5487
train,15407.tif,0.641636,20.636
train,15408.tif,0.526399,19.9041
train,15409.tif,0.426369,17.4607
train,1541.tif,0.472376,19.3284
train,15410.tif,0.546032,21.8542
train,15411.tif,0.527663,20.7411
train,15412.tif,0.556236,20.1657
train,15413.tif,0.545665,22.3069
train,15414.tif,0.592418,22.175
train,15415.tif,0.661964,24.6563
train,15416.tif,0.654447,21.6331
train,15417.tif,0.624261,19.6176
train,15418.tif,0.584225,21.9841
train,15419.tif,0.501348,20.3593
train,1542.tif,0.522766,19.6609
train,15420.tif,0.561643,20.8746
train,15421.tif,0.543191,20.2036
train,15422.tif,0.630611,21.3678
train,15423.tif,0.605497,22.195
train,15424.tif,0.6876,21.8973
train,15425.tif,0.555353,19.6936
train,15426.tif,0.545871,19.1777
train,15427.tif,0.514744,20.4459
train,15428.tif,0.52144,19.5824
train,15429.tif,0.487873,19.0572
train,1543.tif,0.627384,19.926
train,15430.tif,0.540507,19.1847
train,15431.tif,0.56589,20.4032
train,15432.tif,0.523219,19.8706
train,15433.tif,0.608428,21.9802
train,15434.tif,0.607863,21.5695
train,15435.tif,0.600655,20.9669
train,15436.tif,0.545242,20.0271
train,15437.tif,0.507145,18.2851
train,15438.tif,0.587503,19.8265
train,15439.tif,0.649945,22.8493
train,1544.tif,0.509601,19.6951
train,15440.tif,0.559382,19.8621
train,15441.tif,0.549417,21.2721
train,15442.tif,0.591478,20.6002
train,15443.tif,0.638419,21.8911
train,15444.tif,0.523378,17.5331
train,15445.tif,0.578527,20.9778
train,15446.tif,0.59855,22.5984
train,15447.tif,0.55002,20.7104
train,15448.tif,0.634934,21.7093
train,15449.tif,0.614695,18.7041
train,1545.tif,0.426816,16.4015
train,15450.tif,0.539956,19.8008
train,15451.tif,0.618526,18.4428
train,15452.tif,0.599628,20.1607
train,15453.tif,0.49005,18.7619
train,15454.tif,0.557549,20.4625
train,15455.tif,0.498373,17.7963
train,15456.tif,0.499786,20.5967
train,15457.tif,0.468675,18.396
train,15458.tif,0.557515,21.2405
train,15459.tif,0.626752,22.2282
train,1546.tif,0.537895,19.0969
train,15460.tif,0.520463,20.3138
train,15461.tif,0.604601,17.3668
train,15462.tif,0.675832,22.7057
train,15463.tif,0.545844,19.3548
train,15464.tif,0.556462,20.1803
train,15465.tif,0.762021,25.0855
train,15466.tif,0.689341,22.5795
train,15467.tif,0.576101,20.8346
train,15468.tif,0.574469,21.8289
train,15469.tif,0.459038,18.9935
train,1547.tif,0.486527,19.2484
train,15470.tif,0.585835,20.4466
train,15471.tif,0.509946,19.4202
train,15472.tif,0.510125,19.9072
train,15473.tif,0.624674,21.8129
train,15474.tif,0.535566,18.2582
train,15475.tif,0.591949,20.4765
train,15476.tif,0.616646,20.8288
train,15477.tif,0.685506,21.6595
train,15478.tif,0.594576,20.4912
train,15479.tif,0.552723,20.2969
train,1548.tif,0.707185,21.9309
train,15480.tif,0.551779,20.7969
train,15481.tif,0.640544,19.01
train,15482.tif,0.500583,17.0647
train,15483.tif,0.538458,20.3126
train,15484.tif,0.42395,18.6113
train,15485.tif,0.610941,21.1823
train,15486.tif,0.569993,20.9138
train,15487.tif,0.46683,17.607
train,15488.tif,0.646424,19.2075
train,15489.tif,0.492959,20.253
train,1549.tif,0.414897,17.6934
train,15490.tif,0.602311,21.1163
train,15491.tif,0.498842,19.8786
train,15492.tif,0.678745,22.8023
train,15493.tif,0.631849,22.1083
train,15494.tif,0.549044,21.2841
train,15495.tif,0.472893,18.7562
train,15496.tif,0.577242,20.5745
train,15497.tif,0.651158,23.3881
train,15498.tif,0.64408,21.8053
train,15499.tif,0.519169,18.9897
train,155.tif,0.574562,19.3459
train,1550.tif,0.544361,19.2658
train,15500.tif,0.572728,20.8028
train,15501.tif,0.532807,19.6084
train,15502.tif,0.562877,20.9462
train,15503.tif,0.54322,18.5546
train,15504.tif,0.374319,17.781
train,15505.tif,0.467762,18.6327
train,15506.tif,0.598924,21.4598
train,15507.tif,0.612053,21.4541
train,15508.tif,0.562352,19.825
train,15509.tif,0.484769,19.0778
train,1551.tif,0.41151,18.4997
train,15510.tif,0.547385,20.2985
train,15511.tif,0.555688,21.0695
train,15512.tif,0.75186,24.6299
train,15513.tif,0.575916,21.5075
train,15514.tif,0.55436,20.103
train,15515.tif,0.638444,21.6936
train,15516.tif,0.569234,21.033
train,15517.tif,0.645359,21.6073
train,15518.tif,0.555314,20.2594
train,15519.tif,0.548747,21.8887
train,1552.tif,0.47592,19.0909
train,15520.tif,0.58481,21.8747
train,15521.tif,0.683126,23.3131
train,15522.tif,0.594132,20.9182
train,15523.tif,0.693464,19.4936
train,15524.tif,0.446963,16.7861
train,15525.tif,0.587307,21.7941
train,15526.tif,0.543784,20.0075
train,15527.tif,0.546187,20.8008
train,15528.tif,0.60056,21.3866
train,15529.tif,0.566182,20.023
train,1553.tif,0.668116,21.7751
train,15530.tif,0.644007,21.5044
train,15531.tif,0.538075,19.8224
train,15532.tif,0.604007,20.2161
train,15533.tif,0.61567,21.1345
train,15534.tif,0.61303,22.1433
train,15535.tif,0.583175,20.5622
train,15536.tif,0.617992,21.6904
train,15537.tif,0.568181,21.5694
train,15538.tif,0.548615,20.7865
train,15539.tif,0.633139,22.0228
train,1554.tif,0.460992,19.0333
train,15540.tif,0.511446,19.8219
train,15541.tif,0.504886,19.6251
train,15542.tif,0.611974,20.0699
train,15543.tif,0.587056,20.3062
train,15544.tif,0.538236,19.7157
train,15545.tif,0.534713,19.5679
train,15546.tif,0.596092,20.1687
train,15547.tif,0.673114,21.2289
train,15548.tif,0.50767,19.9786
train,15549.tif,0.512619,17.7922
train,1555.tif,0.508555,20.9248
train,15550.tif,0.625471,20.2376
train,15551.tif,0.524109,20.4038
train,15552.tif,0.4592,18.2382
train,15553.tif,0.504213,19.5556
train,15554.tif,0.548054,19.4722
train,15555.tif,0.608594,20.1571
train,15556.tif,0.559406,21.6362
train,15557.tif,0.728569,23.3602
train,15558.tif,0.52775,19.6311
train,15559.tif,0.616307,21.0812
train,1556.tif,0.536491,17.8437
train,15560.tif,0.612202,20.6824
train,15561.tif,0.468225,20.3643
train,15562.tif,0.643817,21.3451
train,15563.tif,0.596399,20.8896
train,15564.tif,0.547024,22.1616
train,15565.tif,0.608772,21.4478
train,15566.tif,0.638644,19.3012
train,15567.tif,0.659939,21.0415
train,15568.tif,0.629832,22.0438
train,15569.tif,0.592374,20.9384
train,1557.tif,0.492902,19.8569
train,15570.tif,0.638147,22.1797
train,15571.tif,0.606394,21.5483
train,15572.tif,0.525221,19.0331
train,15573.tif,0.586456,20.8066
train,15574.tif,0.652346,21.1645
train,15575.tif,0.515088,20.9283
train,15576.tif,0.535661,18.6658
train,15577.tif,0.582271,21.1444
train,15578.tif,0.608166,21.2881
train,15579.tif,0.454224,18.151
train,1558.tif,0.528675,20.0499
train,15580.tif,0.550745,20.587
train,15581.tif,0.54157,20.7606
train,15582.tif,0.575265,21.7191
train,15583.tif,0.56884,19.6816
train,15584.tif,0.473586,18.9832
train,15585.tif,0.761605,20.2798
train,15586.tif,0.601902,19.4777
train,15587.tif,0.576995,20.682
train,15588.tif,0.544704,18.3859
train,15589.tif,0.462798,18.9687
train,1559.tif,0.447706,16.9869
train,15590.tif,0.637372,21.7152
train,15591.tif,0.479077,19.3985
train,15592.tif,0.506162,17.5467
train,15593.tif,0.670017,23.1923
train,15594.tif,0.656393,21.0514
train,15595.tif,0.602394,20.3458
train,15596.tif,0.615209,23.6131
train,15597.tif,0.593337,20.6182
train,15598.tif,0.584599,20.4099
train,15599.tif,0.592552,20.4964
train,156.tif,0.545008,19.5265
train,1560.tif,0.654041,18.9549
train,15600.tif,0.552448,17.1373
train,15601.tif,0.565025,20.131
train,15602.tif,0.544729,20.2751
train,15603.tif,0.602861,19.817
train,15604.tif,0.548099,20.3185
train,15605.tif,0.676102,21.6168
train,15606.tif,0.658663,20.507
train,15607.tif,0.610883,21.5546
train,15608.tif,0.603402,21.8339
train,15609.tif,0.563047,21.0941
train,1561.tif,0.524499,17.7545
train,15610.tif,0.537982,18.7292
train,15611.tif,0.541619,21.4576
train,15612.tif,0.658856,22.3634
train,15613.tif,0.57506,18.7965
train,15614.tif,0.602421,19.9452
train,15615.tif,0.619895,22.0512
train,15616.tif,0.542987,21.598
train,15617.tif,0.598005,21.1136
train,15618.tif,0.616173,20.5935
train,15619.tif,0.599028,21.1403
train,1562.tif,0.476602,18.8895
train,15620.tif,0.615991,21.4185
train,15621.tif,0.592661,20.7873
train,15622.tif,0.586346,21.3022
train,15623.tif,0.630565,21.1418
train,15624.tif,0.520844,19.5882
train,15625.tif,0.526841,17.6419
train,15626.tif,0.547095,20.1443
train,15627.tif,0.580967,20.3142
train,15628.tif,0.555905,21.0342
train,15629.tif,0.454558,20.0248
train,1563.tif,0.415063,17.4459
train,15630.tif,0.683606,22.2809
train,15631.tif,0.603203,21.7238
train,15632.tif,0.600854,19.229
train,15633.tif,0.559817,20.477
train,15634.tif,0.560967,21.0538
train,15635.tif,0.589504,21.4291
train,15636.tif,0.673775,20.6134
train,15637.tif,0.573353,20.0919
train,15638.tif,0.583631,20.4369
train,15639.tif,0.598358,21.8157
train,1564.tif,0.528172,21.539
train,15640.tif,0.644532,21.7831
train,15641.tif,0.503513,19.2122
train,15642.tif,0.564768,19.5333
train,15643.tif,0.563949,18.1825
train,15644.tif,0.647095,22.3194
train,15645.tif,0.669909,21.915
train,15646.tif,0.591146,22.6269
train,15647.tif,0.579284,20.1847
train,15648.tif,0.493324,19.1234
train,15649.tif,0.58941,21.4425
train,1565.tif,0.599333,20.6324
train,15650.tif,0.629844,21.2891
train,15651.tif,0.595515,21.1172
train,15652.tif,0.562458,20.6162
train,15653.tif,0.597726,21.8263
train,15654.tif,0.628232,19.9277
train,15655.tif,0.612446,21.7766
train,15656.tif,0.559514,20.7955
train,15657.tif,0.65521,20.4038
train,15658.tif,0.617344,21.9543
train,15659.tif,0.46043,18.4303
train,1566.tif,0.515139,20.2047
train,15660.tif,0.725647,21.5439
train,15661.tif,0.544085,20.2001
train,15662.tif,0.580406,19.9148
train,15663.tif,0.443559,19.6937
train,15664.tif,0.601432,18.5871
train,15665.tif,0.638558,21.2008
train,15666.tif,0.493838,20.2722
train,15667.tif,0.538955,21.3238
train,15668.tif,0.480904,17.7739
train,15669.tif,0.524852,19.7576
train,1567.tif,0.714364,24.91
train,15670.tif,0.612609,23.1167
train,15671.tif,0.606403,20.7609
train,15672.tif,0.540738,19.9865
train,15673.tif,0.627868,21.7765
train,15674.tif,0.653364,22.2725
train,15675.tif,0.583521,21.7992
train,15676.tif,0.639993,19.0912
train,15677.tif,0.732427,23.5012
train,15678.tif,0.536448,21.0209
train,15679.tif,0.447486,17.3207
train,1568.tif,0.520124,18.7696
train,15680.tif,0.600119,20.7575
train,15681.tif,0.443706,17.9292
train,15682.tif,0.521099,19.6928
train,15683.tif,0.775389,22.9372
train,15684.tif,0.571896,17.7837
train,15685.tif,0.494137,18.9188
train,15686.tif,0.631788,21.3037
train,15687.tif,0.568318,21.2331
train,15688.tif,0.52478,20.0631
train,15689.tif,0.506663,19.2693
train,1569.tif,0.56352,19.0942
train,15690.tif,0.699348,22.5604
train,15691.tif,0.574113,21.1572
train,15692.tif,0.569748,20.6185
train,15693.tif,0.505184,19.9086
train,15694.tif,0.614154,22.902
train,15695.tif,0.567124,21.4932
train,15696.tif,0.612606,22.5659
train,15697.tif,0.58207,22.2126
train,15698.tif,0.611745,20.1517
train,15699.tif,0.495821,19.394
train,157.tif,0.422385,17.594
train,1570.tif,0.626285,18.3684
train,15700.tif,0.607431,21.4315
train,15701.tif,0.612628,20.8265
train,15702.tif,0.621039,22.1339
train,15703.tif,0.590578,21.4883
train,15704.tif,0.644557,23.2259
train,15705.tif,0.555684,20.0651
train,15706.tif,0.443885,17.8228
train,15707.tif,0.561562,20.1612
train,15708.tif,0.595943,19.7092
train,15709.tif,0.564917,21.1713
train,1571.tif,0.769792,25.3207
train,15710.tif,0.592741,19.9088
train,15711.tif,0.580489,20.3365
train,15712.tif,0.627603,20.1962
train,15713.tif,0.642656,22.5777
train,15714.tif,0.614982,19.1054
train,15715.tif,0.54218,20.5325
train,15716.tif,0.569211,21.3106
train,15717.tif,0.574335,20.8229
train,15718.tif,0.553575,14.8158
train,15719.tif,0.509421,19.7616
train,1572.tif,0.488883,15.6401
train,15720.tif,0.571244,19.7114
train,15721.tif,0.634328,24.0539
train,15722.tif,0.570172,20.6594
train,15723.tif,0.646888,21.968
train,15724.tif,0.624405,22.4836
train,15725.tif,0.50436,18.5573
train,15726.tif,0.66301,22.3415
train,15727.tif,0.599328,20.5255
train,15728.tif,0.606851,20.3652
train,15729.tif,0.590483,20.2694
train,1573.tif,0.460194,18.7591
train,15730.tif,0.618724,22.1859
train,15731.tif,0.667674,22.0037
train,15732.tif,0.482465,19.3412
train,15733.tif,0.581774,20.7629
train,15734.tif,0.491089,19.2566
train,15735.tif,0.646348,22.7512
train,15736.tif,0.563964,20.3811
train,15737.tif,0.589263,20.6888
train,15738.tif,0.595511,18.3437
train,15739.tif,0.445779,18.3212
train,1574.tif,0.364911,16.6712
train,15740.tif,0.579042,22.1498
train,15741.tif,0.584343,19.9724
train,15742.tif,0.597938,20.5821
train,15743.tif,0.629508,22.0246
train,15744.tif,0.529296,19.8339
train,15745.tif,0.561721,20.054
train,15746.tif,0.477472,20.8915
train,15747.tif,0.644021,21.4725
train,15748.tif,0.575295,18.6819
train,15749.tif,0.587385,22.0313
train,1575.tif,0.553806,17.1785
train,15750.tif,0.582808,21.4832
train,15751.tif,0.601955,20.8854
train,15752.tif,0.426932,18.6042
train,15753.tif,0.64027,20.586
train,15754.tif,0.586851,18.7674
train,15755.tif,0.543459,20.8107
train,15756.tif,0.520305,19.4129
train,15757.tif,0.572271,18.5867
train,15758.tif,0.439772,19.6841
train,15759.tif,0.560549,20.9163
train,1576.tif,0.431253,17.9477
train,15760.tif,0.524625,21.2812
train,15761.tif,0.410644,18.9659
train,15762.tif,0.616918,18.0813
train,15763.tif,0.629311,21.2724
train,15764.tif,0.563131,20.1912
train,15765.tif,0.489515,18.7376
train,15766.tif,0.465808,19.9798
train,15767.tif,0.540772,21.9231
train,15768.tif,0.590201,21.397
train,15769.tif,0.552299,20.2779
train,1577.tif,0.512467,18.5198
train,15770.tif,0.525608,18.2212
train,15771.tif,0.493443,19.9483
train,15772.tif,0.458141,19.2394
train,15773.tif,0.617,19.7808
train,15774.tif,0.471299,19.2842
train,15775.tif,0.486487,19.7622
train,15776.tif,0.577055,20.2655
train,15777.tif,0.732225,25.6136
train,15778.tif,0.508427,21.8251
train,15779.tif,0.705607,22.7441
train,1578.tif,0.535039,19.6283
train,15780.tif,0.54806,20.2738
train,15781.tif,0.563501,20.3493
train,15782.tif,0.509537,20.1608
train,15783.tif,0.613259,20.8129
train,15784.tif,0.554148,19.1559
train,15785.tif,0.627256,22.3856
train,15786.tif,0.657022,21.4493
train,15787.tif,0.564931,19.4911
train,15788.tif,0.54331,19.6872
train,15789.tif,0.507574,20.5568
train,1579.tif,0.496227,17.9692
train,15790.tif,0.515004,19.0958
train,15791.tif,0.69433,20.9501
train,15792.tif,0.5523,20.622
train,15793.tif,0.547622,22.3415
train,15794.tif,0.459537,19.403
train,15795.tif,0.46247,19.2968
train,15796.tif,0.443918,18.1552
train,15797.tif,0.681435,17.5075
train,15798.tif,0.565279,19.2263
train,15799.tif,0.600647,21.5366
train,158.tif,0.5135,17.9114
train,1580.tif,0.461416,18.7954
train,15800.tif,0.496271,20.4443
train,15801.tif,0.525516,21.3977
train,15802.tif,0.466642,19.4402
train,15803.tif,0.641945,20.1214
train,15804.tif,0.422883,19.3577
train,15805.tif,0.413322,17.1177
train,15806.tif,0.628858,21.1626
train,15807.tif,0.544866,20.3923
train,15808.tif,0.54886,19.5537
train,15809.tif,0.600275,21.8247
train,1581.tif,0.423868,17.2243
train,15810.tif,0.630135,22.3771
train,15811.tif,0.724745,21.1133
train,15812.tif,0.461924,19.9399
train,15813.tif,0.608948,21.3496
train,15814.tif,0.582373,21.9841
train,15815.tif,0.54775,17.7479
train,15816.tif,0.631138,21.9052
train,15817.tif,0.635627,22.4711
train,15818.tif,0.449881,18.3236
train,15819.tif,0.540472,20.6395
train,1582.tif,0.43287,18.1124
train,15820.tif,0.423388,19.4433
train,15821.tif,0.481455,19.3891
train,15822.tif,0.446806,20.1407
train,15823.tif,0.641747,21.0732
train,15824.tif,0.408293,16.2443
train,15825.tif,0.662604,21.6085
train,15826.tif,0.556022,18.0747
train,15827.tif,0.542209,20.6304
train,15828.tif,0.478025,19.4538
train,15829.tif,0.540564,20.8195
train,1583.tif,0.598046,21.1387
train,15830.tif,0.531775,21.0833
train,15831.tif,0.553505,20.393
train,15832.tif,0.534167,19.7497
train,15833.tif,0.456621,19.8337
train,15834.tif,0.408962,19.4468
train,15835.tif,0.733562,20.0283
train,15836.tif,0.403517,18.032
train,15837.tif,0.445608,19.6303
train,15838.tif,0.516446,21.0833
train,15839.tif,0.625653,22.1852
train,1584.tif,0.511032,19.1062
train,15840.tif,0.553594,20.7524
train,15841.tif,0.870652,26.4913
train,15842.tif,0.60999,22.2636
train,15843.tif,0.451678,20.0062
train,15844.tif,0.636143,20.963
train,15845.tif,0.538737,21.3276
train,15846.tif,0.633741,21.7388
train,15847.tif,0.489484,19.232
train,15848.tif,0.516731,19.6583
train,15849.tif,0.591476,21.5856
train,1585.tif,0.552652,19.3952
train,15850.tif,0.520475,20.2844
train,15851.tif,0.621308,20.0779
train,15852.tif,0.552127,22.5136
train,15853.tif,0.545602,22.5462
train,15854.tif,0.435153,20.1129
train,15855.tif,0.473076,18.628
train,15856.tif,0.531874,19.2011
train,15857.tif,0.548337,20.6049
train,15858.tif,0.631607,21.3694
train,15859.tif,0.606671,21.7468
train,1586.tif,0.421311,15.8905
train,15860.tif,0.635508,23.0377
train,15861.tif,0.670196,22.1011
train,15862.tif,0.742425,23.1197
train,15863.tif,0.568249,21.2995
train,15864.tif,0.612535,21.4641
train,15865.tif,0.6855,21.9112
train,15866.tif,0.800416,17.4741
train,15867.tif,0.430824,17.9758
train,15868.tif,0.580669,21.9948
train,15869.tif,0.46594,18.8181
train,1587.tif,0.637098,21.4127
train,15870.tif,0.641626,21.5567
train,15871.tif,0.392669,18.8155
train,15872.tif,0.488861,20.2985
train,15873.tif,0.538342,21.2001
train,15874.tif,0.634273,20.6295
train,15875.tif,0.548807,20.6856
train,15876.tif,0.616132,20.9504
train,15877.tif,0.433337,17.2891
train,15878.tif,0.426199,18.5683
train,15879.tif,0.599069,19.8461
train,1588.tif,0.696508,21.4443
train,15880.tif,0.515481,20.577
train,15881.tif,0.554182,21.7764
train,15882.tif,0.486834,20.3574
train,15883.tif,0.556436,19.941
train,15884.tif,0.60395,18.9984
train,15885.tif,0.593691,19.8798
train,15886.tif,0.540348,17.2826
train,15887.tif,0.524863,19.5062
train,15888.tif,0.628047,21.5499
train,15889.tif,0.573795,20.67
train,1589.tif,0.510381,19.0217
train,15890.tif,0.489812,20.0438
train,15891.tif,0.565783,19.5207
train,15892.tif,0.578971,20.7943
train,15893.tif,0.563701,19.721
train,15894.tif,0.511567,18.0567
train,15895.tif,0.636384,19.7618
train,15896.tif,0.607416,22.1648
train,15897.tif,0.574611,20.6401
train,15898.tif,0.544581,22.0478
train,15899.tif,0.557138,20.6463
train,159.tif,0.503395,18.7822
train,1590.tif,0.462636,18.3793
train,15900.tif,0.592105,19.4854
train,15901.tif,0.527574,19.7236
train,15902.tif,0.442477,19.6511
train,15903.tif,0.554807,20.7729
train,15904.tif,0.547311,21.8347
train,15905.tif,0.550718,21.1244
train,15906.tif,0.564759,19.1148
train,15907.tif,0.585436,17.9046
train,15908.tif,0.628368,22.048
train,15909.tif,0.5017,21.3294
train,1591.tif,0.462572,18.893
train,15910.tif,0.525627,19.1989
train,15911.tif,0.481937,19.4989
train,15912.tif,0.513479,19.1592
train,15913.tif,0.584934,19.2303
train,15914.tif,0.527036,20.0305
train,15915.tif,0.588029,21.1875
train,15916.tif,0.621227,22.7795
train,15917.tif,0.757805,22.9243
train,15918.tif,0.632957,22.1416
train,15919.tif,0.558618,19.0996
train,1592.tif,0.513258,18.9491
train,15920.tif,0.567069,20.3402
train,15921.tif,0.524492,19.2244
train,15922.tif,0.453749,17.7009
train,15923.tif,0.601336,20.8735
train,15924.tif,0.448326,17.1746
train,15925.tif,0.497388,19.7663
train,15926.tif,0.517728,20.3467
train,15927.tif,0.446806,17.9886
train,15928.tif,0.563955,20.9896
train,15929.tif,0.542724,21.1736
train,1593.tif,0.697824,23.9196
train,15930.tif,0.479716,19.6392
train,15931.tif,0.666255,21.6323
train,15932.tif,0.597444,19.8228
train,15933.tif,0.513705,21.0068
train,15934.tif,0.533212,20.949
train,15935.tif,0.505877,20.4826
train,15936.tif,0.547824,19.5239
train,15937.tif,0.592369,19.9121
train,15938.tif,0.597532,20.4079
train,15939.tif,0.619998,21.959
train,1594.tif,0.47973,17.4507
train,15940.tif,0.484422,18.6749
train,15941.tif,0.50287,20.7382
train,15942.tif,0.523285,20.6225
train,15943.tif,0.578331,21.1778
train,15944.tif,0.493466,20.1408
train,15945.tif,0.588206,21.0906
train,15946.tif,0.587783,21.4071
train,15947.tif,0.539769,18.0113
train,15948.tif,0.575226,19.9954
train,15949.tif,0.543822,20.5292
train,1595.tif,0.478605,18.1459
train,15950.tif,0.504034,19.9043
train,15951.tif,0.595198,21.6585
train,15952.tif,0.560836,21.1711
train,15953.tif,0.577697,19.1062
train,15954.tif,0.701299,23.6666
train,15955.tif,0.620416,22.113
train,15956.tif,0.619782,20.0938
train,15957.tif,0.442441,18.3892
train,15958.tif,0.564541,21.397
train,15959.tif,0.64708,20.7593
train,1596.tif,0.454305,19.2062
train,15960.tif,0.64407,21.0153
train,15961.tif,0.467464,19.6459
train,15962.tif,0.613033,20.4936
train,15963.tif,0.563475,21.0474
train,15964.tif,0.568226,19.6435
train,15965.tif,0.575412,19.7303
train,15966.tif,0.422304,20.2609
train,15967.tif,0.530586,20.5848
train,15968.tif,0.596124,19.4941
train,15969.tif,0.563914,21.0914
train,1597.tif,0.457166,18.5814
train,15970.tif,0.567709,21.2192
train,15971.tif,0.629372,21.1908
train,15972.tif,0.529673,18.9262
train,15973.tif,0.587231,22.1751
train,15974.tif,0.515284,19.5296
train,15975.tif,0.612677,21.8075
train,15976.tif,0.596338,21.7894
train,15977.tif,0.696759,19.8943
train,15978.tif,0.601939,21.4201
train,15979.tif,0.516621,21.278
train,1598.tif,0.495567,19.099
train,15980.tif,0.575186,20.0767
train,15981.tif,0.526893,21.7011
train,15982.tif,0.667761,22.9981
train,15983.tif,0.608506,20.5425
train,15984.tif,0.492343,21.0142
train,15985.tif,0.594712,21.2493
train,15986.tif,0.648579,22.1426
train,15987.tif,0.511141,20.0417
train,15988.tif,0.436787,18.7738
train,15989.tif,0.591652,20.69
train,1599.tif,0.575918,18.102
train,15990.tif,0.442878,19.8276
train,15991.tif,0.521863,19.6125
train,15992.tif,0.624825,20.5682
train,15993.tif,0.487597,20.0714
train,15994.tif,0.537303,19.6132
train,15995.tif,0.488989,20.1744
train,15996.tif,0.505771,20.2152
train,15997.tif,0.523365,19.4813
train,15998.tif,0.576174,22.2582
train,15999.tif,0.598768,20.4583
train,16.tif,0.685341,20.9308
train,160.tif,0.509138,19.5134
train,1600.tif,0.45972,19.6728
train,16000.tif,0.495846,18.9485
train,16001.tif,0.511056,19.5264
train,16002.tif,0.548803,18.7368
train,16003.tif,0.545992,19.8051
train,16004.tif,0.622777,22.4596
train,16005.tif,0.497494,20.1051
train,16006.tif,0.436572,18.7477
train,16007.tif,0.565441,23.3885
train,16008.tif,0.424781,19.6904
train,16009.tif,0.553138,19.1152
train,1601.tif,0.526761,19.8981
train,16010.tif,0.53612,14.0774
train,16011.tif,0.640351,22.3543
train,16012.tif,0.599183,24.2784
train,16013.tif,0.642412,22.6654
train,16014.tif,0.473242,20.068
train,16015.tif,0.548927,19.4134
train,16016.tif,0.479585,19.8474
train,16017.tif,0.531156,20.4388
train,16018.tif,0.591998,19.5984
train,16019.tif,0.533101,19.6244
train,1602.tif,0.496494,19.9267
train,16020.tif,0.61931,21.3261
train,16021.tif,0.55465,21.2504
train,16022.tif,0.526266,18.8254
train,16023.tif,0.461986,19.5439
train,16024.tif,0.494567,19.3955
train,16025.tif,0.645913,20.99
train,16026.tif,0.586158,21.0977
train,16027.tif,0.6162,20.1841
train,16028.tif,0.606785,19.5122
train,16029.tif,0.519287,20.5234
train,1603.tif,0.474799,17.0802
train,16030.tif,0.657477,22.2837
train,16031.tif,0.549065,19.7645
train,16032.tif,0.622434,21.2345
train,16033.tif,0.654991,21.2051
train,16034.tif,0.595601,21.7768
train,16035.tif,0.719577,23.96
train,16036.tif,0.532385,20.8102
train,16037.tif,0.617658,20.6735
train,16038.tif,0.44251,19.3168
train,16039.tif,0.606654,22.5705
train,1604.tif,0.431942,17.9448
train,16040.tif,0.789888,23.7816
train,16041.tif,0.583254,22.0154
train,16042.tif,0.578821,21.5042
train,16043.tif,0.656437,21.1266
train,16044.tif,0.553376,20.9752
train,16045.tif,0.599286,22.3867
train,16046.tif,0.620998,21.9042
train,16047.tif,0.47984,19.0754
train,16048.tif,0.496262,20.3411
train,16049.tif,0.659022,21.512
train,1605.tif,0.441923,16.8423
train,16050.tif,0.498045,20.3753
train,16051.tif,0.578871,18.3047
train,16052.tif,0.53496,21.4585
train,16053.tif,0.51934,20.2672
train,16054.tif,0.482002,19.1503
train,16055.tif,0.585445,20.637
train,16056.tif,0.563844,18.4069
train,16057.tif,0.609532,22.0534
train,16058.tif,0.569448,20.4551
train,16059.tif,0.616579,20.2442
train,1606.tif,0.531413,18.8011
train,16060.tif,0.508108,18.8373
train,16061.tif,0.63374,20.2997
train,16062.tif,0.429531,18.8454
train,16063.tif,0.510695,19.7891
train,16064.tif,0.559562,22.6067
train,16065.tif,0.610005,22.5195
train,16066.tif,0.548158,20.5117
train,16067.tif,0.53192,20.8841
train,16068.tif,0.577858,21.6839
train,16069.tif,0.505903,20.0393
train,1607.tif,0.550994,20.036
train,16070.tif,0.436154,19.0025
train,16071.tif,0.456148,20.0704
train,16072.tif,0.557391,20.0858
train,16073.tif,0.571425,19.6181
train,16074.tif,0.56034,20.3784
train,16075.tif,0.498038,20.7325
train,16076.tif,0.452855,18.7123
train,16077.tif,0.579459,21.6338
train,16078.tif,0.569161,19.8871
train,16079.tif,0.497074,20.2438
train,1608.tif,0.548808,19.4255
train,16080.tif,0.599924,20.8283
train,16081.tif,0.473021,19.3842
train,16082.tif,0.614377,21.4367
train,16083.tif,0.505889,20.3768
train,16084.tif,0.539801,21.7805
train,16085.tif,0.563969,20.517
train,16086.tif,0.608288,21.743
train,16087.tif,0.534245,21.4047
train,16088.tif,0.62171,20.0367
train,16089.tif,0.460399,20.1303
train,1609.tif,0.502515,17.7139
train,16090.tif,0.625971,22.3
train,16091.tif,0.441527,19.909
train,16092.tif,0.383584,18.584
train,16093.tif,0.643189,22.6525
train,16094.tif,0.455094,19.8806
train,16095.tif,0.772537,24.0867
train,16096.tif,0.552323,19.9791
train,16097.tif,0.56185,18.3654
train,16098.tif,0.522561,20.8678
train,16099.tif,0.508087,21.5765
train,161.tif,0.667662,22.0696
train,1610.tif,0.741006,21.591
train,16100.tif,0.626463,20.8454
train,16101.tif,0.577321,21.4654
train,16102.tif,0.53347,21.0532
train,16103.tif,0.582003,19.589
train,16104.tif,0.519074,21.6246
train,16105.tif,0.557562,21.3159
train,16106.tif,0.585475,22.005
train,16107.tif,0.402638,20.52
train,16108.tif,0.530128,19.5566
train,16109.tif,0.502236,19.6948
train,1611.tif,0.558821,19.3271
train,16110.tif,0.439789,18.9098
train,16111.tif,0.471743,20.4319
train,16112.tif,0.596806,19.6826
train,16113.tif,0.477271,18.6629
train,16114.tif,0.647934,21.0167
train,16115.tif,0.492878,19.7014
train,16116.tif,0.705478,20.2494
train,16117.tif,0.471523,19.1725
train,16118.tif,0.554964,21.5266
train,16119.tif,0.452509,18.1294
train,1612.tif,0.54065,21.4241
train,16120.tif,0.461771,18.5871
train,16121.tif,0.505183,21.2316
train,16122.tif,0.438278,18.1854
train,16123.tif,0.479405,19.6983
train,16124.tif,0.486994,20.2374
train,16125.tif,0.54906,21.1923
train,16126.tif,0.633494,22.2958
train,16127.tif,0.552649,22.0681
train,16128.tif,0.54219,20.6784
train,16129.tif,0.51069,20.203
train,1613.tif,0.48284,18.5905
train,16130.tif,0.539152,19.5626
train,16131.tif,0.472781,19.9003
train,16132.tif,0.58524,19.9148
train,16133.tif,0.47837,19.8646
train,16134.tif,0.395338,17.4853
train,16135.tif,0.499509,21.0073
train,16136.tif,0.795534,23.182
train,16137.tif,0.585178,19.7322
train,16138.tif,0.501397,20.2527
train,16139.tif,0.55038,17.0554
train,1614.tif,0.520324,19.0728
train,16140.tif,0.569607,20.8173
train,16141.tif,0.583093,20.056
train,16142.tif,0.413313,17.7716
train,16143.tif,0.407352,18.7325
train,16144.tif,0.555817,19.371
train,16145.tif,0.471443,19.6296
train,16146.tif,0.488169,18.9681
train,16147.tif,0.646229,22.5253
train,16148.tif,0.634998,21.0924
train,16149.tif,0.657902,21.5347
train,1615.tif,0.547651,19.7767
train,16150.tif,0.550959,20.8527
train,16151.tif,0.530442,19.8983
train,16152.tif,0.505467,18.3524
train,16153.tif,0.524773,19.6665
train,16154.tif,0.561332,21.4117
train,16155.tif,0.620419,22.059
train,16156.tif,0.504297,20.3692
train,16157.tif,0.52677,18.9902
train,16158.tif,0.605426,21.9636
train,16159.tif,0.530173,20.8322
train,1616.tif,0.46113,19.5473
train,16160.tif,0.595316,21.588
train,16161.tif,0.518521,19.4378
train,16162.tif,0.553699,20.3982
train,16163.tif,0.551829,20.7059
train,16164.tif,0.584705,22.636
train,16165.tif,0.622787,21.1627
train,16166.tif,0.458022,20.1279
train,16167.tif,0.461996,19.2329
train,16168.tif,0.522833,20.476
train,16169.tif,0.578906,21.5209
train,1617.tif,0.534958,18.798
train,16170.tif,0.575727,21.4403
train,16171.tif,0.534288,20.9183
train,16172.tif,0.479792,20.2615
train,16173.tif,0.722654,24.68
train,16174.tif,0.538206,20.6081
train,16175.tif,0.600958,21.9815
train,16176.tif,0.520641,19.5536
train,16177.tif,0.550262,19.6749
train,16178.tif,0.609987,22.0353
train,16179.tif,0.529193,20.235
train,1618.tif,0.563188,20.4739
train,16180.tif,0.539199,19.7794
train,16181.tif,0.519966,19.6785
train,16182.tif,0.664228,22.6111
train,16183.tif,0.527939,19.4831
train,16184.tif,0.573602,20.8842
train,16185.tif,0.570109,21.028
train,16186.tif,0.591859,20.9917
train,16187.tif,0.426646,18.9798
train,16188.tif,0.593374,22.3801
train,16189.tif,0.546032,20.5636
train,1619.tif,0.510468,18.9458
train,16190.tif,0.397394,18.5295
train,16191.tif,0.557509,20.5164
train,16192.tif,0.54993,21.2288
train,16193.tif,0.608454,21.3888
train,16194.tif,0.546827,19.725
train,16195.tif,0.47984,20.5816
train,16196.tif,0.44955,19.4698
train,16197.tif,0.622185,22.0521
train,16198.tif,0.56048,20.5305
train,16199.tif,0.632625,22.2598
train,162.tif,0.50676,19.1778
train,1620.tif,0.45822,17.2981
train,16200.tif,0.52501,20.5629
train,16201.tif,0.544185,20.981
train,16202.tif,0.420574,19.3162
train,16203.tif,0.589495,21.1695
train,16204.tif,0.628949,21.0978
train,16205.tif,0.566573,20.0564
train,16206.tif,0.532851,19.4066
train,16207.tif,0.538725,20.1237
train,16208.tif,0.4813,19.1444
train,16209.tif,0.590988,21.1169
train,1621.tif,0.457392,18.1324
train,16210.tif,0.522969,19.2515
train,16211.tif,0.625005,21.072
train,16212.tif,0.62273,21.063
train,16213.tif,0.52231,19.7615
train,16214.tif,0.431347,19.073
train,16215.tif,0.388898,18.6593
train,16216.tif,0.602457,21.1186
train,16217.tif,0.634281,22.8357
train,16218.tif,0.442882,19.4245
train,16219.tif,0.638874,22.5175
train,1622.tif,0.513387,20.2941
train,16220.tif,0.577836,22.1892
train,16221.tif,0.535166,21.097
train,16222.tif,0.536214,20.2502
train,16223.tif,0.516581,21.3539
train,16224.tif,0.58167,20.7097
train,16225.tif,0.538539,20.7391
train,16226.tif,0.566736,21.1291
train,16227.tif,0.526331,20.6522
train,16228.tif,0.567546,20.264
train,16229.tif,0.538353,20.5559
train,1623.tif,0.42242,17.5626
train,16230.tif,0.519863,18.824
train,16231.tif,0.659127,21.6775
train,16232.tif,0.398687,19.1351
train,16233.tif,0.507155,18.2055
train,16234.tif,0.447251,18.3202
train,16235.tif,0.566205,21.1908
train,16236.tif,0.391144,18.4162
train,16237.tif,0.479709,20.2372
train,16238.tif,0.583721,20.7067
train,16239.tif,0.546498,20.2211
train,1624.tif,0.535137,17.0964
train,16240.tif,0.571224,20.242
train,16241.tif,0.529255,19.3265
train,16242.tif,0.580794,20.9603
train,16243.tif,0.560543,21.4994
train,16244.tif,0.586915,19.8827
train,16245.tif,0.528986,19.8561
train,16246.tif,0.810648,25.4535
train,16247.tif,0.661347,21.8106
train,16248.tif,0.619202,22.5086
train,16249.tif,0.479726,19.6752
train,1625.tif,0.3505,16.0248
train,16250.tif,0.456028,18.7631
train,16251.tif,0.593616,20.2536
train,16252.tif,0.439241,18.9862
train,16253.tif,0.612477,21.9285
train,16254.tif,0.551456,19.1126
train,16255.tif,0.673683,23.564
train,16256.tif,0.565014,20.5707
train,16257.tif,0.506143,19.4199
train,16258.tif,0.583287,21.0761
train,16259.tif,0.646448,21.7283
train,1626.tif,0.537589,20.1626
train,16260.tif,0.549643,19.2836
train,16261.tif,0.582702,21.2833
train,16262.tif,0.618945,21.1607
train,16263.tif,0.520843,20.0018
train,16264.tif,0.630538,22.174
train,16265.tif,0.578208,18.9161
train,16266.tif,0.48934,18.1114
train,16267.tif,0.39904,19.4537
train,16268.tif,0.538889,20.6327
train,16269.tif,0.689706,19.6017
train,1627.tif,0.432218,18.7534
train,16270.tif,0.599975,21.0673
train,16271.tif,0.597555,18.6766
train,16272.tif,0.54588,19.458
train,16273.tif,0.572177,19.955
train,16274.tif,0.591188,21.4758
train,16275.tif,0.580625,21.7876
train,16276.tif,0.490246,20.1635
train,16277.tif,0.492719,18.9973
train,16278.tif,0.4833,19.6332
train,16279.tif,0.507465,19.3127
train,1628.tif,0.546899,18.7224
train,16280.tif,0.521312,19.9736
train,16281.tif,0.605844,20.1609
train,16282.tif,0.567672,21.2235
train,16283.tif,0.557764,19.3585
train,16284.tif,0.588203,21.6799
train,16285.tif,0.587246,21.3365
train,16286.tif,0.542921,17.4256
train,16287.tif,0.522382,19.6732
train,16288.tif,0.433256,19.5377
train,16289.tif,0.4777,18.5673
train,1629.tif,0.51613,19.2394
train,16290.tif,0.597013,23.4646
train,16291.tif,0.545971,20.3158
train,16292.tif,0.48833,19.5791
train,16293.tif,0.47926,19.9311
train,16294.tif,0.430748,18.2126
train,16295.tif,0.57422,21.789
train,16296.tif,0.548803,20.3311
train,16297.tif,0.47207,19.5467
train,16298.tif,0.586671,21.648
train,16299.tif,0.558909,20.3307
train,163.tif,0.487287,19.1473
train,1630.tif,0.49754,16.9277
train,16300.tif,0.519075,19.3629
train,16301.tif,0.505864,20.9097
train,16302.tif,0.612249,21.7043
train,16303.tif,0.59838,21.3187
train,16304.tif,0.47275,19.4378
train,16305.tif,0.641864,21.1497
train,16306.tif,0.516385,19.5204
train,16307.tif,0.585353,21.7567
train,16308.tif,0.608576,18.9149
train,16309.tif,0.513816,19.7714
train,1631.tif,0.500648,19.8471
train,16310.tif,0.510228,18.4264
train,16311.tif,0.495303,19.9224
train,16312.tif,0.495623,20.4525
train,16313.tif,0.516712,20.5695
train,16314.tif,0.472713,19.3671
train,16315.tif,0.486029,18.8067
train,16316.tif,0.436367,18.6542
train,16317.tif,0.577505,20.0438
train,16318.tif,0.535179,22.647
train,16319.tif,0.455851,19.2634
train,1632.tif,0.567563,21.0733
train,16320.tif,0.510051,19.6664
train,16321.tif,0.522492,20.2831
train,16322.tif,0.588698,19.6049
train,16323.tif,0.608224,22.0909
train,16324.tif,0.574307,21.7436
train,16325.tif,0.651563,21.1213
train,16326.tif,0.576758,19.7275
train,16327.tif,0.576165,20.8644
train,16328.tif,0.649967,21.8123
train,16329.tif,0.520372,20.5459
train,1633.tif,0.501912,17.6047
train,16330.tif,0.429645,19.1036
train,16331.tif,0.504434,20.8933
train,16332.tif,0.465612,19.3365
train,16333.tif,0.731855,23.9646
train,16334.tif,0.580065,22.1962
train,16335.tif,0.521125,20.7586
train,16336.tif,0.667944,23.1957
train,16337.tif,0.532562,20.3632
train,16338.tif,0.530493,20.646
train,16339.tif,0.645315,23.7461
train,1634.tif,0.523096,19.8231
train,16340.tif,0.626373,22.2588
train,16341.tif,0.573555,21.0707
train,16342.tif,0.48456,20.6296
train,16343.tif,0.455233,19.096
train,16344.tif,0.423379,19.7454
train,16345.tif,0.54354,19.2042
train,16346.tif,0.785801,24.4215
train,16347.tif,0.406334,18.4873
train,16348.tif,0.683641,18.9312
train,16349.tif,0.564235,19.3367
train,1635.tif,0.595324,20.0981
train,16350.tif,0.556689,20.9934
train,16351.tif,0.563164,20.436
train,16352.tif,0.523926,20.6736
train,16353.tif,0.559841,20.5016
train,16354.tif,0.518855,22.1142
train,16355.tif,0.552922,21.0704
train,16356.tif,0.480608,19.6166
train,16357.tif,0.409254,19.1474
train,16358.tif,0.630906,17.7831
train,16359.tif,0.557001,20.8899
train,1636.tif,0.500781,19.9981
train,16360.tif,0.461355,19.6076
train,16361.tif,0.583302,20.2883
train,16362.tif,0.515941,20.4085
train,16363.tif,0.591045,19.749
train,16364.tif,0.596203,20.4337
train,16365.tif,0.447022,19.5026
train,16366.tif,0.670519,18.9768
train,16367.tif,0.668333,22.1924
train,16368.tif,0.504201,20.0593
train,16369.tif,0.59298,22.7661
train,1637.tif,0.545689,19.5524
train,16370.tif,0.558183,21.7814
train,16371.tif,0.421616,17.5366
train,16372.tif,0.587907,19.7773
train,16373.tif,0.477891,19.3295
train,16374.tif,0.607496,20.6104
train,16375.tif,0.604539,21.7978
train,16376.tif,0.466482,18.8302
train,16377.tif,0.618089,21.3966
train,16378.tif,0.723947,21.1339
train,16379.tif,0.483597,19.936
train,1638.tif,0.533289,18.49
train,16380.tif,0.498211,19.9089
train,16381.tif,0.507744,19.5862
train,16382.tif,0.654662,22.2203
train,16383.tif,0.587027,19.485
train,16384.tif,0.492636,19.6281
train,16385.tif,0.524852,19.3656
train,16386.tif,0.580386,20.5555
train,16387.tif,0.498946,20.1071
train,16388.tif,0.613076,21.0523
train,16389.tif,0.567372,20.8899
train,1639.tif,0.519408,19.0069
train,16390.tif,0.472735,19.2912
train,16391.tif,0.483466,19.1385
train,16392.tif,0.512413,19.2553
train,16393.tif,0.618952,22.8272
train,16394.tif,0.53151,18.2469
train,16395.tif,0.582327,20.7792
train,16396.tif,0.496409,19.415
train,16397.tif,0.600442,21.5879
train,16398.tif,0.546279,21.9413
train,16399.tif,0.509935,19.0539
train,164.tif,0.606833,19.3318
train,1640.tif,0.536352,17.9823
train,16400.tif,0.573305,21.1766
train,16401.tif,0.582832,20.4522
train,16402.tif,0.581139,20.6001
train,16403.tif,0.571856,20.092
train,16404.tif,0.55492,20.3915
train,16405.tif,0.556394,19.5515
train,16406.tif,0.73872,18.7614
train,16407.tif,0.573113,21.6163
train,16408.tif,0.511199,19.2655
train,16409.tif,0.590224,20.5114
train,1641.tif,0.467199,15.6627
train,16410.tif,0.556122,20.4302
train,16411.tif,0.665434,19.8119
train,16412.tif,0.56224,20.3799
train,16413.tif,0.542563,21.0728
train,16414.tif,0.546135,21.0859
train,16415.tif,0.530353,19.8259
train,16416.tif,0.640337,21.5042
train,16417.tif,0.648387,23.0159
train,16418.tif,0.661149,21.0471
train,16419.tif,0.554537,21.5204
train,1642.tif,0.474129,18.1553
train,16420.tif,0.560319,19.5857
train,16421.tif,0.417484,18.7298
train,16422.tif,0.659958,20.9519
train,16423.tif,0.675044,21.6921
train,16424.tif,0.495982,19.9363
train,16425.tif,0.487084,19.3445
train,16426.tif,0.793592,24.2103
train,16427.tif,0.611346,21.7581
train,16428.tif,0.472152,21.1165
train,16429.tif,0.611184,21.0799
train,1643.tif,0.457655,19.2996
train,16430.tif,0.425989,17.8263
train,16431.tif,0.662446,22.8701
train,16432.tif,0.582336,22.0166
train,16433.tif,0.638515,20.7968
train,16434.tif,0.680839,21.0804
train,16435.tif,0.593157,20.7512
train,16436.tif,0.498069,18.9054
train,16437.tif,0.472751,20.0114
train,16438.tif,0.600512,19.9267
train,16439.tif,0.383135,18.1576
train,1644.tif,0.462019,16.781
train,16440.tif,0.595546,21.0896
train,16441.tif,0.516414,20.1778
train,16442.tif,0.511072,19.8351
train,16443.tif,0.559653,20.2975
train,16444.tif,0.468816,19.4823
train,16445.tif,0.600974,21.4363
train,16446.tif,0.464503,19.5589
train,16447.tif,0.567292,20.0453
train,16448.tif,0.579345,21.0034
train,16449.tif,0.4878,17.7308
train,1645.tif,0.472363,17.892
train,16450.tif,0.515644,21.2321
train,16451.tif,0.523105,19.421
train,16452.tif,0.565441,20.4292
train,16453.tif,0.5101,20.1358
train,16454.tif,0.625099,21.8351
train,16455.tif,0.601421,21.5208
train,16456.tif,0.503607,18.0136
train,16457.tif,0.440168,19.5739
train,16458.tif,0.605935,21.5509
train,16459.tif,0.420829,19.262
train,1646.tif,0.505691,20.0656
train,16460.tif,0.486523,20.3076
train,16461.tif,0.808393,22.3892
train,16462.tif,0.660966,21.9536
train,16463.tif,0.56886,21.1862
train,16464.tif,0.495276,19.6919
train,16465.tif,0.529708,20.6011
train,16466.tif,0.512965,20.3454
train,16467.tif,0.604019,21.4716
train,16468.tif,0.504346,20.4307
train,16469.tif,0.45053,19.9844
train,1647.tif,0.489195,19.5736
train,16470.tif,0.658533,20.614
train,16471.tif,0.581589,22.6259
train,16472.tif,0.429899,20.6375
train,16473.tif,0.492233,16.7807
train,16474.tif,0.648661,21.691
train,16475.tif,0.504035,19.5626
train,16476.tif,0.584491,21.6509
train,16477.tif,0.533094,21.1517
train,16478.tif,0.587268,20.3026
train,16479.tif,0.69463,23.1504
train,1648.tif,0.45167,17.6682
train,16480.tif,0.446123,16.9855
train,16481.tif,0.544686,18.4894
train,16482.tif,0.622608,21.9073
train,16483.tif,0.525864,21.0255
train,16484.tif,0.577315,21.9284
train,16485.tif,0.601241,18.7864
train,16486.tif,0.617244,22.2856
train,16487.tif,0.560963,21.2331
train,16488.tif,0.614638,21.2452
train,16489.tif,0.70493,22.5464
train,1649.tif,0.485155,19.9068
train,16490.tif,0.480209,19.0981
train,16491.tif,0.531642,21.3171
train,16492.tif,0.585386,18.8048
train,16493.tif,0.6471,19.2469
train,16494.tif,0.573751,20.3196
train,16495.tif,0.408654,18.6284
train,16496.tif,0.507858,20.7366
train,16497.tif,0.670894,22.1003
train,16498.tif,0.550323,20.907
train,16499.tif,0.551405,20.5703
train,165.tif,0.521925,18.5612
train,1650.tif,0.549968,21.5107
train,16500.tif,0.630565,22.3953
train,16501.tif,0.503093,19.5901
train,16502.tif,0.613713,21.5404
train,16503.tif,0.533291,21.2362
train,16504.tif,0.562574,20.8343
train,16505.tif,0.590069,22.2824
train,16506.tif,0.642766,21.3655
train,16507.tif,0.573994,20.7011
train,16508.tif,0.504162,20.1491
train,16509.tif,0.606847,19.8589
train,1651.tif,0.499854,19.2212
train,16510.tif,0.55992,20.7237
train,16511.tif,0.49164,20.4438
train,16512.tif,0.639968,21.4542
train,16513.tif,0.593522,20.4232
train,16514.tif,0.564413,19.7019
train,16515.tif,0.454744,19.4202
train,16516.tif,0.566156,21.302
train,16517.tif,0.65273,21.3856
train,16518.tif,0.489307,19.4539
train,16519.tif,0.592253,21.0349
train,1652.tif,0.528997,19.4333
train,16520.tif,0.568669,21.1534
train,16521.tif,0.504827,17.2137
train,16522.tif,0.45121,20.1539
train,16523.tif,0.632815,22.8396
train,16524.tif,0.595661,20.8447
train,16525.tif,0.570362,20.9808
train,16526.tif,0.49874,19.8353
train,16527.tif,0.670704,22.4643
train,16528.tif,0.49197,20.5191
train,16529.tif,0.531694,20.2511
train,1653.tif,0.468709,17.9692
train,16530.tif,0.444515,18.8591
train,16531.tif,0.629808,19.5079
train,16532.tif,0.516627,20.2411
train,16533.tif,0.620385,20.4849
train,16534.tif,0.468521,20.1123
train,16535.tif,0.587153,21.4768
train,16536.tif,0.568061,19.1046
train,16537.tif,0.425043,19.057
train,16538.tif,0.566038,19.914
train,16539.tif,0.414482,18.5567
train,1654.tif,0.545501,20.1307
train,16540.tif,0.620448,20.9732
train,16541.tif,0.497863,18.6925
train,16542.tif,0.573819,20.5328
train,16543.tif,0.61605,22.1961
train,16544.tif,0.503107,20.0397
train,16545.tif,0.510651,19.5619
train,16546.tif,0.537966,22.3554
train,16547.tif,0.56959,21.2827
train,16548.tif,0.513467,20.3766
train,16549.tif,0.554736,18.4233
train,1655.tif,0.509539,20.2882
train,16550.tif,0.538279,20.8957
train,16551.tif,0.634831,22.4076
train,16552.tif,0.566306,20.5054
train,16553.tif,0.595493,22.4561
train,16554.tif,0.521396,20.6929
train,16555.tif,0.596407,20.5416
train,16556.tif,0.571688,20.9736
train,16557.tif,0.460811,19.065
train,16558.tif,0.595661,21.7092
train,16559.tif,0.512956,20.476
train,1656.tif,0.506675,20.6684
train,16560.tif,0.48782,18.3979
train,16561.tif,0.540546,19.4601
train,16562.tif,0.622534,21.0279
train,16563.tif,0.435377,18.3786
train,16564.tif,0.646079,22.0393
train,16565.tif,0.562583,20.4555
train,16566.tif,0.583053,23.1085
train,16567.tif,0.454468,19.111
train,16568.tif,0.544254,19.862
train,16569.tif,0.605147,22.0732
train,1657.tif,0.475474,18.7306
train,16570.tif,0.625673,21.9423
train,16571.tif,0.522135,21.4205
train,16572.tif,0.609362,22.1229
train,16573.tif,0.458699,19.3463
train,16574.tif,0.572492,20.9875
train,16575.tif,0.626328,21.7829
train,16576.tif,0.53696,20.0991
train,16577.tif,0.565063,19.6238
train,16578.tif,0.452157,19.5864
train,16579.tif,0.765629,24.8117
train,1658.tif,0.50367,19.1665
train,16580.tif,0.393745,18.6368
train,16581.tif,0.45696,17.6738
train,16582.tif,0.53195,20.4447
train,16583.tif,0.537933,20.4787
train,16584.tif,0.521098,20.053
train,16585.tif,0.597618,21.3632
train,16586.tif,0.453447,18.6216
train,16587.tif,0.504683,20.2684
train,16588.tif,0.521529,21.6922
train,16589.tif,0.820992,23.0506
train,1659.tif,0.492284,16.4305
train,16590.tif,0.547603,20.9658
train,16591.tif,0.636054,22.1374
train,16592.tif,0.533418,21.3956
train,16593.tif,0.573554,21.0703
train,16594.tif,0.626348,21.0253
train,16595.tif,0.466648,17.8751
train,16596.tif,0.388727,17.9844
train,16597.tif,0.543555,20.6707
train,16598.tif,0.483302,19.3523
train,16599.tif,0.460834,20.5858
train,166.tif,0.56161,19.7765
train,1660.tif,0.515668,17.9854
train,16600.tif,0.430972,18.0793
train,16601.tif,0.533999,22.2094
train,16602.tif,0.576889,21.8181
train,16603.tif,0.489009,19.6292
train,16604.tif,0.613835,23.0392
train,16605.tif,0.474079,20.5072
train,16606.tif,0.534278,19.2245
train,16607.tif,0.533943,21.0498
train,16608.tif,0.570009,20.6392
train,16609.tif,0.608056,20.5466
train,1661.tif,0.796109,24.1226
train,16610.tif,0.521796,20.4656
train,16611.tif,0.570948,21.748
train,16612.tif,0.638738,21.3275
train,16613.tif,0.581733,21.2446
train,16614.tif,0.601809,17.9988
train,16615.tif,0.468105,20.8524
train,16616.tif,0.528109,20.6883
train,16617.tif,0.634639,21.5971
train,16618.tif,0.596279,21.4933
train,16619.tif,0.531619,20.8015
train,1662.tif,0.536722,19.4394
train,16620.tif,0.630808,21.6616
train,16621.tif,0.624039,20.3533
train,16622.tif,0.370037,18.1106
train,16623.tif,0.576153,18.4019
train,16624.tif,0.535489,21.5733
train,16625.tif,0.581705,21.9816
train,16626.tif,0.598275,20.9196
train,16627.tif,0.556742,21.0999
train,16628.tif,0.7485,22.3654
train,16629.tif,0.608611,21.5628
train,1663.tif,0.539992,20.9775
train,16630.tif,0.672754,19.9218
train,16631.tif,0.648666,22.2787
train,16632.tif,0.505997,19.574
train,16633.tif,0.60865,19.231
train,16634.tif,0.431342,18.6209
train,16635.tif,0.662471,21.3109
train,16636.tif,0.432292,19.4703
train,16637.tif,0.614055,22.4516
train,16638.tif,0.599833,21.5619
train,16639.tif,0.496701,19.6509
train,1664.tif,0.515139,19.8798
train,16640.tif,0.525319,21.1019
train,16641.tif,0.491804,19.4412
train,16642.tif,0.529269,19.6777
train,16643.tif,0.577045,21.0146
train,16644.tif,0.49624,19.3187
train,16645.tif,0.444795,20.2436
train,16646.tif,0.687009,21.1282
train,16647.tif,0.530321,20.1123
train,16648.tif,0.57304,23.097
train,16649.tif,0.465098,19.1991
train,1665.tif,0.48031,17.8076
train,16650.tif,0.532845,20.7466
train,16651.tif,0.591926,21.3983
train,16652.tif,0.547574,21.6142
train,16653.tif,0.427547,19.3946
train,16654.tif,0.559817,17.2592
train,16655.tif,0.564976,21.9429
train,16656.tif,0.415818,19.3678
train,16657.tif,0.624795,20.8612
train,16658.tif,0.544508,21.644
train,16659.tif,0.588737,21.5122
train,1666.tif,0.544144,22.447
train,16660.tif,0.532272,19.4608
train,16661.tif,0.609025,19.3021
train,16662.tif,0.599362,21.7246
train,16663.tif,0.519521,20.1621
train,16664.tif,0.577492,19.8473
train,16665.tif,0.587914,22.1844
train,16666.tif,0.480688,19.6098
train,16667.tif,0.574246,19.1111
train,16668.tif,0.637521,22.4015
train,16669.tif,0.462834,20.0026
train,1667.tif,0.741083,21.2541
train,16670.tif,0.563146,19.6104
train,16671.tif,0.478604,19.3064
train,16672.tif,0.708116,22.784
train,16673.tif,0.497162,19.3803
train,16674.tif,0.57696,21.2213
train,16675.tif,0.599933,21.368
train,16676.tif,0.585601,21.6289
train,16677.tif,0.531872,20.1807
train,16678.tif,0.543907,21.6812
train,16679.tif,0.572172,21.0571
train,1668.tif,0.525857,19.1071
train,16680.tif,0.751006,23.2682
train,16681.tif,0.687818,22.5751
train,16682.tif,0.654443,21.7012
train,16683.tif,0.536392,21.3462
train,16684.tif,0.601626,20.2092
train,16685.tif,0.472793,19.5505
train,16686.tif,0.616198,21.2402
train,16687.tif,0.556888,23.6455
train,16688.tif,0.475621,18.8642
train,16689.tif,0.587969,20.1575
train,1669.tif,0.382621,15.1561
train,16690.tif,0.512962,20.2081
train,16691.tif,0.505534,18.9959
train,16692.tif,0.593132,21.6534
train,16693.tif,0.592342,21.0585
train,16694.tif,0.568368,21.7137
train,16695.tif,0.551214,20.2451
train,16696.tif,0.581047,21.7738
train,16697.tif,0.566268,21.2953
train,16698.tif,0.611134,21.9977
train,16699.tif,0.541359,21.3699
train,167.tif,0.524019,20.1116
train,1670.tif,0.375704,16.8373
train,16700.tif,0.594635,20.6337
train,16701.tif,0.519128,20.7632
train,16702.tif,0.695224,22.5101
train,16703.tif,0.567283,19.9402
train,16704.tif,0.581193,20.2676
train,16705.tif,0.483537,20.2614
train,16706.tif,0.592561,21.757
train,16707.tif,0.564842,20.2313
train,16708.tif,0.590041,21.4218
train,16709.tif,0.517558,21.3045
train,1671.tif,0.501518,20.7176
train,16710.tif,0.546928,18.6498
train,16711.tif,0.568013,20.9301
train,16712.tif,0.592613,21.1019
train,16713.tif,0.590242,19.9692
train,16714.tif,0.637384,22.8148
train,16715.tif,0.717392,23.7217
train,16716.tif,0.560408,22.1072
train,16717.tif,0.613517,20.4742
train,16718.tif,0.586319,19.9515
train,16719.tif,0.533875,19.2792
train,1672.tif,0.520048,17.1603
train,16720.tif,0.541275,20.5435
train,16721.tif,0.589141,22.0957
train,16722.tif,0.508048,21.4179
train,16723.tif,0.623968,21.5156
train,16724.tif,0.465146,18.2162
train,16725.tif,0.571191,21.4541
train,16726.tif,0.610982,21.5473
train,16727.tif,0.527742,19.9633
train,16728.tif,0.576427,18.6326
train,16729.tif,0.543878,19.4008
train,1673.tif,0.453599,18.9695
train,16730.tif,0.580318,20.7469
train,16731.tif,0.557532,20.4712
train,16732.tif,0.433917,17.6744
train,16733.tif,0.570899,20.4779
train,16734.tif,0.54559,19.2856
train,16735.tif,0.666892,17.1344
train,16736.tif,0.424524,19.5923
train,16737.tif,0.634352,20.7884
train,16738.tif,0.550736,22.5541
train,16739.tif,0.617383,22.2582
train,1674.tif,0.407684,19.2629
train,16740.tif,0.606984,22.4917
train,16741.tif,0.508507,20.0818
train,16742.tif,0.58211,22.8947
train,16743.tif,0.59291,21.2626
train,16744.tif,0.480968,19.4248
train,16745.tif,0.50026,20.8162
train,16746.tif,0.6049,20.5925
train,16747.tif,0.513445,20.6129
train,16748.tif,0.596014,21.7487
train,16749.tif,0.557744,21.8801
train,1675.tif,0.503845,19.1438
train,16750.tif,0.542371,20.8295
train,16751.tif,0.553817,18.901
train,16752.tif,0.612062,21.3969
train,16753.tif,0.60055,19.7445
train,16754.tif,0.587117,21.2095
train,16755.tif,0.487054,18.6814
train,16756.tif,0.541103,21.3712
train,16757.tif,0.626083,22.1775
train,16758.tif,0.643166,22.001
train,16759.tif,0.645421,22.3325
train,1676.tif,0.525713,20.0651
train,16760.tif,0.481812,20.9876
train,16761.tif,0.548975,20.4541
train,16762.tif,0.66349,21.7079
train,16763.tif,0.544405,20.0858
train,16764.tif,0.52744,20.5131
train,16765.tif,0.66197,21.4816
train,16766.tif,0.556242,20.936
train,16767.tif,0.569142,20.9995
train,16768.tif,0.562832,17.9857
train,16769.tif,0.517969,20.5229
train,1677.tif,0.519843,20.3385
train,16770.tif,0.588183,21.1542
train,16771.tif,0.578418,20.9169
train,16772.tif,0.567291,21.9596
train,16773.tif,0.437492,19.1869
train,16774.tif,0.535459,17.0521
train,16775.tif,0.68059,23.1392
train,16776.tif,0.577046,20.1194
train,16777.tif,0.459406,18.9974
train,16778.tif,0.596307,20.8715
train,16779.tif,0.50952,20.4941
train,1678.tif,0.49399,19.3534
train,16780.tif,0.613984,21.6097
train,16781.tif,0.509617,19.9538
train,16782.tif,0.463732,20.0853
train,16783.tif,0.395188,18.8445
train,16784.tif,0.508523,20.5149
train,16785.tif,0.6785,23.0724
train,16786.tif,0.613662,19.3585
train,16787.tif,0.566742,20.7909
train,16788.tif,0.548042,21.5248
train,16789.tif,0.579628,20.3442
train,1679.tif,0.528242,20.5288
train,16790.tif,0.572153,20.2371
train,16791.tif,0.638465,20.7975
train,16792.tif,0.593871,20.7112
train,16793.tif,0.582173,21.754
train,16794.tif,0.541119,20.1847
train,16795.tif,0.513152,20.8019
train,16796.tif,0.641587,22.4165
train,16797.tif,0.541117,20.9459
train,16798.tif,0.50122,19.7531
train,16799.tif,0.451394,19.7257
train,168.tif,0.486604,18.6507
train,1680.tif,0.481055,20.1528
train,16800.tif,0.642857,22.1896
train,16801.tif,0.496503,19.8744
train,16802.tif,0.51989,19.7176
train,16803.tif,0.488728,19.7811
train,16804.tif,0.735899,23.1043
train,16805.tif,0.620443,21.5617
train,16806.tif,0.5184,19.7328
train,16807.tif,0.491109,20.2756
train,16808.tif,0.567194,20.5646
train,16809.tif,0.572631,21.411
train,1681.tif,0.560636,18.6279
train,16810.tif,0.502444,20.4405
train,16811.tif,0.562021,22.0764
train,16812.tif,0.584072,22.0641
train,16813.tif,0.534269,20.1252
train,16814.tif,0.626127,22.3165
train,16815.tif,0.494117,19.8366
train,16816.tif,0.657268,20.0213
train,16817.tif,0.489857,19.6013
train,16818.tif,0.654334,21.6766
train,16819.tif,0.42512,18.9605
train,1682.tif,0.505963,19.7998
train,16820.tif,0.455953,19.0561
train,16821.tif,0.577025,22.1228
train,16822.tif,0.532402,20.8272
train,16823.tif,0.541055,21.5327
train,16824.tif,0.479276,19.9175
train,16825.tif,0.567817,19.2429
train,16826.tif,0.588113,21.2655
train,16827.tif,0.498906,20.0147
train,16828.tif,0.594599,21.9666
train,16829.tif,0.579282,19.9044
train,1683.tif,0.525025,18.6142
train,16830.tif,0.607598,22.0162
train,16831.tif,0.585196,21.4066
train,16832.tif,0.582818,22.0763
train,16833.tif,0.471789,19.9894
train,16834.tif,0.543658,18.377
train,16835.tif,0.504149,18.6093
train,16836.tif,0.590058,21.7102
train,16837.tif,0.531761,20.3619
train,16838.tif,0.527054,20.9084
train,16839.tif,0.495786,20.0941
train,1684.tif,0.524117,20.5904
train,16840.tif,0.571316,19.4177
train,16841.tif,0.430921,19.6231
train,16842.tif,0.480311,19.5719
train,16843.tif,0.473608,19.7262
train,16844.tif,0.537468,20.2307
train,16845.tif,0.580375,21.0726
train,16846.tif,0.573987,21.9969
train,16847.tif,0.597124,22.0272
train,16848.tif,0.590415,21.5848
train,16849.tif,0.542037,19.6573
train,1685.tif,0.393907,17.4055
train,16850.tif,0.529722,21.2083
train,16851.tif,0.61824,21.1962
train,16852.tif,0.545179,20.9749
train,16853.tif,0.571555,20.4429
train,16854.tif,0.585538,21.5496
train,16855.tif,0.622059,20.9548
train,16856.tif,0.423485,20.5343
train,16857.tif,0.451313,19.8878
train,16858.tif,0.50758,20.6996
train,16859.tif,0.504156,21.0075
train,1686.tif,0.54567,17.9577
train,16860.tif,0.562555,18.3869
train,16861.tif,0.585568,21.9571
train,16862.tif,0.631557,22.8219
train,16863.tif,0.517665,18.3242
train,16864.tif,0.44798,17.6441
train,16865.tif,0.487889,21.1142
train,16866.tif,0.66418,22.6154
train,16867.tif,0.639953,22.2815
train,16868.tif,0.649736,22.529
train,16869.tif,0.606682,20.3269
train,1687.tif,0.566204,21.2112
train,16870.tif,0.545631,19.006
train,16871.tif,0.523814,19.1853
train,16872.tif,0.544663,18.5686
train,16873.tif,0.56334,21.0724
train,16874.tif,0.662419,21.3821
train,16875.tif,0.617078,21.0373
train,16876.tif,0.594215,21.5633
train,16877.tif,0.669152,20.9591
train,16878.tif,0.603088,20.7697
train,16879.tif,0.563361,19.0579
train,1688.tif,0.431111,17.9919
train,16880.tif,0.485611,19.2266
train,16881.tif,0.517983,20.0645
train,16882.tif,0.582231,20.5814
train,16883.tif,0.582026,21.4933
train,16884.tif,0.466966,20.3303
train,16885.tif,0.582521,19.6533
train,16886.tif,0.582966,21.9737
train,16887.tif,0.576371,20.1893
train,16888.tif,0.51717,19.8867
train,16889.tif,0.536825,20.286
train,1689.tif,0.386801,18.1833
train,16890.tif,0.600696,19.9723
train,16891.tif,0.550575,20.7718
train,16892.tif,0.61593,22.9873
train,16893.tif,0.601328,21.7803
train,16894.tif,0.459426,19.7779
train,16895.tif,0.517546,20.6778
train,16896.tif,0.489757,19.0166
train,16897.tif,0.613058,21.774
train,16898.tif,0.489525,19.5735
train,16899.tif,0.514437,19.5572
train,169.tif,0.490244,19.0818
train,1690.tif,0.586807,17.8968
train,16900.tif,0.50967,19.149
train,16901.tif,0.590305,18.4151
train,16902.tif,0.490072,17.8498
train,16903.tif,0.562978,20.6371
train,16904.tif,0.497803,19.7229
train,16905.tif,0.566342,19.3346
train,16906.tif,0.596249,20.7391
train,16907.tif,0.589801,19.723
train,16908.tif,0.552215,20.2483
train,16909.tif,0.627023,21.2034
train,1691.tif,0.754919,23.6721
train,16910.tif,0.630855,22.29
train,16911.tif,0.502983,20.4363
train,16912.tif,0.520653,18.9274
train,16913.tif,0.434267,19.5064
train,16914.tif,0.563318,19.3846
train,16915.tif,0.638094,22.1911
train,16916.tif,0.62548,22.0098
train,16917.tif,0.589499,19.8525
train,16918.tif,0.520562,19.6247
train,16919.tif,0.511076,18.1846
train,1692.tif,0.471528,16.8955
train,16920.tif,0.547837,20.7926
train,16921.tif,0.552915,19.7192
train,16922.tif,0.629078,22.4686
train,16923.tif,0.582806,20.9422
train,16924.tif,0.561028,21.2697
train,16925.tif,0.599525,21.675
train,16926.tif,0.606715,21.2958
train,16927.tif,0.647084,21.7683
train,16928.tif,0.496712,20.2042
train,16929.tif,0.563099,21.7906
train,1693.tif,0.616914,20.145
train,16930.tif,0.728401,25.0678
train,16931.tif,0.520411,20.2594
train,16932.tif,0.603288,21.6389
train,16933.tif,0.624103,19.8836
train,16934.tif,0.571137,21.9469
train,16935.tif,0.582166,20.7644
train,16936.tif,0.56095,20.5362
train,16937.tif,0.58932,22.0871
train,16938.tif,0.516298,19.9154
train,16939.tif,0.637821,22.6766
train,1694.tif,0.450574,18.0641
train,16940.tif,0.609923,21.2408
train,16941.tif,0.627477,22.6644
train,16942.tif,0.520403,19.2572
train,16943.tif,0.459195,20.7803
train,16944.tif,0.583589,21.3546
train,16945.tif,0.530787,19.9297
train,16946.tif,0.639188,20.8573
train,16947.tif,0.57044,21.6838
train,16948.tif,0.578846,21.2458
train,16949.tif,0.503393,19.5416
train,1695.tif,0.479607,19.527
train,16950.tif,0.488893,19.4032
train,16951.tif,0.515821,18.853
train,16952.tif,0.513725,20.7842
train,16953.tif,0.58211,22.8359
train,16954.tif,0.460857,20.0111
train,16955.tif,0.475948,19.8624
train,16956.tif,0.550489,17.9031
train,16957.tif,0.575391,19.1269
train,16958.tif,0.612234,23.1208
train,16959.tif,0.505872,21.1282
train,1696.tif,0.482152,19.8966
train,16960.tif,0.636969,21.028
train,16961.tif,0.549241,21.8101
train,16962.tif,0.573024,21.3607
train,16963.tif,0.521566,20.2814
train,16964.tif,0.629626,21.9476
train,16965.tif,0.582541,22.8907
train,16966.tif,0.602858,21.6538
train,16967.tif,0.534224,20.2293
train,16968.tif,0.625473,21.7794
train,16969.tif,0.461975,19.171
train,1697.tif,0.463409,20.2615
train,16970.tif,0.476371,20.6906
train,16971.tif,0.535185,19.7314
train,16972.tif,0.573706,19.5835
train,16973.tif,0.532752,17.8058
train,16974.tif,0.692983,21.771
train,16975.tif,0.60963,21.2743
train,16976.tif,0.588639,20.9849
train,16977.tif,0.503017,20.811
train,16978.tif,0.573477,21.6486
train,16979.tif,0.426173,20.1538
train,1698.tif,0.455824,18.7177
train,16980.tif,0.459589,19.9453
train,16981.tif,0.431899,19.8595
train,16982.tif,0.540032,20.8041
train,16983.tif,0.561857,20.2224
train,16984.tif,0.421643,18.8964
train,16985.tif,0.512604,18.5841
train,16986.tif,0.598795,21.3703
train,16987.tif,0.524722,18.5148
train,16988.tif,0.44507,19.7096
train,16989.tif,0.430784,21.0171
train,1699.tif,0.540232,16.8304
train,16990.tif,0.580984,20.9454
train,16991.tif,0.583356,21.3963
train,16992.tif,0.613102,20.0577
train,16993.tif,0.535678,19.8324
train,16994.tif,0.609722,20.8319
train,16995.tif,0.654624,21.8429
train,16996.tif,0.572273,20.0125
train,16997.tif,0.559443,21.1942
train,16998.tif,0.653538,22.541
train,16999.tif,0.705676,22.7683
train,17.tif,0.623851,16.9145
train,170.tif,0.698564,22.8734
train,1700.tif,0.521243,20.0737
train,17000.tif,0.502771,21.1447
train,17001.tif,0.563367,20.0254
train,17002.tif,0.545698,20.767
train,17003.tif,0.580902,20.6032
train,17004.tif,0.577137,20.3815
train,17005.tif,0.58326,21.9787
train,17006.tif,0.525761,19.3469
train,17007.tif,0.595015,21.5592
train,17008.tif,0.445906,20.4168
train,17009.tif,0.49966,19.0888
train,1701.tif,0.512884,16.3881
train,17010.tif,0.452715,19.708
train,17011.tif,0.600024,21.9586
train,17012.tif,0.616734,19.6176
train,17013.tif,0.449415,20.1816
train,17014.tif,0.56175,20.2623
train,17015.tif,0.55911,23.0666
train,17016.tif,0.579566,21.0105
train,17017.tif,0.568187,20.7454
train,17018.tif,0.556284,21.9625
train,17019.tif,0.61862,21.6687
train,1702.tif,0.463939,19.9944
train,17020.tif,0.621109,21.1165
train,17021.tif,0.540973,20.0731
train,17022.tif,0.467838,19.1443
train,17023.tif,0.591915,21.2591
train,17024.tif,0.626497,22.3327
train,17025.tif,0.708244,16.9957
train,17026.tif,0.603354,20.8667
train,17027.tif,0.586793,21.1651
train,17028.tif,0.603061,20.97
train,17029.tif,0.473267,18.5446
train,1703.tif,0.555673,20.3401
train,17030.tif,0.627096,20.6904
train,17031.tif,0.446485,19.2144
train,17032.tif,0.65482,20.6707
train,17033.tif,0.638618,22.0374
train,17034.tif,0.551182,22.2912
train,17035.tif,0.54919,22.482
train,17036.tif,0.558647,21.072
train,17037.tif,0.571927,17.6815
train,17038.tif,0.481105,19.5152
train,17039.tif,0.574621,21.7723
train,1704.tif,0.557632,16.8959
train,17040.tif,0.503028,20.3598
train,17041.tif,0.673011,22.9488
train,17042.tif,0.56619,20.2566
train,17043.tif,0.551187,20.1526
train,17044.tif,0.559193,21.43
train,17045.tif,0.510584,21.2514
train,17046.tif,0.631082,18.6465
train,17047.tif,0.592919,20.4958
train,17048.tif,0.510111,21.1807
train,17049.tif,0.481748,19.8289
train,1705.tif,0.458164,19.2029
train,17050.tif,0.588546,20.9912
train,17051.tif,0.509091,20.6386
train,17052.tif,0.602568,21.1218
train,17053.tif,0.564542,20.7065
train,17054.tif,0.586515,20.355
train,17055.tif,0.570218,19.4327
train,17056.tif,0.510732,19.6791
train,17057.tif,0.605337,21.5408
train,17058.tif,0.437035,19.5905
train,17059.tif,0.548913,20.9626
train,1706.tif,0.535155,19.017
train,17060.tif,0.604948,21.5813
train,17061.tif,0.553284,20.9141
train,17062.tif,0.576965,20.9889
train,17063.tif,0.540466,21.4099
train,17064.tif,0.368522,19.1593
train,17065.tif,0.507833,19.546
train,17066.tif,0.645973,23.1312
train,17067.tif,0.49705,18.4124
train,17068.tif,0.614086,21.6645
train,17069.tif,0.568521,21.8766
train,1707.tif,0.497093,19.7923
train,17070.tif,0.657498,22.4846
train,17071.tif,0.545955,19.579
train,17072.tif,0.580193,20.2986
train,17073.tif,0.515905,20.6871
train,17074.tif,0.60261,20.7131
train,17075.tif,0.481953,19.268
train,17076.tif,0.554052,20.9081
train,17077.tif,0.502889,19.4102
train,17078.tif,0.580738,20.55
train,17079.tif,0.676907,22.9876
train,1708.tif,0.520718,17.2793
train,17080.tif,0.444344,19.9543
train,17081.tif,0.579302,20.1391
train,17082.tif,0.530257,20.2976
train,17083.tif,0.518055,20.9194
train,17084.tif,0.476543,19.3815
train,17085.tif,0.472163,19.0873
train,17086.tif,0.585975,20.5087
train,17087.tif,0.511751,20.2423
train,17088.tif,0.744492,20.3225
train,17089.tif,0.617364,22.6886
train,1709.tif,0.471774,18.4195
train,17090.tif,0.441693,18.8555
train,17091.tif,0.642584,23.0933
train,17092.tif,0.554609,22.4162
train,17093.tif,0.607685,21.4089
train,17094.tif,0.571602,19.9055
train,17095.tif,0.591586,21.0693
train,17096.tif,0.582226,21.3166
train,17097.tif,0.444856,19.4973
train,17098.tif,0.814728,24.8801
train,17099.tif,0.624273,22.135
train,171.tif,0.494391,17.3925
train,1710.tif,0.549039,20.164
train,17100.tif,0.539618,19.4224
train,17101.tif,0.631417,21.9758
train,17102.tif,0.511012,20.3822
train,17103.tif,0.608305,21.7898
train,17104.tif,0.509738,20.0563
train,17105.tif,0.615694,20.1776
train,17106.tif,0.437065,19.5932
train,17107.tif,0.60892,22.854
train,17108.tif,0.496219,18.952
train,17109.tif,0.496829,19.4216
train,1711.tif,0.530412,20.7497
train,17110.tif,0.631876,20.7954
train,17111.tif,0.388848,18.2931
train,17112.tif,0.456193,20.3846
train,17113.tif,0.564831,23.3918
train,17114.tif,0.448819,19.5075
train,17115.tif,0.524502,21.6301
train,17116.tif,0.404098,19.0689
train,17117.tif,0.469042,19.2822
train,17118.tif,0.615162,21.8363
train,17119.tif,0.553951,21.1886
train,1712.tif,0.469223,16.1826
train,17120.tif,0.533374,19.9614
train,17121.tif,0.586689,20.495
train,17122.tif,0.615674,22.1804
train,17123.tif,0.556583,20.7673
train,17124.tif,0.589901,21.404
train,17125.tif,0.514931,19.5283
train,17126.tif,0.766086,23.9305
train,17127.tif,0.509437,19.9759
train,17128.tif,0.6256,21.5877
train,17129.tif,0.628633,21.9798
train,1713.tif,0.501911,20.6403
train,17130.tif,0.513368,18.5977
train,17131.tif,0.53886,20.3039
train,17132.tif,0.548994,19.4755
train,17133.tif,0.559154,20.4291
train,17134.tif,0.403695,19.5775
train,17135.tif,0.645556,21.0665
train,17136.tif,0.684233,23.0174
train,17137.tif,0.483903,18.4199
train,17138.tif,0.599463,21.7673
train,17139.tif,0.46654,19.1116
train,1714.tif,0.713258,20.8011
train,17140.tif,0.485485,19.1302
train,17141.tif,0.526475,20.4382
train,17142.tif,0.550194,20.4687
train,17143.tif,0.49942,22.2484
train,17144.tif,0.613526,21.6405
train,17145.tif,0.535158,21.1953
train,17146.tif,0.613967,20.322
train,17147.tif,0.536361,21.1082
train,17148.tif,0.456977,19.1584
train,17149.tif,0.415737,18.7004
train,1715.tif,0.471801,17.5497
train,17150.tif,0.533852,20.0619
train,17151.tif,0.545954,21.2744
train,17152.tif,0.524202,21.4545
train,17153.tif,0.55871,19.3888
train,17154.tif,0.603982,19.6076
train,17155.tif,0.689678,22.9003
train,17156.tif,0.575841,20.7012
train,17157.tif,0.794801,22.4757
train,17158.tif,0.484092,20.6036
train,17159.tif,0.58641,22.9793
train,1716.tif,0.503689,15.7761
train,17160.tif,0.648158,22.1292
train,17161.tif,0.601479,22.1893
train,17162.tif,0.54382,19.2645
train,17163.tif,0.498307,20.329
train,17164.tif,0.47171,18.6163
train,17165.tif,0.545244,19.6675
train,17166.tif,0.570326,21.0465
train,17167.tif,0.490422,20.4125
train,17168.tif,0.628556,22.2566
train,17169.tif,0.601761,21.8864
train,1717.tif,0.564616,19.2851
train,17170.tif,0.590357,21.5594
train,17171.tif,0.483453,19.2699
train,17172.tif,0.552257,20.5575
train,17173.tif,0.502382,18.2457
train,17174.tif,0.552315,20.3696
train,17175.tif,0.549495,21.6891
train,17176.tif,0.620681,21.6882
train,17177.tif,0.516368,20.5977
train,17178.tif,0.627019,21.0853
train,17179.tif,0.533965,19.2992
train,1718.tif,0.540488,19.264
train,17180.tif,0.589149,21.1286
train,17181.tif,0.599607,20.5046
train,17182.tif,0.516263,20.4852
train,17183.tif,0.564409,21.2777
train,17184.tif,0.621498,21.3195
train,17185.tif,0.494293,20.2249
train,17186.tif,0.558689,21.7484
train,17187.tif,0.452165,20.2454
train,17188.tif,0.5442,21.0354
train,17189.tif,0.526182,20.6537
train,1719.tif,0.458318,18.6557
train,17190.tif,0.436231,17.8675
train,17191.tif,0.457936,19.3826
train,17192.tif,0.584202,20.8298
train,17193.tif,0.533962,19.8181
train,17194.tif,0.572338,18.8331
train,17195.tif,0.549151,22.8638
train,17196.tif,0.63452,20.7036
train,17197.tif,0.517531,20.4735
train,17198.tif,0.575089,21.7427
train,172.tif,0.461365,18.3638
train,1720.tif,0.389336,16.094
train,1721.tif,0.518889,19.1385
train,1722.tif,0.490501,20.3253
train,1723.tif,0.539125,20.0963
train,1724.tif,0.51788,17.9531
train,1725.tif,0.591096,19.8187
train,1726.tif,0.579877,19.6963
train,1727.tif,0.504724,15.627
train,1728.tif,0.489118,20.1853
train,1729.tif,0.518004,18.9363
train,173.tif,0.556582,20.7372
train,1730.tif,0.477916,19.1719
train,1731.tif,0.451618,15.1109
train,1732.tif,0.470713,17.9608
train,1733.tif,0.573005,20.7538
train,1734.tif,0.554411,18.7306
train,1735.tif,0.591995,19.9215
train,1736.tif,0.480001,18.0557
train,1737.tif,0.474583,19.4303
train,1738.tif,0.542357,21.3162
train,1739.tif,0.484382,20.3114
train,174.tif,0.494517,17.9826
train,1740.tif,0.439521,18.4571
train,1741.tif,0.511136,19.0752
train,1742.tif,0.50151,18.7059
train,1743.tif,0.615833,20.4774
train,1744.tif,0.507627,19.3334
train,1745.tif,0.538076,17.0576
train,1746.tif,0.50655,18.5272
train,1747.tif,0.512939,15.6859
train,1748.tif,0.480117,17.28
train,1749.tif,0.520376,18.0145
train,175.tif,0.494758,17.3313
train,1750.tif,0.453694,17.3482
train,1751.tif,0.487,17.0574
train,1752.tif,0.570406,21.507
train,1753.tif,0.455355,14.5594
train,1754.tif,0.49746,19.4458
train,1755.tif,0.372158,16.7588
train,1756.tif,0.469987,17.2435
train,1757.tif,0.43764,17.2935
train,1758.tif,0.367028,16.9641
train,1759.tif,0.769386,24.183
train,176.tif,0.473854,19.1742
train,1760.tif,0.500008,18.8294
train,1761.tif,0.557807,21.0055
train,1762.tif,0.536388,20.4824
train,1763.tif,0.540545,19.3679
train,1764.tif,0.489947,21.1534
train,1765.tif,0.724196,24.0338
train,1766.tif,0.521732,19.7259
train,1767.tif,0.486956,19.9472
train,1768.tif,0.489004,19.2324
train,1769.tif,0.516014,19.2273
train,177.tif,0.550191,18.9703
train,1770.tif,0.440065,18.5303
train,1771.tif,0.505397,20.2417
train,1772.tif,0.662248,20.1875
train,1773.tif,0.530457,18.1569
train,1774.tif,0.505978,19.3012
train,1775.tif,0.439847,17.5897
train,1776.tif,0.661491,18.3046
train,1777.tif,0.522111,19.0434
train,1778.tif,0.572311,21.4465
train,1779.tif,0.452377,17.7064
train,178.tif,0.539654,20.8078
train,1780.tif,0.524287,20.6678
train,1781.tif,0.494002,19.2183
train,1782.tif,0.468664,18.3422
train,1783.tif,0.487911,18.8651
train,1784.tif,0.738653,25.4435
train,1785.tif,0.425901,19.1624
train,1786.tif,0.405505,17.5227
train,1787.tif,0.483367,19.5228
train,1788.tif,0.439188,17.7726
train,1789.tif,0.689967,22.4961
train,179.tif,0.544201,20.6566
train,1790.tif,0.602164,18.0955
train,1791.tif,0.397911,17.5618
train,1792.tif,0.55942,19.9559
train,1793.tif,0.465026,19.7635
train,1794.tif,0.415983,17.223
train,1795.tif,0.602794,20.8727
train,1796.tif,0.517556,17.172
train,1797.tif,0.518918,19.4118
train,1798.tif,0.494553,17.8094
train,1799.tif,0.45754,18.26
train,18.tif,0.579168,20.7616
train,180.tif,0.575957,19.2636
train,1800.tif,0.426825,18.2829
train,1801.tif,0.472513,18.3744
train,1802.tif,0.482835,18.6547
train,1803.tif,0.571102,22.1003
train,1804.tif,0.560711,18.966
train,1805.tif,0.452367,16.748
train,1806.tif,0.437856,17.0389
train,1807.tif,0.578396,20.9784
train,1808.tif,0.675109,23.436
train,1809.tif,0.513879,19.0953
train,181.tif,0.491743,19.4886
train,1810.tif,0.575911,18.4971
train,1811.tif,0.501879,18.5824
train,1812.tif,0.558177,19.0497
train,1813.tif,0.525937,18.9521
train,1814.tif,0.523654,20.4909
train,1815.tif,0.642255,19.2096
train,1816.tif,0.496058,19.2354
train,1817.tif,0.671848,18.4467
train,1818.tif,0.500511,19.1364
train,1819.tif,0.511801,20.3082
train,182.tif,0.589134,17.599
train,1820.tif,0.459358,18.4083
train,1821.tif,0.474142,19.1698
train,1822.tif,0.615919,20.067
train,1823.tif,0.48769,19.0363
train,1824.tif,0.523064,18.2579
train,1825.tif,0.47903,18.1061
train,1826.tif,0.426342,18.0274
train,1827.tif,0.49833,21.0065
train,1828.tif,0.51176,19.3404
train,1829.tif,0.432367,18.2551
train,183.tif,0.529069,19.5442
train,1830.tif,0.483175,16.8896
train,1831.tif,0.490527,17.1168
train,1832.tif,0.478295,19.5212
train,1833.tif,0.495063,18.4593
train,1834.tif,0.475258,18.3045
train,1835.tif,0.630892,22.5492
train,1836.tif,0.457863,18.2853
train,1837.tif,0.492548,20.6636
train,1838.tif,0.495508,19.2656
train,1839.tif,0.535354,20.3107
train,184.tif,0.561296,20.8221
train,1840.tif,0.495034,20.0007
train,1841.tif,0.462218,18.4639
train,1842.tif,0.548544,20.4878
train,1843.tif,0.556568,18.6592
train,1844.tif,0.536447,17.6626
train,1845.tif,0.478164,19.0751
train,1846.tif,0.532303,20.6544
train,1847.tif,0.572624,19.1608
train,1848.tif,0.534952,19.8402
train,1849.tif,0.580336,19.9988
train,185.tif,0.469612,18.3428
train,1850.tif,0.531668,19.0372
train,1851.tif,0.565952,21.679
train,1852.tif,0.731788,23.044
train,1853.tif,0.433441,19.6641
train,1854.tif,0.73359,22.9713
train,1855.tif,0.520816,19.4092
train,1856.tif,0.493302,18.7638
train,1857.tif,0.521818,16.8055
train,1858.tif,0.531321,17.1173
train,1859.tif,0.629638,21.3438
train,186.tif,0.616838,20.8762
train,1860.tif,0.65625,19.3559
train,1861.tif,0.578943,17.0862
train,1862.tif,0.475567,19.3867
train,1863.tif,0.373227,15.4801
train,1864.tif,0.47672,19.1369
train,1865.tif,0.544878,20.1696
train,1866.tif,0.491503,18.3729
train,1867.tif,0.712304,24.2987
train,1868.tif,0.439489,17.5898
train,1869.tif,0.560376,19.5267
train,187.tif,0.478458,18.7288
train,1870.tif,0.564027,18.7161
train,1871.tif,0.532797,16.2091
train,1872.tif,0.447534,18.6479
train,1873.tif,0.501549,19.8713
train,1874.tif,0.55778,19.7244
train,1875.tif,0.538779,17.0165
train,1876.tif,0.432842,17.4374
train,1877.tif,0.633147,21.1855
train,1878.tif,0.536187,19.9849
train,1879.tif,0.562748,17.9715
train,188.tif,0.777507,19.7792
train,1880.tif,0.481854,16.7197
train,1881.tif,0.631575,19.673
train,1882.tif,0.46717,19.0436
train,1883.tif,0.478744,17.0471
train,1884.tif,0.485595,19.5125
train,1885.tif,0.523149,18.6837
train,1886.tif,0.420744,16.785
train,1887.tif,0.412931,16.8272
train,1888.tif,0.509168,20.0762
train,1889.tif,0.510587,19.3278
train,189.tif,0.523842,19.5085
train,1890.tif,0.447049,16.5205
train,1891.tif,0.516734,16.3911
train,1892.tif,0.7318,23.4331
train,1893.tif,0.378131,16.0894
train,1894.tif,0.419149,16.362
train,1895.tif,0.409378,17.4968
train,1896.tif,0.505417,18.0347
train,1897.tif,0.552803,21.2627
train,1898.tif,0.566081,17.254
train,1899.tif,0.516153,21.5709
train,19.tif,0.661638,18.0611
train,190.tif,0.570407,20.3805
train,1900.tif,0.565523,19.7263
train,1901.tif,0.474856,19.4247
train,1902.tif,0.538921,20.9768
train,1903.tif,0.560653,21.2461
train,1904.tif,0.526188,18.301
train,1905.tif,0.58079,17.9956
train,1906.tif,0.616541,22.1422
train,1907.tif,0.416633,17.5217
train,1908.tif,0.50869,19.1271
train,1909.tif,0.496445,19.4698
train,191.tif,0.542182,18.8157
train,1910.tif,0.471351,17.4024
train,1911.tif,0.594843,21.9343
train,1912.tif,0.470301,16.6317
train,1913.tif,0.614473,19.8683
train,1914.tif,0.451552,18.4568
train,1915.tif,0.483804,19.8494
train,1916.tif,0.4589,19.0264
train,1917.tif,0.489181,18.9831
train,1918.tif,0.689985,22.1539
train,1919.tif,0.4995,19.555
train,192.tif,0.485447,18.2038
train,1920.tif,0.506936,19.9226
train,1921.tif,0.463021,15.9299
train,1922.tif,0.657884,21.8723
train,1923.tif,0.51545,19.5206
train,1924.tif,0.370324,17.3421
train,1925.tif,0.513146,20.4925
train,1926.tif,0.509749,18.0111
train,1927.tif,0.462714,19.0416
train,1928.tif,0.489427,19.7013
train,1929.tif,0.513024,19.7837
train,193.tif,0.551053,18.5231
train,1930.tif,0.593942,18.7527
train,1931.tif,0.488177,16.4244
train,1932.tif,0.551353,18.6071
train,1933.tif,0.589743,18.8996
train,1934.tif,0.383936,17.2878
train,1935.tif,0.579044,19.9202
train,1936.tif,0.45821,18.7036
train,1937.tif,0.455348,18.4165
train,1938.tif,0.450273,18.4331
train,1939.tif,0.604594,19.775
train,194.tif,0.54918,18.5841
train,1940.tif,0.494416,18.5835
train,1941.tif,0.483663,19.1807
train,1942.tif,0.538562,19.9855
train,1943.tif,0.437758,18.1906
train,1944.tif,0.503737,19.6507
train,1945.tif,0.623217,19.5725
train,1946.tif,0.701208,21.0511
train,1947.tif,0.55536,18.5338
train,1948.tif,0.568113,20.2053
train,1949.tif,0.499616,18.1511
train,195.tif,0.522317,19.5063
train,1950.tif,0.480511,17.0186
train,1951.tif,0.480754,18.9653
train,1952.tif,0.504084,19.3995
train,1953.tif,0.453906,19.0304
train,1954.tif,0.483852,16.6108
train,1955.tif,0.51944,19.6696
train,1956.tif,0.44598,18.4454
train,1957.tif,0.570073,19.7558
train,1958.tif,0.32675,17.1752
train,1959.tif,0.439329,17.744
train,196.tif,0.455372,19.2551
train,1960.tif,0.485238,17.9337
train,1961.tif,0.478922,19.0141
train,1962.tif,0.634518,21.1947
train,1963.tif,0.520631,20.2149
train,1964.tif,0.516525,19.1703
train,1965.tif,0.48198,18.3104
train,1966.tif,0.502422,17.4624
train,1967.tif,0.550668,19.0994
train,1968.tif,0.535314,18.7764
train,1969.tif,0.536017,20.294
train,197.tif,0.514309,19.2905
train,1970.tif,0.475666,18.8958
train,1971.tif,0.446218,16.9526
train,1972.tif,0.554563,18.429
train,1973.tif,0.487998,17.4511
train,1974.tif,0.427823,16.1501
train,1975.tif,0.52223,18.8113
train,1976.tif,0.56355,17.8238
train,1977.tif,0.593094,19.3707
train,1978.tif,0.559828,19.5834
train,1979.tif,0.49844,18.5528
train,198.tif,0.511313,19.6739
train,1980.tif,0.499263,18.6736
train,1981.tif,0.581224,19.995
train,1982.tif,0.568925,21.3209
train,1983.tif,0.536297,20.0287
train,1984.tif,0.466914,17.1818
train,1985.tif,0.560866,19.5963
train,1986.tif,0.422632,17.6994
train,1987.tif,0.511163,19.9163
train,1988.tif,0.467626,16.2246
train,1989.tif,0.549043,19.35
train,199.tif,0.596031,20.8089
train,1990.tif,0.611422,20.9752
train,1991.tif,0.482093,18.4452
train,1992.tif,0.478649,19.5743
train,1993.tif,0.485276,19.549
train,1994.tif,0.512712,19.3171
train,1995.tif,0.567226,18.6762
train,1996.tif,0.503063,18.9039
train,1997.tif,0.441861,17.3304
train,1998.tif,0.587893,20.5456
train,1999.tif,0.510765,19.5279
train,2.tif,0.529095,19.2695
train,20.tif,0.52842,18.146
train,200.tif,0.563005,19.5929
train,2000.tif,0.525878,20.2737
train,2001.tif,0.526826,20.1829
train,2002.tif,0.558595,19.1379
train,2003.tif,0.491966,18.0258
train,2004.tif,0.536062,20.4955
train,2005.tif,0.4449,19.236
train,2006.tif,0.466304,19.1848
train,2007.tif,0.490945,19.0869
train,2008.tif,0.486838,19.5046
train,2009.tif,0.469302,18.3582
train,201.tif,0.488403,19.0272
train,2010.tif,0.470459,19.7851
train,2011.tif,0.60768,18.9571
train,2012.tif,0.580729,19.207
train,2013.tif,0.453918,17.0733
train,2014.tif,0.462081,18.4557
train,2015.tif,0.674738,20.55
train,2016.tif,0.694622,22.725
train,2017.tif,0.518322,19.9715
train,2018.tif,0.603881,20.2169
train,2019.tif,0.612102,21.2464
train,202.tif,0.513642,18.557
train,2020.tif,0.39664,17.8061
train,2021.tif,0.475986,19.4694
train,2022.tif,0.675058,20.3904
train,2023.tif,0.511544,18.2072
train,2024.tif,0.517773,19.8161
train,2025.tif,0.432779,17.245
train,2026.tif,0.528573,19.1949
train,2027.tif,0.553547,20.0518
train,2028.tif,0.575913,19.4143
train,2029.tif,0.507481,15.8221
train,203.tif,0.45625,18.1544
train,2030.tif,0.624422,19.6178
train,2031.tif,0.45309,18.3941
train,2032.tif,0.515452,19.2938
train,2033.tif,0.593476,19.9326
train,2034.tif,0.612708,21.2221
train,2035.tif,0.629325,20.7561
train,2036.tif,0.528785,19.7648
train,2037.tif,0.457462,19.2304
train,2038.tif,0.613985,16.786
train,2039.tif,0.557336,19.8847
train,204.tif,0.574015,19.5589
train,2040.tif,0.417332,15.8038
train,2041.tif,0.494424,16.1909
train,2042.tif,0.568915,18.9072
train,2043.tif,0.429361,17.3804
train,2044.tif,0.48892,18.8433
train,2045.tif,0.486203,19.5027
train,2046.tif,0.599605,17.737
train,2047.tif,0.570946,19.029
train,2048.tif,0.500786,17.9274
train,2049.tif,0.518324,19.2242
train,205.tif,0.520592,20.0695
train,2050.tif,0.422628,17.7131
train,2051.tif,0.602182,21.9132
train,2052.tif,0.473258,17.5981
train,2053.tif,0.507223,18.9412
train,2054.tif,0.506604,20.1312
train,2055.tif,0.503277,19.0732
train,2056.tif,0.495303,20.6601
train,2057.tif,0.514769,19.6295
train,2058.tif,0.736555,22.0357
train,2059.tif,0.432207,19.447
train,206.tif,0.5193,19.2966
train,2060.tif,0.48947,19.6151
train,2061.tif,0.495564,18.8589
train,2062.tif,0.438715,15.7003
train,2063.tif,0.451085,18.1809
train,2064.tif,0.459252,15.4696
train,2065.tif,0.515291,19.0575
train,2066.tif,0.471229,17.6953
train,2067.tif,0.419104,19.0177
train,2068.tif,0.540533,20.4743
train,2069.tif,0.627667,19.2763
train,207.tif,0.534903,18.6326
train,2070.tif,0.479222,19.5072
train,2071.tif,0.655124,20.4237
train,2072.tif,0.494745,17.8705
train,2073.tif,0.501243,18.4662
train,2074.tif,0.424249,17.2285
train,2075.tif,0.555442,19.4389
train,2076.tif,0.578568,20.0292
train,2077.tif,0.473004,17.5472
train,2078.tif,0.75035,23.2987
train,2079.tif,0.492618,18.1128
train,208.tif,0.607933,21.1722
train,2080.tif,0.449929,18.4786
train,2081.tif,0.515618,17.2712
train,2082.tif,0.543281,19.1492
train,2083.tif,0.504517,17.1722
train,2084.tif,0.580821,18.985
train,2085.tif,0.480606,18.4893
train,2086.tif,0.460477,18.9175
train,2087.tif,0.559303,20.6692
train,2088.tif,0.856356,26.0664
train,2089.tif,0.534366,19.6811
train,209.tif,0.614103,19.9574
train,2090.tif,0.497863,19.5523
train,2091.tif,0.496777,17.8972
train,2092.tif,0.554333,20.4171
train,2093.tif,0.570311,16.7126
train,2094.tif,0.555624,18.973
train,2095.tif,0.555614,19.83
train,2096.tif,0.513373,16.5665
train,2097.tif,0.500244,17.0862
train,2098.tif,0.557672,20.2752
train,2099.tif,0.673647,22.284
train,21.tif,0.504625,18.9637
train,210.tif,0.495964,18.4267
train,2100.tif,0.433721,16.2981
train,2101.tif,0.789829,23.2779
train,2102.tif,0.437082,19.1303
train,2103.tif,0.496343,19.2405
train,2104.tif,0.506806,18.2539
train,2105.tif,0.827197,25.1816
train,2106.tif,0.581329,20.2053
train,2107.tif,0.570426,16.6616
train,2108.tif,0.492954,18.7649
train,2109.tif,0.452712,17.8653
train,211.tif,0.580942,22.2903
train,2110.tif,0.467263,18.5251
train,2111.tif,0.866832,23.4056
train,2112.tif,0.509138,17.9606
train,2113.tif,0.433764,16.2988
train,2114.tif,0.51566,19.5777
train,2115.tif,0.49197,17.8273
train,2116.tif,0.522602,20.1216
train,2117.tif,0.490208,17.7124
train,2118.tif,0.535327,20.3371
train,2119.tif,0.62707,21.3411
train,212.tif,0.558064,19.8246
train,2120.tif,0.527174,19.2191
train,2121.tif,0.474634,18.9767
train,2122.tif,0.531229,18.0785
train,2123.tif,0.519188,19.8846
train,2124.tif,0.569626,17.735
train,2125.tif,0.566265,20.3366
train,2126.tif,0.551792,17.9474
train,2127.tif,0.482856,18.3397
train,2128.tif,0.50831,18.0465
train,2129.tif,0.423326,17.7036
train,213.tif,0.508993,18.1751
train,2130.tif,0.485901,18.2715
train,2131.tif,0.603951,21.5595
train,2132.tif,0.560132,20.8426
train,2133.tif,0.583203,21.7337
train,2134.tif,0.49599,18.4308
train,2135.tif,0.504337,17.585
train,2136.tif,0.498949,17.3402
train,2137.tif,0.697232,20.9313
train,2138.tif,0.458611,15.665
train,2139.tif,0.478111,17.6639
train,214.tif,0.524273,18.991
train,2140.tif,0.483962,18.6417
train,2141.tif,0.44884,19.0204
train,2142.tif,0.716255,22.4887
train,2143.tif,0.554455,20.0386
train,2144.tif,0.671477,19.1229
train,2145.tif,0.531628,20.5953
train,2146.tif,0.556639,18.742
train,2147.tif,0.529494,19.5602
train,2148.tif,0.518205,20.5778
train,2149.tif,0.451315,17.262
train,215.tif,0.562036,18.3112
train,2150.tif,0.545785,19.9906
train,2151.tif,0.453321,18.333
train,2152.tif,0.582488,20.2406
train,2153.tif,0.645665,21.6757
train,2154.tif,0.517237,19.5017
train,2155.tif,0.484511,19.3766
train,2156.tif,0.595581,21.5899
train,2157.tif,0.588557,21.1802
train,2158.tif,0.486425,18.7413
train,2159.tif,0.397463,16.7067
train,216.tif,0.495417,17.8659
train,2160.tif,0.540113,20.4773
train,2161.tif,0.496674,20.3349
train,2162.tif,0.489546,18.7578
train,2163.tif,0.483734,18.2224
train,2164.tif,0.53374,18.2843
train,2165.tif,0.590561,18.7179
train,2166.tif,0.592786,21.8286
train,2167.tif,0.450505,17.8254
train,2168.tif,0.525004,19.4431
train,2169.tif,0.557187,16.3744
train,217.tif,0.500863,19.0726
train,2170.tif,0.582407,22.8462
train,2171.tif,0.598289,21.0138
train,2172.tif,0.542159,19.1688
train,2173.tif,0.540272,17.7077
train,2174.tif,0.612961,20.5296
train,2175.tif,0.50101,18.4195
train,2176.tif,0.482371,17.7967
train,2177.tif,0.450631,16.7761
train,2178.tif,0.548338,18.0487
train,2179.tif,0.446901,18.0029
train,218.tif,0.564537,16.5637
train,2180.tif,0.503637,19.0072
train,2181.tif,0.542598,18.2717
train,2182.tif,0.615685,20.6492
train,2183.tif,0.519127,19.1352
train,2184.tif,0.502004,19.6952
train,2185.tif,0.473539,19.153
train,2186.tif,0.577372,19.7606
train,2187.tif,0.509386,18.6598
train,2188.tif,0.537197,17.7772
train,2189.tif,0.533996,20.612
train,219.tif,0.670644,21.1079
train,2190.tif,0.461747,18.0957
train,2191.tif,0.478854,19.7322
train,2192.tif,0.741095,23.5916
train,2193.tif,0.50601,19.2094
train,2194.tif,0.559047,16.2474
train,2195.tif,0.684602,19.5316
train,2196.tif,0.553559,21.3339
train,2197.tif,0.600195,18.5239
train,2198.tif,0.514878,19.4577
train,2199.tif,0.586159,19.2307
train,22.tif,0.486371,20.3227
train,220.tif,0.519205,18.4839
train,2200.tif,0.546097,17.7121
train,2201.tif,0.570189,22.0113
train,2202.tif,0.557928,20.2059
train,2203.tif,0.603551,22.505
train,2204.tif,0.529561,17.6007
train,2205.tif,0.653421,20.9021
train,2206.tif,0.790574,24.7913
train,2207.tif,0.5247,20.2708
train,2208.tif,0.502933,18.6473
train,2209.tif,0.366149,16.4881
train,221.tif,0.568024,20.2579
train,2210.tif,0.563016,21.4348
train,2211.tif,0.579741,21.4003
train,2212.tif,0.595222,20.0463
train,2213.tif,0.479707,16.3301
train,2214.tif,0.46815,18.9035
train,2215.tif,0.544071,19.2388
train,2216.tif,0.529456,19.5711
train,2217.tif,0.453976,18.643
train,2218.tif,0.553526,20.998
train,2219.tif,0.528216,19.8934
train,222.tif,0.565069,19.3845
train,2220.tif,0.503368,18.0731
train,2221.tif,0.530314,19.7823
train,2222.tif,0.541267,19.2391
train,2223.tif,0.473986,18.3771
train,2224.tif,0.508808,19.1813
train,2225.tif,0.463742,16.8412
train,2226.tif,0.691521,20.2885
train,2227.tif,0.558486,20.4839
train,2228.tif,0.689836,21.9909
train,2229.tif,0.474191,18.2322
train,223.tif,0.491514,19.2515
train,2230.tif,0.599668,20.083
train,2231.tif,0.54655,19.4507
train,2232.tif,0.593971,22.3345
train,2233.tif,0.560968,22.2969
train,2234.tif,0.645482,21.3489
train,2235.tif,0.471784,19.7464
train,2236.tif,0.459946,17.5956
train,2237.tif,0.649558,21.7888
train,2238.tif,0.585915,21.32
train,2239.tif,0.542707,20.7205
train,224.tif,0.760449,23.6954
train,2240.tif,0.593111,21.3422
train,2241.tif,0.508219,19.1379
train,2242.tif,0.689248,20.0541
train,2243.tif,0.44934,16.1297
train,2244.tif,0.595012,22.1254
train,2245.tif,0.48547,17.7851
train,2246.tif,0.412846,18.1148
train,2247.tif,0.452171,18.9281
train,2248.tif,0.601489,21.1866
train,2249.tif,0.54066,17.4811
train,225.tif,0.535099,18.2691
train,2250.tif,0.622863,20.727
train,2251.tif,0.561654,20.8789
train,2252.tif,0.511147,18.1631
train,2253.tif,0.57073,20.9476
train,2254.tif,0.623965,17.304
train,2255.tif,0.53675,18.3198
train,2256.tif,0.664536,21.6614
train,2257.tif,0.445859,18.8214
train,2258.tif,0.589237,22.8788
train,2259.tif,0.460101,18.0506
train,226.tif,0.646056,22.3543
train,2260.tif,0.53615,19.6197
train,2261.tif,0.600012,22.7003
train,2262.tif,0.505381,19.753
train,2263.tif,0.468026,18.2988
train,2264.tif,0.768389,25.1234
train,2265.tif,0.577784,19.6032
train,2266.tif,0.470153,19.0246
train,2267.tif,0.56736,20.3776
train,2268.tif,0.630378,21.1345
train,2269.tif,0.485241,18.1702
train,227.tif,0.546506,19.2874
train,2270.tif,0.525242,17.3034
train,2271.tif,0.482968,19.2551
train,2272.tif,0.567886,21.6805
train,2273.tif,0.57869,22.5502
train,2274.tif,0.468719,19.7244
train,2275.tif,0.589412,19.6632
train,2276.tif,0.522396,20.4919
train,2277.tif,0.513011,19.4447
train,2278.tif,0.647216,22.1355
train,2279.tif,0.550943,19.8736
train,228.tif,0.564323,19.2884
train,2280.tif,0.572939,20.5736
train,2281.tif,0.539261,19.0815
train,2282.tif,0.645152,21.8601
train,2283.tif,0.524117,19.7273
train,2284.tif,0.563003,19.8014
train,2285.tif,0.56976,20.975
train,2286.tif,0.552254,18.0549
train,2287.tif,0.535853,18.253
train,2288.tif,0.462028,18.9723
train,2289.tif,0.485918,20.2109
train,229.tif,0.503192,19.262
train,2290.tif,0.572561,21.2968
train,2291.tif,0.589134,19.9481
train,2292.tif,0.51385,19.2227
train,2293.tif,0.490869,18.1189
train,2294.tif,0.551294,17.7174
train,2295.tif,0.572159,19.0894
train,2296.tif,0.434051,18.9295
train,2297.tif,0.528809,20.2231
train,2298.tif,0.519787,14.5654
train,2299.tif,0.50872,17.9632
train,23.tif,0.572235,20.2485
train,230.tif,0.553433,19.4448
train,2300.tif,0.566555,22.5276
train,2301.tif,0.586562,20.8513
train,2302.tif,0.424801,17.3991
train,2303.tif,0.458998,19.8712
train,2304.tif,0.528648,18.1003
train,2305.tif,0.50911,18.8243
train,2306.tif,0.799511,23.4055
train,2307.tif,0.526549,20.7248
train,2308.tif,0.489216,18.9908
train,2309.tif,0.597407,22.1859
train,231.tif,0.752554,22.1883
train,2310.tif,0.520736,19.9677
train,2311.tif,0.531226,18.5583
train,2312.tif,0.729634,24.4754
train,2313.tif,0.768191,25.3395
train,2314.tif,0.71985,22.9871
train,2315.tif,0.553744,21.9086
train,2316.tif,0.56739,22.5969
train,2317.tif,0.612618,23.2913
train,2318.tif,0.588259,21.1053
train,2319.tif,0.570953,19.099
train,232.tif,0.573707,18.8684
train,2320.tif,0.44483,18.424
train,2321.tif,0.515998,21.0383
train,2322.tif,0.590831,20.3053
train,2323.tif,0.543754,20.56
train,2324.tif,0.623409,21.0863
train,2325.tif,0.524842,19.1435
train,2326.tif,0.663665,21.9987
train,2327.tif,0.505982,19.9071
train,2328.tif,0.452898,17.7224
train,2329.tif,0.578411,19.2415
train,233.tif,0.466537,16.7515
train,2330.tif,0.479431,19.4926
train,2331.tif,0.598528,20.7548
train,2332.tif,0.549111,18.3142
train,2333.tif,0.537687,20.1859
train,2334.tif,0.610859,19.9521
train,2335.tif,0.385711,17.1507
train,2336.tif,0.526468,18.7753
train,2337.tif,0.622814,22.2432
train,2338.tif,0.568549,18.9183
train,2339.tif,0.520233,19.9428
train,234.tif,0.515686,18.625
train,2340.tif,0.689442,22.9522
train,2341.tif,0.603643,21.3532
train,2342.tif,0.435223,18.0322
train,2343.tif,0.561839,21.0024
train,2344.tif,0.500259,19.4669
train,2345.tif,0.713803,21.4779
train,2346.tif,0.696294,22.8834
train,2347.tif,0.541846,20.5327
train,2348.tif,0.629227,22.2114
train,2349.tif,0.75734,23.8931
train,235.tif,0.582226,20.2874
train,2350.tif,0.593758,19.6755
train,2351.tif,0.600314,19.5415
train,2352.tif,0.631037,20.2034
train,2353.tif,0.478574,19.078
train,2354.tif,0.7754,21.9103
train,2355.tif,0.65438,22.3452
train,2356.tif,0.616029,19.5031
train,2357.tif,0.622693,21.0795
train,2358.tif,0.513424,19.2225
train,2359.tif,0.526642,21.046
train,236.tif,0.645196,20.8017
train,2360.tif,0.463129,16.7825
train,2361.tif,0.473813,17.8058
train,2362.tif,0.596791,20.3494
train,2363.tif,0.557686,20.0271
train,2364.tif,0.523183,20.038
train,2365.tif,0.520144,19.4464
train,2366.tif,0.576292,19.7657
train,2367.tif,0.444467,17.4579
train,2368.tif,0.479899,17.6965
train,2369.tif,0.555005,19.8907
train,237.tif,0.575062,19.4815
train,2370.tif,0.52753,18.5546
train,2371.tif,0.460283,19.7846
train,2372.tif,0.500635,18.5884
train,2373.tif,0.501523,17.3949
train,2374.tif,0.491269,17.8215
train,2375.tif,0.73887,22.7806
train,2376.tif,0.438716,17.6741
train,2377.tif,0.480886,19.0868
train,2378.tif,0.694268,21.3592
train,2379.tif,0.602375,22.3172
train,238.tif,0.588566,21.5475
train,2380.tif,0.679286,19.4923
train,2381.tif,0.511614,17.2918
train,2382.tif,0.636825,24.3646
train,2383.tif,0.472483,18.8457
train,2384.tif,0.541065,21.1105
train,2385.tif,0.593177,16.8104
train,2386.tif,0.500353,18.6478
train,2387.tif,0.479432,18.4188
train,2388.tif,0.496,17.3811
train,2389.tif,0.572383,21.0996
train,239.tif,0.538721,19.9554
train,2390.tif,0.55964,15.7893
train,2391.tif,0.564682,19.4951
train,2392.tif,0.471714,18.7125
train,2393.tif,0.512973,20.139
train,2394.tif,0.482008,18.3911
train,2395.tif,0.61406,20.7695
train,2396.tif,0.538555,19.9737
train,2397.tif,0.538486,20.3149
train,2398.tif,0.605424,20.3334
train,2399.tif,0.543409,18.5849
train,24.tif,0.539012,19.3352
train,240.tif,0.637683,20.6189
train,2400.tif,0.489437,18.9186
train,2401.tif,0.556125,16.6259
train,2402.tif,0.478259,18.4829
train,2403.tif,0.501866,17.9381
train,2404.tif,0.499638,20.195
train,2405.tif,0.460401,18.1832
train,2406.tif,0.538654,19.6133
train,2407.tif,0.592661,21.1297
train,2408.tif,0.608777,20.9392
train,2409.tif,0.422741,16.9519
train,241.tif,0.574085,19.7738
train,2410.tif,0.494286,18.1919
train,2411.tif,0.503935,19.9728
train,2412.tif,0.559085,19.4629
train,2413.tif,0.453308,18.2815
train,2414.tif,0.503674,19.8872
train,2415.tif,0.571802,21.8503
train,2416.tif,0.465198,18.8336
train,2417.tif,0.438235,17.6066
train,2418.tif,0.419642,18.1875
train,2419.tif,0.639742,19.2655
train,242.tif,0.593461,19.0537
train,2420.tif,0.559654,19.2829
train,2421.tif,0.482113,18.621
train,2422.tif,0.74414,25.3123
train,2423.tif,0.571366,20.664
train,2424.tif,0.510333,20.7776
train,2425.tif,0.7831,25.6137
train,2426.tif,0.502145,19.9317
train,2427.tif,0.491937,18.6199
train,2428.tif,0.655,23.1133
train,2429.tif,0.598368,21.425
train,243.tif,0.521186,17.8837
train,2430.tif,0.576183,19.0441
train,2431.tif,0.497209,17.6351
train,2432.tif,0.503902,20.0445
train,2433.tif,0.485072,17.1431
train,2434.tif,0.689654,20.0681
train,2435.tif,0.481108,18.4636
train,2436.tif,0.62142,19.5648
train,2437.tif,0.582823,19.9182
train,2438.tif,0.456056,17.433
train,2439.tif,0.456986,18.5621
train,244.tif,0.50008,19.6838
train,2440.tif,0.582837,18.3102
train,2441.tif,0.462374,18.5776
train,2442.tif,0.489381,19.019
train,2443.tif,0.655971,23.1361
train,2444.tif,0.569811,19.1595
train,2445.tif,0.637475,20.572
train,2446.tif,0.534335,19.3038
train,2447.tif,0.517504,20.4183
train,2448.tif,0.461985,18.0497
train,2449.tif,0.466298,17.0468
train,245.tif,0.552002,19.266
train,2450.tif,0.570284,20.4508
train,2451.tif,0.525077,18.7034
train,2452.tif,0.530876,19.6102
train,2453.tif,0.579056,19.6986
train,2454.tif,0.540253,20.6488
train,2455.tif,0.758482,25.1294
train,2456.tif,0.561787,20.375
train,2457.tif,0.563419,22.5974
train,2458.tif,0.621769,20.7854
train,2459.tif,0.869904,26.218
train,246.tif,0.507865,20.0577
train,2460.tif,0.537477,18.4209
train,2461.tif,0.524854,19.2042
train,2462.tif,0.435769,16.8867
train,2463.tif,0.662203,22.0245
train,2464.tif,0.546046,19.7308
train,2465.tif,0.557289,20.9967
train,2466.tif,0.377236,17.6519
train,2467.tif,0.515179,19.2478
train,2468.tif,0.500254,19.0821
train,2469.tif,0.485457,18.1597
train,247.tif,0.507465,18.4055
train,2470.tif,0.560772,21.9914
train,2471.tif,0.592772,21.0669
train,2472.tif,0.473884,17.0714
train,2473.tif,0.490033,18.1933
train,2474.tif,0.721939,17.599
train,2475.tif,0.653592,20.7641
train,2476.tif,0.509963,18.438
train,2477.tif,0.574492,19.6441
train,2478.tif,0.526488,18.772
train,2479.tif,0.510665,18.1982
train,248.tif,0.617832,19.8957
train,2480.tif,0.526112,19.5578
train,2481.tif,0.54459,21.0288
train,2482.tif,0.434684,16.7631
train,2483.tif,0.583264,18.4367
train,2484.tif,0.548696,19.5165
train,2485.tif,0.49766,18.4893
train,2486.tif,0.529293,19.7303
train,2487.tif,0.457849,17.742
train,2488.tif,0.525705,18.3162
train,2489.tif,0.581148,20.5945
train,249.tif,0.58412,20.2869
train,2490.tif,0.438339,19.7214
train,2491.tif,0.477302,15.2768
train,2492.tif,0.528025,17.4463
train,2493.tif,0.476546,18.9986
train,2494.tif,0.556482,22.3904
train,2495.tif,0.465328,19.2139
train,2496.tif,0.574172,19.2035
train,2497.tif,0.493704,19.2069
train,2498.tif,0.573839,20.286
train,2499.tif,0.774519,24.593
train,25.tif,0.540811,16.5507
train,250.tif,0.480678,19.2512
train,2500.tif,0.459208,18.0932
train,2501.tif,0.702722,24.1406
train,2502.tif,0.557772,18.6379
train,2503.tif,0.451398,18.9043
train,2504.tif,0.537503,19.5732
train,2505.tif,0.562825,18.147
train,2506.tif,0.584718,18.8671
train,2507.tif,0.550465,20.1459
train,2508.tif,0.628467,22.121
train,2509.tif,0.477925,17.9043
train,251.tif,0.60955,19.8385
train,2510.tif,0.449099,18.2803
train,2511.tif,0.590184,19.7798
train,2512.tif,0.610703,22.6332
train,2513.tif,0.512279,18.9588
train,2514.tif,0.55705,21.0634
train,2515.tif,0.666778,22.4573
train,2516.tif,0.486748,18.4627
train,2517.tif,0.554725,19.8025
train,2518.tif,0.511264,22.1605
train,2519.tif,0.6274,22.1364
train,252.tif,0.563906,18.6042
train,2520.tif,0.468741,21.2662
train,2521.tif,0.620233,17.7177
train,2522.tif,0.543823,16.074
train,2523.tif,0.516824,14.9028
train,2524.tif,0.621693,19.3947
train,2525.tif,0.649385,21.3584
train,2526.tif,0.488123,18.6925
train,2527.tif,0.43908,17.0449
train,2528.tif,0.537287,18.1245
train,2529.tif,0.546285,20.9031
train,253.tif,0.584453,19.5484
train,2530.tif,0.54783,20.6155
train,2531.tif,0.406408,16.6976
train,2532.tif,0.601864,16.2823
train,2533.tif,0.483256,18.4666
train,2534.tif,0.523592,18.8827
train,2535.tif,0.48092,19.1119
train,2536.tif,0.424623,17.2805
train,2537.tif,0.498991,17.6498
train,2538.tif,0.524741,18.4851
train,2539.tif,0.52859,19.4936
train,254.tif,0.495855,18.3968
train,2540.tif,0.595242,21.7409
train,2541.tif,0.628402,20.8371
train,2542.tif,0.765364,24.1306
train,2543.tif,0.488106,18.0367
train,2544.tif,0.505689,19.5162
train,2545.tif,0.589576,19.6223
train,2546.tif,0.598252,19.3962
train,2547.tif,0.63771,21.6869
train,2548.tif,0.536872,18.8442
train,2549.tif,0.515194,19.1287
train,255.tif,0.53403,18.8095
train,2550.tif,0.686799,22.0275
train,2551.tif,0.543421,21.2195
train,2552.tif,0.51106,18.8194
train,2553.tif,0.483672,18.1877
train,2554.tif,0.514113,18.8984
train,2555.tif,0.725049,22.0238
train,2556.tif,0.527259,20.192
train,2557.tif,0.484035,19.0516
train,2558.tif,0.567991,18.1271
train,2559.tif,0.537628,21.2206
train,256.tif,0.473344,18.5462
train,2560.tif,0.543415,17.2076
train,2561.tif,0.420389,17.9523
train,2562.tif,0.665145,21.405
train,2563.tif,0.470205,19.1173
train,2564.tif,0.564281,20.035
train,2565.tif,0.554605,18.7625
train,2566.tif,0.545422,20.8252
train,2567.tif,0.446168,18.3541
train,2568.tif,0.739111,24.7377
train,2569.tif,0.560695,22.2145
train,257.tif,0.842716,23.8456
train,2570.tif,0.510515,18.2663
train,2571.tif,0.538128,20.8762
train,2572.tif,0.496562,18.4218
train,2573.tif,0.558364,20.1432
train,2574.tif,0.483727,17.6933
train,2575.tif,0.494627,19.7642
train,2576.tif,0.470592,18.0546
train,2577.tif,0.550981,21.3936
train,2578.tif,0.515039,20.0313
train,2579.tif,0.542373,21.0022
train,258.tif,0.606039,20.6479
train,2580.tif,0.499123,17.9244
train,2581.tif,0.560806,20.0335
train,2582.tif,0.607118,20.6414
train,2583.tif,0.623057,19.4688
train,2584.tif,0.507357,18.5957
train,2585.tif,0.625768,20.9422
train,2586.tif,0.531909,18.0519
train,2587.tif,0.428618,17.5035
train,2588.tif,0.468619,17.982
train,2589.tif,0.661943,21.7781
train,259.tif,0.584926,20.6293
train,2590.tif,0.752239,23.8885
train,2591.tif,0.624982,22.1751
train,2592.tif,0.534073,19.5452
train,2593.tif,0.56573,21.0919
train,2594.tif,0.471637,19.9221
train,2595.tif,0.491593,15.8488
train,2596.tif,0.58079,20.595
train,2597.tif,0.653112,22.7764
train,2598.tif,0.512009,19.3652
train,2599.tif,0.628727,20.4708
train,26.tif,0.571898,19.5138
train,260.tif,0.817361,21.47
train,2600.tif,0.454379,17.8939
train,2601.tif,0.769791,23.2607
train,2602.tif,0.582075,20.2335
train,2603.tif,0.565731,20.24
train,2604.tif,0.572187,19.0349
train,2605.tif,0.513547,19.545
train,2606.tif,0.706411,24.3596
train,2607.tif,0.589046,23.274
train,2608.tif,0.687354,21.2757
train,2609.tif,0.513217,17.7698
train,261.tif,0.539466,19.0447
train,2610.tif,0.542706,19.1541
train,2611.tif,0.566915,19.5442
train,2612.tif,0.483456,19.9625
train,2613.tif,0.530528,17.6721
train,2614.tif,0.445561,18.6575
train,2615.tif,0.54616,16.216
train,2616.tif,0.565699,20.6943
train,2617.tif,0.557908,21.9564
train,2618.tif,0.47445,18.4272
train,2619.tif,0.63849,21.9872
train,262.tif,0.517146,18.6214
train,2620.tif,0.63569,21.5683
train,2621.tif,0.389274,16.9178
train,2622.tif,0.78542,23.7214
train,2623.tif,0.595702,20.6745
train,2624.tif,0.457463,18.6845
train,2625.tif,0.482315,19.5346
train,2626.tif,0.558278,19.7051
train,2627.tif,0.507146,18.8642
train,2628.tif,0.539818,18.4249
train,2629.tif,0.555572,20.4456
train,263.tif,0.61414,20.8009
train,2630.tif,0.446334,18.4898
train,2631.tif,0.543657,19.2629
train,2632.tif,0.499461,19.3348
train,2633.tif,0.63516,22.0582
train,2634.tif,0.476102,18.0873
train,2635.tif,0.539573,19.9233
train,2636.tif,0.603566,20.9654
train,2637.tif,0.517813,17.8636
train,2638.tif,0.473425,18.3408
train,2639.tif,0.444492,18.5907
train,264.tif,0.54583,17.0163
train,2640.tif,0.457241,18.3492
train,2641.tif,0.529504,17.6177
train,2642.tif,0.522672,15.339
train,2643.tif,0.652748,22.0783
train,2644.tif,0.626455,21.5074
train,2645.tif,0.465873,17.9626
train,2646.tif,0.635541,20.744
train,2647.tif,0.448888,18.5546
train,2648.tif,0.655053,20.8091
train,2649.tif,0.605987,20.6781
train,265.tif,0.590224,21.2503
train,2650.tif,0.766531,25.9715
train,2651.tif,0.46439,18.7482
train,2652.tif,0.538101,17.311
train,2653.tif,0.677559,22.2858
train,2654.tif,0.736758,23.0861
train,2655.tif,0.479253,19.0582
train,2656.tif,0.492792,14.8189
train,2657.tif,0.572394,20.1411
train,2658.tif,0.460568,19.8178
train,2659.tif,0.539597,16.9526
train,266.tif,0.594079,19.7002
train,2660.tif,0.555329,21.0524
train,2661.tif,0.478684,19.2531
train,2662.tif,0.511817,18.6407
train,2663.tif,0.510806,20.2685
train,2664.tif,0.597334,20.4857
train,2665.tif,0.650972,19.6173
train,2666.tif,0.475214,18.7108
train,2667.tif,0.555756,19.8421
train,2668.tif,0.544514,19.3848
train,2669.tif,0.468491,18.4253
train,267.tif,0.496432,19.3146
train,2670.tif,0.583588,21.0259
train,2671.tif,0.440367,17.4898
train,2672.tif,0.519604,18.0105
train,2673.tif,0.53734,21.0695
train,2674.tif,0.622835,20.8692
train,2675.tif,0.422365,17.9033
train,2676.tif,0.525087,16.3644
train,2677.tif,0.565033,19.3942
train,2678.tif,0.520553,20.714
train,2679.tif,0.512116,19.2088
train,268.tif,0.476597,19.0526
train,2680.tif,0.52678,19.4054
train,2681.tif,0.584505,20.9528
train,2682.tif,0.729128,21.0571
train,2683.tif,0.524903,20.3825
train,2684.tif,0.495973,18.9376
train,2685.tif,0.693928,21.879
train,2686.tif,0.471944,18.173
train,2687.tif,0.644527,22.9721
train,2688.tif,0.472101,19.9951
train,2689.tif,0.51176,18.8042
train,269.tif,0.53251,19.6177
train,2690.tif,0.430196,19.6611
train,2691.tif,0.542898,21.3514
train,2692.tif,0.500743,19.3306
train,2693.tif,0.537077,19.9975
train,2694.tif,0.456502,18.6318
train,2695.tif,0.449627,18.8102
train,2696.tif,0.501568,20.1512
train,2697.tif,0.492593,18.106
train,2698.tif,0.501265,18.5334
train,2699.tif,0.583496,19.4099
train,27.tif,0.483812,18.7159
train,270.tif,0.548971,19.6139
train,2700.tif,0.465388,19.229
train,2701.tif,0.736772,20.9992
train,2702.tif,0.503598,17.9687
train,2703.tif,0.463612,17.7472
train,2704.tif,0.817954,25.2708
train,2705.tif,0.557556,19.1537
train,2706.tif,0.572116,22.6322
train,2707.tif,0.626403,21.7389
train,2708.tif,0.725568,21.1892
train,2709.tif,0.547265,21.7287
train,271.tif,0.523338,19.5857
train,2710.tif,0.506297,18.7202
train,2711.tif,0.44694,18.1857
train,2712.tif,0.568286,22.7562
train,2713.tif,0.738896,23.7669
train,2714.tif,0.428136,17.8523
train,2715.tif,0.57595,19.6335
train,2716.tif,0.735836,24.6559
train,2717.tif,0.602984,20.39
train,2718.tif,0.624717,21.2011
train,2719.tif,0.623928,19.2621
train,272.tif,0.485334,18.7125
train,2720.tif,0.512778,19.0907
train,2721.tif,0.538773,18.0903
train,2722.tif,0.503457,18.2986
train,2723.tif,0.460638,18.3506
train,2724.tif,0.440085,18.6373
train,2725.tif,0.567625,21.464
train,2726.tif,0.508249,17.8551
train,2727.tif,0.481405,18.1643
train,2728.tif,0.542806,21.5608
train,2729.tif,0.490283,17.3763
train,273.tif,0.503258,19.3285
train,2730.tif,0.620714,20.1937
train,2731.tif,0.533176,20.3237
train,2732.tif,0.444187,19.1072
train,2733.tif,0.454034,17.668
train,2734.tif,0.521858,20.7102
train,2735.tif,0.442674,18.6109
train,2736.tif,0.632429,22.2575
train,2737.tif,0.516317,19.7994
train,2738.tif,0.539495,19.464
train,2739.tif,0.606539,14.1995
train,274.tif,0.491878,19.2217
train,2740.tif,0.584574,19.6182
train,2741.tif,0.5269,18.1854
train,2742.tif,0.53414,18.7212
train,2743.tif,0.467632,17.4805
train,2744.tif,0.487206,18.6259
train,2745.tif,0.581142,21.693
train,2746.tif,0.583717,20.4038
train,2747.tif,0.5518,15.7475
train,2748.tif,0.546919,21.8143
train,2749.tif,0.64139,18.0763
train,275.tif,0.72592,22.4303
train,2750.tif,0.576855,19.6586
train,2751.tif,0.501784,14.8465
train,2752.tif,0.487806,18.3283
train,2753.tif,0.538,19.561
train,2754.tif,0.575821,21.781
train,2755.tif,0.52322,20.698
train,2756.tif,0.504151,18.7226
train,2757.tif,0.496354,19.3353
train,2758.tif,0.57885,22.6903
train,2759.tif,0.527821,18.1294
train,276.tif,0.492174,18.6415
train,2760.tif,0.466059,18.2856
train,2761.tif,0.735213,21.772
train,2762.tif,0.591815,19.8889
train,2763.tif,0.586918,19.8722
train,2764.tif,0.568857,20.6328
train,2765.tif,0.470898,18.745
train,2766.tif,0.575112,21.4081
train,2767.tif,0.596518,17.1935
train,2768.tif,0.586317,22.4175
train,2769.tif,0.585766,17.7697
train,277.tif,0.570888,18.6687
train,2770.tif,0.586553,15.9464
train,2771.tif,0.543416,15.8062
train,2772.tif,0.592695,17.811
train,2773.tif,0.477033,18.6101
train,2774.tif,0.479763,18.0475
train,2775.tif,0.639253,19.6612
train,2776.tif,0.517055,19.3662
train,2777.tif,0.534917,19.731
train,2778.tif,0.532814,20.5368
train,2779.tif,0.64967,22.6453
train,278.tif,0.542658,19.0744
train,2780.tif,0.506282,17.9736
train,2781.tif,0.567342,21.9036
train,2782.tif,0.663433,20.2945
train,2783.tif,0.580104,20.0065
train,2784.tif,0.468877,19.7442
train,2785.tif,0.743091,24.0436
train,2786.tif,0.44056,16.9488
train,2787.tif,0.43218,19.5001
train,2788.tif,0.610794,21.3825
train,2789.tif,0.626914,21.283
train,279.tif,0.711432,20.2575
train,2790.tif,0.569413,20.9061
train,2791.tif,0.527063,20.0261
train,2792.tif,0.602552,21.0766
train,2793.tif,0.51737,19.6089
train,2794.tif,0.457429,17.7879
train,2795.tif,0.405021,16.5473
train,2796.tif,0.546721,19.6869
train,2797.tif,0.60988,20.858
train,2798.tif,0.672439,20.2702
train,2799.tif,0.542611,19.0771
train,28.tif,0.499372,16.24
train,280.tif,0.461297,19.4307
train,2800.tif,0.491083,18.6021
train,2801.tif,0.49256,17.402
train,2802.tif,0.535261,21.6786
train,2803.tif,0.685124,22.3508
train,2804.tif,0.444018,19.2678
train,2805.tif,0.48542,17.9519
train,2806.tif,0.55228,20.9735
train,2807.tif,0.480696,19.6422
train,2808.tif,0.483856,19.0989
train,2809.tif,0.454065,18.7612
train,281.tif,0.553599,17.3163
train,2810.tif,0.526673,19.9176
train,2811.tif,0.469272,18.9751
train,2812.tif,0.499537,21.3036
train,2813.tif,0.52603,19.0334
train,2814.tif,0.406287,18.6781
train,2815.tif,0.465317,20.0173
train,2816.tif,0.380321,16.3045
train,2817.tif,0.552257,20.8302
train,2818.tif,0.585728,20.7576
train,2819.tif,0.534824,20.1529
train,282.tif,0.571473,21.5113
train,2820.tif,0.538073,18.6611
train,2821.tif,0.455855,18.6261
train,2822.tif,0.546755,20.9417
train,2823.tif,0.500597,19.5632
train,2824.tif,0.506927,18.8946
train,2825.tif,0.555819,20.4141
train,2826.tif,0.515638,20.07
train,2827.tif,0.542189,20.2937
train,2828.tif,0.563461,21.1758
train,2829.tif,0.567909,20.7529
train,283.tif,0.538073,20.3017
train,2830.tif,0.512181,18.5856
train,2831.tif,0.502182,18.5776
train,2832.tif,0.435127,17.8326
train,2833.tif,0.492356,19.1782
train,2834.tif,0.525693,19.9761
train,2835.tif,0.518779,18.593
train,2836.tif,0.517298,20.2735
train,2837.tif,0.577665,20.6898
train,2838.tif,0.517043,19.9883
train,2839.tif,0.602659,19.7739
train,284.tif,0.54252,18.6306
train,2840.tif,0.429941,18.3435
train,2841.tif,0.566054,21.8713
train,2842.tif,0.546589,19.9269
train,2843.tif,0.547953,20.8783
train,2844.tif,0.630023,19.192
train,2845.tif,0.479766,19.3037
train,2846.tif,0.484983,19.3957
train,2847.tif,0.538969,19.6716
train,2848.tif,0.367601,16.9519
train,2849.tif,0.483762,19.3529
train,285.tif,0.511685,19.5381
train,2850.tif,0.573271,18.8594
train,2851.tif,0.647019,16.9956
train,2852.tif,0.500806,18.5146
train,2853.tif,0.503288,18.0485
train,2854.tif,0.582595,19.4588
train,2855.tif,0.50324,19.018
train,2856.tif,0.489622,18.4224
train,2857.tif,0.591337,21.1833
train,2858.tif,0.503303,17.8594
train,2859.tif,0.537047,16.9225
train,286.tif,0.526716,19.0611
train,2860.tif,0.673415,22.3485
train,2861.tif,0.551563,19.9993
train,2862.tif,0.570097,17.9964
train,2863.tif,0.485899,19.2012
train,2864.tif,0.444457,18.2425
train,2865.tif,0.589723,20.3224
train,2866.tif,0.552138,18.4099
train,2867.tif,0.518473,19.6468
train,2868.tif,0.421918,17.4298
train,2869.tif,0.631908,22.0658
train,287.tif,0.794598,19.0903
train,2870.tif,0.581238,20.656
train,2871.tif,0.548939,20.1505
train,2872.tif,0.511604,19.1889
train,2873.tif,0.490374,19.7735
train,2874.tif,0.4778,18.5975
train,2875.tif,0.6235,21.3199
train,2876.tif,0.709543,22.6133
train,2877.tif,0.516917,18.3706
train,2878.tif,0.448857,18.6043
train,2879.tif,0.439708,18.6566
train,288.tif,0.514299,19.0564
train,2880.tif,0.728341,22.46
train,2881.tif,0.526253,19.7636
train,2882.tif,0.469387,17.8449
train,2883.tif,0.600792,21.2827
train,2884.tif,0.692494,22.5927
train,2885.tif,0.538062,19.42
train,2886.tif,0.567036,21.1327
train,2887.tif,0.372856,16.2175
train,2888.tif,0.62919,19.3943
train,2889.tif,0.431153,16.3605
train,289.tif,0.488595,18.7659
train,2890.tif,0.580025,19.4084
train,2891.tif,0.766211,24.3752
train,2892.tif,0.463567,18.0642
train,2893.tif,0.515192,20.1005
train,2894.tif,0.516843,19.7551
train,2895.tif,0.553719,20.2141
train,2896.tif,0.531055,21.2538
train,2897.tif,0.48464,18.6271
train,2898.tif,0.524549,17.1993
train,2899.tif,0.537263,20.0739
train,29.tif,0.515139,18.6284
train,290.tif,0.528003,18.5624
train,2900.tif,0.490821,18.1015
train,2901.tif,0.508662,17.4424
train,2902.tif,0.490987,19.5891
train,2903.tif,0.44268,18.5374
train,2904.tif,0.63622,20.1717
train,2905.tif,0.476388,17.6877
train,2906.tif,0.62165,20.9213
train,2907.tif,0.464382,18.0835
train,2908.tif,0.559879,19.0844
train,2909.tif,0.575847,20.287
train,291.tif,0.498859,17.0697
train,2910.tif,0.514568,18.667
train,2911.tif,0.803281,24.7271
train,2912.tif,0.541759,18.1083
train,2913.tif,0.525393,20.3753
train,2914.tif,0.707036,23.2722
train,2915.tif,0.572159,19.2366
train,2916.tif,0.510212,16.6763
train,2917.tif,0.539363,20.0365
train,2918.tif,0.49962,18.0139
train,2919.tif,0.461489,19.0455
train,292.tif,0.464998,18.4923
train,2920.tif,0.522216,19.4156
train,2921.tif,0.506294,18.604
train,2922.tif,0.546177,20.2813
train,2923.tif,0.586933,19.4994
train,2924.tif,0.503882,19.8191
train,2925.tif,0.449546,18.6649
train,2926.tif,0.5366,19.398
train,2927.tif,0.523032,20.0663
train,2928.tif,0.596364,20.5388
train,2929.tif,0.571893,18.0711
train,293.tif,0.542599,19.9602
train,2930.tif,0.510314,19.3188
train,2931.tif,0.457993,18.7285
train,2932.tif,0.499616,17.9104
train,2933.tif,0.538147,19.9992
train,2934.tif,0.554501,19.5793
train,2935.tif,0.606638,19.9647
train,2936.tif,0.532721,19.2642
train,2937.tif,0.551512,21.91
train,2938.tif,0.541038,19.0281
train,2939.tif,0.533304,19.3748
train,294.tif,0.490169,18.9646
train,2940.tif,0.460423,18.8362
train,2941.tif,0.565626,21.2206
train,2942.tif,0.504047,20.303
train,2943.tif,0.668897,22.7984
train,2944.tif,0.487119,19.0512
train,2945.tif,0.604572,18.1491
train,2946.tif,0.551271,20.0716
train,2947.tif,0.46357,18.4278
train,2948.tif,0.550536,20.6153
train,2949.tif,0.464457,17.0066
train,295.tif,0.58942,19.3938
train,2950.tif,0.559835,19.535
train,2951.tif,0.497464,18.7324
train,2952.tif,0.521124,16.8672
train,2953.tif,0.610004,22.5682
train,2954.tif,0.575358,20.7966
train,2955.tif,0.52494,19.4521
train,2956.tif,0.468838,17.2695
train,2957.tif,0.470918,17.2004
train,2958.tif,0.495169,19.1495
train,2959.tif,0.446307,18.8749
train,296.tif,0.514899,19.6724
train,2960.tif,0.59523,19.7813
train,2961.tif,0.611381,22.7474
train,2962.tif,0.532219,19.9379
train,2963.tif,0.490534,18.21
train,2964.tif,0.538798,21.9874
train,2965.tif,0.512413,18.8761
train,2966.tif,0.494,19.7794
train,2967.tif,0.460996,18.6402
train,2968.tif,0.503086,20.0359
train,2969.tif,0.502925,19.2863
train,297.tif,0.596185,19.9086
train,2970.tif,0.5141,19.7921
train,2971.tif,0.526074,21.5338
train,2972.tif,0.512148,19.9079
train,2973.tif,0.564252,20.7167
train,2974.tif,0.510646,19.7458
train,2975.tif,0.531135,19.4142
train,2976.tif,0.471659,19.4707
train,2977.tif,0.47903,19.7129
train,2978.tif,0.543914,19.3342
train,2979.tif,0.612567,19.2938
train,298.tif,0.640137,22.6152
train,2980.tif,0.633948,21.516
train,2981.tif,0.457966,18.1199
train,2982.tif,0.550165,21.2362
train,2983.tif,0.589011,19.217
train,2984.tif,0.587575,21.3763
train,2985.tif,0.497337,19.5129
train,2986.tif,0.588223,18.7768
train,2987.tif,0.405814,16.8783
train,2988.tif,0.574974,20.7903
train,2989.tif,0.568877,20.7487
train,299.tif,0.595291,19.6554
train,2990.tif,0.508629,20.3927
train,2991.tif,0.49966,19.3182
train,2992.tif,0.505923,18.1346
train,2993.tif,0.650034,20.5382
train,2994.tif,0.478883,19.2488
train,2995.tif,0.554933,20.4075
train,2996.tif,0.513988,17.0216
train,2997.tif,0.57047,19.4622
train,2998.tif,0.532538,18.5649
train,2999.tif,0.507074,19.0794
train,3.tif,0.701389,17.3956
train,30.tif,0.58745,19.3088
train,300.tif,0.53811,17.9909
train,3000.tif,0.824715,25.3396
train,3001.tif,0.476745,19.0766
train,3002.tif,0.430999,17.7349
train,3003.tif,0.5834,21.2313
train,3004.tif,0.458536,18.8393
train,3005.tif,0.521821,18.4975
train,3006.tif,0.448477,19.2694
train,3007.tif,0.526771,18.8579
train,3008.tif,0.484952,17.3315
train,3009.tif,0.536989,20.6691
train,301.tif,0.526899,19.9789
train,3010.tif,0.448503,18.2467
train,3011.tif,0.539937,20.2512
train,3012.tif,0.449735,17.9854
train,3013.tif,0.4484,18.8667
train,3014.tif,0.530168,17.17
train,3015.tif,0.467229,19.3604
train,3016.tif,0.821624,24.742
train,3017.tif,0.55086,19.1952
train,3018.tif,0.620523,19.9258
train,3019.tif,0.567454,20.2721
train,302.tif,0.552633,18.8227
train,3020.tif,0.583785,19.4047
train,3021.tif,0.595534,20.8695
train,3022.tif,0.54416,18.4431
train,3023.tif,0.650896,21.3066
train,3024.tif,0.54593,20.3085
train,3025.tif,0.517203,20.4639
train,3026.tif,0.525031,19.7308
train,3027.tif,0.494608,18.8362
train,3028.tif,0.524931,19.2439
train,3029.tif,0.538514,19.3293
train,303.tif,0.502704,19.3163
train,3030.tif,0.587221,18.8826
train,3031.tif,0.524806,20.3901
train,3032.tif,0.612789,20.3028
train,3033.tif,0.409028,18.0405
train,3034.tif,0.564942,20.6595
train,3035.tif,0.579854,20.1667
train,3036.tif,0.492309,19.5805
train,3037.tif,0.545509,16.9305
train,3038.tif,0.526986,20.0012
train,3039.tif,0.813133,23.1187
train,304.tif,0.485685,18.0863
train,3040.tif,0.547578,20.326
train,3041.tif,0.511975,20.0964
train,3042.tif,0.500269,18.2595
train,3043.tif,0.51408,20.7002
train,3044.tif,0.557415,19.2607
train,3045.tif,0.588714,21.1548
train,3046.tif,0.538078,20.1885
train,3047.tif,0.540239,17.7222
train,3048.tif,0.542118,19.4522
train,3049.tif,0.507478,19.085
train,305.tif,0.425257,18.5957
train,3050.tif,0.569363,20.9015
train,3051.tif,0.462273,18.688
train,3052.tif,0.476526,16.9498
train,3053.tif,0.557612,20.4571
train,3054.tif,0.575328,21.5645
train,3055.tif,0.535442,19.2292
train,3056.tif,0.604673,20.8108
train,3057.tif,0.4773,19.3843
train,3058.tif,0.473784,19.9379
train,3059.tif,0.62735,21.8146
train,306.tif,0.660452,21.781
train,3060.tif,0.552888,19.3044
train,3061.tif,0.542557,20.1627
train,3062.tif,0.479452,19.1265
train,3063.tif,0.472687,18.6488
train,3064.tif,0.626088,20.0653
train,3065.tif,0.618424,21.5065
train,3066.tif,0.532134,19.8184
train,3067.tif,0.582551,20.0145
train,3068.tif,0.423264,18.3513
train,3069.tif,0.656671,19.1902
train,307.tif,0.564878,19.5786
train,3070.tif,0.469911,18.3494
train,3071.tif,0.550148,20.7218
train,3072.tif,0.523523,20.7133
train,3073.tif,0.530118,20.2052
train,3074.tif,0.521706,19.2452
train,3075.tif,0.482017,17.4772
train,3076.tif,0.550334,20.3706
train,3077.tif,0.585509,19.1638
train,3078.tif,0.50379,18.4299
train,3079.tif,0.525154,19.2919
train,308.tif,0.56544,19.9475
train,3080.tif,0.558923,20.4424
train,3081.tif,0.535256,20.083
train,3082.tif,0.502614,18.6114
train,3083.tif,0.69942,23.5025
train,3084.tif,0.594908,20.6389
train,3085.tif,0.527388,19.7012
train,3086.tif,0.470329,17.6005
train,3087.tif,0.462566,18.315
train,3088.tif,0.535527,20.5393
train,3089.tif,0.610231,22.1219
train,309.tif,0.625428,20.6996
train,3090.tif,0.534123,19.3788
train,3091.tif,0.490099,18.1075
train,3092.tif,0.491228,18.6516
train,3093.tif,0.516565,19.4629
train,3094.tif,0.556548,18.5365
train,3095.tif,0.580914,21.291
train,3096.tif,0.6611,21.8132
train,3097.tif,0.496355,20.1789
train,3098.tif,0.457011,17.1875
train,3099.tif,0.502922,17.1887
train,31.tif,0.565205,19.5613
train,310.tif,0.608412,19.7617
train,3100.tif,0.498996,18.6335
train,3101.tif,0.495638,19.2242
train,3102.tif,0.478416,18.2305
train,3103.tif,0.57453,19.0114
train,3104.tif,0.582439,18.8685
train,3105.tif,0.504755,19.8451
train,3106.tif,0.449201,18.2026
train,3107.tif,0.556232,20.1726
train,3108.tif,0.580513,19.0382
train,3109.tif,0.542775,20.5831
train,311.tif,0.568011,18.7439
train,3110.tif,0.576086,20.4349
train,3111.tif,0.456128,19.9133
train,3112.tif,0.564148,18.7056
train,3113.tif,0.561724,18.657
train,3114.tif,0.50624,18.5875
train,3115.tif,0.545536,20.6621
train,3116.tif,0.474985,19.0479
train,3117.tif,0.518216,20.3222
train,3118.tif,0.482818,19.1696
train,3119.tif,0.596545,21.9845
train,312.tif,0.538756,19.201
train,3120.tif,0.539353,19.1068
train,3121.tif,0.593453,19.4732
train,3122.tif,0.556686,20.433
train,3123.tif,0.569746,21.0127
train,3124.tif,0.529317,19.5405
train,3125.tif,0.689451,20.6214
train,3126.tif,0.624085,18.8851
train,3127.tif,0.695422,22.5811
train,3128.tif,0.638301,22.2459
train,3129.tif,0.434889,18.7969
train,313.tif,0.557265,18.9695
train,3130.tif,0.559139,18.5376
train,3131.tif,0.772333,22.4878
train,3132.tif,0.507796,19.6376
train,3133.tif,0.476603,19.2472
train,3134.tif,0.726595,23.9319
train,3135.tif,0.56801,19.9402
train,3136.tif,0.596781,20.129
train,3137.tif,0.586436,14.3227
train,3138.tif,0.604565,20.7043
train,3139.tif,0.478084,16.9616
train,314.tif,0.583301,19.3808
train,3140.tif,0.554701,17.7815
train,3141.tif,0.499682,17.7622
train,3142.tif,0.572524,20.9222
train,3143.tif,0.547209,19.6869
train,3144.tif,0.555886,19.5917
train,3145.tif,0.572711,20.1488
train,3146.tif,0.494783,18.2178
train,3147.tif,0.592771,22.0777
train,3148.tif,0.489566,20.484
train,3149.tif,0.617154,20.972
train,315.tif,0.454904,18.7718
train,3150.tif,0.55553,19.8391
train,3151.tif,0.494202,20.2618
train,3152.tif,0.519597,19.4257
train,3153.tif,0.574855,22.2659
train,3154.tif,0.728595,24.5555
train,3155.tif,0.501447,19.841
train,3156.tif,0.50448,19.2192
train,3157.tif,0.590407,20.6865
train,3158.tif,0.504023,20.8113
train,3159.tif,0.496182,19.7289
train,316.tif,0.572273,18.4355
train,3160.tif,0.517036,19.7561
train,3161.tif,0.410001,17.6963
train,3162.tif,0.50082,19.1096
train,3163.tif,0.435573,17.8343
train,3164.tif,0.509475,19.3229
train,3165.tif,0.595028,21.7381
train,3166.tif,0.513071,16.6479
train,3167.tif,0.528751,19.6742
train,3168.tif,0.517023,20.3704
train,3169.tif,0.514875,18.2927
train,317.tif,0.713289,20.571
train,3170.tif,0.49039,18.4596
train,3171.tif,0.557983,19.5552
train,3172.tif,0.510571,18.7326
train,3173.tif,0.48091,18.996
train,3174.tif,0.431841,17.5446
train,3175.tif,0.546528,20.0269
train,3176.tif,0.445457,17.3615
train,3177.tif,0.492783,18.9212
train,3178.tif,0.601556,22.6173
train,3179.tif,0.493299,18.7648
train,318.tif,0.53667,18.3479
train,3180.tif,0.423584,18.6131
train,3181.tif,0.52487,18.5274
train,3182.tif,0.466552,19.5633
train,3183.tif,0.792658,19.5751
train,3184.tif,0.398062,16.1845
train,3185.tif,0.580894,20.4123
train,3186.tif,0.505255,20.5886
train,3187.tif,0.515013,18.7615
train,3188.tif,0.573281,20.2871
train,3189.tif,0.538571,17.1109
train,319.tif,0.53453,18.624
train,3190.tif,0.565632,20.0435
train,3191.tif,0.486051,20.4925
train,3192.tif,0.519711,19.7377
train,3193.tif,0.58208,19.4532
train,3194.tif,0.502471,19.21
train,3195.tif,0.504384,19.766
train,3196.tif,0.477703,18.565
train,3197.tif,0.555214,20.3462
train,3198.tif,0.550491,20.9259
train,3199.tif,0.542678,18.7077
train,32.tif,0.584993,19.9066
train,320.tif,0.507587,19.0592
train,3200.tif,0.517555,18.9764
train,3201.tif,0.453915,18.0307
train,3202.tif,0.599281,19.3194
train,3203.tif,0.480135,19.2248
train,3204.tif,0.461474,17.6135
train,3205.tif,0.61686,21.8282
train,3206.tif,0.510795,19.895
train,3207.tif,0.519313,18.9384
train,3208.tif,0.486173,16.3321
train,3209.tif,0.561533,20.6625
train,321.tif,0.547833,18.7744
train,3210.tif,0.535928,18.9791
train,3211.tif,0.518253,20.2403
train,3212.tif,0.476828,17.6219
train,3213.tif,0.539783,19.4941
train,3214.tif,0.518104,20.5237
train,3215.tif,0.490016,18.7709
train,3216.tif,0.478148,19.298
train,3217.tif,0.729684,23.7941
train,3218.tif,0.779836,25.7449
train,3219.tif,0.452524,19.3198
train,322.tif,0.5526,20.4033
train,3220.tif,0.549131,20.1411
train,3221.tif,0.469375,19.2348
train,3222.tif,0.494451,17.5581
train,3223.tif,0.446128,16.1428
train,3224.tif,0.49635,17.3172
train,3225.tif,0.480805,19.6916
train,3226.tif,0.547432,20.1244
train,3227.tif,0.477308,19.547
train,3228.tif,0.541274,19.6184
train,3229.tif,0.536001,20.4755
train,323.tif,0.598175,19.3215
train,3230.tif,0.523891,19.3326
train,3231.tif,0.502629,20.1412
train,3232.tif,0.576614,20.5717
train,3233.tif,0.537965,19.8271
train,3234.tif,0.442583,18.8841
train,3235.tif,0.510402,19.3969
train,3236.tif,0.419877,18.6364
train,3237.tif,0.586113,21.0883
train,3238.tif,0.504482,20.0589
train,3239.tif,0.49337,19.2737
train,324.tif,0.515202,18.3749
train,3240.tif,0.496151,20.2285
train,3241.tif,0.484272,19.4939
train,3242.tif,0.559039,21.2507
train,3243.tif,0.464269,18.0509
train,3244.tif,0.56887,19.4989
train,3245.tif,0.550731,19.3911
train,3246.tif,0.64468,21.6174
train,3247.tif,0.597243,22.2566
train,3248.tif,0.528329,20.319
train,3249.tif,0.563159,20.9809
train,325.tif,0.633215,21.2728
train,3250.tif,0.428761,17.4303
train,3251.tif,0.500246,19.009
train,3252.tif,0.573127,20.3333
train,3253.tif,0.412834,17.538
train,3254.tif,0.467084,19.1283
train,3255.tif,0.583936,19.1935
train,3256.tif,0.432275,17.3692
train,3257.tif,0.537768,20.6723
train,3258.tif,0.564601,20.0365
train,3259.tif,0.487313,17.5972
train,326.tif,0.569967,19.8296
train,3260.tif,0.511648,19.7062
train,3261.tif,0.538433,21.0019
train,3262.tif,0.475638,18.0295
train,3263.tif,0.53032,20.1692
train,3264.tif,0.508355,20.753
train,3265.tif,0.467935,19.2142
train,3266.tif,0.528195,19.8374
train,3267.tif,0.586701,21.1783
train,3268.tif,0.609277,22.0971
train,3269.tif,0.499899,19.9382
train,327.tif,0.422569,17.8536
train,3270.tif,0.571559,21.5598
train,3271.tif,0.471812,17.8288
train,3272.tif,0.532083,20.0788
train,3273.tif,0.578853,20.2165
train,3274.tif,0.500193,20.3699
train,3275.tif,0.582384,21.4236
train,3276.tif,0.477769,19.1928
train,3277.tif,0.57065,13.2315
train,3278.tif,0.470626,17.8536
train,3279.tif,0.7934,23.2494
train,328.tif,0.552366,20.7126
train,3280.tif,0.50762,19.467
train,3281.tif,0.719914,21.8598
train,3282.tif,0.479365,18.8474
train,3283.tif,0.531748,20.8496
train,3284.tif,0.543283,20.5697
train,3285.tif,0.416259,17.9183
train,3286.tif,0.552411,20.1147
train,3287.tif,0.553816,20.6304
train,3288.tif,0.512341,18.9947
train,3289.tif,0.546925,20.3762
train,329.tif,0.488684,17.8787
train,3290.tif,0.455171,18.6052
train,3291.tif,0.602796,20.4711
train,3292.tif,0.4536,18.1368
train,3293.tif,0.503847,19.9583
train,3294.tif,0.523496,18.4359
train,3295.tif,0.481052,18.9982
train,3296.tif,0.514885,18.1442
train,3297.tif,0.455082,18.0015
train,3298.tif,0.53071,20.2315
train,3299.tif,0.461833,18.2283
train,33.tif,0.533825,20.1047
train,330.tif,0.5158,19.7229
train,3300.tif,0.517882,19.0411
train,3301.tif,0.510236,19.9972
train,3302.tif,0.655604,22.8666
train,3303.tif,0.600152,20.5023
train,3304.tif,0.542525,22.3748
train,3305.tif,0.52701,20.4711
train,3306.tif,0.490754,19.8828
train,3307.tif,0.556834,19.8388
train,3308.tif,0.447107,18.7609
train,3309.tif,0.528291,20.6859
train,331.tif,0.595319,21.3432
train,3310.tif,0.565924,20.6615
train,3311.tif,0.466251,18.8629
train,3312.tif,0.538952,19.8411
train,3313.tif,0.44889,18.0062
train,3314.tif,0.46741,18.1266
train,3315.tif,0.446294,18.4651
train,3316.tif,0.499934,18.062
train,3317.tif,0.445742,18.4836
train,3318.tif,0.614643,22.319
train,3319.tif,0.515724,19.2263
train,332.tif,0.6011,21.5367
train,3320.tif,0.685716,22.9273
train,3321.tif,0.541924,20.0753
train,3322.tif,0.529983,20.1168
train,3323.tif,0.507829,16.6891
train,3324.tif,0.391531,17.8413
train,3325.tif,0.473488,18.7888
train,3326.tif,0.422265,18.1043
train,3327.tif,0.515861,20.7171
train,3328.tif,0.382347,17.702
train,3329.tif,0.436438,17.8698
train,333.tif,0.349456,17.5832
train,3330.tif,0.568158,21.0503
train,3331.tif,0.4887,19.4986
train,3332.tif,0.568481,17.1967
train,3333.tif,0.507254,19.1572
train,3334.tif,0.527557,18.9095
train,3335.tif,0.434526,17.8021
train,3336.tif,0.648214,20.1046
train,3337.tif,0.4688,19.0389
train,3338.tif,0.482487,18.9763
train,3339.tif,0.422249,17.8024
train,334.tif,0.498343,17.6239
train,3340.tif,0.486938,19.1951
train,3341.tif,0.535318,19.4509
train,3342.tif,0.523881,19.092
train,3343.tif,0.479768,20.0429
train,3344.tif,0.482514,17.9198
train,3345.tif,0.530546,20.1517
train,3346.tif,0.485271,18.4045
train,3347.tif,0.586881,22.3963
train,3348.tif,0.464354,17.6124
train,3349.tif,0.530053,20.2776
train,335.tif,0.486393,19.4398
train,3350.tif,0.47193,19.4991
train,3351.tif,0.534311,19.9945
train,3352.tif,0.52141,19.9126
train,3353.tif,0.429414,18.6625
train,3354.tif,0.42175,17.8351
train,3355.tif,0.542844,19.5742
train,3356.tif,0.457097,18.7524
train,3357.tif,0.509268,19.3969
train,3358.tif,0.447645,18.8083
train,3359.tif,0.552015,20.7541
train,336.tif,0.820572,20.6383
train,3360.tif,0.490111,19.7318
train,3361.tif,0.545492,20.5394
train,3362.tif,0.522651,19.5698
train,3363.tif,0.528451,19.4564
train,3364.tif,0.577213,20.1357
train,3365.tif,0.539511,20.3677
train,3366.tif,0.50341,18.8322
train,3367.tif,0.533421,20.6307
train,3368.tif,0.492643,18.6183
train,3369.tif,0.517504,20.4269
train,337.tif,0.589164,19.8217
train,3370.tif,0.533286,18.5205
train,3371.tif,0.495075,19.0924
train,3372.tif,0.552688,20.4008
train,3373.tif,0.443405,18.9856
train,3374.tif,0.537353,20.7097
train,3375.tif,0.494276,18.1151
train,3376.tif,0.74976,20.073
train,3377.tif,0.530183,19.0765
train,3378.tif,0.440155,18.4059
train,3379.tif,0.484853,17.9553
train,338.tif,0.540136,19.2378
train,3380.tif,0.498128,19.1106
train,3381.tif,0.510045,20.156
train,3382.tif,0.566469,21.2048
train,3383.tif,0.521966,20.1693
train,3384.tif,0.455251,17.6312
train,3385.tif,0.508956,18.7718
train,3386.tif,0.514719,14.8607
train,3387.tif,0.476442,18.6094
train,3388.tif,0.551134,20.1109
train,3389.tif,0.488157,19.6139
train,339.tif,0.657054,20.208
train,3390.tif,0.516925,18.6838
train,3391.tif,0.554608,19.6655
train,3392.tif,0.473914,18.9024
train,3393.tif,0.515103,19.9685
train,3394.tif,0.578892,20.8947
train,3395.tif,0.404388,19.0355
train,3396.tif,0.369898,17.2509
train,3397.tif,0.543455,19.8874
train,3398.tif,0.532961,18.8938
train,3399.tif,0.501381,18.9056
train,34.tif,0.465936,18.3834
train,340.tif,0.627467,21.6452
train,3400.tif,0.545971,19.0382
train,3401.tif,0.501694,19.1744
train,3402.tif,0.59599,19.1251
train,3403.tif,0.500266,19.6896
train,3404.tif,0.541168,18.5917
train,3405.tif,0.459742,18.2974
train,3406.tif,0.425976,18.4438
train,3407.tif,0.475775,18.3402
train,3408.tif,0.505193,17.5689
train,3409.tif,0.505672,19.6238
train,341.tif,0.54412,19.3352
train,3410.tif,0.46972,19.2828
train,3411.tif,0.568611,19.5698
train,3412.tif,0.506139,19.0765
train,3413.tif,0.470204,19.7313
train,3414.tif,0.472066,16.8679
train,3415.tif,0.535892,19.5301
train,3416.tif,0.500202,19.4607
train,3417.tif,0.48368,17.7848
train,3418.tif,0.479565,18.4925
train,3419.tif,0.520625,19.6044
train,342.tif,0.795439,21.2262
train,3420.tif,0.468525,18.2366
train,3421.tif,0.475116,19.3687
train,3422.tif,0.456662,18.7012
train,3423.tif,0.538287,18.9016
train,3424.tif,0.578924,21.7801
train,3425.tif,0.433627,18.2176
train,3426.tif,0.461716,18.187
train,3427.tif,0.452896,18.3131
train,3428.tif,0.514326,19.8397
train,3429.tif,0.524821,19.5772
train,343.tif,0.484217,17.9138
train,3430.tif,0.492416,17.6726
train,3431.tif,0.521862,19.9268
train,3432.tif,0.533049,19.5427
train,3433.tif,0.498921,19.551
train,3434.tif,0.602558,20.9877
train,3435.tif,0.48104,19.4597
train,3436.tif,0.54219,19.8788
train,3437.tif,0.441961,18.5991
train,3438.tif,0.579297,20.3391
train,3439.tif,0.486331,19.4792
train,344.tif,0.621217,20.5149
train,3440.tif,0.55313,20.6949
train,3441.tif,0.476551,18.6018
train,3442.tif,0.467787,17.0669
train,3443.tif,0.455466,18.4006
train,3444.tif,0.522875,19.5374
train,3445.tif,0.506332,18.661
train,3446.tif,0.552893,20.208
train,3447.tif,0.421352,17.6833
train,3448.tif,0.424438,18.1992
train,3449.tif,0.477961,19.3914
train,345.tif,0.503349,18.3276
train,3450.tif,0.515412,18.8606
train,3451.tif,0.489741,19.4103
train,3452.tif,0.508235,17.7607
train,3453.tif,0.478997,19.1399
train,3454.tif,0.804135,22.7699
train,3455.tif,0.452141,18.0069
train,3456.tif,0.486657,20.3157
train,3457.tif,0.54657,18.4728
train,3458.tif,0.498046,19.8783
train,3459.tif,0.577458,21.5807
train,346.tif,0.583839,19.0693
train,3460.tif,0.515148,19.3142
train,3461.tif,0.546516,20.2515
train,3462.tif,0.515267,19.6252
train,3463.tif,0.466721,19.3835
train,3464.tif,0.511507,19.4351
train,3465.tif,0.535316,20.6734
train,3466.tif,0.481721,19.654
train,3467.tif,0.46422,19.2684
train,3468.tif,0.497834,19.2504
train,3469.tif,0.542885,18.3762
train,347.tif,0.58764,19.8183
train,3470.tif,0.493138,18.424
train,3471.tif,0.530783,19.0511
train,3472.tif,0.505807,19.7825
train,3473.tif,0.479527,17.4683
train,3474.tif,0.466506,20.7639
train,3475.tif,0.585214,21.253
train,3476.tif,0.653786,21.3449
train,3477.tif,0.462495,19.4433
train,3478.tif,0.521679,20.0055
train,3479.tif,0.534572,18.7698
train,348.tif,0.568763,18.4281
train,3480.tif,0.577048,20.6596
train,3481.tif,0.387926,17.0292
train,3482.tif,0.567053,20.8162
train,3483.tif,0.480397,18.0357
train,3484.tif,0.523023,20.6945
train,3485.tif,0.505951,18.3349
train,3486.tif,0.457474,19.6994
train,3487.tif,0.503674,19.583
train,3488.tif,0.515008,20.0209
train,3489.tif,0.525832,20.1133
train,349.tif,0.531679,20.2152
train,3490.tif,0.532932,19.4139
train,3491.tif,0.494686,18.5143
train,3492.tif,0.532698,19.1615
train,3493.tif,0.61596,20.3687
train,3494.tif,0.487334,18.863
train,3495.tif,0.452542,19.0882
train,3496.tif,0.443656,18.4554
train,3497.tif,0.723794,22.5001
train,3498.tif,0.546337,20.4234
train,3499.tif,0.521254,20.2112
train,35.tif,0.547758,20.0103
train,350.tif,0.497693,18.5165
train,3500.tif,0.464741,19.1193
train,3501.tif,0.501148,20.1202
train,3502.tif,0.492263,18.6496
train,3503.tif,0.573807,20.323
train,3504.tif,0.435312,18.9488
train,3505.tif,0.550306,19.6111
train,3506.tif,0.549053,19.3796
train,3507.tif,0.622337,21.1777
train,3508.tif,0.491129,19.2423
train,3509.tif,0.437943,18.8628
train,351.tif,0.587156,20.4714
train,3510.tif,0.52611,19.6089
train,3511.tif,0.707165,22.8594
train,3512.tif,0.462984,18.3538
train,3513.tif,0.514653,19.8649
train,3514.tif,0.497766,19.5681
train,3515.tif,0.49267,18.5712
train,3516.tif,0.597868,20.9135
train,3517.tif,0.498262,18.6356
train,3518.tif,0.458199,18.9459
train,3519.tif,0.487712,18.9642
train,352.tif,0.498148,20.099
train,3520.tif,0.678919,20.893
train,3521.tif,0.511386,19.2914
train,3522.tif,0.508903,18.3295
train,3523.tif,0.49029,19.1318
train,3524.tif,0.514773,19.6119
train,3525.tif,0.457248,17.8812
train,3526.tif,0.619134,20.4781
train,3527.tif,0.53588,19.3569
train,3528.tif,0.521262,19.5776
train,3529.tif,0.492782,18.7561
train,353.tif,0.751932,21.5524
train,3530.tif,0.553621,18.4409
train,3531.tif,0.514813,18.5352
train,3532.tif,0.468132,18.6753
train,3533.tif,0.476888,19.3021
train,3534.tif,0.551358,20.3574
train,3535.tif,0.570331,20.5052
train,3536.tif,0.588542,20.0629
train,3537.tif,0.504453,18.6921
train,3538.tif,0.495953,19.1665
train,3539.tif,0.489893,19.2965
train,354.tif,0.579386,19.6178
train,3540.tif,0.547534,19.024
train,3541.tif,0.490184,19.6606
train,3542.tif,0.500014,19.4371
train,3543.tif,0.474601,17.7454
train,3544.tif,0.56225,18.1161
train,3545.tif,0.457022,19.2646
train,3546.tif,0.481689,18.3903
train,3547.tif,0.464826,17.3379
train,3548.tif,0.636834,23.7338
train,3549.tif,0.493849,18.7366
train,355.tif,0.584673,19.328
train,3550.tif,0.43751,18.5381
train,3551.tif,0.67049,21.2709
train,3552.tif,0.463396,19.1422
train,3553.tif,0.518611,19.9295
train,3554.tif,0.494965,18.381
train,3555.tif,0.559962,20.9507
train,3556.tif,0.716866,22.7878
train,3557.tif,0.528455,20.9731
train,3558.tif,0.463638,18.751
train,3559.tif,0.647429,21.3941
train,356.tif,0.661162,22.03
train,3560.tif,0.586069,21.7826
train,3561.tif,0.553608,21.2888
train,3562.tif,0.505751,18.3617
train,3563.tif,0.450855,17.9041
train,3564.tif,0.574757,20.5047
train,3565.tif,0.43515,17.9477
train,3566.tif,0.430431,19.1344
train,3567.tif,0.502526,19.7092
train,3568.tif,0.415615,18.1614
train,3569.tif,0.483632,16.7579
train,357.tif,0.593921,19.6067
train,3570.tif,0.473196,19.6125
train,3571.tif,0.479579,18.4385
train,3572.tif,0.439385,17.6118
train,3573.tif,0.555366,18.8859
train,3574.tif,0.538221,19.1784
train,3575.tif,0.518055,18.8869
train,3576.tif,0.6126,20.3324
train,3577.tif,0.522351,19.6811
train,3578.tif,0.478766,18.9222
train,3579.tif,0.375758,17.9414
train,358.tif,0.573355,19.124
train,3580.tif,0.490811,19.293
train,3581.tif,0.583277,21.9696
train,3582.tif,0.654814,22.2638
train,3583.tif,0.463401,19.2614
train,3584.tif,0.48274,18.066
train,3585.tif,0.532898,19.5957
train,3586.tif,0.476599,18.4716
train,3587.tif,0.443697,18.338
train,3588.tif,0.482521,18.7526
train,3589.tif,0.708649,21.1072
train,359.tif,0.517973,19.0224
train,3590.tif,0.546622,19.8776
train,3591.tif,0.512154,18.3587
train,3592.tif,0.486726,19.2515
train,3593.tif,0.519989,19.2245
train,3594.tif,0.486522,18.3544
train,3595.tif,0.430098,18.4275
train,3596.tif,0.433956,19.3889
train,3597.tif,0.528829,20.2343
train,3598.tif,0.485399,19.6252
train,3599.tif,0.509964,19.0033
train,36.tif,0.527995,19.5234
train,360.tif,0.762838,24.9757
train,3600.tif,0.492114,19.1936
train,3601.tif,0.67705,20.3605
train,3602.tif,0.464685,18.2667
train,3603.tif,0.500197,18.7359
train,3604.tif,0.472935,17.3611
train,3605.tif,0.437268,19.032
train,3606.tif,0.413223,18.652
train,3607.tif,0.69737,20.808
train,3608.tif,0.466733,18.3873
train,3609.tif,0.720981,20.5982
train,361.tif,0.522692,17.6446
train,3610.tif,0.462689,18.4618
train,3611.tif,0.519155,21.0167
train,3612.tif,0.572204,21.4654
train,3613.tif,0.502084,17.7293
train,3614.tif,0.52118,19.8275
train,3615.tif,0.528709,17.7555
train,3616.tif,0.471304,18.2198
train,3617.tif,0.522166,18.3481
train,3618.tif,0.48058,20.1445
train,3619.tif,0.813666,22.0923
train,362.tif,0.474722,19.9053
train,3620.tif,0.379853,18.757
train,3621.tif,0.522229,20.5417
train,3622.tif,0.658284,22.243
train,3623.tif,0.46192,16.5867
train,3624.tif,0.545797,18.264
train,3625.tif,0.665672,21.6423
train,3626.tif,0.514583,19.3646
train,3627.tif,0.480112,17.979
train,3628.tif,0.455417,18.6832
train,3629.tif,0.55042,20.1614
train,363.tif,0.567726,21.0702
train,3630.tif,0.475384,19.6783
train,3631.tif,0.429777,18.1674
train,3632.tif,0.447285,18.6598
train,3633.tif,0.474902,17.7659
train,3634.tif,0.492009,19.4092
train,3635.tif,0.48741,19.7313
train,3636.tif,0.512449,18.8056
train,3637.tif,0.483373,17.914
train,3638.tif,0.408997,18.3983
train,3639.tif,0.471877,18.5828
train,364.tif,0.515634,19.2599
train,3640.tif,0.548624,19.6138
train,3641.tif,0.520705,19.5812
train,3642.tif,0.503667,20.1507
train,3643.tif,0.43754,17.8151
train,3644.tif,0.47324,19.8292
train,3645.tif,0.454078,18.5618
train,3646.tif,0.516658,19.9964
train,3647.tif,0.458864,19.1857
train,3648.tif,0.500162,19.26
train,3649.tif,0.454908,19.0198
train,365.tif,0.53338,19.9505
train,3650.tif,0.453381,19.5732
train,3651.tif,0.485539,19.9419
train,3652.tif,0.522791,19.0901
train,3653.tif,0.508313,18.0098
train,3654.tif,0.739726,21.1474
train,3655.tif,0.577458,19.8203
train,3656.tif,0.571343,17.9814
train,3657.tif,0.507086,20.0325
train,3658.tif,0.476625,18.6497
train,3659.tif,0.48556,19.0258
train,366.tif,0.503328,16.6727
train,3660.tif,0.520916,19.6708
train,3661.tif,0.48889,20.0133
train,3662.tif,0.535629,19.2246
train,3663.tif,0.466049,19.189
train,3664.tif,0.523931,20.0519
train,3665.tif,0.58472,21.5611
train,3666.tif,0.5157,20.4502
train,3667.tif,0.544178,21.8096
train,3668.tif,0.529412,19.8542
train,3669.tif,0.658708,22.372
train,367.tif,0.710284,22.805
train,3670.tif,0.46029,18.7728
train,3671.tif,0.529448,18.9995
train,3672.tif,0.50552,18.8254
train,3673.tif,0.53509,20.072
train,3674.tif,0.451197,18.9522
train,3675.tif,0.518032,18.9242
train,3676.tif,0.479712,18.7792
train,3677.tif,0.546967,19.6991
train,3678.tif,0.590552,20.9552
train,3679.tif,0.48206,19.2589
train,368.tif,0.56673,13.2634
train,3680.tif,0.418694,17.6459
train,3681.tif,0.575282,19.5984
train,3682.tif,0.538963,20.3673
train,3683.tif,0.507788,17.8732
train,3684.tif,0.425185,18.4829
train,3685.tif,0.534414,20.36
train,3686.tif,0.49328,20.0208
train,3687.tif,0.468457,18.9707
train,3688.tif,0.51144,18.0058
train,3689.tif,0.526721,19.2415
train,369.tif,0.519044,19.4092
train,3690.tif,0.517342,19.653
train,3691.tif,0.461847,19.1542
train,3692.tif,0.69172,22.2067
train,3693.tif,0.52488,17.9636
train,3694.tif,0.514527,20.1443
train,3695.tif,0.458918,18.3211
train,3696.tif,0.432708,18.5818
train,3697.tif,0.518424,18.9254
train,3698.tif,0.550303,20.5012
train,3699.tif,0.440398,18.1435
train,37.tif,0.554727,19.8445
train,370.tif,0.581134,21.1255
train,3700.tif,0.459316,18.0338
train,3701.tif,0.495055,18.9479
train,3702.tif,0.518917,18.9803
train,3703.tif,0.494701,18.8951
train,3704.tif,0.412912,18.311
train,3705.tif,0.528183,18.0846
train,3706.tif,0.449615,18.141
train,3707.tif,0.469672,18.7783
train,3708.tif,0.530961,19.188
train,3709.tif,0.51924,18.9391
train,371.tif,0.564364,19.9708
train,3710.tif,0.520855,19.101
train,3711.tif,0.694748,22.3825
train,3712.tif,0.552032,21.1315
train,3713.tif,0.497064,17.7249
train,3714.tif,0.534348,19.2271
train,3715.tif,0.502216,19.1404
train,3716.tif,0.541846,17.2522
train,3717.tif,0.438733,19.2968
train,3718.tif,0.486777,19.1815
train,3719.tif,0.498784,18.9982
train,372.tif,0.522592,18.8466
train,3720.tif,0.584826,21.6957
train,3721.tif,0.56547,18.9142
train,3722.tif,0.537732,20.3401
train,3723.tif,0.530552,20.0405
train,3724.tif,0.488546,19.1374
train,3725.tif,0.496805,19.1691
train,3726.tif,0.508503,19.7282
train,3727.tif,0.471613,19.7356
train,3728.tif,0.445049,19.3232
train,3729.tif,0.408583,18.5212
train,373.tif,0.594024,21.1843
train,3730.tif,0.457573,18.8766
train,3731.tif,0.495517,19.7181
train,3732.tif,0.472281,19.1512
train,3733.tif,0.684638,20.9124
train,3734.tif,0.515773,20.2034
train,3735.tif,0.791565,23.4468
train,3736.tif,0.498514,20.6544
train,3737.tif,0.529245,20.1092
train,3738.tif,0.526936,21.1958
train,3739.tif,0.505078,16.9248
train,374.tif,0.540257,18.7718
train,3740.tif,0.516835,18.759
train,3741.tif,0.419173,18.7528
train,3742.tif,0.538218,20.1003
train,3743.tif,0.473716,18.3382
train,3744.tif,0.502015,20.5827
train,3745.tif,0.549079,20.1706
train,3746.tif,0.766603,21.9634
train,3747.tif,0.613169,21.0724
train,3748.tif,0.573333,20.3271
train,3749.tif,0.443662,17.7402
train,375.tif,0.547034,19.2671
train,3750.tif,0.49691,18.5435
train,3751.tif,0.573173,19.8897
train,3752.tif,0.408031,17.5863
train,3753.tif,0.681333,19.7821
train,3754.tif,0.580922,20.682
train,3755.tif,0.493178,19.2214
train,3756.tif,0.452627,16.877
train,3757.tif,0.483663,17.9292
train,3758.tif,0.475687,18.728
train,3759.tif,0.552942,20.5162
train,376.tif,0.614288,20.2052
train,3760.tif,0.535094,18.4084
train,3761.tif,0.520233,19.1254
train,3762.tif,0.662305,21.5472
train,3763.tif,0.788554,23.8156
train,3764.tif,0.487497,19.6938
train,3765.tif,0.444442,16.706
train,3766.tif,0.540009,18.8081
train,3767.tif,0.503365,18.9905
train,3768.tif,0.624676,21.1772
train,3769.tif,0.56029,18.5743
train,377.tif,0.456804,17.0857
train,3770.tif,0.597836,19.4505
train,3771.tif,0.473022,17.8977
train,3772.tif,0.574015,21.5619
train,3773.tif,0.521979,17.6819
train,3774.tif,0.52288,20.3052
train,3775.tif,0.581784,20.7679
train,3776.tif,0.596472,19.9327
train,3777.tif,0.506037,19.3034
train,3778.tif,0.611124,18.9702
train,3779.tif,0.552112,19.1861
train,378.tif,0.561742,19.9332
train,3780.tif,0.614461,21.3006
train,3781.tif,0.618598,20.8139
train,3782.tif,0.604801,20.7266
train,3783.tif,0.49862,18.5314
train,3784.tif,0.462752,17.8785
train,3785.tif,0.53998,18.6463
train,3786.tif,0.48927,17.9655
train,3787.tif,0.579814,20.3527
train,3788.tif,0.453995,19.2844
train,3789.tif,0.598342,22.4869
train,379.tif,0.517285,20.3703
train,3790.tif,0.53508,19.7163
train,3791.tif,0.597501,20.4785
train,3792.tif,0.623994,20.8388
train,3793.tif,0.517903,19.4289
train,3794.tif,0.652845,21.8745
train,3795.tif,0.627725,20.9351
train,3796.tif,0.58208,20.1987
train,3797.tif,0.534364,18.2918
train,3798.tif,0.563744,20.7525
train,3799.tif,0.651753,24.3259
train,38.tif,0.547201,19.5828
train,380.tif,0.496019,18.3419
train,3800.tif,0.552633,19.4861
train,3801.tif,0.622756,22.8043
train,3802.tif,0.604434,20.6804
train,3803.tif,0.505643,18.6133
train,3804.tif,0.553825,19.6363
train,3805.tif,0.530556,19.211
train,3806.tif,0.634142,22.0018
train,3807.tif,0.549189,20.6001
train,3808.tif,0.508439,19.4025
train,3809.tif,0.670717,22.2102
train,381.tif,0.570063,19.2544
train,3810.tif,0.469236,17.5404
train,3811.tif,0.360064,16.9999
train,3812.tif,0.569702,19.6846
train,3813.tif,0.464678,18.166
train,3814.tif,0.627423,21.6068
train,3815.tif,0.47639,18.6728
train,3816.tif,0.684202,21.2165
train,3817.tif,0.530492,17.8759
train,3818.tif,0.593748,18.7538
train,3819.tif,0.627296,21.4839
train,382.tif,0.584343,20.721
train,3820.tif,0.604615,21.6193
train,3821.tif,0.49108,18.7491
train,3822.tif,0.590777,21.9978
train,3823.tif,0.479492,16.9995
train,3824.tif,0.535052,19.8164
train,3825.tif,0.528712,19.8938
train,3826.tif,0.474041,18.47
train,3827.tif,0.718794,24.6976
train,3828.tif,0.558057,18.2186
train,3829.tif,0.595176,21.153
train,383.tif,0.523902,19.4853
train,3830.tif,0.729069,21.1824
train,3831.tif,0.649135,22.636
train,3832.tif,0.538656,19.8942
train,3833.tif,0.462246,17.8451
train,3834.tif,0.535919,18.3524
train,3835.tif,0.581141,17.6484
train,3836.tif,0.498379,19.0916
train,3837.tif,0.543914,20.0447
train,3838.tif,0.628231,20.4383
train,3839.tif,0.535228,20.4851
train,384.tif,0.517456,18.3556
train,3840.tif,0.57493,17.9724
train,3841.tif,0.624421,20.0172
train,3842.tif,0.533345,20.4212
train,3843.tif,0.536127,19.025
train,3844.tif,0.483895,18.4955
train,3845.tif,0.614502,22.0564
train,3846.tif,0.583858,21.0572
train,3847.tif,0.78435,24.2036
train,3848.tif,0.562668,20.3763
train,3849.tif,0.509854,20.0812
train,385.tif,0.378754,14.5231
train,3850.tif,0.569599,20.5263
train,3851.tif,0.486954,18.0212
train,3852.tif,0.597407,21.1938
train,3853.tif,0.550748,20.0431
train,3854.tif,0.527672,20.0258
train,3855.tif,0.626507,19.1532
train,3856.tif,0.475279,18.037
train,3857.tif,0.597683,21.574
train,3858.tif,0.613243,20.443
train,3859.tif,0.55659,21.19
train,386.tif,0.619646,22.1849
train,3860.tif,0.547159,21.3674
train,3861.tif,0.518663,17.5477
train,3862.tif,0.450013,18.7887
train,3863.tif,0.509941,16.4853
train,3864.tif,0.623328,21.2616
train,3865.tif,0.56099,19.3603
train,3866.tif,0.489486,18.9901
train,3867.tif,0.591324,18.1952
train,3868.tif,0.553865,20.4514
train,3869.tif,0.650844,23.1041
train,387.tif,0.564979,19.1042
train,3870.tif,0.514172,20.3773
train,3871.tif,0.494543,14.0648
train,3872.tif,0.607486,21.7683
train,3873.tif,0.529392,18.1477
train,3874.tif,0.458378,17.6445
train,3875.tif,0.525268,19.2895
train,3876.tif,0.575929,20.9999
train,3877.tif,0.514114,18.3285
train,3878.tif,0.444974,17.7427
train,3879.tif,0.482524,19.7651
train,388.tif,0.602428,21.712
train,3880.tif,0.556786,20.3726
train,3881.tif,0.40717,17.5948
train,3882.tif,0.556516,18.2867
train,3883.tif,0.448041,16.4156
train,3884.tif,0.588138,21.5804
train,3885.tif,0.564115,21.7938
train,3886.tif,0.524118,18.8255
train,3887.tif,0.597935,19.8577
train,3888.tif,0.347267,17.5596
train,3889.tif,0.643182,23.033
train,389.tif,0.547915,20.275
train,3890.tif,0.556194,21.2465
train,3891.tif,0.519358,19.5556
train,3892.tif,0.448731,19.6896
train,3893.tif,0.575318,21.4417
train,3894.tif,0.436783,18.7673
train,3895.tif,0.458114,17.1583
train,3896.tif,0.672765,21.6722
train,3897.tif,0.554926,17.1503
train,3898.tif,0.691976,22.1572
train,3899.tif,0.61533,21.9043
train,39.tif,0.54813,19.1263
train,390.tif,0.543033,19.2792
train,3900.tif,0.563883,19.8632
train,3901.tif,0.564684,19.0505
train,3902.tif,0.63944,22.154
train,3903.tif,0.422685,18.2337
train,3904.tif,0.598233,21.3515
train,3905.tif,0.498232,19.3746
train,3906.tif,0.552407,19.2179
train,3907.tif,0.608075,21.4721
train,3908.tif,0.547157,21.3505
train,3909.tif,0.44474,18.9024
train,391.tif,0.50378,17.9541
train,3910.tif,0.690134,19.8231
train,3911.tif,0.622205,22.8118
train,3912.tif,0.459175,19.0144
train,3913.tif,0.788809,23.89
train,3914.tif,0.622798,19.2635
train,3915.tif,0.551988,19.3514
train,3916.tif,0.485282,17.3351
train,3917.tif,0.466323,18.7131
train,3918.tif,0.503333,18.814
train,3919.tif,0.49486,17.1754
train,392.tif,0.573441,20.3126
train,3920.tif,0.636489,23.1067
train,3921.tif,0.583301,19.336
train,3922.tif,0.434432,17.239
train,3923.tif,0.563741,20.4017
train,3924.tif,0.526646,21.3911
train,3925.tif,0.438765,16.5627
train,3926.tif,0.646866,20.5607
train,3927.tif,0.570026,16.6478
train,3928.tif,0.499093,19.3488
train,3929.tif,0.713204,24.2112
train,393.tif,0.523126,19.8209
train,3930.tif,0.517051,18.9967
train,3931.tif,0.581169,21.2589
train,3932.tif,0.520755,17.7332
train,3933.tif,0.657586,21.6475
train,3934.tif,0.429054,18.1446
train,3935.tif,0.55407,20.7225
train,3936.tif,0.477858,19.2266
train,3937.tif,0.498258,20.0049
train,3938.tif,0.554652,20.8062
train,3939.tif,0.636664,21.5207
train,394.tif,0.586985,18.9986
train,3940.tif,0.515438,19.0332
train,3941.tif,0.449694,18.1925
train,3942.tif,0.543424,21.5049
train,3943.tif,0.553756,20.5039
train,3944.tif,0.582565,20.9367
train,3945.tif,0.461524,17.2774
train,3946.tif,0.589441,20.868
train,3947.tif,0.644836,21.2748
train,3948.tif,0.4758,19.7386
train,3949.tif,0.667295,21.9232
train,395.tif,0.48823,19.9148
train,3950.tif,0.448816,18.5867
train,3951.tif,0.685492,22.2797
train,3952.tif,0.650522,21.7778
train,3953.tif,0.515935,18.6835
train,3954.tif,0.517227,19.393
train,3955.tif,0.583114,19.956
train,3956.tif,0.558135,21.3617
train,3957.tif,0.621794,22.476
train,3958.tif,0.513633,18.6575
train,3959.tif,0.602766,22.538
train,396.tif,0.544274,19.6993
train,3960.tif,0.45032,18.6594
train,3961.tif,0.617174,20.328
train,3962.tif,0.43007,17.4716
train,3963.tif,0.621767,21.624
train,3964.tif,0.52771,22.7301
train,3965.tif,0.567343,20.9493
train,3966.tif,0.579317,20.592
train,3967.tif,0.615829,17.3411
train,3968.tif,0.582564,20.3154
train,3969.tif,0.574329,18.8906
train,397.tif,0.547095,20.8251
train,3970.tif,0.443756,17.8337
train,3971.tif,0.470368,19.3721
train,3972.tif,0.47523,18.8721
train,3973.tif,0.531263,19.2822
train,3974.tif,0.719642,22.8426
train,3975.tif,0.512166,19.6616
train,3976.tif,0.573672,19.5235
train,3977.tif,0.461446,16.188
train,3978.tif,0.738351,23.5053
train,3979.tif,0.497587,19.5537
train,398.tif,0.561614,18.6113
train,3980.tif,0.740901,22.1992
train,3981.tif,0.479541,17.103
train,3982.tif,0.612206,20.9638
train,3983.tif,0.378964,17.5982
train,3984.tif,0.586094,20.9307
train,3985.tif,0.63783,21.0996
train,3986.tif,0.587483,20.3119
train,3987.tif,0.460317,18.8167
train,3988.tif,0.582873,19.8829
train,3989.tif,0.443005,18.356
train,399.tif,0.485614,18.7999
train,3990.tif,0.63083,22.9499
train,3991.tif,0.671273,21.3984
train,3992.tif,0.576752,19.3574
train,3993.tif,0.557086,19.681
train,3994.tif,0.5729,17.9911
train,3995.tif,0.593204,20.7121
train,3996.tif,0.534334,19.7665
train,3997.tif,0.669451,21.905
train,3998.tif,0.627475,23.9388
train,3999.tif,0.428019,18.5259
train,4.tif,0.477623,19.6933
train,40.tif,0.524753,20.538
train,400.tif,0.474818,18.5798
train,4000.tif,0.579571,19.1203
train,4001.tif,0.842336,24.3082
train,4002.tif,0.529068,20.3621
train,4003.tif,0.521679,19.0628
train,4004.tif,0.547542,20.7608
train,4005.tif,0.509589,18.0554
train,4006.tif,0.540778,17.8149
train,4007.tif,0.524154,19.5488
train,4008.tif,0.44818,17.1811
train,4009.tif,0.577937,21.394
train,401.tif,0.486604,18.977
train,4010.tif,0.448695,19.4439
train,4011.tif,0.482073,18.7602
train,4012.tif,0.38284,16.8716
train,4013.tif,0.580617,20.5784
train,4014.tif,0.572658,21.0337
train,4015.tif,0.550417,20.7155
train,4016.tif,0.465271,17.8936
train,4017.tif,0.50995,19.6436
train,4018.tif,0.620476,19.0249
train,4019.tif,0.418189,16.3809
train,402.tif,0.6081,21.1016
train,4020.tif,0.57383,19.8185
train,4021.tif,0.497508,18.8913
train,4022.tif,0.470059,19.1144
train,4023.tif,0.762042,21.9697
train,4024.tif,0.544179,18.4127
train,4025.tif,0.516131,20.008
train,4026.tif,0.530804,20.2201
train,4027.tif,0.479389,17.2404
train,4028.tif,0.506283,17.9685
train,4029.tif,0.479103,17.8417
train,403.tif,0.441054,17.7093
train,4030.tif,0.551775,20.033
train,4031.tif,0.589239,18.5015
train,4032.tif,0.640708,22.6165
train,4033.tif,0.523602,18.083
train,4034.tif,0.419079,17.6212
train,4035.tif,0.581811,18.1795
train,4036.tif,0.585948,21.3321
train,4037.tif,0.57452,20.2584
train,4038.tif,0.583932,20.0644
train,4039.tif,0.687428,22.6846
train,404.tif,0.477126,17.8861
train,4040.tif,0.474101,18.2872
train,4041.tif,0.518081,18.6692
train,4042.tif,0.54244,22.5873
train,4043.tif,0.612569,21.1262
train,4044.tif,0.527277,22.0651
train,4045.tif,0.475391,17.2954
train,4046.tif,0.556214,19.4086
train,4047.tif,0.699935,20.813
train,4048.tif,0.62782,22.7437
train,4049.tif,0.557947,20.2985
train,405.tif,0.568733,19.3615
train,4050.tif,0.538692,19.355
train,4051.tif,0.501586,18.7522
train,4052.tif,0.466434,17.2074
train,4053.tif,0.50292,20.4469
train,4054.tif,0.442989,18.2667
train,4055.tif,0.588357,20.5497
train,4056.tif,0.565923,21.3978
train,4057.tif,0.707377,24.3652
train,4058.tif,0.503119,18.6016
train,4059.tif,0.616538,22.0096
train,406.tif,0.534229,18.7238
train,4060.tif,0.496637,19.4961
train,4061.tif,0.683065,23.5292
train,4062.tif,0.689848,17.8837
train,4063.tif,0.473377,19.4362
train,4064.tif,0.466359,17.3494
train,4065.tif,0.562974,21.7279
train,4066.tif,0.530258,18.7456
train,4067.tif,0.467689,17.9322
train,4068.tif,0.608284,21.5367
train,4069.tif,0.471279,19.7619
train,407.tif,0.488523,18.3295
train,4070.tif,0.488957,17.4749
train,4071.tif,0.638723,19.7355
train,4072.tif,0.557574,18.7847
train,4073.tif,0.509281,18.888
train,4074.tif,0.545646,21.0456
train,4075.tif,0.518388,19.7435
train,4076.tif,0.493481,19.2502
train,4077.tif,0.589501,17.1578
train,4078.tif,0.496477,18.4535
train,4079.tif,0.481479,18.7158
train,408.tif,0.483955,18.5518
train,4080.tif,0.490932,17.4301
train,4081.tif,0.561153,18.2004
train,4082.tif,0.540968,21.8672
train,4083.tif,0.431868,17.5676
train,4084.tif,0.454337,17.9707
train,4085.tif,0.63706,21.141
train,4086.tif,0.500191,17.602
train,4087.tif,0.641509,21.4633
train,4088.tif,0.439714,20.1142
train,4089.tif,0.531119,20.7979
train,409.tif,0.528948,19.5746
train,4090.tif,0.647102,20.9369
train,4091.tif,0.532475,18.3477
train,4092.tif,0.494492,19.1336
train,4093.tif,0.496355,18.6937
train,4094.tif,0.45304,18.5263
train,4095.tif,0.487442,17.8985
train,4096.tif,0.621742,22.856
train,4097.tif,0.671659,21.5907
train,4098.tif,0.605418,23.1138
train,4099.tif,0.494145,21.7951
train,41.tif,0.668819,21.1021
train,410.tif,0.455914,17.9646
train,4100.tif,0.560385,20.4026
train,4101.tif,0.604807,21.7196
train,4102.tif,0.627544,20.8262
train,4103.tif,0.491753,18.4328
train,4104.tif,0.801174,23.8047
train,4105.tif,0.478028,19.2352
train,4106.tif,0.473282,18.547
train,4107.tif,0.521255,19.2906
train,4108.tif,0.558117,20.6248
train,4109.tif,0.516891,19.6165
train,411.tif,0.582003,19.0469
train,4110.tif,0.572677,20.1983
train,4111.tif,0.527058,19.2335
train,4112.tif,0.540732,17.693
train,4113.tif,0.512224,19.368
train,4114.tif,0.615587,21.87
train,4115.tif,0.601747,21.2545
train,4116.tif,0.443727,19.3464
train,4117.tif,0.606793,21.9546
train,4118.tif,0.526584,19.1839
train,4119.tif,0.603571,22.1385
train,412.tif,0.508678,19.1119
train,4120.tif,0.497204,17.112
train,4121.tif,0.597881,21.4113
train,4122.tif,0.549376,19.6877
train,4123.tif,0.450261,19.0337
train,4124.tif,0.497203,18.6199
train,4125.tif,0.642183,21.5566
train,4126.tif,0.456535,17.794
train,4127.tif,0.590914,19.703
train,4128.tif,0.651873,20.7877
train,4129.tif,0.451948,18.4769
train,413.tif,0.49488,18.2587
train,4130.tif,0.653448,20.7581
train,4131.tif,0.601859,20.6657
train,4132.tif,0.434331,17.765
train,4133.tif,0.658569,22.8893
train,4134.tif,0.602565,21.7525
train,4135.tif,0.526247,17.3817
train,4136.tif,0.565121,18.4945
train,4137.tif,0.494063,17.5198
train,4138.tif,0.464921,17.8427
train,4139.tif,0.533096,19.9544
train,414.tif,0.508038,18.3615
train,4140.tif,0.604874,20.0279
train,4141.tif,0.641761,21.8161
train,4142.tif,0.46803,18.2838
train,4143.tif,0.52417,18.5433
train,4144.tif,0.488838,20.0158
train,4145.tif,0.495907,19.7453
train,4146.tif,0.550201,21.0109
train,4147.tif,0.638081,21.6283
train,4148.tif,0.610044,20.8456
train,4149.tif,0.723218,22.0107
train,415.tif,0.590495,19.4359
train,4150.tif,0.523047,19.77
train,4151.tif,0.498309,17.2348
train,4152.tif,0.412192,17.1239
train,4153.tif,0.53869,18.7501
train,4154.tif,0.472805,18.968
train,4155.tif,0.758189,24.7085
train,4156.tif,0.489366,18.9979
train,4157.tif,0.439407,18.5976
train,4158.tif,0.559904,20.1045
train,4159.tif,0.522184,19.3704
train,416.tif,0.436111,16.9295
train,4160.tif,0.490771,18.5078
train,4161.tif,0.575349,20.6884
train,4162.tif,0.576008,21.2307
train,4163.tif,0.475344,18.6649
train,4164.tif,0.483047,18.0752
train,4165.tif,0.801697,22.6141
train,4166.tif,0.529573,20.6084
train,4167.tif,0.450693,18.8677
train,4168.tif,0.434847,16.2355
train,4169.tif,0.615781,21.0779
train,417.tif,0.547376,19.4021
train,4170.tif,0.471007,17.299
train,4171.tif,0.580965,20.879
train,4172.tif,0.460763,18.5159
train,4173.tif,0.548975,18.3861
train,4174.tif,0.530131,20.8888
train,4175.tif,0.571943,21.6218
train,4176.tif,0.52326,19.0945
train,4177.tif,0.561249,19.4963
train,4178.tif,0.498647,18.4484
train,4179.tif,0.514884,19.6656
train,418.tif,0.542415,19.2868
train,4180.tif,0.47971,19.7538
train,4181.tif,0.500313,17.5962
train,4182.tif,0.461454,18.9659
train,4183.tif,0.585167,20.9053
train,4184.tif,0.810226,24.2461
train,4185.tif,0.418414,18.7882
train,4186.tif,0.503049,18.7672
train,4187.tif,0.481817,16.8491
train,4188.tif,0.494125,17.9191
train,4189.tif,0.465745,19.295
train,419.tif,0.61343,21.2408
train,4190.tif,0.617343,21.145
train,4191.tif,0.449194,17.3773
train,4192.tif,0.468584,19.0242
train,4193.tif,0.508478,19.14
train,4194.tif,0.6039,19.0956
train,4195.tif,0.519634,19.8155
train,4196.tif,0.445486,18.6578
train,4197.tif,0.490015,20.9094
train,4198.tif,0.512774,19.0959
train,4199.tif,0.457084,16.6423
train,42.tif,0.578375,20.9275
train,420.tif,0.583557,20.7328
train,4200.tif,0.478281,21.0868
train,4201.tif,0.564463,18.8702
train,4202.tif,0.416898,17.9598
train,4203.tif,0.502454,21.6394
train,4204.tif,0.52717,18.5354
train,4205.tif,0.514295,18.4375
train,4206.tif,0.473875,18.3172
train,4207.tif,0.442469,17.6729
train,4208.tif,0.60814,19.6924
train,4209.tif,0.636858,19.4113
train,421.tif,0.55246,20.0444
train,4210.tif,0.539934,20.3908
train,4211.tif,0.579963,21.3419
train,4212.tif,0.45461,16.7967
train,4213.tif,0.514326,18.4826
train,4214.tif,0.576694,19.3953
train,4215.tif,0.487674,18.4501
train,4216.tif,0.570756,20.525
train,4217.tif,0.536117,20.1473
train,4218.tif,0.462554,18.1449
train,4219.tif,0.486897,17.2919
train,422.tif,0.49673,19.6879
train,4220.tif,0.512185,18.4592
train,4221.tif,0.50102,17.3623
train,4222.tif,0.436484,17.4009
train,4223.tif,0.855885,25.1149
train,4224.tif,0.4388,18.9838
train,4225.tif,0.514826,19.9681
train,4226.tif,0.589363,19.9807
train,4227.tif,0.513003,20.1365
train,4228.tif,0.666741,23.1284
train,4229.tif,0.661021,20.9965
train,423.tif,0.469772,18.9081
train,4230.tif,0.54615,17.9882
train,4231.tif,0.600806,20.7956
train,4232.tif,0.460314,19.02
train,4233.tif,0.520727,19.5595
train,4234.tif,0.575054,17.847
train,4235.tif,0.442226,18.0422
train,4236.tif,0.673007,21.4152
train,4237.tif,0.46353,18.6268
train,4238.tif,0.519259,18.5752
train,4239.tif,0.583493,20.1623
train,424.tif,0.580262,21.2032
train,4240.tif,0.76178,24.7781
train,4241.tif,0.491125,19.234
train,4242.tif,0.523035,19.5684
train,4243.tif,0.434197,16.4714
train,4244.tif,0.47573,18.2011
train,4245.tif,0.714693,22.8389
train,4246.tif,0.496659,19.3549
train,4247.tif,0.459764,19.6705
train,4248.tif,0.582307,20.4365
train,4249.tif,0.4166,17.8562
train,425.tif,0.509495,19.713
train,4250.tif,0.586718,20.2669
train,4251.tif,0.576869,20.4956
train,4252.tif,0.648504,21.1139
train,4253.tif,0.504909,18.7533
train,4254.tif,0.670119,20.8463
train,4255.tif,0.527537,19.2577
train,4256.tif,0.548061,15.9497
train,4257.tif,0.618781,21.9295
train,4258.tif,0.537978,19.9479
train,4259.tif,0.493565,18.2662
train,426.tif,0.483001,18.5595
train,4260.tif,0.557575,20.925
train,4261.tif,0.652886,20.5945
train,4262.tif,0.513451,19.6245
train,4263.tif,0.538361,19.2683
train,4264.tif,0.485888,18.9766
train,4265.tif,0.494051,18.6572
train,4266.tif,0.575103,20.1746
train,4267.tif,0.429636,17.9946
train,4268.tif,0.560896,20.0834
train,4269.tif,0.523774,20.5879
train,427.tif,0.57494,21.5416
train,4270.tif,0.545856,18.9515
train,4271.tif,0.563672,20.0165
train,4272.tif,0.59469,21.2945
train,4273.tif,0.550447,20.607
train,4274.tif,0.530592,18.4407
train,4275.tif,0.590986,22.0951
train,4276.tif,0.642152,21.741
train,4277.tif,0.521802,20.4233
train,4278.tif,0.634975,19.243
train,4279.tif,0.625375,21.4396
train,428.tif,0.56038,19.7448
train,4280.tif,0.621267,21.0148
train,4281.tif,0.560409,21.5186
train,4282.tif,0.484309,18.8293
train,4283.tif,0.687966,21.372
train,4284.tif,0.480042,20.6191
train,4285.tif,0.601832,22.4218
train,4286.tif,0.523069,20.1857
train,4287.tif,0.499218,17.9151
train,4288.tif,0.71413,23.0404
train,4289.tif,0.55337,20.2413
train,429.tif,0.583472,21.6415
train,4290.tif,0.505014,19.2
train,4291.tif,0.545773,20.5261
train,4292.tif,0.626132,19.2286
train,4293.tif,0.526952,19.4959
train,4294.tif,0.519067,19.2357
train,4295.tif,0.5505,16.2693
train,4296.tif,0.520999,17.9414
train,4297.tif,0.596896,22.0687
train,4298.tif,0.535098,20.1615
train,4299.tif,0.460028,17.3776
train,43.tif,0.584716,21.1231
train,430.tif,0.589482,21.0357
train,4300.tif,0.452187,18.8327
train,4301.tif,0.593842,21.6183
train,4302.tif,0.550668,19.1806
train,4303.tif,0.588255,20.3956
train,4304.tif,0.497529,20.1687
train,4305.tif,0.603455,22.0816
train,4306.tif,0.570804,20.9443
train,4307.tif,0.565467,20.6874
train,4308.tif,0.535368,18.957
train,4309.tif,0.656938,20.6503
train,431.tif,0.505522,18.4803
train,4310.tif,0.613424,21.3691
train,4311.tif,0.566887,20.6851
train,4312.tif,0.370984,17.2731
train,4313.tif,0.536335,19.8997
train,4314.tif,0.438355,17.5608
train,4315.tif,0.672726,21.9048
train,4316.tif,0.64118,20.044
train,4317.tif,0.513487,18.6279
train,4318.tif,0.470838,18.3252
train,4319.tif,0.507812,19.2944
train,432.tif,0.522516,18.9748
train,4320.tif,0.539437,18.7806
train,4321.tif,0.498761,20.1994
train,4322.tif,0.434804,18.923
train,4323.tif,0.510911,20.852
train,4324.tif,0.589381,16.9275
train,4325.tif,0.694651,21.9501
train,4326.tif,0.452374,19.1987
train,4327.tif,0.558143,19.5833
train,4328.tif,0.639684,17.9314
train,4329.tif,0.513158,19.6986
train,433.tif,0.534366,20.3377
train,4330.tif,0.582681,21.7515
train,4331.tif,0.517464,19.1487
train,4332.tif,0.456941,18.6813
train,4333.tif,0.536813,19.2438
train,4334.tif,0.488365,18.9188
train,4335.tif,0.498189,19.4872
train,4336.tif,0.686193,21.678
train,4337.tif,0.57593,20.4621
train,4338.tif,0.539753,19.0019
train,4339.tif,0.56472,20.8685
train,434.tif,0.479063,19.9931
train,4340.tif,0.534012,19.4882
train,4341.tif,0.5402,19.3948
train,4342.tif,0.454513,17.5425
train,4343.tif,0.61982,21.2184
train,4344.tif,0.538506,17.0036
train,4345.tif,0.521385,19.2676
train,4346.tif,0.41801,18.6043
train,4347.tif,0.566287,13.6046
train,4348.tif,0.452453,17.6769
train,4349.tif,0.594253,19.7852
train,435.tif,0.477136,18.8214
train,4350.tif,0.464515,18.2038
train,4351.tif,0.642373,19.7376
train,4352.tif,0.550686,20.5296
train,4353.tif,0.520636,21.4951
train,4354.tif,0.471646,17.9083
train,4355.tif,0.654067,22.6313
train,4356.tif,0.616397,20.8026
train,4357.tif,0.515401,14.9327
train,4358.tif,0.47627,18.1711
train,4359.tif,0.441814,18.4103
train,436.tif,0.524402,17.8899
train,4360.tif,0.587535,19.871
train,4361.tif,0.755233,23.5713
train,4362.tif,0.548702,19.584
train,4363.tif,0.562434,20.7469
train,4364.tif,0.513676,19.7755
train,4365.tif,0.554157,18.1899
train,4366.tif,0.552563,18.9775
train,4367.tif,0.580104,19.5733
train,4368.tif,0.518702,19.7552
train,4369.tif,0.466211,17.5761
train,437.tif,0.577693,19.9036
train,4370.tif,0.588052,19.1583
train,4371.tif,0.48967,17.9523
train,4372.tif,0.549635,20.9037
train,4373.tif,0.498774,19.1748
train,4374.tif,0.515753,18.5294
train,4375.tif,0.573407,20.5969
train,4376.tif,0.6275,18.0198
train,4377.tif,0.529039,18.2188
train,4378.tif,0.502808,18.3679
train,4379.tif,0.522679,19.2571
train,438.tif,0.52242,19.1286
train,4380.tif,0.47108,19.3826
train,4381.tif,0.581985,20.852
train,4382.tif,0.583623,21.0137
train,4383.tif,0.424502,17.5624
train,4384.tif,0.684409,22.2389
train,4385.tif,0.692656,19.4748
train,4386.tif,0.605331,20.2025
train,4387.tif,0.433982,17.4665
train,4388.tif,0.560376,20.0783
train,4389.tif,0.571708,18.6189
train,439.tif,0.47359,18.2727
train,4390.tif,0.522654,21.6916
train,4391.tif,0.485097,18.3053
train,4392.tif,0.499262,19.031
train,4393.tif,0.553549,20.0482
train,4394.tif,0.588872,21.1798
train,4395.tif,0.57093,21.2152
train,4396.tif,0.476535,19.1405
train,4397.tif,0.767976,22.2818
train,4398.tif,0.555459,20.1857
train,4399.tif,0.589861,19.4425
train,44.tif,0.603752,22.9136
train,440.tif,0.77259,24.3443
train,4400.tif,0.448028,15.749
train,4401.tif,0.559245,20.4197
train,4402.tif,0.452821,18.9584
train,4403.tif,0.463832,17.0086
train,4404.tif,0.588656,20.8205
train,4405.tif,0.660452,23.4523
train,4406.tif,0.558661,19.3955
train,4407.tif,0.473328,18.5043
train,4408.tif,0.605685,20.8002
train,4409.tif,0.66249,20.3752
train,441.tif,0.568393,18.4551
train,4410.tif,0.465126,18.1544
train,4411.tif,0.388775,18.4214
train,4412.tif,0.587065,21.6495
train,4413.tif,0.532991,18.7526
train,4414.tif,0.552482,19.2086
train,4415.tif,0.546597,19.7828
train,4416.tif,0.593761,20.8404
train,4417.tif,0.565398,20.5102
train,4418.tif,0.517781,18.8898
train,4419.tif,0.605634,22.9893
train,442.tif,0.557678,19.8233
train,4420.tif,0.477375,18.4851
train,4421.tif,0.521385,19.4959
train,4422.tif,0.525456,20.4905
train,4423.tif,0.584776,19.3956
train,4424.tif,0.588191,20.9047
train,4425.tif,0.481046,18.7007
train,4426.tif,0.620131,21.7129
train,4427.tif,0.56273,20.113
train,4428.tif,0.566039,21.4708
train,4429.tif,0.466378,19.4803
train,443.tif,0.5566,21.1602
train,4430.tif,0.510715,18.6111
train,4431.tif,0.461888,18.4653
train,4432.tif,0.622381,22.5553
train,4433.tif,0.642438,21.693
train,4434.tif,0.564787,19.869
train,4435.tif,0.678182,22.9559
train,4436.tif,0.587291,21.279
train,4437.tif,0.595382,20.853
train,4438.tif,0.606399,18.6212
train,4439.tif,0.655613,20.4579
train,444.tif,0.514292,19.0048
train,4440.tif,0.53792,20.9736
train,4441.tif,0.597046,21.5548
train,4442.tif,0.626755,23.1344
train,4443.tif,0.590307,20.3355
train,4444.tif,0.525314,20.4421
train,4445.tif,0.550615,19.256
train,4446.tif,0.642538,21.0074
train,4447.tif,0.460016,19.699
train,4448.tif,0.642118,21.7127
train,4449.tif,0.621366,21.8276
train,445.tif,0.504593,18.202
train,4450.tif,0.70213,19.6251
train,4451.tif,0.652895,20.8561
train,4452.tif,0.619452,20.1997
train,4453.tif,0.661835,21.9134
train,4454.tif,0.574803,20.5354
train,4455.tif,0.504632,20.0153
train,4456.tif,0.691604,23.1228
train,4457.tif,0.474594,19.2312
train,4458.tif,0.597322,21.7699
train,4459.tif,0.582304,19.6838
train,446.tif,0.507661,18.3975
train,4460.tif,0.594396,20.9688
train,4461.tif,0.484658,19.9854
train,4462.tif,0.658152,22.8652
train,4463.tif,0.528613,20.8105
train,4464.tif,0.533084,19.5448
train,4465.tif,0.592182,21.6203
train,4466.tif,0.596828,21.4026
train,4467.tif,0.576833,18.4311
train,4468.tif,0.579016,21.2335
train,4469.tif,0.545716,20.0214
train,447.tif,0.463796,19.5436
train,4470.tif,0.631124,21.505
train,4471.tif,0.651361,21.9144
train,4472.tif,0.550008,21.2182
train,4473.tif,0.507147,20.7754
train,4474.tif,0.516732,20.0637
train,4475.tif,0.584682,22.2992
train,4476.tif,0.61232,20.0021
train,4477.tif,0.550484,18.7661
train,4478.tif,0.660319,21.488
train,4479.tif,0.663065,23.7258
train,448.tif,0.502222,19.0861
train,4480.tif,0.612991,20.1079
train,4481.tif,0.620407,22.0278
train,4482.tif,0.519862,19.6516
train,4483.tif,0.702584,21.1836
train,4484.tif,0.613895,21.6785
train,4485.tif,0.603727,21.3053
train,4486.tif,0.527798,18.7164
train,4487.tif,0.571771,20.2915
train,4488.tif,0.52388,19.8913
train,4489.tif,0.619128,21.2739
train,449.tif,0.497172,19.7568
train,4490.tif,0.58981,22.0062
train,4491.tif,0.494255,20.0692
train,4492.tif,0.631404,19.4877
train,4493.tif,0.637898,22.1819
train,4494.tif,0.616748,22.1669
train,4495.tif,0.645059,22.5015
train,4496.tif,0.582298,18.6634
train,4497.tif,0.539647,21.0303
train,4498.tif,0.510475,19.4302
train,4499.tif,0.501218,19.2953
train,45.tif,0.540396,18.7145
train,450.tif,0.56998,19.0229
train,4500.tif,0.515194,19.8324
train,4501.tif,0.655344,21.6827
train,4502.tif,0.596273,20.4409
train,4503.tif,0.650944,20.7031
train,4504.tif,0.475274,19.7745
train,4505.tif,0.620357,20.6062
train,4506.tif,0.675622,20.8819
train,4507.tif,0.621609,21.8647
train,4508.tif,0.597479,20.1442
train,4509.tif,0.52073,20.0672
train,451.tif,0.508604,16.6285
train,4510.tif,0.625934,21.7639
train,4511.tif,0.469841,18.9023
train,4512.tif,0.645591,17.5617
train,4513.tif,0.470809,20.8948
train,4514.tif,0.577918,19.3923
train,4515.tif,0.660291,20.4344
train,4516.tif,0.551843,19.6033
train,4517.tif,0.623049,22.1706
train,4518.tif,0.633325,21.4418
train,4519.tif,0.472318,18.6786
train,452.tif,0.492301,18.2247
train,4520.tif,0.508789,20.0993
train,4521.tif,0.665792,22.2052
train,4522.tif,0.496279,19.0076
train,4523.tif,0.484196,20.081
train,4524.tif,0.599423,19.9568
train,4525.tif,0.646856,20.829
train,4526.tif,0.528745,19.9574
train,4527.tif,0.547053,21.4286
train,4528.tif,0.570828,21.2802
train,4529.tif,0.573648,20.0908
train,453.tif,0.516311,17.7813
train,4530.tif,0.542545,17.519
train,4531.tif,0.513965,18.7453
train,4532.tif,0.531725,20.5989
train,4533.tif,0.577806,17.9856
train,4534.tif,0.620204,21.0094
train,4535.tif,0.486752,18.9258
train,4536.tif,0.684448,22.2118
train,4537.tif,0.549911,20.2605
train,4538.tif,0.690466,22.9478
train,4539.tif,0.525922,20.3051
train,454.tif,0.635615,21.5108
train,4540.tif,0.56534,18.7349
train,4541.tif,0.746747,19.8485
train,4542.tif,0.564081,19.6925
train,4543.tif,0.553799,20.462
train,4544.tif,0.570606,20.938
train,4545.tif,0.603018,21.7335
train,4546.tif,0.694414,23.7627
train,4547.tif,0.50625,19.6031
train,4548.tif,0.576938,20.5135
train,4549.tif,0.601807,21.1038
train,455.tif,0.497409,19.2002
train,4550.tif,0.595004,21.225
train,4551.tif,0.579906,18.0198
train,4552.tif,0.598526,21.5031
train,4553.tif,0.707473,19.6448
train,4554.tif,0.556602,19.6951
train,4555.tif,0.586022,19.7631
train,4556.tif,0.678094,21.9559
train,4557.tif,0.593937,20.0811
train,4558.tif,0.67251,23.9732
train,4559.tif,0.48907,17.9404
train,456.tif,0.51263,18.0049
train,4560.tif,0.577599,20.3356
train,4561.tif,0.646078,20.2045
train,4562.tif,0.568701,20.8013
train,4563.tif,0.574508,19.8914
train,4564.tif,0.604752,20.7082
train,4565.tif,0.697963,19.5714
train,4566.tif,0.475097,18.9482
train,4567.tif,0.538871,20.8576
train,4568.tif,0.469918,19.2322
train,4569.tif,0.512703,17.8617
train,457.tif,0.479139,16.3277
train,4570.tif,0.662065,20.7659
train,4571.tif,0.68361,22.2888
train,4572.tif,0.584425,22.1735
train,4573.tif,0.566462,20.5358
train,4574.tif,0.738305,19.0946
train,4575.tif,0.66082,23.5325
train,4576.tif,0.695134,22.912
train,4577.tif,0.4873,19.6745
train,4578.tif,0.538638,19.8035
train,4579.tif,0.561624,20.8261
train,458.tif,0.557738,16.0768
train,4580.tif,0.699092,22.1873
train,4581.tif,0.655389,20.756
train,4582.tif,0.597282,20.7433
train,4583.tif,0.592057,20.5899
train,4584.tif,0.519494,17.6381
train,4585.tif,0.519308,19.7833
train,4586.tif,0.501621,18.7836
train,4587.tif,0.641633,22.1525
train,4588.tif,0.55326,19.5573
train,4589.tif,0.61853,21.8004
train,459.tif,0.50113,18.3396
train,4590.tif,0.664407,25.1831
train,4591.tif,0.585979,22.4454
train,4592.tif,0.501774,20.2683
train,4593.tif,0.583938,20.6276
train,4594.tif,0.605846,21.7164
train,4595.tif,0.606061,20.7312
train,4596.tif,0.529735,19.1862
train,4597.tif,0.607929,20.2813
train,4598.tif,0.739052,23.5817
train,4599.tif,0.587671,18.6185
train,46.tif,0.623948,19.803
train,460.tif,0.517879,16.9166
train,4600.tif,0.472057,18.9365
train,4601.tif,0.575266,21.3923
train,4602.tif,0.554628,19.4282
train,4603.tif,0.606548,21.3207
train,4604.tif,0.762338,22.1325
train,4605.tif,0.656597,23.2141
train,4606.tif,0.466928,19.3346
train,4607.tif,0.483664,18.5342
train,4608.tif,0.589288,21.0956
train,4609.tif,0.658049,21.9655
train,461.tif,0.564917,19.4863
train,4610.tif,0.577388,21.3732
train,4611.tif,0.748151,19.4695
train,4612.tif,0.551329,18.8021
train,4613.tif,0.472486,19.8214
train,4614.tif,0.622141,20.883
train,4615.tif,0.739512,21.4516
train,4616.tif,0.541429,20.6626
train,4617.tif,0.498545,19.0336
train,4618.tif,0.676578,22.0347
train,4619.tif,0.651231,22.4115
train,462.tif,0.482972,18.9769
train,4620.tif,0.594567,21.7276
train,4621.tif,0.52253,20.3452
train,4622.tif,0.493981,19.5725
train,4623.tif,0.672862,21.8862
train,4624.tif,0.581052,20.1868
train,4625.tif,0.691343,22.8755
train,4626.tif,0.652656,20.8411
train,4627.tif,0.498973,19.579
train,4628.tif,0.605936,17.96
train,4629.tif,0.658566,22.5517
train,463.tif,0.511699,19.8517
train,4630.tif,0.66534,24.0273
train,4631.tif,0.598234,19.0485
train,4632.tif,0.487123,20.4644
train,4633.tif,0.655065,21.4654
train,4634.tif,0.594175,20.8314
train,4635.tif,0.497239,18.8158
train,4636.tif,0.516871,20.4205
train,4637.tif,0.798308,24.4394
train,4638.tif,0.598909,22.1826
train,4639.tif,0.578662,19.6443
train,464.tif,0.459289,17.2574
train,4640.tif,0.594597,18.688
train,4641.tif,0.6285,22.9478
train,4642.tif,0.577903,18.8894
train,4643.tif,0.631651,20.4712
train,4644.tif,0.492228,18.9134
train,4645.tif,0.557405,21.1697
train,4646.tif,0.738414,20.4092
train,4647.tif,0.658786,21.5687
train,4648.tif,0.50475,19.963
train,4649.tif,0.759971,21.7823
train,465.tif,0.819573,23.3418
train,4650.tif,0.607512,20.2729
train,4651.tif,0.554896,20.5111
train,4652.tif,0.553498,18.0233
train,4653.tif,0.622572,21.2539
train,4654.tif,0.495138,17.6282
train,4655.tif,0.557334,21.0261
train,4656.tif,0.797847,20.5125
train,4657.tif,0.659171,20.3272
train,4658.tif,0.565505,20.2876
train,4659.tif,0.439067,18.1161
train,466.tif,0.464339,19.6241
train,4660.tif,0.514811,20.2521
train,4661.tif,0.484482,19.7847
train,4662.tif,0.595611,19.2231
train,4663.tif,0.626713,17.775
train,4664.tif,0.553287,20.9946
train,4665.tif,0.610085,19.3241
train,4666.tif,0.565666,20.1825
train,4667.tif,0.663206,22.972
train,4668.tif,0.545146,18.1917
train,4669.tif,0.564101,19.3841
train,467.tif,0.558311,16.5962
train,4670.tif,0.647137,21.1682
train,4671.tif,0.549905,21.4756
train,4672.tif,0.607226,21.2028
train,4673.tif,0.700976,23.1405
train,4674.tif,0.647938,22.4289
train,4675.tif,0.482167,20.0347
train,4676.tif,0.565466,20.2434
train,4677.tif,0.51074,20.1057
train,4678.tif,0.583291,17.4475
train,4679.tif,0.510838,20.3705
train,468.tif,0.506492,18.9231
train,4680.tif,0.572559,19.1603
train,4681.tif,0.470285,19.6508
train,4682.tif,0.618468,21.532
train,4683.tif,0.571751,20.5332
train,4684.tif,0.49153,18.8801
train,4685.tif,0.555817,19.5328
train,4686.tif,0.626162,22.2501
train,4687.tif,0.650471,21.6518
train,4688.tif,0.511052,19.0031
train,4689.tif,0.633398,21.273
train,469.tif,0.483659,18.8238
train,4690.tif,0.492403,19.3212
train,4691.tif,0.590174,20.7695
train,4692.tif,0.510524,18.2927
train,4693.tif,0.545848,20.6652
train,4694.tif,0.603964,21.7148
train,4695.tif,0.530284,20.1769
train,4696.tif,0.645706,21.3537
train,4697.tif,0.51659,19.7237
train,4698.tif,0.614685,21.0686
train,4699.tif,0.601116,21.3724
train,47.tif,0.558906,19.1226
train,470.tif,0.472967,16.5211
train,4700.tif,0.72413,19.7118
train,4701.tif,0.55294,21.1132
train,4702.tif,0.565714,22.2879
train,4703.tif,0.608157,19.9225
train,4704.tif,0.669698,23.876
train,4705.tif,0.614688,18.1197
train,4706.tif,0.610824,23.8824
train,4707.tif,0.585257,19.8506
train,4708.tif,0.53691,20.3788
train,4709.tif,0.63223,22.9716
train,471.tif,0.495944,18.9353
train,4710.tif,0.655435,21.1577
train,4711.tif,0.59367,21.1012
train,4712.tif,0.641685,21.5701
train,4713.tif,0.712417,21.0431
train,4714.tif,0.596584,21.6925
train,4715.tif,0.59523,20.7164
train,4716.tif,0.545349,20.567
train,4717.tif,0.490585,19.3349
train,4718.tif,0.581144,20.5848
train,4719.tif,0.627796,21.6792
train,472.tif,0.662333,20.374
train,4720.tif,0.586094,22.5031
train,4721.tif,0.641927,21.7596
train,4722.tif,0.612548,20.5193
train,4723.tif,0.561847,19.2887
train,4724.tif,0.45174,19.1054
train,4725.tif,0.592296,21.92
train,4726.tif,0.564763,20.8432
train,4727.tif,0.620467,20.1645
train,4728.tif,0.544693,20.9788
train,4729.tif,0.607347,20.611
train,473.tif,0.502,20.5583
train,4730.tif,0.508383,20.47
train,4731.tif,0.472726,18.5881
train,4732.tif,0.767857,22.1721
train,4733.tif,0.656334,19.938
train,4734.tif,0.519561,20.3632
train,4735.tif,0.72151,19.2575
train,4736.tif,0.60725,21.7974
train,4737.tif,0.509315,18.1994
train,4738.tif,0.598818,21.1512
train,4739.tif,0.498048,20.3555
train,474.tif,0.540279,20.916
train,4740.tif,0.645822,21.9384
train,4741.tif,0.526782,19.8546
train,4742.tif,0.567026,20.6444
train,4743.tif,0.633008,22.8049
train,4744.tif,0.575961,21.3052
train,4745.tif,0.466921,17.9636
train,4746.tif,0.678806,21.2634
train,4747.tif,0.55416,20.5619
train,4748.tif,0.734557,24.4486
train,4749.tif,0.586803,21.176
train,475.tif,0.426834,18.7395
train,4750.tif,0.564246,21.0931
train,4751.tif,0.594316,20.9316
train,4752.tif,0.698741,21.8264
train,4753.tif,0.554815,21.0793
train,4754.tif,0.611547,22.2325
train,4755.tif,0.645866,21.6948
train,4756.tif,0.547513,19.0385
train,4757.tif,0.606811,19.602
train,4758.tif,0.605179,22.1066
train,4759.tif,0.525343,20.9241
train,476.tif,0.479892,18.9272
train,4760.tif,0.581411,19.4153
train,4761.tif,0.576735,21.9539
train,4762.tif,0.553805,19.6261
train,4763.tif,0.522662,19.3827
train,4764.tif,0.414561,17.4788
train,4765.tif,0.588661,20.6727
train,4766.tif,0.618487,20.9054
train,4767.tif,0.630128,22.4541
train,4768.tif,0.638372,21.4082
train,4769.tif,0.538084,19.2897
train,477.tif,0.457662,18.3074
train,4770.tif,0.556093,19.7991
train,4771.tif,0.641802,21.6066
train,4772.tif,0.543698,20.1228
train,4773.tif,0.505805,20.5186
train,4774.tif,0.603293,19.3521
train,4775.tif,0.595558,20.0927
train,4776.tif,0.493492,18.5727
train,4777.tif,0.54644,21.0755
train,4778.tif,0.718324,21.9134
train,4779.tif,0.493104,17.7034
train,478.tif,0.556755,18.4733
train,4780.tif,0.551382,19.3218
train,4781.tif,0.653179,21.9479
train,4782.tif,0.694807,20.7882
train,4783.tif,0.502939,19.6829
train,4784.tif,0.653952,23.6251
train,4785.tif,0.544939,20.3074
train,4786.tif,0.526387,19.6648
train,4787.tif,0.641569,23.4153
train,4788.tif,0.60653,19.3591
train,4789.tif,0.681968,21.9951
train,479.tif,0.55857,20.6733
train,4790.tif,0.442855,17.5214
train,4791.tif,0.53826,20.4939
train,4792.tif,0.511151,20.9884
train,4793.tif,0.51162,20.2322
train,4794.tif,0.56657,21.2247
train,4795.tif,0.632819,23.1434
train,4796.tif,0.542004,19.815
train,4797.tif,0.626231,21.541
train,4798.tif,0.589471,19.8387
train,4799.tif,0.656599,21.6159
train,48.tif,0.58038,20.1672
train,480.tif,0.481076,19.4793
train,4800.tif,0.596552,21.8448
train,4801.tif,0.561018,20.7929
train,4802.tif,0.694861,22.048
train,4803.tif,0.607679,22.9278
train,4804.tif,0.60903,20.3069
train,4805.tif,0.596999,19.4197
train,4806.tif,0.666403,20.3546
train,4807.tif,0.651707,20.8019
train,4808.tif,0.493496,18.2885
train,4809.tif,0.505048,19.527
train,481.tif,0.531861,17.8784
train,4810.tif,0.556129,21.3691
train,4811.tif,0.631261,21.0049
train,4812.tif,0.510582,19.8856
train,4813.tif,0.473834,19.1444
train,4814.tif,0.649663,21.4964
train,4815.tif,0.670551,21.046
train,4816.tif,0.646052,21.8484
train,4817.tif,0.66088,22.2098
train,4818.tif,0.607759,22.0641
train,4819.tif,0.561366,19.9346
train,482.tif,0.436784,16.5465
train,4820.tif,0.574405,21.856
train,4821.tif,0.618432,20.6394
train,4822.tif,0.585242,20.9841
train,4823.tif,0.587505,19.4527
train,4824.tif,0.503434,19.9659
train,4825.tif,0.626849,21.5
train,4826.tif,0.495663,19.6937
train,4827.tif,0.593309,20.6714
train,4828.tif,0.461161,16.6513
train,4829.tif,0.545159,18.9884
train,483.tif,0.470831,18.1433
train,4830.tif,0.602709,20.9167
train,4831.tif,0.550467,21.9882
train,4832.tif,0.504858,18.9789
train,4833.tif,0.643421,22.9043
train,4834.tif,0.560361,19.7866
train,4835.tif,0.51659,18.1129
train,4836.tif,0.634643,22.2775
train,4837.tif,0.682494,23.8436
train,4838.tif,0.605291,21.347
train,4839.tif,0.745983,23.6948
train,484.tif,0.4358,17.1218
train,4840.tif,0.530049,19.1491
train,4841.tif,0.632764,22.5929
train,4842.tif,0.48635,17.2649
train,4843.tif,0.578296,21.4462
train,4844.tif,0.521185,20.2403
train,4845.tif,0.60529,20.5094
train,4846.tif,0.600735,22.3614
train,4847.tif,0.546974,21.0339
train,4848.tif,0.694468,22.7075
train,4849.tif,0.618881,20.3744
train,485.tif,0.744049,23.3046
train,4850.tif,0.657527,20.9478
train,4851.tif,0.582754,21.8522
train,4852.tif,0.587939,20.3193
train,4853.tif,0.628989,20.6472
train,4854.tif,0.539986,18.6804
train,4855.tif,0.539632,21.0785
train,4856.tif,0.499793,19.3456
train,4857.tif,0.596799,17.2977
train,4858.tif,0.637144,22.0037
train,4859.tif,0.556487,19.3979
train,486.tif,0.454229,19.4247
train,4860.tif,0.515934,20.5725
train,4861.tif,0.53305,20.228
train,4862.tif,0.5534,19.6394
train,4863.tif,0.662825,23.1349
train,4864.tif,0.505908,19.3064
train,4865.tif,0.629649,20.2904
train,4866.tif,0.553435,19.8794
train,4867.tif,0.434756,18.8548
train,4868.tif,0.52043,20.3632
train,4869.tif,0.650252,20.7459
train,487.tif,0.473027,19.6496
train,4870.tif,0.633673,21.8609
train,4871.tif,0.562085,20.0365
train,4872.tif,0.550769,19.4048
train,4873.tif,0.537901,17.6217
train,4874.tif,0.564487,20.7627
train,4875.tif,0.645084,20.5854
train,4876.tif,0.56501,20.2328
train,4877.tif,0.586834,20.066
train,4878.tif,0.527416,19.2195
train,4879.tif,0.607,20.289
train,488.tif,0.480494,17.635
train,4880.tif,0.573901,21.5398
train,4881.tif,0.679932,20.5585
train,4882.tif,0.557011,21.3968
train,4883.tif,0.625514,22.4809
train,4884.tif,0.569347,20.7148
train,4885.tif,0.676562,20.6884
train,4886.tif,0.509002,18.2774
train,4887.tif,0.64597,23.2066
train,4888.tif,0.485172,19.1251
train,4889.tif,0.591953,22.1059
train,489.tif,0.459337,17.197
train,4890.tif,0.611941,19.5782
train,4891.tif,0.606188,20.0074
train,4892.tif,0.549894,20.4868
train,4893.tif,0.617972,21.4376
train,4894.tif,0.52388,21.4982
train,4895.tif,0.554708,20.6205
train,4896.tif,0.728213,22.8405
train,4897.tif,0.469057,18.5713
train,4898.tif,0.538486,20.503
train,4899.tif,0.681232,21.801
train,49.tif,0.582919,20.2255
train,490.tif,0.4222,17.0483
train,4900.tif,0.556609,19.4146
train,4901.tif,0.578194,22.1913
train,4902.tif,0.475799,19.6082
train,4903.tif,0.525872,20.2065
train,4904.tif,0.598037,19.9328
train,4905.tif,0.529471,19.6792
train,4906.tif,0.595846,20.23
train,4907.tif,0.528563,20.2467
train,4908.tif,0.611796,17.9896
train,4909.tif,0.575516,17.4098
train,491.tif,0.499186,18.2585
train,4910.tif,0.636969,20.6646
train,4911.tif,0.529171,20.2254
train,4912.tif,0.563406,19.6181
train,4913.tif,0.642136,21.5844
train,4914.tif,0.522903,21.3746
train,4915.tif,0.54108,18.3112
train,4916.tif,0.456978,19.8428
train,4917.tif,0.555092,20.9516
train,4918.tif,0.621053,20.6257
train,4919.tif,0.549147,19.8067
train,492.tif,0.48258,18.9344
train,4920.tif,0.617265,20.8057
train,4921.tif,0.565065,21.418
train,4922.tif,0.609887,20.7154
train,4923.tif,0.714547,17.8361
train,4924.tif,0.627035,21.9734
train,4925.tif,0.630607,21.6679
train,4926.tif,0.763679,21.8574
train,4927.tif,0.596561,19.6332
train,4928.tif,0.688702,21.9613
train,4929.tif,0.614136,22.1133
train,493.tif,0.443928,17.5204
train,4930.tif,0.694914,21.0371
train,4931.tif,0.532001,20.0879
train,4932.tif,0.591886,21.2513
train,4933.tif,0.564057,18.9873
train,4934.tif,0.633563,20.4253
train,4935.tif,0.572791,21.1522
train,4936.tif,0.556877,21.5699
train,4937.tif,0.695292,23.371
train,4938.tif,0.520272,20.1478
train,4939.tif,0.568737,22.2061
train,494.tif,0.465508,18.031
train,4940.tif,0.676426,21.8613
train,4941.tif,0.498376,19.9219
train,4942.tif,0.588893,20.3794
train,4943.tif,0.650277,21.1615
train,4944.tif,0.553827,21.0344
train,4945.tif,0.62903,21.6595
train,4946.tif,0.667953,21.4973
train,4947.tif,0.654777,21.0559
train,4948.tif,0.6505,22.5305
train,4949.tif,0.478791,17.7834
train,495.tif,0.539287,20.6349
train,4950.tif,0.632408,21.3816
train,4951.tif,0.509758,20.7238
train,4952.tif,0.641787,20.3992
train,4953.tif,0.612149,21.5109
train,4954.tif,0.643311,20.8664
train,4955.tif,0.599809,19.9649
train,4956.tif,0.446105,17.4042
train,4957.tif,0.592607,19.0725
train,4958.tif,0.50281,19.185
train,4959.tif,0.495842,19.8847
train,496.tif,0.473955,16.3008
train,4960.tif,0.511131,18.491
train,4961.tif,0.485146,18.1186
train,4962.tif,0.52555,20.1963
train,4963.tif,0.609847,21.4929
train,4964.tif,0.509477,19.4255
train,4965.tif,0.559357,21.3864
train,4966.tif,0.534915,18.274
train,4967.tif,0.659755,21.9769
train,4968.tif,0.553036,17.7307
train,4969.tif,0.576941,20.1961
train,497.tif,0.513434,18.5016
train,4970.tif,0.507193,19.5323
train,4971.tif,0.514427,19.975
train,4972.tif,0.732614,23.0337
train,4973.tif,0.494355,19.1672
train,4974.tif,0.618832,21.8278
train,4975.tif,0.560755,20.4937
train,4976.tif,0.666417,21.5777
train,4977.tif,0.646767,21.4124
train,4978.tif,0.48353,19.9001
train,4979.tif,0.57248,20.6819
train,498.tif,0.53072,20.342
train,4980.tif,0.522859,20.1906
train,4981.tif,0.586082,19.8407
train,4982.tif,0.563358,21.4877
train,4983.tif,0.642583,20.7828
train,4984.tif,0.508917,18.2477
train,4985.tif,0.673088,22.2246
train,4986.tif,0.627594,22.0415
train,4987.tif,0.599399,19.3797
train,4988.tif,0.622216,22.3333
train,4989.tif,0.574551,21.1437
train,499.tif,0.473159,18.1152
train,4990.tif,0.474831,20.2421
train,4991.tif,0.680279,20.2415
train,4992.tif,0.524126,20.6088
train,4993.tif,0.557552,21.4088
train,4994.tif,0.605181,20.5227
train,4995.tif,0.631909,20.7422
train,4996.tif,0.53453,18.7932
train,4997.tif,0.659238,21.7219
train,4998.tif,0.536811,19.6381
train,4999.tif,0.728423,23.0523
train,5.tif,0.722337,23.3058
train,50.tif,0.511058,19.9162
train,500.tif,0.522982,15.5153
train,5000.tif,0.540614,18.818
train,5001.tif,0.656933,23.1567
train,5002.tif,0.646915,20.9657
train,5003.tif,0.565897,19.4181
train,5004.tif,0.628069,21.5199
train,5005.tif,0.496538,19.7933
train,5006.tif,0.653767,21.8484
train,5007.tif,0.600476,20.9074
train,5008.tif,0.591826,19.1168
train,5009.tif,0.629723,20.3164
train,501.tif,0.701606,22.9039
train,5010.tif,0.615739,18.8943
train,5011.tif,0.604665,21.3336
train,5012.tif,0.467102,18.7649
train,5013.tif,0.600715,20.3562
train,5014.tif,0.765508,22.4841
train,5015.tif,0.59906,21.6417
train,5016.tif,0.673345,20.0979
train,5017.tif,0.463859,18.5777
train,5018.tif,0.547784,21.0268
train,5019.tif,0.612221,22.1336
train,502.tif,0.460777,18.0196
train,5020.tif,0.591421,18.4134
train,5021.tif,0.717723,20.6398
train,5022.tif,0.482214,20.1757
train,5023.tif,0.4792,20.2073
train,5024.tif,0.691791,22.6751
train,5025.tif,0.547658,19.3266
train,5026.tif,0.654769,21.9693
train,5027.tif,0.624566,21.8283
train,5028.tif,0.532544,19.1024
train,5029.tif,0.634321,20.7533
train,503.tif,0.531534,19.4395
train,5030.tif,0.529951,19.7907
train,5031.tif,0.448362,19.7978
train,5032.tif,0.534707,21.2466
train,5033.tif,0.467375,19.8584
train,5034.tif,0.615776,20.8039
train,5035.tif,0.597299,19.927
train,5036.tif,0.491024,19.2008
train,5037.tif,0.488579,18.1236
train,5038.tif,0.662744,21.256
train,5039.tif,0.612195,20.3621
train,504.tif,0.493868,19.3931
train,5040.tif,0.499993,19.4766
train,5041.tif,0.519375,19.9106
train,5042.tif,0.529845,19.1963
train,5043.tif,0.607449,22.733
train,5044.tif,0.589641,19.0989
train,5045.tif,0.534234,19.6989
train,5046.tif,0.481571,19.1438
train,5047.tif,0.601074,18.0516
train,5048.tif,0.67471,23.3217
train,5049.tif,0.560693,21.0969
train,505.tif,0.500235,20.0918
train,5050.tif,0.518029,20.1494
train,5051.tif,0.476681,19.2006
train,5052.tif,0.608259,19.9372
train,5053.tif,0.540738,19.7877
train,5054.tif,0.558435,20.4284
train,5055.tif,0.627051,22.397
train,5056.tif,0.507831,18.7272
train,5057.tif,0.590873,19.8628
train,5058.tif,0.475956,19.1749
train,5059.tif,0.528963,19.3887
train,506.tif,0.481304,18.4816
train,5060.tif,0.517298,18.8355
train,5061.tif,0.523783,20.1189
train,5062.tif,0.6064,18.6282
train,5063.tif,0.580263,19.7179
train,5064.tif,0.509743,18.3607
train,5065.tif,0.627724,22.3317
train,5066.tif,0.538101,18.736
train,5067.tif,0.789505,24.3879
train,5068.tif,0.209536,16.4465
train,5069.tif,0.620948,21.2023
train,507.tif,0.488561,19.1688
train,5070.tif,0.55148,19.7298
train,5071.tif,0.499443,19.8147
train,5072.tif,0.623463,22.0285
train,5073.tif,0.6161,22.1939
train,5074.tif,0.811887,24.0579
train,5075.tif,0.429638,16.1525
train,5076.tif,0.573363,20.0009
train,5077.tif,0.627163,22.6166
train,5078.tif,0.478615,18.3303
train,5079.tif,0.656263,20.4289
train,508.tif,0.505751,16.2674
train,5080.tif,0.529963,20.7287
train,5081.tif,0.576434,20.1491
train,5082.tif,0.62897,22.8914
train,5083.tif,0.645387,21.7229
train,5084.tif,0.572277,20.6332
train,5085.tif,0.534993,20.6419
train,5086.tif,0.548859,18.2664
train,5087.tif,0.565634,20.1984
train,5088.tif,0.627209,19.5557
train,5089.tif,0.640022,20.9879
train,509.tif,0.599365,16.5643
train,5090.tif,0.807038,24.3325
train,5091.tif,0.632258,22.0164
train,5092.tif,0.434733,18.9561
train,5093.tif,0.606287,20.799
train,5094.tif,0.572668,20.7458
train,5095.tif,0.527108,21.0198
train,5096.tif,0.567823,20.3731
train,5097.tif,0.467044,18.526
train,5098.tif,0.60624,20.922
train,5099.tif,0.550575,21.3723
train,51.tif,0.530898,20.4874
train,510.tif,0.492279,19.1622
train,5100.tif,0.511276,18.6923
train,5101.tif,0.653629,22.9855
train,5102.tif,0.604875,21.5352
train,5103.tif,0.542727,20.3476
train,5104.tif,0.446729,19.0106
train,5105.tif,0.51779,18.8434
train,5106.tif,0.585311,22.6231
train,5107.tif,0.428269,18.0604
train,5108.tif,0.565696,20.6338
train,5109.tif,0.57737,19.4523
train,511.tif,0.487901,18.6489
train,5110.tif,0.537489,21.2259
train,5111.tif,0.498135,19.9772
train,5112.tif,0.6118,17.6539
train,5113.tif,0.632786,21.3049
train,5114.tif,0.533663,19.4391
train,5115.tif,0.537731,20.1346
train,5116.tif,0.553406,20.504
train,5117.tif,0.605494,20.2466
train,5118.tif,0.509436,18.1169
train,5119.tif,0.677821,22.793
train,512.tif,0.48806,17.4358
train,5120.tif,0.481692,18.6154
train,5121.tif,0.717356,23.1379
train,5122.tif,0.571908,15.5
train,5123.tif,0.664963,22.1922
train,5124.tif,0.568371,17.5046
train,5125.tif,0.626931,21.252
train,5126.tif,0.595492,20.5444
train,5127.tif,0.670623,22.401
train,5128.tif,0.49266,17.3216
train,5129.tif,0.640827,21.2002
train,513.tif,0.529977,17.9442
train,5130.tif,0.691391,23.0841
train,5131.tif,0.449186,19.4126
train,5132.tif,0.589992,20.8861
train,5133.tif,0.584813,21.6116
train,5134.tif,0.612934,19.7302
train,5135.tif,0.610905,21.4354
train,5136.tif,0.75633,24.586
train,5137.tif,0.604274,21.4832
train,5138.tif,0.560187,19.7747
train,5139.tif,0.63311,22.2985
train,514.tif,0.514411,19.5777
train,5140.tif,0.500335,20.2171
train,5141.tif,0.479462,19.2869
train,5142.tif,0.706973,21.9431
train,5143.tif,0.608865,20.7627
train,5144.tif,0.756034,24.8717
train,5145.tif,0.510746,19.6943
train,5146.tif,0.587829,19.8027
train,5147.tif,0.510989,20.8426
train,5148.tif,0.655153,21.301
train,5149.tif,0.509984,19.1757
train,515.tif,0.535111,18.7905
train,5150.tif,0.575352,17.7236
train,5151.tif,0.521778,19.2189
train,5152.tif,0.562484,20.7947
train,5153.tif,0.650634,21.359
train,5154.tif,0.54379,19.5544
train,5155.tif,0.506491,17.3367
train,5156.tif,0.60999,19.2001
train,5157.tif,0.580411,19.1943
train,5158.tif,0.59445,20.2392
train,5159.tif,0.68391,22.9979
train,516.tif,0.468678,19.5407
train,5160.tif,0.714962,23.9429
train,5161.tif,0.701842,20.1283
train,5162.tif,0.592019,20.7632
train,5163.tif,0.783156,26.0001
train,5164.tif,0.586409,21.187
train,5165.tif,0.515317,19.5473
train,5166.tif,0.481109,18.5407
train,5167.tif,0.555173,21.5079
train,5168.tif,0.547038,20.4002
train,5169.tif,0.539539,20.0505
train,517.tif,0.540573,19.7697
train,5170.tif,0.58147,22.7192
train,5171.tif,0.568184,21.844
train,5172.tif,0.5813,22.3892
train,5173.tif,0.579395,19.5032
train,5174.tif,0.598199,19.95
train,5175.tif,0.701024,23.3526
train,5176.tif,0.631033,22.0169
train,5177.tif,0.589722,21.0541
train,5178.tif,0.582041,19.7555
train,5179.tif,0.516182,20.7824
train,518.tif,0.438912,18.0537
train,5180.tif,0.62948,20.9773
train,5181.tif,0.551545,19.2833
train,5182.tif,0.505074,19.4969
train,5183.tif,0.609827,20.0158
train,5184.tif,0.630074,21.91
train,5185.tif,0.450785,18.7543
train,5186.tif,0.521916,20.4518
train,5187.tif,0.628525,21.4549
train,5188.tif,0.645744,21.9286
train,5189.tif,0.67979,22.1285
train,519.tif,0.476019,17.2976
train,5190.tif,0.769112,24.7983
train,5191.tif,0.526297,18.1283
train,5192.tif,0.635053,20.5616
train,5193.tif,0.649112,23.0591
train,5194.tif,0.587472,19.7103
train,5195.tif,0.667726,23.5996
train,5196.tif,0.542141,18.685
train,5197.tif,0.502097,19.5575
train,5198.tif,0.561434,21.313
train,5199.tif,0.658455,22.5643
train,52.tif,0.737949,23.0071
train,520.tif,0.421684,16.2591
train,5200.tif,0.736524,22.019
train,5201.tif,0.537148,20.0533
train,5202.tif,0.548387,18.1365
train,5203.tif,0.576313,20.7777
train,5204.tif,0.506983,19.1569
train,5205.tif,0.62285,20.3566
train,5206.tif,0.505901,18.9357
train,5207.tif,0.512275,19.7038
train,5208.tif,0.788199,25.1266
train,5209.tif,0.623872,21.8101
train,521.tif,0.649368,22.0966
train,5210.tif,0.603083,21.8056
train,5211.tif,0.633022,21.7514
train,5212.tif,0.546368,19.3807
train,5213.tif,0.574959,18.9911
train,5214.tif,0.456345,19.3577
train,5215.tif,0.523795,19.5163
train,5216.tif,0.48169,20.094
train,5217.tif,0.676781,20.5527
train,5218.tif,0.772788,24.0315
train,5219.tif,0.695046,22.4212
train,522.tif,0.439901,18.8987
train,5220.tif,0.478186,17.3277
train,5221.tif,0.638567,21.0755
train,5222.tif,0.5555,20.1534
train,5223.tif,0.586952,20.4729
train,5224.tif,0.681266,22.1171
train,5225.tif,0.58676,21.072
train,5226.tif,0.531997,19.8331
train,5227.tif,0.606227,21.2966
train,5228.tif,0.589087,18.568
train,5229.tif,0.58156,20.272
train,523.tif,0.412501,18.7415
train,5230.tif,0.670687,21.9128
train,5231.tif,0.479123,20.0178
train,5232.tif,0.595207,20.5834
train,5233.tif,0.471631,18.6126
train,5234.tif,0.37113,16.7649
train,5235.tif,0.498178,19.5217
train,5236.tif,0.537225,18.7578
train,5237.tif,0.661922,21.7421
train,5238.tif,0.629418,21.9372
train,5239.tif,0.486183,18.2592
train,524.tif,0.613302,19.0205
train,5240.tif,0.611127,22.9683
train,5241.tif,0.618693,21.8068
train,5242.tif,0.574829,19.3585
train,5243.tif,0.616822,23.2416
train,5244.tif,0.72769,22.4608
train,5245.tif,0.637411,22.147
train,5246.tif,0.558589,19.4716
train,5247.tif,0.57913,21.1584
train,5248.tif,0.57852,21.3534
train,5249.tif,0.676808,22.6293
train,525.tif,0.513783,16.5085
train,5250.tif,0.671108,20.7699
train,5251.tif,0.644261,21.18
train,5252.tif,0.645045,21.2716
train,5253.tif,0.665701,23.1307
train,5254.tif,0.607348,19.833
train,5255.tif,0.703195,22.9521
train,5256.tif,0.539058,20.2914
train,5257.tif,0.569391,21.03
train,5258.tif,0.632349,21.3567
train,5259.tif,0.636222,20.5028
train,526.tif,0.464194,19.2894
train,5260.tif,0.60972,20.8636
train,5261.tif,0.533748,18.9487
train,5262.tif,0.621405,20.0861
train,5263.tif,0.417979,18.8191
train,5264.tif,0.757619,23.4241
train,5265.tif,0.545241,21.3025
train,5266.tif,0.474884,19.0893
train,5267.tif,0.659875,21.9981
train,5268.tif,0.607393,20.3723
train,5269.tif,0.695996,20.8375
train,527.tif,0.440431,18.4064
train,5270.tif,0.554597,18.3546
train,5271.tif,0.584345,19.98
train,5272.tif,0.485883,20.149
train,5273.tif,0.579505,19.9245
train,5274.tif,0.541413,19.5264
train,5275.tif,0.474668,18.6346
train,5276.tif,0.461548,16.8322
train,5277.tif,0.631108,22.1133
train,5278.tif,0.613311,21.1203
train,5279.tif,0.647127,21.5343
train,528.tif,0.545196,19.1547
train,5280.tif,0.559462,19.9862
train,5281.tif,0.698375,20.6998
train,5282.tif,0.640556,21.9848
train,5283.tif,0.604722,20.2378
train,5284.tif,0.542377,19.8441
train,5285.tif,0.587812,20.3282
train,5286.tif,0.593734,20.998
train,5287.tif,0.588843,20.274
train,5288.tif,0.412753,18.1612
train,5289.tif,0.421302,17.6172
train,529.tif,0.720386,22.0282
train,5290.tif,0.628391,21.8176
train,5291.tif,0.501274,19.5858
train,5292.tif,0.538488,19.7113
train,5293.tif,0.517201,19.2916
train,5294.tif,0.494582,19.8605
train,5295.tif,0.467946,19.8823
train,5296.tif,0.603401,21.5444
train,5297.tif,0.487336,19.0754
train,5298.tif,0.606045,21.6384
train,5299.tif,0.587101,19.4566
train,53.tif,0.510595,19.0746
train,530.tif,0.503707,20.5619
train,5300.tif,0.501124,18.8632
train,5301.tif,0.565236,21.1287
train,5302.tif,0.487461,19.7447
train,5303.tif,0.49109,20.1194
train,5304.tif,0.616021,20.8094
train,5305.tif,0.615305,21.4994
train,5306.tif,0.561429,18.9013
train,5307.tif,0.611976,21.5933
train,5308.tif,0.662717,22.2399
train,5309.tif,0.613718,20.708
train,531.tif,0.701243,21.3292
train,5310.tif,0.567926,20.172
train,5311.tif,0.533293,19.4877
train,5312.tif,0.573286,20.5698
train,5313.tif,0.637314,22.8314
train,5314.tif,0.717086,22.9003
train,5315.tif,0.560595,20.0222
train,5316.tif,0.651504,22.5347
train,5317.tif,0.574928,20.6803
train,5318.tif,0.582916,20.4783
train,5319.tif,0.601698,20.2023
train,532.tif,0.516737,17.6113
train,5320.tif,0.447081,17.0167
train,5321.tif,0.618463,21.3859
train,5322.tif,0.589093,19.6916
train,5323.tif,0.550786,19.2827
train,5324.tif,0.511216,19.1301
train,5325.tif,0.591888,21.7255
train,5326.tif,0.511067,17.9491
train,5327.tif,0.517281,19.6008
train,5328.tif,0.41085,17.5731
train,5329.tif,0.67032,23.8795
train,533.tif,0.526591,19.9833
train,5330.tif,0.650492,21.3134
train,5331.tif,0.660635,21.738
train,5332.tif,0.541796,20.1193
train,5333.tif,0.56035,20.2269
train,5334.tif,0.596289,21.6718
train,5335.tif,0.670475,23.246
train,5336.tif,0.528757,20.4573
train,5337.tif,0.680451,21.91
train,5338.tif,0.501617,19.3131
train,5339.tif,0.63127,21.9139
train,534.tif,0.434542,16.6801
train,5340.tif,0.635282,20.2054
train,5341.tif,0.472964,18.6903
train,5342.tif,0.507046,19.4615
train,5343.tif,0.617325,19.8221
train,5344.tif,0.61325,20.9388
train,5345.tif,0.551482,20.9531
train,5346.tif,0.628978,22.3306
train,5347.tif,0.508391,19.6558
train,5348.tif,0.628239,19.9103
train,5349.tif,0.637862,21.7463
train,535.tif,0.510379,17.5261
train,5350.tif,0.702924,24.3428
train,5351.tif,0.631306,21.5793
train,5352.tif,0.490059,18.5851
train,5353.tif,0.610397,20.2464
train,5354.tif,0.600149,19.9545
train,5355.tif,0.673864,22.8457
train,5356.tif,0.512308,19.4326
train,5357.tif,0.655023,21.3719
train,5358.tif,0.570222,20.6628
train,5359.tif,0.528988,20.0108
train,536.tif,0.472329,19.3984
train,5360.tif,0.75455,24.149
train,5361.tif,0.659148,22.8908
train,5362.tif,0.52688,20.6452
train,5363.tif,0.605724,21.3102
train,5364.tif,0.536072,21.2074
train,5365.tif,0.697737,23.2164
train,5366.tif,0.524654,19.1682
train,5367.tif,0.565868,21.4712
train,5368.tif,0.555655,21.3688
train,5369.tif,0.573915,20.6672
train,537.tif,0.462084,18.9095
train,5370.tif,0.592541,21.8851
train,5371.tif,0.408782,17.0603
train,5372.tif,0.574369,18.1435
train,5373.tif,0.590374,20.5647
train,5374.tif,0.711612,23.4682
train,5375.tif,0.577026,20.066
train,5376.tif,0.575399,19.8619
train,5377.tif,0.477344,19.7925
train,5378.tif,0.65706,22.2123
train,5379.tif,0.504093,18.5873
train,538.tif,0.431981,18.3908
train,5380.tif,0.561784,20.2342
train,5381.tif,0.522049,20.3976
train,5382.tif,0.517275,17.519
train,5383.tif,0.62349,20.219
train,5384.tif,0.553758,20.1574
train,5385.tif,0.603923,21.1766
train,5386.tif,0.63972,22.4375
train,5387.tif,0.667391,20.3403
train,5388.tif,0.612431,19.6393
train,5389.tif,0.566065,19.1361
train,539.tif,0.547161,18.7778
train,5390.tif,0.521725,20.4121
train,5391.tif,0.515946,20.5563
train,5392.tif,0.610008,21.9415
train,5393.tif,0.599538,22.0522
train,5394.tif,0.45267,19.0912
train,5395.tif,0.729099,24.4783
train,5396.tif,0.627585,20.9335
train,5397.tif,0.601547,18.9778
train,5398.tif,0.604979,20.3188
train,5399.tif,0.650279,20.3294
train,54.tif,0.58798,20.5
train,540.tif,0.478705,17.4472
train,5400.tif,0.589475,21.6526
train,5401.tif,0.579079,20.2375
train,5402.tif,0.678327,22.2473
train,5403.tif,0.663644,20.8141
train,5404.tif,0.602116,19.3506
train,5405.tif,0.557978,22.4869
train,5406.tif,0.555656,20.3514
train,5407.tif,0.535946,19.9518
train,5408.tif,0.579887,19.8741
train,5409.tif,0.556315,21.1389
train,541.tif,0.451134,17.7152
train,5410.tif,0.593335,21.0345
train,5411.tif,0.502212,18.1845
train,5412.tif,0.464395,18.9098
train,5413.tif,0.639235,21.8505
train,5414.tif,0.331265,17.5696
train,5415.tif,0.667738,21.6159
train,5416.tif,0.562975,19.431
train,5417.tif,0.594847,17.1495
train,5418.tif,0.739041,23.4932
train,5419.tif,0.481134,19.8142
train,542.tif,0.421916,17.2696
train,5420.tif,0.657662,22.8506
train,5421.tif,0.446779,16.2598
train,5422.tif,0.672457,21.9704
train,5423.tif,0.623915,20.7511
train,5424.tif,0.441123,18.4675
train,5425.tif,0.480181,19.9866
train,5426.tif,0.534774,19.1277
train,5427.tif,0.574538,21.4799
train,5428.tif,0.635666,21.4402
train,5429.tif,0.51424,18.8944
train,543.tif,0.50157,17.5609
train,5430.tif,0.517819,19.2775
train,5431.tif,0.612626,21.1002
train,5432.tif,0.422874,19.0805
train,5433.tif,0.717519,22.4461
train,5434.tif,0.573453,20.507
train,5435.tif,0.556818,19.3146
train,5436.tif,0.64385,22.1408
train,5437.tif,0.449882,18.6389
train,5438.tif,0.788991,25.1446
train,5439.tif,0.61196,19.2601
train,544.tif,0.486885,19.1909
train,5440.tif,0.559509,19.0373
train,5441.tif,0.595264,20.66
train,5442.tif,0.539284,19.7846
train,5443.tif,0.598287,19.8725
train,5444.tif,0.580571,20.3011
train,5445.tif,0.523825,20.0677
train,5446.tif,0.579707,23.272
train,5447.tif,0.634126,20.1269
train,5448.tif,0.579393,18.9489
train,5449.tif,0.642505,22.3238
train,545.tif,0.567743,20.6648
train,5450.tif,0.553706,19.7867
train,5451.tif,0.502067,18.5415
train,5452.tif,0.657824,22.4776
train,5453.tif,0.621504,20.5228
train,5454.tif,0.677346,22.7314
train,5455.tif,0.679272,22.3007
train,5456.tif,0.614957,22.792
train,5457.tif,0.554234,19.6523
train,5458.tif,0.506274,19.2835
train,5459.tif,0.559236,19.6555
train,546.tif,0.447943,17.0811
train,5460.tif,0.616348,20.1282
train,5461.tif,0.534049,18.4056
train,5462.tif,0.51172,19.9287
train,5463.tif,0.404155,15.9829
train,5464.tif,0.778352,23.1017
train,5465.tif,0.618142,20.5675
train,5466.tif,0.520345,19.9082
train,5467.tif,0.492467,17.7933
train,5468.tif,0.524991,18.3546
train,5469.tif,0.499988,16.7019
train,547.tif,0.494436,18.5822
train,5470.tif,0.562877,16.3233
train,5471.tif,0.478242,19.272
train,5472.tif,0.54206,20.0474
train,5473.tif,0.683188,23.4598
train,5474.tif,0.60141,21.9709
train,5475.tif,0.581415,19.2589
train,5476.tif,0.609164,21.2989
train,5477.tif,0.619099,20.3599
train,5478.tif,0.496648,18.4823
train,5479.tif,0.609285,22.4023
train,548.tif,0.499336,19.5317
train,5480.tif,0.546481,19.9424
train,5481.tif,0.558674,20.2554
train,5482.tif,0.616505,22.3209
train,5483.tif,0.5545,20.5269
train,5484.tif,0.522991,18.4976
train,5485.tif,0.638416,22.0683
train,5486.tif,0.515186,19.3041
train,5487.tif,0.516049,17.7635
train,5488.tif,0.569677,19.1319
train,5489.tif,0.535359,20.1025
train,549.tif,0.676662,20.8001
train,5490.tif,0.579077,19.317
train,5491.tif,0.656388,23.1984
train,5492.tif,0.606422,21.7061
train,5493.tif,0.477797,19.1755
train,5494.tif,0.644905,22.4503
train,5495.tif,0.526109,18.9058
train,5496.tif,0.585445,20.767
train,5497.tif,0.620366,20.1199
train,5498.tif,0.544186,19.9232
train,5499.tif,0.550054,19.7321
train,55.tif,0.414857,16.5516
train,550.tif,0.646797,18.2389
train,5500.tif,0.502471,20.794
train,5501.tif,0.62255,21.9812
train,5502.tif,0.638593,20.8506
train,5503.tif,0.580933,20.4714
train,5504.tif,0.578431,20.77
train,5505.tif,0.654716,20.8783
train,5506.tif,0.760623,24.5388
train,5507.tif,0.575027,19.9505
train,5508.tif,0.573985,20.287
train,5509.tif,0.526216,18.1781
train,551.tif,0.753492,21.9338
train,5510.tif,0.452089,19.1463
train,5511.tif,0.598239,20.8154
train,5512.tif,0.588938,20.2466
train,5513.tif,0.569352,22.1283
train,5514.tif,0.611295,22.0372
train,5515.tif,0.517225,19.9083
train,5516.tif,0.472039,19.5459
train,5517.tif,0.604614,21.5759
train,5518.tif,0.539907,19.8643
train,5519.tif,0.664334,23.3372
train,552.tif,0.425433,15.9742
train,5520.tif,0.565855,18.7365
train,5521.tif,0.632525,21.1002
train,5522.tif,0.621781,21.2326
train,5523.tif,0.574587,20.7411
train,5524.tif,0.613686,21.8013
train,5525.tif,0.599329,21.0577
train,5526.tif,0.544033,19.5994
train,5527.tif,0.530954,19.6795
train,5528.tif,0.708411,24.2466
train,5529.tif,0.491956,19.3892
train,553.tif,0.605673,19.1969
train,5530.tif,0.561786,22.2697
train,5531.tif,0.644854,21.4904
train,5532.tif,0.586459,19.7562
train,5533.tif,0.608628,21.0368
train,5534.tif,0.605338,21.1293
train,5535.tif,0.514345,18.8976
train,5536.tif,0.561253,22.1847
train,5537.tif,0.499032,18.6833
train,5538.tif,0.527278,19.4323
train,5539.tif,0.415792,16.9042
train,554.tif,0.491162,18.2165
train,5540.tif,0.661446,22.4511
train,5541.tif,0.681868,22.2166
train,5542.tif,0.607364,18.6455
train,5543.tif,0.572002,20.4433
train,5544.tif,0.560823,20.0941
train,5545.tif,0.605381,22.7812
train,5546.tif,0.607703,21.6061
train,5547.tif,0.619283,21.4669
train,5548.tif,0.623862,20.6652
train,5549.tif,0.573232,19.6412
train,555.tif,0.488196,18.7208
train,5550.tif,0.516867,20.2077
train,5551.tif,0.527135,18.4753
train,5552.tif,0.456081,19.4508
train,5553.tif,0.634642,23.7176
train,5554.tif,0.634381,21.5159
train,5555.tif,0.553459,20.4613
train,5556.tif,0.556788,19.8174
train,5557.tif,0.552925,20.693
train,5558.tif,0.517297,19.4787
train,5559.tif,0.624015,22.1356
train,556.tif,0.560963,18.7786
train,5560.tif,0.367621,16.3155
train,5561.tif,0.505575,19.5347
train,5562.tif,0.511839,18.6931
train,5563.tif,0.586393,20.949
train,5564.tif,0.72741,24.1283
train,5565.tif,0.529742,17.1079
train,5566.tif,0.363499,18.2403
train,5567.tif,0.728482,25.0153
train,5568.tif,0.57499,19.1974
train,5569.tif,0.587658,20.5162
train,557.tif,0.520031,19.8923
train,5570.tif,0.654553,23.0261
train,5571.tif,0.527572,19.002
train,5572.tif,0.6287,22.1305
train,5573.tif,0.627249,21.058
train,5574.tif,0.617966,19.7401
train,5575.tif,0.554708,20.4983
train,5576.tif,0.485118,18.5075
train,5577.tif,0.749796,24.3332
train,5578.tif,0.593249,20.8662
train,5579.tif,0.684596,22.2551
train,558.tif,0.524818,18.2914
train,5580.tif,0.215274,14.9378
train,5581.tif,0.608775,20.6182
train,5582.tif,0.425931,18.7344
train,5583.tif,0.512876,19.4917
train,5584.tif,0.652352,22.6561
train,5585.tif,0.604767,20.8117
train,5586.tif,0.541794,19.1931
train,5587.tif,0.473671,19.3079
train,5588.tif,0.619014,20.7425
train,5589.tif,0.526891,19.6723
train,559.tif,0.522432,19.2225
train,5590.tif,0.427918,18.3474
train,5591.tif,0.66757,22.5113
train,5592.tif,0.76283,20.1065
train,5593.tif,0.641198,22.3252
train,5594.tif,0.516498,20.4991
train,5595.tif,0.712593,22.8199
train,5596.tif,0.630799,22.3176
train,5597.tif,0.580862,20.3063
train,5598.tif,0.537637,19.4679
train,5599.tif,0.556489,20.1333
train,56.tif,0.556405,17.4619
train,560.tif,0.512651,18.7835
train,5600.tif,0.349133,19.3501
train,5601.tif,0.605695,19.6859
train,5602.tif,0.544828,18.3696
train,5603.tif,0.606999,21.305
train,5604.tif,0.578047,21.239
train,5605.tif,0.574948,21.0058
train,5606.tif,0.663706,22.119
train,5607.tif,0.520319,19.0305
train,5608.tif,0.595687,20.3748
train,5609.tif,0.429136,19.106
train,561.tif,0.44239,17.0803
train,5610.tif,0.620568,22.4084
train,5611.tif,0.593605,20.1302
train,5612.tif,0.605523,20.9823
train,5613.tif,0.676649,24.3686
train,5614.tif,0.691208,23.8865
train,5615.tif,0.523216,18.3418
train,5616.tif,0.45739,17.2362
train,5617.tif,0.649116,21.8213
train,5618.tif,0.521931,20.0727
train,5619.tif,0.550199,18.0095
train,562.tif,0.541459,18.9827
train,5620.tif,0.817,25.1092
train,5621.tif,0.59373,21.2741
train,5622.tif,0.646603,20.8622
train,5623.tif,0.477085,19.8028
train,5624.tif,0.606551,19.9882
train,5625.tif,0.536894,18.5294
train,5626.tif,0.568231,22.323
train,5627.tif,0.681234,21.6426
train,5628.tif,0.535488,20.1423
train,5629.tif,0.609439,19.3047
train,563.tif,0.600684,19.4956
train,5630.tif,0.629788,21.2642
train,5631.tif,0.542798,19.6249
train,5632.tif,0.479074,18.1137
train,5633.tif,0.558874,19.6692
train,5634.tif,0.684021,22.0349
train,5635.tif,0.477218,19.1804
train,5636.tif,0.598185,20.3785
train,5637.tif,0.314967,15.357
train,5638.tif,0.602904,19.1485
train,5639.tif,0.550353,19.8127
train,564.tif,0.421356,17.7116
train,5640.tif,0.597657,20.7671
train,5641.tif,0.441622,18.7553
train,5642.tif,0.496068,19.2998
train,5643.tif,0.596734,20.7769
train,5644.tif,0.484569,18.8873
train,5645.tif,0.61902,21.5885
train,5646.tif,0.76192,24.1693
train,5647.tif,0.553418,20.9197
train,5648.tif,0.567425,19.2211
train,5649.tif,0.763963,24.3794
train,565.tif,0.477137,18.4411
train,5650.tif,0.656676,24.3047
train,5651.tif,0.203086,15.9435
train,5652.tif,0.633547,21.4359
train,5653.tif,0.528887,20.4521
train,5654.tif,0.613451,21.1839
train,5655.tif,0.526214,18.3358
train,5656.tif,0.463044,18.4525
train,5657.tif,0.525563,20.4613
train,5658.tif,0.517618,19.9606
train,5659.tif,0.597152,19.0959
train,566.tif,0.512605,18.3128
train,5660.tif,0.596744,20.5591
train,5661.tif,0.812876,23.432
train,5662.tif,0.746262,24.0616
train,5663.tif,0.670436,22.6666
train,5664.tif,0.572537,20.4931
train,5665.tif,0.574802,19.532
train,5666.tif,0.456857,18.9664
train,5667.tif,0.575183,20.8933
train,5668.tif,0.581665,21.3388
train,5669.tif,0.671849,21.8813
train,567.tif,0.472071,18.8476
train,5670.tif,0.515282,19.8989
train,5671.tif,0.596974,20.4588
train,5672.tif,0.611417,20.8069
train,5673.tif,0.499943,20.5849
train,5674.tif,0.653464,21.33
train,5675.tif,0.599543,20.8595
train,5676.tif,0.557378,19.5032
train,5677.tif,0.639378,21.5255
train,5678.tif,0.443324,18.9968
train,5679.tif,0.676275,22.2024
train,568.tif,0.408861,15.5445
train,5680.tif,0.566745,21.5159
train,5681.tif,0.592662,20.8401
train,5682.tif,0.575559,20.2226
train,5683.tif,0.525519,19.5684
train,5684.tif,0.434387,18.0992
train,5685.tif,0.565731,20.0029
train,5686.tif,0.462165,19.25
train,5687.tif,0.51674,20.3109
train,5688.tif,0.716884,23.1054
train,5689.tif,0.482643,18.5418
train,569.tif,0.570698,20.7645
train,5690.tif,0.513642,20.9881
train,5691.tif,0.483047,19.4469
train,5692.tif,0.633228,21.5939
train,5693.tif,0.599255,21.2073
train,5694.tif,0.589004,19.0205
train,5695.tif,0.612993,20.1699
train,5696.tif,0.445169,18.0742
train,5697.tif,0.652802,22.4497
train,5698.tif,0.459451,20.1258
train,5699.tif,0.724892,22.4941
train,57.tif,0.619727,21.3016
train,570.tif,0.436489,16.3639
train,5700.tif,0.634796,22.0441
train,5701.tif,0.589001,19.9666
train,5702.tif,0.631006,20.5509
train,5703.tif,0.638717,21.3138
train,5704.tif,0.536526,19.1018
train,5705.tif,0.571948,18.9475
train,5706.tif,0.666065,21.6115
train,5707.tif,0.595588,20.7271
train,5708.tif,0.527016,18.7516
train,5709.tif,0.7548,22.1293
train,571.tif,0.507788,19.4874
train,5710.tif,0.555846,19.3926
train,5711.tif,0.676176,21.9661
train,5712.tif,0.570866,19.5196
train,5713.tif,0.611345,18.9848
train,5714.tif,0.6373,23.2067
train,5715.tif,0.592365,20.8345
train,5716.tif,0.649037,20.5003
train,5717.tif,0.571456,21.5145
train,5718.tif,0.600017,19.3916
train,5719.tif,0.579023,20.7906
train,572.tif,0.466633,19.2751
train,5720.tif,0.668788,21.9271
train,5721.tif,0.504076,18.7377
train,5722.tif,0.620804,20.7715
train,5723.tif,0.666298,20.3405
train,5724.tif,0.508231,20.3654
train,5725.tif,0.59481,21.1061
train,5726.tif,0.541573,19.7257
train,5727.tif,0.581731,20.529
train,5728.tif,0.507822,17.4552
train,5729.tif,0.567934,20.0251
train,573.tif,0.490291,18.1443
train,5730.tif,0.517652,18.8006
train,5731.tif,0.557244,20.1371
train,5732.tif,0.624953,18.7531
train,5733.tif,0.639706,22.1014
train,5734.tif,0.544679,19.2911
train,5735.tif,0.540338,19.0824
train,5736.tif,0.473594,18.7515
train,5737.tif,0.419255,18.5523
train,5738.tif,0.517423,19.4187
train,5739.tif,0.634617,21.209
train,574.tif,0.496599,19.5922
train,5740.tif,0.610993,21.4882
train,5741.tif,0.647948,22.1954
train,5742.tif,0.631566,21.5576
train,5743.tif,0.50975,19.3744
train,5744.tif,0.640287,22.0779
train,5745.tif,0.681061,22.2281
train,5746.tif,0.479721,18.9175
train,5747.tif,0.608998,19.4305
train,5748.tif,0.639195,21.2605
train,5749.tif,0.61995,20.6913
train,575.tif,0.63122,20.0323
train,5750.tif,0.557524,19.9183
train,5751.tif,0.564667,20.2996
train,5752.tif,0.600253,21.3191
train,5753.tif,0.553845,20.2333
train,5754.tif,0.480017,18.8002
train,5755.tif,0.612861,21.1547
train,5756.tif,0.556638,20.6815
train,5757.tif,0.475153,20.1526
train,5758.tif,0.610293,21.3324
train,5759.tif,0.532041,20.6821
train,576.tif,0.624751,20.3102
train,5760.tif,0.592208,20.809
train,5761.tif,0.43014,16.365
train,5762.tif,0.593838,21.7496
train,5763.tif,0.643447,21.7663
train,5764.tif,0.594178,20.7998
train,5765.tif,0.62865,23.119
train,5766.tif,0.566352,21.4217
train,5767.tif,0.601664,20.9213
train,5768.tif,0.483533,17.742
train,5769.tif,0.633629,20.2928
train,577.tif,0.759096,22.4922
train,5770.tif,0.580883,19.7891
train,5771.tif,0.535183,19.6081
train,5772.tif,0.503927,18.6391
train,5773.tif,0.501994,18.9552
train,5774.tif,0.48427,18.8921
train,5775.tif,0.597946,21.7515
train,5776.tif,0.538957,19.0823
train,5777.tif,0.601862,19.0365
train,5778.tif,0.647251,21.4563
train,5779.tif,0.641074,21.6705
train,578.tif,0.549816,20.7248
train,5780.tif,0.750306,25.3805
train,5781.tif,0.573825,21.2806
train,5782.tif,0.500625,19.6559
train,5783.tif,0.589958,20.4875
train,5784.tif,0.677109,24.5857
train,5785.tif,0.631946,21.3155
train,5786.tif,0.488765,19.3952
train,5787.tif,0.760527,24.463
train,5788.tif,0.632879,20.876
train,5789.tif,0.49298,19.4425
train,579.tif,0.470977,16.7513
train,5790.tif,0.601069,20.3897
train,5791.tif,0.592448,20.1081
train,5792.tif,0.618798,21.1963
train,5793.tif,0.571039,18.5246
train,5794.tif,0.732056,19.7917
train,5795.tif,0.547906,19.9805
train,5796.tif,0.64477,23.8922
train,5797.tif,0.565028,21.2177
train,5798.tif,0.71732,24.3449
train,5799.tif,0.601397,20.6248
train,58.tif,0.513732,18.8467
train,580.tif,0.526983,20.037
train,5800.tif,0.55127,19.5576
train,5801.tif,0.581225,20.4238
train,5802.tif,0.711138,23.1617
train,5803.tif,0.585363,19.9191
train,5804.tif,0.559058,20.3929
train,5805.tif,0.625975,19.8858
train,5806.tif,0.50641,20.0262
train,5807.tif,0.676525,22.8548
train,5808.tif,0.457031,18.1418
train,5809.tif,0.458187,19.9637
train,581.tif,0.551165,20.4358
train,5810.tif,0.547584,19.4688
train,5811.tif,0.530114,19.6304
train,5812.tif,0.558503,19.7516
train,5813.tif,0.670636,21.1125
train,5814.tif,0.583492,22.017
train,5815.tif,0.65256,21.7044
train,5816.tif,0.600714,19.7321
train,5817.tif,0.531225,17.4731
train,5818.tif,0.603275,21.0298
train,5819.tif,0.543447,20.0365
train,582.tif,0.414342,16.7803
train,5820.tif,0.466641,19.9255
train,5821.tif,0.78928,24.1888
train,5822.tif,0.566884,19.9292
train,5823.tif,0.510219,20.2609
train,5824.tif,0.624473,20.928
train,5825.tif,0.772511,23.5402
train,5826.tif,0.545269,21.44
train,5827.tif,0.596261,20.875
train,5828.tif,0.617818,20.3885
train,5829.tif,0.651099,22.7361
train,583.tif,0.414539,16.8494
train,5830.tif,0.694237,22.4531
train,5831.tif,0.618916,20.1617
train,5832.tif,0.674056,23.8544
train,5833.tif,0.716549,24.6894
train,5834.tif,0.585767,19.015
train,5835.tif,0.655893,21.035
train,5836.tif,0.560754,19.8227
train,5837.tif,0.616115,20.4511
train,5838.tif,0.572683,19.883
train,5839.tif,0.623627,21.2722
train,584.tif,0.490221,19.0586
train,5840.tif,0.637754,20.9731
train,5841.tif,0.648911,21.6093
train,5842.tif,0.524845,18.2629
train,5843.tif,0.481517,18.7598
train,5844.tif,0.603255,21.9569
train,5845.tif,0.61882,21.5155
train,5846.tif,0.565208,20.0044
train,5847.tif,0.585244,20.0802
train,5848.tif,0.571214,20.1558
train,5849.tif,0.789744,25.0877
train,585.tif,0.48365,17.0499
train,5850.tif,0.47349,18.02
train,5851.tif,0.57454,20.8439
train,5852.tif,0.560231,20.3904
train,5853.tif,0.737917,19.1726
train,5854.tif,0.543985,20.1525
train,5855.tif,0.567532,18.8978
train,5856.tif,0.626529,20.5507
train,5857.tif,0.604578,20.9925
train,5858.tif,0.549529,19.694
train,5859.tif,0.788976,24.7633
train,586.tif,0.471706,17.896
train,5860.tif,0.770853,22.4376
train,5861.tif,0.674489,23.5303
train,5862.tif,0.585808,20.2341
train,5863.tif,0.519816,19.8186
train,5864.tif,0.568417,19.66
train,5865.tif,0.671537,23.694
train,5866.tif,0.63372,21.5358
train,5867.tif,0.554672,20.1304
train,5868.tif,0.607324,18.3858
train,5869.tif,0.523257,18.9363
train,587.tif,0.522861,19.494
train,5870.tif,0.713046,21.9731
train,5871.tif,0.553286,19.6109
train,5872.tif,0.675014,22.5205
train,5873.tif,0.594744,20.7855
train,5874.tif,0.547354,20.2094
train,5875.tif,0.635532,21.756
train,5876.tif,0.60801,21.2418
train,5877.tif,0.544145,20.3013
train,5878.tif,0.613103,21.0203
train,5879.tif,0.58869,20.4735
train,588.tif,0.460938,17.3103
train,5880.tif,0.660874,22.3444
train,5881.tif,0.604207,17.7853
train,5882.tif,0.570812,20.0549
train,5883.tif,0.765262,19.8272
train,5884.tif,0.567948,18.5425
train,5885.tif,0.597001,18.9161
train,5886.tif,0.514848,19.5892
train,5887.tif,0.515675,19.0634
train,5888.tif,0.630563,22.1869
train,5889.tif,0.731259,24.5551
train,589.tif,0.476571,19.0739
train,5890.tif,0.514201,20.7698
train,5891.tif,0.620468,18.9759
train,5892.tif,0.553905,21.0363
train,5893.tif,0.616435,22.4139
train,5894.tif,0.823935,23.5105
train,5895.tif,0.516194,18.7417
train,5896.tif,0.612981,21.8942
train,5897.tif,0.602821,20.8744
train,5898.tif,0.617194,20.0912
train,5899.tif,0.656841,21.5824
train,59.tif,0.407645,18.0501
train,590.tif,0.469803,18.1267
train,5900.tif,0.58675,19.9556
train,5901.tif,0.459937,18.6429
train,5902.tif,0.601093,20.1796
train,5903.tif,0.439898,18.4746
train,5904.tif,0.558951,19.6294
train,5905.tif,0.492272,19.1203
train,5906.tif,0.451347,16.6357
train,5907.tif,0.517861,19.5319
train,5908.tif,0.676219,21.3132
train,5909.tif,0.395509,16.7006
train,591.tif,0.696813,20.2988
train,5910.tif,0.783932,24.3333
train,5911.tif,0.4502,17.6579
train,5912.tif,0.645613,19.7089
train,5913.tif,0.470484,17.7002
train,5914.tif,0.630262,21.2241
train,5915.tif,0.550648,19.8343
train,5916.tif,0.615736,21.5956
train,5917.tif,0.536943,18.5643
train,5918.tif,0.530492,18.4297
train,5919.tif,0.545747,18.2079
train,592.tif,0.471862,18.0737
train,5920.tif,0.62025,20.3599
train,5921.tif,0.507127,19.8538
train,5922.tif,0.509197,19.6407
train,5923.tif,0.600274,20.5671
train,5924.tif,0.528564,20.1913
train,5925.tif,0.6112,21.6468
train,5926.tif,0.612953,19.1807
train,5927.tif,0.539614,17.1178
train,5928.tif,0.514888,20.1941
train,5929.tif,0.594651,20.2189
train,593.tif,0.435041,17.0267
train,5930.tif,0.546836,19.3882
train,5931.tif,0.633635,20.8108
train,5932.tif,0.534754,18.5027
train,5933.tif,0.602951,21.0727
train,5934.tif,0.592637,21.1915
train,5935.tif,0.636494,20.9325
train,5936.tif,0.595395,19.3911
train,5937.tif,0.492493,19.925
train,5938.tif,0.474519,19.3288
train,5939.tif,0.701285,21.0426
train,594.tif,0.470891,19.6358
train,5940.tif,0.674482,21.9646
train,5941.tif,0.574415,19.6503
train,5942.tif,0.674526,21.9012
train,5943.tif,0.594108,20.0175
train,5944.tif,0.650087,18.3297
train,5945.tif,0.62278,21.7179
train,5946.tif,0.470025,19.8222
train,5947.tif,0.577035,20.6139
train,5948.tif,0.544233,18.8338
train,5949.tif,0.467138,17.426
train,595.tif,0.569259,19.7271
train,5950.tif,0.667194,20.9079
train,5951.tif,0.731317,22.0458
train,5952.tif,0.561403,18.8572
train,5953.tif,0.565375,19.7856
train,5954.tif,0.560373,21.1432
train,5955.tif,0.501852,18.6388
train,5956.tif,0.588391,20.3595
train,5957.tif,0.592671,19.9474
train,5958.tif,0.616579,20.7803
train,5959.tif,0.593804,20.1802
train,596.tif,0.511558,17.5676
train,5960.tif,0.483053,19.9428
train,5961.tif,0.628343,22.4564
train,5962.tif,0.645021,20.8781
train,5963.tif,0.681129,22.6278
train,5964.tif,0.674425,21.8004
train,5965.tif,0.545547,18.9148
train,5966.tif,0.596241,20.9544
train,5967.tif,0.623632,20.4873
train,5968.tif,0.663644,22.1461
train,5969.tif,0.654418,22.338
train,597.tif,0.487106,18.7116
train,5970.tif,0.577436,20.2051
train,5971.tif,0.642888,21.7298
train,5972.tif,0.532902,18.757
train,5973.tif,0.69054,22.8521
train,5974.tif,0.571116,21.0846
train,5975.tif,0.686994,23.2589
train,5976.tif,0.494928,19.8128
train,5977.tif,0.55805,20.7467
train,5978.tif,0.543297,21.455
train,5979.tif,0.476005,19.2978
train,598.tif,0.648187,20.7446
train,5980.tif,0.454138,17.7578
train,5981.tif,0.668269,21.0926
train,5982.tif,0.561137,19.9662
train,5983.tif,0.653833,22.7988
train,5984.tif,0.515219,20.2711
train,5985.tif,0.527408,19.0386
train,5986.tif,0.602103,22.0024
train,5987.tif,0.712362,22.2635
train,5988.tif,0.567155,18.681
train,5989.tif,0.563771,22.82
train,599.tif,0.599783,19.3607
train,5990.tif,0.614086,20.1278
train,5991.tif,0.571284,20.082
train,5992.tif,0.545254,20.9396
train,5993.tif,0.499135,19.2024
train,5994.tif,0.585521,19.9845
train,5995.tif,0.674042,22.8132
train,5996.tif,0.507191,19.1468
train,5997.tif,0.65462,21.4792
train,5998.tif,0.5483,20.7029
train,5999.tif,0.522611,19.4721
train,6.tif,0.580923,20.2215
train,60.tif,0.678918,20.518
train,600.tif,0.5384,18.6693
train,6000.tif,0.530316,19.3073
train,6001.tif,0.605854,21.2968
train,6002.tif,0.419123,17.6441
train,6003.tif,0.583298,20.3716
train,6004.tif,0.552016,19.7927
train,6005.tif,0.548048,21.0483
train,6006.tif,0.702093,23.6906
train,6007.tif,0.591866,19.4837
train,6008.tif,0.567221,19.9454
train,6009.tif,0.534362,17.4795
train,601.tif,0.441233,18.9929
train,6010.tif,0.645567,22.2491
train,6011.tif,0.573084,20.5819
train,6012.tif,0.496477,18.9502
train,6013.tif,0.548521,18.8175
train,6014.tif,0.588094,21.0218
train,6015.tif,0.629981,21.0212
train,6016.tif,0.366044,18.1129
train,6017.tif,0.648696,20.9048
train,6018.tif,0.806843,25.0562
train,6019.tif,0.437342,18.7235
train,602.tif,0.472151,19.0646
train,6020.tif,0.592767,21.929
train,6021.tif,0.536856,19.952
train,6022.tif,0.653414,24.0187
train,6023.tif,0.634909,20.9625
train,6024.tif,0.644158,21.4253
train,6025.tif,0.490976,18.0407
train,6026.tif,0.463491,18.9436
train,6027.tif,0.627732,21.7495
train,6028.tif,0.765899,24.7106
train,6029.tif,0.65142,20.2796
train,603.tif,0.527736,19.254
train,6030.tif,0.500608,18.7874
train,6031.tif,0.557148,20.3686
train,6032.tif,0.608342,19.6326
train,6033.tif,0.552766,20.996
train,6034.tif,0.651615,23.6143
train,6035.tif,0.607566,21.1274
train,6036.tif,0.548772,19.2451
train,6037.tif,0.654998,21.8607
train,6038.tif,0.577587,19.1795
train,6039.tif,0.548705,19.6757
train,604.tif,0.505408,15.6746
train,6040.tif,0.698419,23.4506
train,6041.tif,0.65415,22.2553
train,6042.tif,0.591494,22.0691
train,6043.tif,0.63417,20.5504
train,6044.tif,0.640972,22.1918
train,6045.tif,0.751683,24.2192
train,6046.tif,0.544736,19.8624
train,6047.tif,0.707451,23.6347
train,6048.tif,0.608464,19.7183
train,6049.tif,0.451049,17.704
train,605.tif,0.442382,17.2848
train,6050.tif,0.631165,20.7182
train,6051.tif,0.668674,22.5333
train,6052.tif,0.514996,19.9905
train,6053.tif,0.612064,20.9856
train,6054.tif,0.638431,21.2411
train,6055.tif,0.54526,19.9365
train,6056.tif,0.44625,18.9541
train,6057.tif,0.59389,20.736
train,6058.tif,0.563864,20.0407
train,6059.tif,0.413075,17.2742
train,606.tif,0.35518,17.1882
train,6060.tif,0.496621,19.5487
train,6061.tif,0.612156,22.3648
train,6062.tif,0.593144,20.4034
train,6063.tif,0.645672,20.5631
train,6064.tif,0.593041,21.4197
train,6065.tif,0.525569,18.0427
train,6066.tif,0.697529,25.155
train,6067.tif,0.578666,20.7568
train,6068.tif,0.584921,18.6108
train,6069.tif,0.564536,20.4996
train,607.tif,0.464571,17.8786
train,6070.tif,0.521469,20.0417
train,6071.tif,0.549531,19.5055
train,6072.tif,0.65249,23.2598
train,6073.tif,0.445556,18.8794
train,6074.tif,0.570486,20.5156
train,6075.tif,0.751844,24.215
train,6076.tif,0.646739,22.4507
train,6077.tif,0.65213,22.3358
train,6078.tif,0.493054,18.7021
train,6079.tif,0.547653,19.542
train,608.tif,0.451984,19.4153
train,6080.tif,0.618896,21.5398
train,6081.tif,0.662805,23.0126
train,6082.tif,0.629916,20.6088
train,6083.tif,0.542993,18.3897
train,6084.tif,0.508323,20.108
train,6085.tif,0.57609,19.9937
train,6086.tif,0.58837,19.0657
train,6087.tif,0.634405,21.4682
train,6088.tif,0.589017,19.6754
train,6089.tif,0.634244,21.6538
train,609.tif,0.545318,20.7339
train,6090.tif,0.736733,23.1249
train,6091.tif,0.670101,21.6184
train,6092.tif,0.649084,21.4159
train,6093.tif,0.526197,19.1389
train,6094.tif,0.627271,21.1956
train,6095.tif,0.396984,18.1164
train,6096.tif,0.644285,21.6579
train,6097.tif,0.5354,19.5525
train,6098.tif,0.658477,19.6662
train,6099.tif,0.475695,19.4195
train,61.tif,0.527079,19.2443
train,610.tif,0.442329,18.3343
train,6100.tif,0.609035,21.6142
train,6101.tif,0.615781,19.3687
train,6102.tif,0.613862,20.2679
train,6103.tif,0.551874,20.8738
train,6104.tif,0.556944,17.7567
train,6105.tif,0.641351,22.7949
train,6106.tif,0.59578,19.9355
train,6107.tif,0.541761,20.9477
train,6108.tif,0.633861,21.6022
train,6109.tif,0.598896,21.1711
train,611.tif,0.505679,19.937
train,6110.tif,0.605721,19.8586
train,6111.tif,0.582207,19.423
train,6112.tif,0.630351,21.0552
train,6113.tif,0.650917,22.2193
train,6114.tif,0.56292,18.1565
train,6115.tif,0.494037,18.9933
train,6116.tif,0.544183,20.3287
train,6117.tif,0.44033,19.3127
train,6118.tif,0.513951,19.5179
train,6119.tif,0.586484,19.6778
train,612.tif,0.430936,17.9722
train,6120.tif,0.436159,18.2485
train,6121.tif,0.53774,19.6678
train,6122.tif,0.627859,20.8008
train,6123.tif,0.670525,22.066
train,6124.tif,0.583486,20.5276
train,6125.tif,0.520363,19.0553
train,6126.tif,0.513286,19.6749
train,6127.tif,0.547575,19.2827
train,6128.tif,0.6778,21.9015
train,6129.tif,0.541147,19.5005
train,613.tif,0.458824,17.3462
train,6130.tif,0.453683,17.3986
train,6131.tif,0.458689,19.5915
train,6132.tif,0.550925,20.4821
train,6133.tif,0.652286,21.4981
train,6134.tif,0.707928,21.8461
train,6135.tif,0.610326,21.3103
train,6136.tif,0.634029,21.2098
train,6137.tif,0.542537,19.4743
train,6138.tif,0.815038,24.8852
train,6139.tif,0.575385,19.4708
train,614.tif,0.507333,19.1536
train,6140.tif,0.416375,15.9906
train,6141.tif,0.612024,20.2092
train,6142.tif,0.613806,19.9066
train,6143.tif,0.495305,18.9973
train,6144.tif,0.644563,21.8785
train,6145.tif,0.57847,20.3231
train,6146.tif,0.639245,21.2264
train,6147.tif,0.61187,22.7735
train,6148.tif,0.626706,21.7088
train,6149.tif,0.493179,18.9311
train,615.tif,0.551592,19.0991
train,6150.tif,0.417773,18.7493
train,6151.tif,0.545378,20.2256
train,6152.tif,0.644886,21.2309
train,6153.tif,0.610265,21.8825
train,6154.tif,0.646659,20.8838
train,6155.tif,0.585486,20.7969
train,6156.tif,0.598104,22.9403
train,6157.tif,0.667254,21.5581
train,6158.tif,0.534621,18.7333
train,6159.tif,0.589755,22.0485
train,616.tif,0.534486,20.4115
train,6160.tif,0.580684,21.6794
train,6161.tif,0.552538,20.3073
train,6162.tif,0.510768,18.0011
train,6163.tif,0.623862,21.813
train,6164.tif,0.622316,20.3704
train,6165.tif,0.527258,19.1807
train,6166.tif,0.709436,22.9768
train,6167.tif,0.63718,21.0756
train,6168.tif,0.530192,19.5692
train,6169.tif,0.591769,19.8446
train,617.tif,0.543942,19.4785
train,6170.tif,0.584578,21.0846
train,6171.tif,0.542104,19.8077
train,6172.tif,0.598507,21.4006
train,6173.tif,0.53191,19.8673
train,6174.tif,0.548646,19.5852
train,6175.tif,0.556211,17.0044
train,6176.tif,0.688887,23.9826
train,6177.tif,0.603896,23.0548
train,6178.tif,0.680991,22.1136
train,6179.tif,0.57145,21.0016
train,618.tif,0.445531,18.9617
train,6180.tif,0.662165,21.8465
train,6181.tif,0.756029,24.0706
train,6182.tif,0.639226,20.4728
train,6183.tif,0.546374,20.6363
train,6184.tif,0.44409,19.0278
train,6185.tif,0.488662,18.0616
train,6186.tif,0.605093,20.5649
train,6187.tif,0.727122,22.9776
train,6188.tif,0.668515,22.1832
train,6189.tif,0.559097,20.8537
train,619.tif,0.456807,18.9679
train,6190.tif,0.58643,20.2217
train,6191.tif,0.563388,19.7492
train,6192.tif,0.401478,21.4885
train,6193.tif,0.656186,20.6101
train,6194.tif,0.555999,19.4589
train,6195.tif,0.54952,20.6273
train,6196.tif,0.747604,24.099
train,6197.tif,0.573724,18.3731
train,6198.tif,0.629456,22.0922
train,6199.tif,0.703592,23.3097
train,62.tif,0.525324,19.2586
train,620.tif,0.635233,22.0986
train,6200.tif,0.502275,19.8048
train,6201.tif,0.628434,21.0367
train,6202.tif,0.662547,22.1494
train,6203.tif,0.533218,19.5179
train,6204.tif,0.551536,20.0457
train,6205.tif,0.596419,21.4262
train,6206.tif,0.645477,22.9198
train,6207.tif,0.453038,19.1408
train,6208.tif,0.485414,17.9592
train,6209.tif,0.493079,18.0626
train,621.tif,0.527225,18.9974
train,6210.tif,0.60048,20.9965
train,6211.tif,0.560329,20.7211
train,6212.tif,0.612542,20.538
train,6213.tif,0.462759,19.1048
train,6214.tif,0.625873,21.7113
train,6215.tif,0.618993,21.0565
train,6216.tif,0.624564,21.3456
train,6217.tif,0.749281,25.2513
train,6218.tif,0.562066,20.8042
train,6219.tif,0.530385,19.9053
train,622.tif,0.452325,16.6697
train,6220.tif,0.534027,19.9379
train,6221.tif,0.573598,18.0269
train,6222.tif,0.528549,20.8402
train,6223.tif,0.660089,22.1889
train,6224.tif,0.595418,18.7894
train,6225.tif,0.450742,18.6045
train,6226.tif,0.543512,19.9851
train,6227.tif,0.580507,21.2438
train,6228.tif,0.607864,21.3413
train,6229.tif,0.707583,21.8479
train,623.tif,0.560468,21.2397
train,6230.tif,0.658892,22.2784
train,6231.tif,0.568544,20.8626
train,6232.tif,0.63514,20.8255
train,6233.tif,0.724582,20.0138
train,6234.tif,0.560135,21.425
train,6235.tif,0.651822,22.8376
train,6236.tif,0.461002,18.7247
train,6237.tif,0.562847,19.8239
train,6238.tif,0.687766,22.101
train,6239.tif,0.596081,22.6105
train,624.tif,0.477874,18.8362
train,6240.tif,0.610415,18.9267
train,6241.tif,0.608223,20.5416
train,6242.tif,0.579765,20.8179
train,6243.tif,0.581321,22.1636
train,6244.tif,0.503697,19.9285
train,6245.tif,0.640806,21.0603
train,6246.tif,0.661559,21.7094
train,6247.tif,0.49938,19.378
train,6248.tif,0.610955,21.1689
train,6249.tif,0.481794,19.9629
train,625.tif,0.532048,19.7653
train,6250.tif,0.520129,19.3247
train,6251.tif,0.685754,21.742
train,6252.tif,0.448474,18.926
train,6253.tif,0.62281,20.5673
train,6254.tif,0.794913,23.6205
train,6255.tif,0.708848,20.6809
train,6256.tif,0.595652,20.2306
train,6257.tif,0.55373,18.545
train,6258.tif,0.461285,18.9906
train,6259.tif,0.616338,19.8605
train,626.tif,0.486598,18.1297
train,6260.tif,0.56901,19.4285
train,6261.tif,0.399994,16.5689
train,6262.tif,0.625845,19.1399
train,6263.tif,0.479895,18.741
train,6264.tif,0.577072,19.4857
train,6265.tif,0.639537,21.6389
train,6266.tif,0.486296,19.7725
train,6267.tif,0.711314,23.1843
train,6268.tif,0.545835,19.0338
train,6269.tif,0.54076,19.7071
train,627.tif,0.457611,17.3675
train,6270.tif,0.518936,19.6707
train,6271.tif,0.659114,21.747
train,6272.tif,0.707476,22.2533
train,6273.tif,0.567098,20.35
train,6274.tif,0.589643,21.2781
train,6275.tif,0.556807,20.2684
train,6276.tif,0.601569,21.6265
train,6277.tif,0.561917,19.3437
train,6278.tif,0.563607,22.2342
train,6279.tif,0.592151,20.6837
train,628.tif,0.442774,17.3746
train,6280.tif,0.543773,20.0023
train,6281.tif,0.634584,21.0829
train,6282.tif,0.589776,19.7983
train,6283.tif,0.61467,20.0173
train,6284.tif,0.687256,23.387
train,6285.tif,0.317244,16.3268
train,6286.tif,0.667388,22.2852
train,6287.tif,0.565901,21.07
train,6288.tif,0.580858,19.0223
train,6289.tif,0.54732,20.1712
train,629.tif,0.399781,16.6853
train,6290.tif,0.744392,23.2807
train,6291.tif,0.640556,20.3557
train,6292.tif,0.64314,22.1311
train,6293.tif,0.593809,21.493
train,6294.tif,0.585601,20.2988
train,6295.tif,0.490351,17.3709
train,6296.tif,0.574483,20.4982
train,6297.tif,0.605229,20.5758
train,6298.tif,0.472936,19.4395
train,6299.tif,0.589843,19.3191
train,63.tif,0.587356,17.7911
train,630.tif,0.461451,17.7902
train,6300.tif,0.813761,26.0765
train,6301.tif,0.636693,21.4545
train,6302.tif,0.557518,20.7285
train,6303.tif,0.597702,21.1113
train,6304.tif,0.529789,21.4953
train,6305.tif,0.537629,19.9976
train,6306.tif,0.537446,20.5557
train,6307.tif,0.660098,21.8635
train,6308.tif,0.741897,23.411
train,6309.tif,0.642177,21.6892
train,631.tif,0.545718,17.7174
train,6310.tif,0.541143,19.2187
train,6311.tif,0.608029,20.236
train,6312.tif,0.42249,18.6291
train,6313.tif,0.509378,18.9327
train,6314.tif,0.666147,21.8062
train,6315.tif,0.480386,19.1438
train,6316.tif,0.755681,23.0932
train,6317.tif,0.335889,14.8958
train,6318.tif,0.550347,18.4267
train,6319.tif,0.585378,21.1879
train,632.tif,0.481904,16.8025
train,6320.tif,0.720035,22.8205
train,6321.tif,0.637533,21.2479
train,6322.tif,0.199392,16.3789
train,6323.tif,0.777115,23.6523
train,6324.tif,0.488246,18.8769
train,6325.tif,0.594843,21.2665
train,6326.tif,0.591803,20.2962
train,6327.tif,0.632763,20.3495
train,6328.tif,0.55226,19.077
train,6329.tif,0.583346,21.5559
train,633.tif,0.493815,19.1068
train,6330.tif,0.643392,20.9911
train,6331.tif,0.599232,20.9556
train,6332.tif,0.523736,18.5038
train,6333.tif,0.461541,19.412
train,6334.tif,0.561842,19.2961
train,6335.tif,0.518804,18.8366
train,6336.tif,0.529191,20.2959
train,6337.tif,0.609028,20.0047
train,6338.tif,0.554826,19.5354
train,6339.tif,0.512107,18.9083
train,634.tif,0.487721,18.7847
train,6340.tif,0.443442,19.1187
train,6341.tif,0.483963,19.1629
train,6342.tif,0.535625,19.4687
train,6343.tif,0.559411,20.1765
train,6344.tif,0.547706,19.9734
train,6345.tif,0.477577,19.4797
train,6346.tif,0.557689,20.6032
train,6347.tif,0.610372,21.0579
train,6348.tif,0.519952,20.6627
train,6349.tif,0.61938,20.7877
train,635.tif,0.469678,18.7441
train,6350.tif,0.458078,17.5861
train,6351.tif,0.540782,19.9389
train,6352.tif,0.475184,19.2429
train,6353.tif,0.559537,21.0468
train,6354.tif,0.599288,21.1511
train,6355.tif,0.673734,22.7908
train,6356.tif,0.674036,22.6319
train,6357.tif,0.469125,18.6046
train,6358.tif,0.658239,21.2978
train,6359.tif,0.588039,20.5274
train,636.tif,0.574668,21.5914
train,6360.tif,0.54417,19.093
train,6361.tif,0.604296,21.3457
train,6362.tif,0.577141,17.6117
train,6363.tif,0.499496,19.0606
train,6364.tif,0.571215,20.1778
train,6365.tif,0.517091,19.9559
train,6366.tif,0.685606,21.6388
train,6367.tif,0.660697,21.4052
train,6368.tif,0.636727,21.7198
train,6369.tif,0.638842,21.3376
train,637.tif,0.512612,19.0162
train,6370.tif,0.544595,20.7523
train,6371.tif,0.49434,17.2727
train,6372.tif,0.541617,19.6054
train,6373.tif,0.687116,21.7458
train,6374.tif,0.59282,20.2463
train,6375.tif,0.684194,21.311
train,6376.tif,0.520174,19.8905
train,6377.tif,0.593331,21.3224
train,6378.tif,0.626153,21.1058
train,6379.tif,0.759613,21.3295
train,638.tif,0.510212,18.2816
train,6380.tif,0.544863,19.4821
train,6381.tif,0.508142,20.5983
train,6382.tif,0.609332,21.2567
train,6383.tif,0.709064,22.6708
train,6384.tif,0.796478,24.5734
train,6385.tif,0.649427,22.028
train,6386.tif,0.557342,21.0746
train,6387.tif,0.647654,20.2332
train,6388.tif,0.537925,20.0347
train,6389.tif,0.613322,19.2937
train,639.tif,0.515072,18.9432
train,6390.tif,0.550743,20.766
train,6391.tif,0.674031,22.8455
train,6392.tif,0.65185,23.0119
train,6393.tif,0.646439,21.5362
train,6394.tif,0.496318,19.4389
train,6395.tif,0.518791,19.2301
train,6396.tif,0.612969,20.8632
train,6397.tif,0.487528,18.7734
train,6398.tif,0.720784,23.2657
train,6399.tif,0.537694,20.0339
train,64.tif,0.583781,16.8823
train,640.tif,0.464451,18.2014
train,6400.tif,0.521145,19.3138
train,6401.tif,0.571377,20.2196
train,6402.tif,0.659274,23.0425
train,6403.tif,0.617167,21.0739
train,6404.tif,0.565404,20.0488
train,6405.tif,0.519061,18.396
train,6406.tif,0.641908,21.609
train,6407.tif,0.609043,21.722
train,6408.tif,0.583125,19.0849
train,6409.tif,0.577078,20.5836
train,641.tif,0.482781,15.5696
train,6410.tif,0.588089,21.8856
train,6411.tif,0.592253,21.0012
train,6412.tif,0.576244,19.3079
train,6413.tif,0.565127,19.7376
train,6414.tif,0.480904,19.3499
train,6415.tif,0.358359,20.2874
train,6416.tif,0.549402,19.7439
train,6417.tif,0.562263,20.5131
train,6418.tif,0.515264,19.0232
train,6419.tif,0.625602,21.383
train,642.tif,0.588271,19.6566
train,6420.tif,0.617919,21.5157
train,6421.tif,0.524991,19.9196
train,6422.tif,0.526678,19.6796
train,6423.tif,0.598882,20.5502
train,6424.tif,0.573241,19.1727
train,6425.tif,0.562271,20.0853
train,6426.tif,0.565265,18.9258
train,6427.tif,0.489591,19.8784
train,6428.tif,0.587407,20.958
train,6429.tif,0.59696,21.6181
train,643.tif,0.479935,18.6258
train,6430.tif,0.521855,19.886
train,6431.tif,0.816905,23.2161
train,6432.tif,0.788138,24.4458
train,6433.tif,0.541495,19.2912
train,6434.tif,0.634165,21.8444
train,6435.tif,0.764733,25.1677
train,6436.tif,0.625187,21.1479
train,6437.tif,0.630944,20.2245
train,6438.tif,0.603119,16.3115
train,6439.tif,0.510478,19.6581
train,644.tif,0.547882,19.1618
train,6440.tif,0.588989,19.5939
train,6441.tif,0.59049,20.8204
train,6442.tif,0.542192,20.6731
train,6443.tif,0.520152,20.719
train,6444.tif,0.567876,20.1046
train,6445.tif,0.742029,24.5533
train,6446.tif,0.524175,19.4609
train,6447.tif,0.478682,19.3284
train,6448.tif,0.699003,20.4511
train,6449.tif,0.506846,19.0477
train,645.tif,0.462424,17.5592
train,6450.tif,0.519083,19.7127
train,6451.tif,0.570191,18.9624
train,6452.tif,0.591763,21.3842
train,6453.tif,0.628509,21.753
train,6454.tif,0.743628,24.3614
train,6455.tif,0.590187,19.7445
train,6456.tif,0.618702,21.1114
train,6457.tif,0.607332,21.0332
train,6458.tif,0.462974,19.2429
train,6459.tif,0.433414,17.6611
train,646.tif,0.437695,18.2603
train,6460.tif,0.510861,19.4412
train,6461.tif,0.625148,20.1347
train,6462.tif,0.745459,21.4907
train,6463.tif,0.474641,18.5658
train,6464.tif,0.590693,18.7552
train,6465.tif,0.575819,21.4784
train,6466.tif,0.515456,19.3321
train,6467.tif,0.59028,19.334
train,6468.tif,0.48814,19.5153
train,6469.tif,0.552012,20.395
train,647.tif,0.442944,17.2477
train,6470.tif,0.722302,23.9616
train,6471.tif,0.58305,21.1991
train,6472.tif,0.541767,20.1505
train,6473.tif,0.526212,19.611
train,6474.tif,0.651898,21.0031
train,6475.tif,0.57921,20.4489
train,6476.tif,0.583468,20.0857
train,6477.tif,0.479094,19.6726
train,6478.tif,0.731835,21.2216
train,6479.tif,0.585129,20.6441
train,648.tif,0.455643,18.4003
train,6480.tif,0.604864,19.0955
train,6481.tif,0.518926,18.4485
train,6482.tif,0.616168,21.5526
train,6483.tif,0.707788,20.1728
train,6484.tif,0.634947,21.8305
train,6485.tif,0.509134,18.8254
train,6486.tif,0.642177,22.2178
train,6487.tif,0.439208,18.8066
train,6488.tif,0.615585,22.9122
train,6489.tif,0.66152,21.1419
train,649.tif,0.553427,20.2388
train,6490.tif,0.562841,19.8353
train,6491.tif,0.754066,24.9338
train,6492.tif,0.573649,21.7894
train,6493.tif,0.675129,18.333
train,6494.tif,0.651338,22.018
train,6495.tif,0.633721,21.5646
train,6496.tif,0.600563,21.5523
train,6497.tif,0.572381,21.5183
train,6498.tif,0.502097,19.1639
train,6499.tif,0.515736,20.7723
train,65.tif,0.526058,18.3787
train,650.tif,0.451459,17.7682
train,6500.tif,0.644498,23.2981
train,6501.tif,0.528626,19.6818
train,6502.tif,0.577077,18.0892
train,6503.tif,0.495453,18.9381
train,6504.tif,0.608713,21.3236
train,6505.tif,0.630864,21.2212
train,6506.tif,0.463204,19.2411
train,6507.tif,0.584033,21.4396
train,6508.tif,0.549007,19.2115
train,6509.tif,0.602373,21.4014
train,651.tif,0.504212,18.9294
train,6510.tif,0.612693,21.1558
train,6511.tif,0.592219,21.426
train,6512.tif,0.497386,18.2452
train,6513.tif,0.608751,21.0891
train,6514.tif,0.611983,21.6042
train,6515.tif,0.753436,24.2827
train,6516.tif,0.462068,18.8723
train,6517.tif,0.647972,21.9192
train,6518.tif,0.480052,19.1318
train,6519.tif,0.66379,22.6765
train,652.tif,0.527024,19.4617
train,6520.tif,0.674941,23.7098
train,6521.tif,0.51702,20.1847
train,6522.tif,0.642041,20.3198
train,6523.tif,0.572792,21.9637
train,6524.tif,0.56376,21.3875
train,6525.tif,0.460123,18.1748
train,6526.tif,0.49191,19.1018
train,6527.tif,0.602556,20.3895
train,6528.tif,0.58859,19.653
train,6529.tif,0.668215,21.8511
train,653.tif,0.456478,18.851
train,6530.tif,0.494905,17.7405
train,6531.tif,0.655213,21.9849
train,6532.tif,0.521289,19.4392
train,6533.tif,0.596631,19.7608
train,6534.tif,0.544926,19.3949
train,6535.tif,0.583943,20.2609
train,6536.tif,0.384123,18.0813
train,6537.tif,0.591442,19.7663
train,6538.tif,0.773828,24.1562
train,6539.tif,0.569837,19.6968
train,654.tif,0.71708,23.4811
train,6540.tif,0.799081,23.1952
train,6541.tif,0.609187,20.1483
train,6542.tif,0.834751,25.0921
train,6543.tif,0.567608,19.6711
train,6544.tif,0.682078,22.5062
train,6545.tif,0.609964,19.1594
train,6546.tif,0.531983,20.0849
train,6547.tif,0.736247,22.9779
train,6548.tif,0.55013,19.2451
train,6549.tif,0.550385,20.8526
train,655.tif,0.417235,17.7958
train,6550.tif,0.566838,21.4944
train,6551.tif,0.604109,20.9718
train,6552.tif,0.571161,19.85
train,6553.tif,0.785171,23.1379
train,6554.tif,0.807587,24.1228
train,6555.tif,0.498793,17.8625
train,6556.tif,0.541516,20.142
train,6557.tif,0.686576,21.1872
train,6558.tif,0.45889,19.3738
train,6559.tif,0.78615,23.0532
train,656.tif,0.565342,20.4981
train,6560.tif,0.476384,19.5103
train,6561.tif,0.587781,21.6367
train,6562.tif,0.795374,23.1716
train,6563.tif,0.662468,22.088
train,6564.tif,0.667128,20.9035
train,6565.tif,0.624427,21.9494
train,6566.tif,0.535439,20.1954
train,6567.tif,0.496182,19.2217
train,6568.tif,0.397165,17.526
train,6569.tif,0.777196,24.6533
train,657.tif,0.477888,18.944
train,6570.tif,0.612356,20.3775
train,6571.tif,0.487602,19.8892
train,6572.tif,0.632474,21.8896
train,6573.tif,0.656778,22.9513
train,6574.tif,0.576221,20.3709
train,6575.tif,0.649587,22.3737
train,6576.tif,0.553715,20.3892
train,6577.tif,0.572643,19.8556
train,6578.tif,0.618706,20.2321
train,6579.tif,0.586763,21.1038
train,658.tif,0.444068,17.751
train,6580.tif,0.437526,17.8925
train,6581.tif,0.682514,22.1487
train,6582.tif,0.483226,17.1939
train,6583.tif,0.505881,20.0531
train,6584.tif,0.629703,19.6817
train,6585.tif,0.474925,19.754
train,6586.tif,0.634974,21.2008
train,6587.tif,0.556574,20.747
train,6588.tif,0.508895,19.2752
train,6589.tif,0.557207,20.5377
train,659.tif,0.491835,16.8284
train,6590.tif,0.465414,18.3766
train,6591.tif,0.464334,17.4792
train,6592.tif,0.729097,23.8359
train,6593.tif,0.516684,19.6165
train,6594.tif,0.461796,18.3223
train,6595.tif,0.65986,21.4899
train,6596.tif,0.538352,19.3789
train,6597.tif,0.60035,21.0606
train,6598.tif,0.534414,20.5053
train,6599.tif,0.665063,21.1601
train,66.tif,0.532046,20.2317
train,660.tif,0.495347,18.3822
train,6600.tif,0.518479,19.26
train,6601.tif,0.568804,19.2599
train,6602.tif,0.651839,21.7622
train,6603.tif,0.570246,20.2976
train,6604.tif,0.518091,20.0545
train,6605.tif,0.476414,18.2338
train,6606.tif,0.554566,19.9042
train,6607.tif,0.540171,20.2369
train,6608.tif,0.579994,20.566
train,6609.tif,0.50989,20.0522
train,661.tif,0.437359,17.4686
train,6610.tif,0.7086,18.6694
train,6611.tif,0.779564,22.5993
train,6612.tif,0.693004,22.3232
train,6613.tif,0.591908,20.0238
train,6614.tif,0.484815,17.8067
train,6615.tif,0.769985,23.8297
train,6616.tif,0.522507,20.1555
train,6617.tif,0.84096,24.6629
train,6618.tif,0.527732,20.4451
train,6619.tif,0.638836,21.636
train,662.tif,0.445367,17.742
train,6620.tif,0.669295,21.6718
train,6621.tif,0.551877,21.4209
train,6622.tif,0.569468,20.1258
train,6623.tif,0.56457,20.1362
train,6624.tif,0.542513,20.2602
train,6625.tif,0.679451,21.5281
train,6626.tif,0.65349,20.1353
train,6627.tif,0.423578,17.6058
train,6628.tif,0.686173,22.6431
train,6629.tif,0.455351,18.8371
train,663.tif,0.395902,17.2573
train,6630.tif,0.60129,21.3161
train,6631.tif,0.480513,19.031
train,6632.tif,0.548616,19.1669
train,6633.tif,0.596292,20.5846
train,6634.tif,0.499247,19.5833
train,6635.tif,0.800809,24.7198
train,6636.tif,0.436707,18.1826
train,6637.tif,0.563372,20.2085
train,6638.tif,0.478044,17.9057
train,6639.tif,0.465363,19.0987
train,664.tif,0.418113,16.9891
train,6640.tif,0.599894,18.9023
train,6641.tif,0.593662,20.9326
train,6642.tif,0.498679,17.7282
train,6643.tif,0.748059,23.4118
train,6644.tif,0.634122,20.7226
train,6645.tif,0.751879,24.2133
train,6646.tif,0.602729,21.0831
train,6647.tif,0.512857,19.7145
train,6648.tif,0.496241,15.3624
train,6649.tif,0.610964,22.1707
train,665.tif,0.542623,20.5768
train,6650.tif,0.620163,20.1812
train,6651.tif,0.503706,17.1096
train,6652.tif,0.560697,20.9076
train,6653.tif,0.518002,17.3189
train,6654.tif,0.607529,21.3042
train,6655.tif,0.556457,19.6759
train,6656.tif,0.643078,20.5624
train,6657.tif,0.844436,25.5164
train,6658.tif,0.487794,18.727
train,6659.tif,0.610293,20.4034
train,666.tif,0.517738,16.8615
train,6660.tif,0.524412,18.9488
train,6661.tif,0.544794,20.3606
train,6662.tif,0.65882,22.7479
train,6663.tif,0.761335,23.0384
train,6664.tif,0.55961,16.7417
train,6665.tif,0.834615,25.3894
train,6666.tif,0.505202,19.6311
train,6667.tif,0.735785,23.3784
train,6668.tif,0.547766,21.191
train,6669.tif,0.578085,20.2343
train,667.tif,0.45693,16.2739
train,6670.tif,0.530168,19.7073
train,6671.tif,0.522616,19.2875
train,6672.tif,0.490353,17.8687
train,6673.tif,0.547884,20.6839
train,6674.tif,0.470278,18.0043
train,6675.tif,0.648704,21.3822
train,6676.tif,0.600212,20.1249
train,6677.tif,0.514026,18.9781
train,6678.tif,0.560953,20.4631
train,6679.tif,0.677956,21.9139
train,668.tif,0.566526,20.0697
train,6680.tif,0.49674,17.6569
train,6681.tif,0.647961,20.6489
train,6682.tif,0.416936,18.0327
train,6683.tif,0.532311,21.0559
train,6684.tif,0.582942,21.0354
train,6685.tif,0.425288,18.397
train,6686.tif,0.523923,19.6732
train,6687.tif,0.636089,23.6524
train,6688.tif,0.629127,23.0993
train,6689.tif,0.609013,21.1944
train,669.tif,0.496855,19.6807
train,6690.tif,0.571665,20.4091
train,6691.tif,0.517154,19.4592
train,6692.tif,0.52702,20.6421
train,6693.tif,0.633781,21.6533
train,6694.tif,0.728411,24.3272
train,6695.tif,0.557554,21.45
train,6696.tif,0.619708,21.0919
train,6697.tif,0.556613,19.0799
train,6698.tif,0.792152,22.8284
train,6699.tif,0.832278,26.4835
train,67.tif,0.482115,18.5901
train,670.tif,0.432472,15.7557
train,6700.tif,0.665107,21.6246
train,6701.tif,0.649621,20.9521
train,6702.tif,0.574481,21.434
train,6703.tif,0.812731,23.8528
train,6704.tif,0.57844,18.3089
train,6705.tif,0.523719,18.5747
train,6706.tif,0.545051,19.6787
train,6707.tif,0.725168,22.7187
train,6708.tif,0.536057,20.2531
train,6709.tif,0.611192,21.3076
train,671.tif,0.466203,17.2989
train,6710.tif,0.516396,19.7972
train,6711.tif,0.513838,19.3305
train,6712.tif,0.765057,22.0128
train,6713.tif,0.498536,20.0051
train,6714.tif,0.575597,20.9953
train,6715.tif,0.557219,21.0283
train,6716.tif,0.573246,20.5252
train,6717.tif,0.513815,19.5181
train,6718.tif,0.828813,24.532
train,6719.tif,0.625574,22.5177
train,672.tif,0.457268,19.3781
train,6720.tif,0.584668,20.6099
train,6721.tif,0.56321,20.4203
train,6722.tif,0.598044,20.7447
train,6723.tif,0.53845,19.6217
train,6724.tif,0.499657,19.1164
train,6725.tif,0.54262,19.4979
train,6726.tif,0.494639,20.0042
train,6727.tif,0.643232,21.7602
train,6728.tif,0.588379,21.8299
train,6729.tif,0.694369,23.3708
train,673.tif,0.524102,18.7499
train,6730.tif,0.780067,21.3593
train,6731.tif,0.502478,18.4435
train,6732.tif,0.628998,22.4544
train,6733.tif,0.766706,23.206
train,6734.tif,0.56486,20.9667
train,6735.tif,0.675861,21.9469
train,6736.tif,0.75023,23.4756
train,6737.tif,0.611067,21.3618
train,6738.tif,0.536432,19.9596
train,6739.tif,0.709493,23.6915
train,674.tif,0.589206,20.7803
train,6740.tif,0.69478,22.746
train,6741.tif,0.56803,19.8974
train,6742.tif,0.509616,19.6593
train,6743.tif,0.623974,21.7347
train,6744.tif,0.584293,20.3059
train,6745.tif,0.636748,19.5519
train,6746.tif,0.535126,18.9985
train,6747.tif,0.571389,20.776
train,6748.tif,0.723103,21.9519
train,6749.tif,0.41068,17.6323
train,675.tif,0.399225,16.4352
train,6750.tif,0.357213,16.2261
train,6751.tif,0.750395,23.2795
train,6752.tif,0.519515,19.8595
train,6753.tif,0.507107,19.3244
train,6754.tif,0.707751,18.7719
train,6755.tif,0.698308,23.496
train,6756.tif,0.76696,24.3478
train,6757.tif,0.578174,21.3729
train,6758.tif,0.700487,21.1643
train,6759.tif,0.438213,18.0972
train,676.tif,0.441579,19.4874
train,6760.tif,0.704354,21.995
train,6761.tif,0.589207,22.566
train,6762.tif,0.635832,20.695
train,6763.tif,0.541045,19.9105
train,6764.tif,0.514086,18.7335
train,6765.tif,0.599979,21.7373
train,6766.tif,0.710828,23.5522
train,6767.tif,0.590741,20.1904
train,6768.tif,0.609266,21.5657
train,6769.tif,0.483837,18.9446
train,677.tif,0.517729,18.6963
train,6770.tif,0.71273,22.5537
train,6771.tif,0.562786,19.7946
train,6772.tif,0.573273,17.93
train,6773.tif,0.559318,19.9626
train,6774.tif,0.577526,20.5866
train,6775.tif,0.762447,24.0386
train,6776.tif,0.555415,20.3359
train,6777.tif,0.548048,19.7827
train,6778.tif,0.694543,22.2482
train,6779.tif,0.800431,25.1632
train,678.tif,0.488759,18.1612
train,6780.tif,0.630708,21.1536
train,6781.tif,0.595226,21.9643
train,6782.tif,0.653054,21.3086
train,6783.tif,0.608535,22.6208
train,6784.tif,0.521082,21.1241
train,6785.tif,0.619276,21.6108
train,6786.tif,0.500689,18.5115
train,6787.tif,0.571451,20.5954
train,6788.tif,0.489444,18.6871
train,6789.tif,0.515628,19.7448
train,679.tif,0.452915,19.0229
train,6790.tif,0.534409,19.1133
train,6791.tif,0.602139,20.5166
train,6792.tif,0.591035,19.1765
train,6793.tif,0.68482,20.036
train,6794.tif,0.756202,21.8448
train,6795.tif,0.51184,19.3856
train,6796.tif,0.5202,19.0075
train,6797.tif,0.638955,21.758
train,6798.tif,0.48668,18.5046
train,6799.tif,0.52199,20.0603
train,68.tif,0.629612,20.4431
train,680.tif,0.438735,18.3411
train,6800.tif,0.577637,20.5616
train,6801.tif,0.572415,20.1196
train,6802.tif,0.561705,20.1429
train,6803.tif,0.632412,21.2551
train,6804.tif,0.612312,20.7605
train,6805.tif,0.551766,19.8371
train,6806.tif,0.713372,24.8927
train,6807.tif,0.483821,18.9338
train,6808.tif,0.535205,14.4772
train,6809.tif,0.63256,21.979
train,681.tif,0.466859,15.9079
train,6810.tif,0.592735,21.4065
train,6811.tif,0.672329,22.4488
train,6812.tif,0.84748,24.9804
train,6813.tif,0.567822,19.3391
train,6814.tif,0.661701,20.5085
train,6815.tif,0.533828,18.9669
train,6816.tif,0.529667,19.5149
train,6817.tif,0.599392,20.016
train,6818.tif,0.611511,20.7882
train,6819.tif,0.488479,19.3654
train,682.tif,0.426558,16.779
train,6820.tif,0.568939,21.3265
train,6821.tif,0.610552,20.4729
train,6822.tif,0.540833,20.0016
train,6823.tif,0.508932,18.7901
train,6824.tif,0.426576,18.6774
train,6825.tif,0.768912,21.4962
train,6826.tif,0.658237,20.5449
train,6827.tif,0.710602,22.1274
train,6828.tif,0.555725,15.6848
train,6829.tif,0.539495,20.0083
train,683.tif,0.436192,17.3532
train,6830.tif,0.475245,18.134
train,6831.tif,0.566573,19.9839
train,6832.tif,0.564503,18.9996
train,6833.tif,0.559928,20.1919
train,6834.tif,0.602794,19.9539
train,6835.tif,0.54517,19.2105
train,6836.tif,0.558987,15.6168
train,6837.tif,0.484976,20.1011
train,6838.tif,0.491383,18.7994
train,6839.tif,0.708075,22.7398
train,684.tif,0.483788,17.9153
train,6840.tif,0.7458,24.08
train,6841.tif,0.509187,18.8121
train,6842.tif,0.503417,18.8078
train,6843.tif,0.587554,19.5957
train,6844.tif,0.550623,20.7811
train,6845.tif,0.472765,19.2181
train,6846.tif,0.45515,16.8612
train,6847.tif,0.384345,18.1029
train,6848.tif,0.541975,20.4133
train,6849.tif,0.51745,19.9322
train,685.tif,0.486338,19.5578
train,6850.tif,0.822587,24.9794
train,6851.tif,0.463542,18.5727
train,6852.tif,0.52728,19.3841
train,6853.tif,0.667093,18.8802
train,6854.tif,0.480807,18.9069
train,6855.tif,0.707799,19.7682
train,6856.tif,0.604926,21.228
train,6857.tif,0.612815,19.8294
train,6858.tif,0.65583,21.5353
train,6859.tif,0.609141,22.4015
train,686.tif,0.430365,18.0912
train,6860.tif,0.530575,21.7243
train,6861.tif,0.717624,23.5546
train,6862.tif,0.6111,20.0928
train,6863.tif,0.783333,25.2252
train,6864.tif,0.795955,24.3901
train,6865.tif,0.663461,22.6043
train,6866.tif,0.682319,22.3065
train,6867.tif,0.63492,22.5864
train,6868.tif,0.602712,21.3232
train,6869.tif,0.496848,19.6489
train,687.tif,0.45192,18.61
train,6870.tif,0.511933,19.6777
train,6871.tif,0.570348,21.5208
train,6872.tif,0.610138,21.7661
train,6873.tif,0.450056,19.2251
train,6874.tif,0.667518,21.3331
train,6875.tif,0.503991,16.9085
train,6876.tif,0.524896,19.0736
train,6877.tif,0.708972,21.9711
train,6878.tif,0.563915,21.15
train,6879.tif,0.42979,18.623
train,688.tif,0.399269,17.6064
train,6880.tif,0.505025,19.3525
train,6881.tif,0.658785,21.6907
train,6882.tif,0.742655,22.4347
train,6883.tif,0.485284,19.2683
train,6884.tif,0.552616,21.0866
train,6885.tif,0.687077,22.8646
train,6886.tif,0.594836,21.3962
train,6887.tif,0.604718,20.2349
train,6888.tif,0.56357,19.2927
train,6889.tif,0.551724,20.5071
train,689.tif,0.453963,18.0235
train,6890.tif,0.679473,20.3826
train,6891.tif,0.651843,21.8976
train,6892.tif,0.489841,20.0651
train,6893.tif,0.577444,20.5751
train,6894.tif,0.696639,19.7813
train,6895.tif,0.577601,21.3914
train,6896.tif,0.598256,20.6076
train,6897.tif,0.596584,20.0201
train,6898.tif,0.432885,17.7871
train,6899.tif,0.568995,20.4999
train,69.tif,0.528351,17.7474
train,690.tif,0.519772,17.329
train,6900.tif,0.572499,21.1927
train,6901.tif,0.68143,22.1468
train,6902.tif,0.575567,20.4905
train,6903.tif,0.685411,21.7946
train,6904.tif,0.519022,17.9853
train,6905.tif,0.487976,18.6476
train,6906.tif,0.647095,21.7845
train,6907.tif,0.570474,20.1815
train,6908.tif,0.604399,20.1759
train,6909.tif,0.567198,19.712
train,691.tif,0.541666,20.3106
train,6910.tif,0.472251,17.6223
train,6911.tif,0.494049,19.5617
train,6912.tif,0.644364,22.7556
train,6913.tif,0.613455,20.6697
train,6914.tif,0.535895,19.8418
train,6915.tif,0.562778,20.8948
train,6916.tif,0.611651,21.7425
train,6917.tif,0.534191,20.5322
train,6918.tif,0.61236,20.7784
train,6919.tif,0.557476,21.9361
train,692.tif,0.504082,18.7854
train,6920.tif,0.613674,21.9085
train,6921.tif,0.488937,18.1475
train,6922.tif,0.667437,20.8593
train,6923.tif,0.509948,19.1322
train,6924.tif,0.56793,20.0634
train,6925.tif,0.443611,18.3625
train,6926.tif,0.662455,21.6052
train,6927.tif,0.556165,17.5907
train,6928.tif,0.59841,19.9927
train,6929.tif,0.614396,20.1278
train,693.tif,0.463364,19.1874
train,6930.tif,0.570998,17.8064
train,6931.tif,0.484178,18.7183
train,6932.tif,0.453728,18.8712
train,6933.tif,0.685678,21.6209
train,6934.tif,0.622661,21.2518
train,6935.tif,0.602522,20.3989
train,6936.tif,0.676211,21.939
train,6937.tif,0.515375,18.8731
train,6938.tif,0.671239,22.4403
train,6939.tif,0.553259,21.8537
train,694.tif,0.593072,20.8429
train,6940.tif,0.571489,20.7812
train,6941.tif,0.635075,20.2508
train,6942.tif,0.564356,19.3642
train,6943.tif,0.598603,21.021
train,6944.tif,0.65238,21.9095
train,6945.tif,0.474189,19.6662
train,6946.tif,0.566361,20.2619
train,6947.tif,0.626598,20.9733
train,6948.tif,0.487064,19.4822
train,6949.tif,0.465774,19.4931
train,695.tif,0.54124,18.6053
train,6950.tif,0.685535,21.5985
train,6951.tif,0.513901,19.3283
train,6952.tif,0.523795,20.8253
train,6953.tif,0.435901,18.2643
train,6954.tif,0.579803,20.6456
train,6955.tif,0.64017,21.7827
train,6956.tif,0.504891,18.5086
train,6957.tif,0.524934,20.0964
train,6958.tif,0.604511,19.7548
train,6959.tif,0.535685,20.1119
train,696.tif,0.58283,20.4191
train,6960.tif,0.57154,17.6477
train,6961.tif,0.632238,15.7423
train,6962.tif,0.6077,19.6874
train,6963.tif,0.643026,21.9411
train,6964.tif,0.639434,22.2761
train,6965.tif,0.600116,21.3252
train,6966.tif,0.54792,19.7694
train,6967.tif,0.527897,19.6384
train,6968.tif,0.741588,18.1788
train,6969.tif,0.626624,20.2861
train,697.tif,0.556256,19.7825
train,6970.tif,0.635833,21.7396
train,6971.tif,0.617962,21.0424
train,6972.tif,0.463473,18.9252
train,6973.tif,0.560551,20.3071
train,6974.tif,0.498345,19.1903
train,6975.tif,0.510214,19.2398
train,6976.tif,0.650977,20.9947
train,6977.tif,0.656134,21.2623
train,6978.tif,0.638895,21.3952
train,6979.tif,0.632828,20.9231
train,698.tif,0.658516,20.5386
train,6980.tif,0.497716,19.7237
train,6981.tif,0.502278,18.6802
train,6982.tif,0.601817,20.2888
train,6983.tif,0.59386,20.6562
train,6984.tif,0.617842,20.9342
train,6985.tif,0.55336,19.928
train,6986.tif,0.451652,18.3355
train,6987.tif,0.777837,23.603
train,6988.tif,0.840265,25.3227
train,6989.tif,0.608415,21.6249
train,699.tif,0.493565,16.8838
train,6990.tif,0.771017,17.1126
train,6991.tif,0.552078,19.5015
train,6992.tif,0.507898,20.5865
train,6993.tif,0.547618,20.6647
train,6994.tif,0.59811,20.5055
train,6995.tif,0.603154,20.2874
train,6996.tif,0.628038,21.3016
train,6997.tif,0.621321,22.4022
train,6998.tif,0.605906,21.4447
train,6999.tif,0.642468,22.4653
train,7.tif,0.549353,19.7969
train,70.tif,0.560878,19.4551
train,700.tif,0.450256,19.6979
train,7000.tif,0.462034,19.2058
train,7001.tif,0.60175,20.7329
train,7002.tif,0.618301,21.2477
train,7003.tif,0.622753,21.8391
train,7004.tif,0.623788,20.123
train,7005.tif,0.468233,18.921
train,7006.tif,0.620863,19.5527
train,7007.tif,0.627365,22.679
train,7008.tif,0.515306,18.9599
train,7009.tif,0.564565,19.1842
train,701.tif,0.486446,15.2139
train,7010.tif,0.650151,22.6934
train,7011.tif,0.398218,17.7749
train,7012.tif,0.586267,17.8919
train,7013.tif,0.793728,22.911
train,7014.tif,0.597782,20.8913
train,7015.tif,0.5374,20.0175
train,7016.tif,0.637954,19.128
train,7017.tif,0.525163,19.5321
train,7018.tif,0.626723,20.4636
train,7019.tif,0.64623,23.1138
train,702.tif,0.57984,19.4352
train,7020.tif,0.627913,21.4235
train,7021.tif,0.498238,18.504
train,7022.tif,0.519219,19.0063
train,7023.tif,0.538449,20.8561
train,7024.tif,0.603183,20.4045
train,7025.tif,0.574348,20.5392
train,7026.tif,0.419112,18.6515
train,7027.tif,0.618385,21.3203
train,7028.tif,0.640037,21.3904
train,7029.tif,0.651768,20.2392
train,703.tif,0.511604,17.5866
train,7030.tif,0.575776,19.3214
train,7031.tif,0.626591,22.8524
train,7032.tif,0.664614,21.9038
train,7033.tif,0.567412,21.4143
train,7034.tif,0.510768,19.8002
train,7035.tif,0.479164,19.3841
train,7036.tif,0.674134,23.3193
train,7037.tif,0.621338,20.7158
train,7038.tif,0.6598,22.3911
train,7039.tif,0.608039,21.2094
train,704.tif,0.459852,16.7648
train,7040.tif,0.484824,19.3909
train,7041.tif,0.615264,18.2486
train,7042.tif,0.684483,21.2798
train,7043.tif,0.484235,18.4632
train,7044.tif,0.750285,24.2061
train,7045.tif,0.584867,19.6461
train,7046.tif,0.560052,20.5764
train,7047.tif,0.560165,20.292
train,7048.tif,0.557654,20.7185
train,7049.tif,0.396042,17.4335
train,705.tif,0.5182,18.4526
train,7050.tif,0.622007,19.4793
train,7051.tif,0.605081,19.5053
train,7052.tif,0.494435,19.2386
train,7053.tif,0.614272,22.5799
train,7054.tif,0.61581,22.4714
train,7055.tif,0.655909,21.8024
train,7056.tif,0.591459,18.9459
train,7057.tif,0.583507,20.4351
train,7058.tif,0.526318,20.3188
train,7059.tif,0.648707,20.5485
train,706.tif,0.514744,21.3973
train,7060.tif,0.517827,19.4793
train,7061.tif,0.592236,19.8056
train,7062.tif,0.587407,21.8196
train,7063.tif,0.583908,21.0146
train,7064.tif,0.524756,19.3172
train,7065.tif,0.481185,18.7683
train,7066.tif,0.451611,19.0669
train,7067.tif,0.5718,20.4531
train,7068.tif,0.513337,17.3113
train,7069.tif,0.671243,22.3109
train,707.tif,0.462393,18.2614
train,7070.tif,0.624595,20.5109
train,7071.tif,0.512902,18.1104
train,7072.tif,0.569318,20.0567
train,7073.tif,0.583864,19.6288
train,7074.tif,0.663727,22.6981
train,7075.tif,0.57759,18.2401
train,7076.tif,0.594333,19.516
train,7077.tif,0.545378,18.7247
train,7078.tif,0.784766,24.0024
train,7079.tif,0.477158,18.0302
train,708.tif,0.52025,18.6063
train,7080.tif,0.565509,20.6753
train,7081.tif,0.643962,21.2891
train,7082.tif,0.643563,20.9871
train,7083.tif,0.636579,22.0188
train,7084.tif,0.575837,22.522
train,7085.tif,0.658086,22.1655
train,7086.tif,0.676633,23.4674
train,7087.tif,0.585137,21.3256
train,7088.tif,0.537496,18.7149
train,7089.tif,0.504878,19.6507
train,709.tif,0.296804,17.6321
train,7090.tif,0.538108,20.9419
train,7091.tif,0.610292,19.0542
train,7092.tif,0.650146,22.316
train,7093.tif,0.674738,20.7701
train,7094.tif,0.530729,20.1264
train,7095.tif,0.457368,17.3686
train,7096.tif,0.650948,21.314
train,7097.tif,0.622617,21.7299
train,7098.tif,0.578428,21.2532
train,7099.tif,0.601861,18.6585
train,71.tif,0.496303,17.7971
train,710.tif,0.480576,16.9522
train,7100.tif,0.64523,22.7194
train,7101.tif,0.576636,19.7712
train,7102.tif,0.52,20.7988
train,7103.tif,0.604872,19.5978
train,7104.tif,0.606471,19.2987
train,7105.tif,0.588861,21.1742
train,7106.tif,0.495196,18.0069
train,7107.tif,0.606392,19.7061
train,7108.tif,0.590234,20.9617
train,7109.tif,0.506667,19.0107
train,711.tif,0.461128,17.9156
train,7110.tif,0.531242,18.6225
train,7111.tif,0.546641,20.3076
train,7112.tif,0.634061,20.579
train,7113.tif,0.560686,20.2357
train,7114.tif,0.605298,21.6241
train,7115.tif,0.637607,21.045
train,7116.tif,0.639855,20.874
train,7117.tif,0.629066,20.8105
train,7118.tif,0.563325,20.2812
train,7119.tif,0.638556,22.215
train,712.tif,0.410832,18.7686
train,7120.tif,0.571796,20.4945
train,7121.tif,0.713753,16.5819
train,7122.tif,0.471722,17.6103
train,7123.tif,0.592038,18.983
train,7124.tif,0.639945,20.6402
train,7125.tif,0.567684,20.1076
train,7126.tif,0.656643,22.4349
train,7127.tif,0.555708,20.035
train,7128.tif,0.607568,21.5877
train,7129.tif,0.767495,22.9225
train,713.tif,0.51414,18.3413
train,7130.tif,0.675485,22.2945
train,7131.tif,0.438138,16.8805
train,7132.tif,0.576221,19.4277
train,7133.tif,0.622719,21.3406
train,7134.tif,0.590918,21.2035
train,7135.tif,0.58225,21.0909
train,7136.tif,0.456936,18.8473
train,7137.tif,0.667145,22.3971
train,7138.tif,0.533343,20.138
train,7139.tif,0.492354,19.1972
train,714.tif,0.372612,16.7387
train,7140.tif,0.637486,22.1873
train,7141.tif,0.581646,19.9263
train,7142.tif,0.538965,20.8956
train,7143.tif,0.593582,21.0811
train,7144.tif,0.56628,21.0228
train,7145.tif,0.584228,20.8929
train,7146.tif,0.642018,21.9151
train,7147.tif,0.647375,22.0764
train,7148.tif,0.546091,19.7907
train,7149.tif,0.565741,20.4999
train,715.tif,0.463477,19.002
train,7150.tif,0.532863,19.1833
train,7151.tif,0.616163,21.5483
train,7152.tif,0.572238,18.9192
train,7153.tif,0.611935,21.6674
train,7154.tif,0.627242,20.9238
train,7155.tif,0.532865,19.7125
train,7156.tif,0.659531,21.2765
train,7157.tif,0.525257,19.6329
train,7158.tif,0.591606,20.3705
train,7159.tif,0.616222,21.1505
train,716.tif,0.434712,18.1221
train,7160.tif,0.583747,19.8813
train,7161.tif,0.457928,18.2159
train,7162.tif,0.653452,21.8637
train,7163.tif,0.628137,21.5498
train,7164.tif,0.417945,19.4825
train,7165.tif,0.547265,20.6257
train,7166.tif,0.617461,21.7115
train,7167.tif,0.594336,21.0164
train,7168.tif,0.618195,20.0902
train,7169.tif,0.554934,20.6595
train,717.tif,0.472836,19.7213
train,7170.tif,0.586617,20.7047
train,7171.tif,0.612121,22.0716
train,7172.tif,0.645475,22.0291
train,7173.tif,0.541989,18.511
train,7174.tif,0.561625,20.5203
train,7175.tif,0.499449,19.9852
train,7176.tif,0.596721,19.9775
train,7177.tif,0.603346,22.2052
train,7178.tif,0.578643,20.1208
train,7179.tif,0.579733,19.6932
train,718.tif,0.841885,23.5307
train,7180.tif,0.592938,21.4321
train,7181.tif,0.541234,20.124
train,7182.tif,0.639739,22.876
train,7183.tif,0.601765,20.9657
train,7184.tif,0.460068,19.7136
train,7185.tif,0.568441,20.3008
train,7186.tif,0.492838,18.5975
train,7187.tif,0.487562,19.8468
train,7188.tif,0.590924,20.7808
train,7189.tif,0.686415,21.2465
train,719.tif,0.512111,17.0918
train,7190.tif,0.574577,16.2061
train,7191.tif,0.555911,19.9163
train,7192.tif,0.545792,20.9306
train,7193.tif,0.714475,21.6977
train,7194.tif,0.587772,20.8841
train,7195.tif,0.630143,20.4868
train,7196.tif,0.576749,20.595
train,7197.tif,0.617019,21.2248
train,7198.tif,0.505817,18.7264
train,7199.tif,0.505625,20.3482
train,72.tif,0.630592,21.5917
train,720.tif,0.4805,18.1929
train,7200.tif,0.582519,19.1334
train,7201.tif,0.643892,21.2336
train,7202.tif,0.570814,21.103
train,7203.tif,0.5463,19.4429
train,7204.tif,0.573874,21.2327
train,7205.tif,0.537515,20.9243
train,7206.tif,0.657246,21.3852
train,7207.tif,0.534234,20.4333
train,7208.tif,0.563885,19.7478
train,7209.tif,0.597642,21.1726
train,721.tif,0.569248,19.1683
train,7210.tif,0.425477,17.9847
train,7211.tif,0.713396,21.0297
train,7212.tif,0.517165,17.8747
train,7213.tif,0.596736,21.1793
train,7214.tif,0.618714,21.5824
train,7215.tif,0.562681,20.7677
train,7216.tif,0.565929,20.1783
train,7217.tif,0.659167,21.2758
train,7218.tif,0.700761,23.7321
train,7219.tif,0.572973,19.316
train,722.tif,0.443551,17.9792
train,7220.tif,0.443961,18.9966
train,7221.tif,0.708562,22.5089
train,7222.tif,0.528788,19.4409
train,7223.tif,0.582114,21.1517
train,7224.tif,0.625544,21.1978
train,7225.tif,0.61376,21.8457
train,7226.tif,0.531845,19.7152
train,7227.tif,0.560869,19.3406
train,7228.tif,0.540817,19.1977
train,7229.tif,0.475176,19.4384
train,723.tif,0.464041,17.8337
train,7230.tif,0.487986,19.9287
train,7231.tif,0.54491,20.8172
train,7232.tif,0.436037,17.1212
train,7233.tif,0.449008,18.6244
train,7234.tif,0.651525,23.842
train,7235.tif,0.647393,22.0462
train,7236.tif,0.595403,22.9117
train,7237.tif,0.60017,22.0927
train,7238.tif,0.498173,18.7122
train,7239.tif,0.549654,19.4663
train,724.tif,0.492772,18.4562
train,7240.tif,0.67791,22.9935
train,7241.tif,0.447798,17.6364
train,7242.tif,0.484337,18.3564
train,7243.tif,0.597264,21.0519
train,7244.tif,0.558655,18.2153
train,7245.tif,0.557861,19.6688
train,7246.tif,0.57852,22.4684
train,7247.tif,0.512448,20.066
train,7248.tif,0.670846,21.774
train,7249.tif,0.416634,19.3967
train,725.tif,0.476819,18.2516
train,7250.tif,0.632678,21.9626
train,7251.tif,0.614328,21.0526
train,7252.tif,0.602865,20.6014
train,7253.tif,0.593664,22.3167
train,7254.tif,0.761105,21.4833
train,7255.tif,0.5603,20.6202
train,7256.tif,0.643682,21.4386
train,7257.tif,0.552083,20.0236
train,7258.tif,0.599507,21.1514
train,7259.tif,0.653011,23.3105
train,726.tif,0.510072,18.9946
train,7260.tif,0.476381,19.2539
train,7261.tif,0.548766,20.5289
train,7262.tif,0.6202,21.3157
train,7263.tif,0.59719,20.9707
train,7264.tif,0.568588,21.4369
train,7265.tif,0.542038,20.3935
train,7266.tif,0.642391,21.3728
train,7267.tif,0.560618,20.4414
train,7268.tif,0.567984,19.8462
train,7269.tif,0.622413,21.8679
train,727.tif,0.512832,17.1217
train,7270.tif,0.616013,21.3916
train,7271.tif,0.634131,22.1466
train,7272.tif,0.609115,20.1359
train,7273.tif,0.545641,20.2884
train,7274.tif,0.612906,21.1868
train,7275.tif,0.533855,20.3126
train,7276.tif,0.576718,21.8855
train,7277.tif,0.459206,19.1417
train,7278.tif,0.591554,18.1989
train,7279.tif,0.47783,17.7369
train,728.tif,0.528229,19.5076
train,7280.tif,0.669491,23.9129
train,7281.tif,0.594879,21.0766
train,7282.tif,0.590331,20.2761
train,7283.tif,0.55479,19.8654
train,7284.tif,0.567437,20.3928
train,7285.tif,0.63261,21.8499
train,7286.tif,0.596227,20.7778
train,7287.tif,0.630086,21.7938
train,7288.tif,0.574156,21.1084
train,7289.tif,0.661254,23.2874
train,729.tif,0.448325,18.3076
train,7290.tif,0.5724,20.3972
train,7291.tif,0.550324,20.5786
train,7292.tif,0.62932,22.609
train,7293.tif,0.608375,20.7553
train,7294.tif,0.780735,24.0909
train,7295.tif,0.546736,20.1598
train,7296.tif,0.73738,20.2218
train,7297.tif,0.674755,21.5984
train,7298.tif,0.46041,18.3985
train,7299.tif,0.514605,19.5162
train,73.tif,0.460545,18.8086
train,730.tif,0.43157,17.7716
train,7300.tif,0.472031,18.3623
train,7301.tif,0.673484,23.4858
train,7302.tif,0.650086,21.7552
train,7303.tif,0.587706,21.5291
train,7304.tif,0.609917,20.8365
train,7305.tif,0.550851,21.6378
train,7306.tif,0.575146,20.9858
train,7307.tif,0.778331,23.7264
train,7308.tif,0.579065,20.3889
train,7309.tif,0.459825,18.2382
train,731.tif,0.367387,17.6285
train,7310.tif,0.663911,21.3442
train,7311.tif,0.649215,20.56
train,7312.tif,0.614552,22.9608
train,7313.tif,0.689774,21.1756
train,7314.tif,0.536086,20.1925
train,7315.tif,0.62141,21.6916
train,7316.tif,0.587786,21.2741
train,7317.tif,0.655428,20.9739
train,7318.tif,0.564771,20.4114
train,7319.tif,0.522897,19.1245
train,732.tif,0.476752,18.5851
train,7320.tif,0.654062,20.6568
train,7321.tif,0.66449,23.0059
train,7322.tif,0.512708,20.3735
train,7323.tif,0.430729,17.5612
train,7324.tif,0.613253,21.0379
train,7325.tif,0.616429,20.49
train,7326.tif,0.608145,20.1998
train,7327.tif,0.708244,23.4501
train,7328.tif,0.558069,20.4465
train,7329.tif,0.600773,20.4834
train,733.tif,0.572809,19.733
train,7330.tif,0.536303,20.3462
train,7331.tif,0.559717,20.8026
train,7332.tif,0.588091,19.067
train,7333.tif,0.610602,20.7264
train,7334.tif,0.615106,21.1896
train,7335.tif,0.61694,17.8406
train,7336.tif,0.492637,18.8483
train,7337.tif,0.584329,21.8155
train,7338.tif,0.561268,20.5473
train,7339.tif,0.486539,19.1611
train,734.tif,0.420226,17.5115
train,7340.tif,0.537231,19.4576
train,7341.tif,0.556654,20.3266
train,7342.tif,0.622949,22.4506
train,7343.tif,0.62137,17.6407
train,7344.tif,0.482774,17.7641
train,7345.tif,0.539023,18.7402
train,7346.tif,0.487844,18.2135
train,7347.tif,0.5267,20.2857
train,7348.tif,0.479646,17.5785
train,7349.tif,0.523924,20.096
train,735.tif,0.487238,19.1911
train,7350.tif,0.580549,21.9287
train,7351.tif,0.5072,19.2998
train,7352.tif,0.630934,22.6773
train,7353.tif,0.620385,21.5955
train,7354.tif,0.645162,20.9817
train,7355.tif,0.688286,19.5009
train,7356.tif,0.572793,20.1386
train,7357.tif,0.62497,16.6914
train,7358.tif,0.58554,20.2896
train,7359.tif,0.611975,21.8579
train,736.tif,0.495913,18.6334
train,7360.tif,0.656142,22.1954
train,7361.tif,0.475169,19.2496
train,7362.tif,0.569847,14.1022
train,7363.tif,0.534375,20.1894
train,7364.tif,0.554528,20.6563
train,7365.tif,0.562955,20.5121
train,7366.tif,0.67104,21.8264
train,7367.tif,0.543818,20.3207
train,7368.tif,0.58719,21.5933
train,7369.tif,0.553597,19.409
train,737.tif,0.412301,16.0879
train,7370.tif,0.680984,24.8065
train,7371.tif,0.554199,19.6495
train,7372.tif,0.523696,20.4348
train,7373.tif,0.610844,21.0475
train,7374.tif,0.587957,21.3489
train,7375.tif,0.582072,20.0817
train,7376.tif,0.612103,20.2313
train,7377.tif,0.662578,22.5369
train,7378.tif,0.62306,21.2454
train,7379.tif,0.418911,16.8189
train,738.tif,0.613306,20.6923
train,7380.tif,0.513041,20.0671
train,7381.tif,0.545099,19.7642
train,7382.tif,0.628782,19.9799
train,7383.tif,0.638132,22.0907
train,7384.tif,0.610503,19.6367
train,7385.tif,0.457435,18.3935
train,7386.tif,0.628785,20.6713
train,7387.tif,0.60741,20.8407
train,7388.tif,0.657626,22.5987
train,7389.tif,0.635874,21.9289
train,739.tif,0.467844,17.8998
train,7390.tif,0.584574,19.8287
train,7391.tif,0.58218,21.6822
train,7392.tif,0.548647,19.8123
train,7393.tif,0.528307,18.8186
train,7394.tif,0.576874,19.824
train,7395.tif,0.566982,20.8445
train,7396.tif,0.446569,18.2644
train,7397.tif,0.531507,20.2474
train,7398.tif,0.497208,18.8995
train,7399.tif,0.60623,20.7424
train,74.tif,0.482909,17.0585
train,740.tif,0.765814,23.5072
train,7400.tif,0.716457,21.9764
train,7401.tif,0.647398,19.2324
train,7402.tif,0.530035,17.8235
train,7403.tif,0.546774,19.5464
train,7404.tif,0.544994,20.2306
train,7405.tif,0.445643,19.0395
train,7406.tif,0.56348,20.9827
train,7407.tif,0.595269,20.6717
train,7408.tif,0.574737,18.9411
train,7409.tif,0.660853,22.2717
train,741.tif,0.454669,17.7346
train,7410.tif,0.620244,21.2518
train,7411.tif,0.50513,19.0954
train,7412.tif,0.59199,20.4882
train,7413.tif,0.685272,23.1276
train,7414.tif,0.609521,19.3107
train,7415.tif,0.417595,18.0161
train,7416.tif,0.558935,20.4704
train,7417.tif,0.57783,19.9575
train,7418.tif,0.635854,20.8148
train,7419.tif,0.536679,19.4235
train,742.tif,0.49388,17.4491
train,7420.tif,0.564531,19.1481
train,7421.tif,0.596251,20.6141
train,7422.tif,0.589437,20.6657
train,7423.tif,0.571363,22.44
train,7424.tif,0.679504,22.4427
train,7425.tif,0.768175,25.4757
train,7426.tif,0.555096,19.9242
train,7427.tif,0.6353,21.9721
train,7428.tif,0.610578,18.2119
train,7429.tif,0.532787,20.3846
train,743.tif,0.513011,19.9892
train,7430.tif,0.59604,20.8877
train,7431.tif,0.632744,20.7066
train,7432.tif,0.543278,20.1827
train,7433.tif,0.532987,20.5269
train,7434.tif,0.69187,19.1556
train,7435.tif,0.565219,21.6531
train,7436.tif,0.580932,19.8977
train,7437.tif,0.413237,18.6522
train,7438.tif,0.623608,21.7766
train,7439.tif,0.575611,20.2526
train,744.tif,0.519578,19.6661
train,7440.tif,0.52286,19.7637
train,7441.tif,0.591986,19.8056
train,7442.tif,0.61702,22.3029
train,7443.tif,0.617181,18.163
train,7444.tif,0.679796,22.7319
train,7445.tif,0.512457,19.8892
train,7446.tif,0.612994,20.5866
train,7447.tif,0.645818,20.5024
train,7448.tif,0.549574,18.6449
train,7449.tif,0.531858,17.7179
train,745.tif,0.622007,17.6662
train,7450.tif,0.597364,21.1339
train,7451.tif,0.501298,17.2487
train,7452.tif,0.517632,19.8763
train,7453.tif,0.63904,20.5544
train,7454.tif,0.625543,20.8981
train,7455.tif,0.473576,17.5683
train,7456.tif,0.674347,22.0204
train,7457.tif,0.589865,20.5846
train,7458.tif,0.676821,21.787
train,7459.tif,0.552068,21.0161
train,746.tif,0.478742,20.3169
train,7460.tif,0.585994,19.8906
train,7461.tif,0.538689,19.6652
train,7462.tif,0.531553,19.9766
train,7463.tif,0.466242,19.618
train,7464.tif,0.544716,20.5191
train,7465.tif,0.518348,18.6696
train,7466.tif,0.537379,20.41
train,7467.tif,0.489916,20.1985
train,7468.tif,0.547561,19.5093
train,7469.tif,0.476183,19.8743
train,747.tif,0.457177,19.1403
train,7470.tif,0.483669,20.3874
train,7471.tif,0.616846,21.6764
train,7472.tif,0.460103,19.8353
train,7473.tif,0.728553,20.0846
train,7474.tif,0.519698,20.2702
train,7475.tif,0.515979,19.9969
train,7476.tif,0.558682,19.8516
train,7477.tif,0.422357,17.8053
train,7478.tif,0.434942,19.478
train,7479.tif,0.582595,20.5397
train,748.tif,0.519748,18.4692
train,7480.tif,0.535835,18.3862
train,7481.tif,0.605829,21.3519
train,7482.tif,0.596691,20.5388
train,7483.tif,0.549736,21.9129
train,7484.tif,0.538668,20.4909
train,7485.tif,0.524089,20.7892
train,7486.tif,0.521717,20.05
train,7487.tif,0.589746,20.5066
train,7488.tif,0.588432,21.4264
train,7489.tif,0.473175,17.7447
train,749.tif,0.510483,19.483
train,7490.tif,0.557268,20.272
train,7491.tif,0.615857,22.5413
train,7492.tif,0.550379,19.8275
train,7493.tif,0.636972,21.699
train,7494.tif,0.641512,21.7891
train,7495.tif,0.524551,18.5501
train,7496.tif,0.438942,19.3755
train,7497.tif,0.588338,21.311
train,7498.tif,0.635769,20.2466
train,7499.tif,0.562285,21.2769
train,75.tif,0.552684,19.8475
train,750.tif,0.46676,18.0136
train,7500.tif,0.537853,19.9008
train,7501.tif,0.59872,20.984
train,7502.tif,0.448417,18.9735
train,7503.tif,0.517993,20.7334
train,7504.tif,0.612514,22.5019
train,7505.tif,0.567476,21.8445
train,7506.tif,0.507381,19.1856
train,7507.tif,0.605706,20.0523
train,7508.tif,0.647583,21.9623
train,7509.tif,0.600635,22.1188
train,751.tif,0.466072,18.0945
train,7510.tif,0.536756,20.8095
train,7511.tif,0.578386,20.5121
train,7512.tif,0.460844,19.2499
train,7513.tif,0.587607,20.3929
train,7514.tif,0.548243,19.8153
train,7515.tif,0.613622,22.2531
train,7516.tif,0.506065,18.2621
train,7517.tif,0.56659,20.81
train,7518.tif,0.56614,20.3591
train,7519.tif,0.455345,20.128
train,752.tif,0.684752,22.54
train,7520.tif,0.535474,20.6918
train,7521.tif,0.532313,17.6588
train,7522.tif,0.542354,21.1449
train,7523.tif,0.551794,20.2309
train,7524.tif,0.703734,18.6981
train,7525.tif,0.624798,22.6786
train,7526.tif,0.504686,19.5924
train,7527.tif,0.618196,22.0892
train,7528.tif,0.576326,21.5662
train,7529.tif,0.632075,20.1016
train,753.tif,0.490838,17.8645
train,7530.tif,0.649156,21.7607
train,7531.tif,0.510985,18.1744
train,7532.tif,0.622113,22.4694
train,7533.tif,0.546508,19.0429
train,7534.tif,0.52175,19.925
train,7535.tif,0.548597,21.7528
train,7536.tif,0.431802,18.2093
train,7537.tif,0.489559,19.0149
train,7538.tif,0.656792,22.817
train,7539.tif,0.550744,20.4602
train,754.tif,0.559605,17.3844
train,7540.tif,0.60483,19.6729
train,7541.tif,0.674583,22.6072
train,7542.tif,0.725373,22.7527
train,7543.tif,0.506137,19.7439
train,7544.tif,0.545614,19.7594
train,7545.tif,0.50877,19.4444
train,7546.tif,0.483605,18.6554
train,7547.tif,0.51374,19.076
train,7548.tif,0.459901,18.2319
train,7549.tif,0.573046,21.7928
train,755.tif,0.501284,20.3431
train,7550.tif,0.437671,19.9794
train,7551.tif,0.528469,20.5283
train,7552.tif,0.43438,18.8368
train,7553.tif,0.43418,18.6021
train,7554.tif,0.430498,18.8047
train,7555.tif,0.552947,19.9467
train,7556.tif,0.603818,21.0221
train,7557.tif,0.431767,19.0773
train,7558.tif,0.689832,24.0704
train,7559.tif,0.58647,20.5958
train,756.tif,0.547553,17.513
train,7560.tif,0.527983,18.3379
train,7561.tif,0.58645,19.9372
train,7562.tif,0.563381,20.2773
train,7563.tif,0.834712,23.7186
train,7564.tif,0.610798,21.1583
train,7565.tif,0.459984,19.1685
train,7566.tif,0.483145,18.5379
train,7567.tif,0.763647,18.761
train,7568.tif,0.544848,19.3568
train,7569.tif,0.591743,20.9227
train,757.tif,0.452682,18.1746
train,7570.tif,0.632781,21.6062
train,7571.tif,0.621338,21.6408
train,7572.tif,0.492697,19.2091
train,7573.tif,0.583776,21.6897
train,7574.tif,0.56615,20.9541
train,7575.tif,0.533177,21.2586
train,7576.tif,0.557793,20.6993
train,7577.tif,0.690293,20.3323
train,7578.tif,0.58631,21.0994
train,7579.tif,0.62992,19.571
train,758.tif,0.447751,17.779
train,7580.tif,0.594454,21.0514
train,7581.tif,0.514305,20.1783
train,7582.tif,0.619357,21.2548
train,7583.tif,0.523936,18.2272
train,7584.tif,0.539629,21.267
train,7585.tif,0.648418,21.9468
train,7586.tif,0.619707,21.5969
train,7587.tif,0.540635,20.1205
train,7588.tif,0.592948,21.6647
train,7589.tif,0.590646,21.0997
train,759.tif,0.479794,17.3116
train,7590.tif,0.480471,17.632
train,7591.tif,0.635666,21.5734
train,7592.tif,0.589243,22.2367
train,7593.tif,0.663056,21.7398
train,7594.tif,0.617517,20.8638
train,7595.tif,0.7967,24.5296
train,7596.tif,0.559426,19.8074
train,7597.tif,0.6153,21.2726
train,7598.tif,0.593349,22.2292
train,7599.tif,0.627489,21.7349
train,76.tif,0.600712,20.9493
train,760.tif,0.415411,16.5622
train,7600.tif,0.619728,21.1428
train,7601.tif,0.460222,22.1487
train,7602.tif,0.575672,19.8211
train,7603.tif,0.538569,21.0768
train,7604.tif,0.658653,21.5452
train,7605.tif,0.542845,20.6781
train,7606.tif,0.541672,20.2584
train,7607.tif,0.538713,19.5456
train,7608.tif,0.562756,20.5506
train,7609.tif,0.576865,21.9016
train,761.tif,0.444216,18.7089
train,7610.tif,0.519211,20.7189
train,7611.tif,0.619924,21.0437
train,7612.tif,0.55969,20.5791
train,7613.tif,0.627365,22.2568
train,7614.tif,0.547135,20.3076
train,7615.tif,0.399502,17.8158
train,7616.tif,0.599517,19.7709
train,7617.tif,0.508087,19.856
train,7618.tif,0.571431,20.6311
train,7619.tif,0.561947,18.674
train,762.tif,0.483774,18.1646
train,7620.tif,0.704935,22.8977
train,7621.tif,0.640933,20.7324
train,7622.tif,0.470925,19.3658
train,7623.tif,0.717991,22.9148
train,7624.tif,0.472187,18.9323
train,7625.tif,0.548312,20.5817
train,7626.tif,0.495777,18.4077
train,7627.tif,0.55757,20.7673
train,7628.tif,0.517959,20.3331
train,7629.tif,0.530686,20.0441
train,763.tif,0.491553,18.4599
train,7630.tif,0.646078,24.5445
train,7631.tif,0.6084,21.2021
train,7632.tif,0.609063,21.8463
train,7633.tif,0.610594,21.8779
train,7634.tif,0.540745,21.4563
train,7635.tif,0.461921,19.4014
train,7636.tif,0.514796,20.2593
train,7637.tif,0.543913,18.4097
train,7638.tif,0.483303,19.1089
train,7639.tif,0.544375,21.5786
train,764.tif,0.45978,18.5863
train,7640.tif,0.591719,21.4
train,7641.tif,0.635563,21.8451
train,7642.tif,0.734436,23.4551
train,7643.tif,0.575917,20.2674
train,7644.tif,0.527341,20.5381
train,7645.tif,0.601483,21.1933
train,7646.tif,0.604462,21.3306
train,7647.tif,0.554066,21.4046
train,7648.tif,0.483792,18.2706
train,7649.tif,0.608699,21.8736
train,765.tif,0.707447,19.8757
train,7650.tif,0.522381,19.8182
train,7651.tif,0.564576,21.524
train,7652.tif,0.52094,19.7332
train,7653.tif,0.5869,20.786
train,7654.tif,0.583549,21.2571
train,7655.tif,0.51312,19.4596
train,7656.tif,0.563372,21.5464
train,7657.tif,0.485648,19.0918
train,7658.tif,0.647617,21.7058
train,7659.tif,0.529998,20.9225
train,766.tif,0.433695,17.5403
train,7660.tif,0.596754,20.2733
train,7661.tif,0.432899,18.579
train,7662.tif,0.540638,20.0474
train,7663.tif,0.531327,19.6066
train,7664.tif,0.507649,19.7675
train,7665.tif,0.634507,21.8561
train,7666.tif,0.571814,20.7259
train,7667.tif,0.553021,20.0888
train,7668.tif,0.542236,20.8225
train,7669.tif,0.616362,21.7095
train,767.tif,0.484588,16.7471
train,7670.tif,0.598915,20.0046
train,7671.tif,0.616635,21.8176
train,7672.tif,0.368952,17.7872
train,7673.tif,0.471636,20.1488
train,7674.tif,0.561071,18.1087
train,7675.tif,0.483999,19.5494
train,7676.tif,0.596084,21.6778
train,7677.tif,0.503963,20.3992
train,7678.tif,0.581362,21.2828
train,7679.tif,0.771746,23.7515
train,768.tif,0.5257,19.1576
train,7680.tif,0.865108,26.7675
train,7681.tif,0.598677,21.364
train,7682.tif,0.462685,18.2179
train,7683.tif,0.502021,18.459
train,7684.tif,0.556652,20.1243
train,7685.tif,0.568865,20.2217
train,7686.tif,0.492446,19.6896
train,7687.tif,0.606652,19.9308
train,7688.tif,0.649602,20.5469
train,7689.tif,0.707076,23.9236
train,769.tif,0.514713,20.2258
train,7690.tif,0.556085,20.9911
train,7691.tif,0.703609,22.2249
train,7692.tif,0.623231,20.4675
train,7693.tif,0.597796,19.1887
train,7694.tif,0.592825,22.9842
train,7695.tif,0.620555,21.9598
train,7696.tif,0.725778,21.7461
train,7697.tif,0.504464,18.4474
train,7698.tif,0.597033,23.6838
train,7699.tif,0.561015,22.5809
train,77.tif,0.574852,20.9245
train,770.tif,0.596355,19.0712
train,7700.tif,0.601633,21.3388
train,7701.tif,0.58575,21.3843
train,7702.tif,0.532832,21.6901
train,7703.tif,0.591417,21.1276
train,7704.tif,0.480226,19.343
train,7705.tif,0.550028,20.8898
train,7706.tif,0.571721,21.981
train,7707.tif,0.642555,21.5391
train,7708.tif,0.564925,21.7722
train,7709.tif,0.584921,21.2465
train,771.tif,0.500543,19.3501
train,7710.tif,0.52661,19.9379
train,7711.tif,0.53146,19.4503
train,7712.tif,0.607143,21.6264
train,7713.tif,0.511504,19.7192
train,7714.tif,0.447549,20.023
train,7715.tif,0.462709,17.8065
train,7716.tif,0.485704,19.6088
train,7717.tif,0.577531,20.0101
train,7718.tif,0.47161,19.7272
train,7719.tif,0.555893,18.5257
train,772.tif,0.49649,19.0895
train,7720.tif,0.650233,21.8927
train,7721.tif,0.733205,23.9908
train,7722.tif,0.582983,20.484
train,7723.tif,0.499299,19.5306
train,7724.tif,0.438083,19.1606
train,7725.tif,0.477248,19.5581
train,7726.tif,0.447382,18.2176
train,7727.tif,0.527065,21.013
train,7728.tif,0.58977,22.5424
train,7729.tif,0.505391,19.4053
train,773.tif,0.432311,18.7238
train,7730.tif,0.50114,20.291
train,7731.tif,0.553555,20.2022
train,7732.tif,0.610142,21.5859
train,7733.tif,0.486616,19.431
train,7734.tif,0.527342,20.3459
train,7735.tif,0.528713,19.2183
train,7736.tif,0.48558,19.6966
train,7737.tif,0.463487,19.8243
train,7738.tif,0.749875,21.7076
train,7739.tif,0.496405,19.7606
train,774.tif,0.68474,21.5569
train,7740.tif,0.547552,20.3105
train,7741.tif,0.532238,19.6399
train,7742.tif,0.586891,20.671
train,7743.tif,0.515829,18.5369
train,7744.tif,0.505327,19.5367
train,7745.tif,0.613407,21.3713
train,7746.tif,0.519749,19.4737
train,7747.tif,0.679859,24.1669
train,7748.tif,0.516342,20.0006
train,7749.tif,0.766505,24.426
train,775.tif,0.500714,19.6919
train,7750.tif,0.615574,22.0938
train,7751.tif,0.508086,19.2429
train,7752.tif,0.577445,21.0901
train,7753.tif,0.624266,21.8492
train,7754.tif,0.629348,20.437
train,7755.tif,0.564081,18.5292
train,7756.tif,0.524828,20.9001
train,7757.tif,0.482115,20.41
train,7758.tif,0.559565,20.3779
train,7759.tif,0.477328,19.3725
train,776.tif,0.438926,18.4714
train,7760.tif,0.453005,17.5719
train,7761.tif,0.516717,19.8473
train,7762.tif,0.487064,18.1432
train,7763.tif,0.527637,18.2292
train,7764.tif,0.612276,21.845
train,7765.tif,0.544752,19.1696
train,7766.tif,0.52281,21.2004
train,7767.tif,0.554064,20.5955
train,7768.tif,0.514666,19.9101
train,7769.tif,0.448639,18.7129
train,777.tif,0.569659,22.0421
train,7770.tif,0.498073,20.8311
train,7771.tif,0.645963,22.9316
train,7772.tif,0.63198,20.6438
train,7773.tif,0.546781,21.3021
train,7774.tif,0.474147,18.8311
train,7775.tif,0.513269,19.1129
train,7776.tif,0.667566,22.0844
train,7777.tif,0.637525,21.5995
train,7778.tif,0.502076,18.2765
train,7779.tif,0.425288,19.7149
train,778.tif,0.59473,20.7549
train,7780.tif,0.521075,18.4681
train,7781.tif,0.641393,22.1828
train,7782.tif,0.545604,18.8435
train,7783.tif,0.444069,19.3556
train,7784.tif,0.507343,20.1377
train,7785.tif,0.539635,19.8418
train,7786.tif,0.639798,21.8058
train,7787.tif,0.546892,22.0411
train,7788.tif,0.534603,19.3902
train,7789.tif,0.502847,19.5161
train,779.tif,0.486361,20.1603
train,7790.tif,0.636257,21.9325
train,7791.tif,0.515793,19.8401
train,7792.tif,0.545793,21.5389
train,7793.tif,0.527616,19.9148
train,7794.tif,0.471847,20.535
train,7795.tif,0.56042,20.8521
train,7796.tif,0.543139,20.7357
train,7797.tif,0.590261,21.4329
train,7798.tif,0.444367,17.8809
train,7799.tif,0.601319,20.8429
train,78.tif,0.50791,19.9185
train,780.tif,0.433287,17.5322
train,7800.tif,0.610278,20.551
train,7801.tif,0.498209,19.5679
train,7802.tif,0.505934,18.8475
train,7803.tif,0.593839,23.0264
train,7804.tif,0.459911,20.1062
train,7805.tif,0.702597,23.2491
train,7806.tif,0.577799,19.6331
train,7807.tif,0.595005,21.48
train,7808.tif,0.46407,19.885
train,7809.tif,0.632463,21.2175
train,781.tif,0.480854,17.4894
train,7810.tif,0.566287,19.9302
train,7811.tif,0.456966,18.2069
train,7812.tif,0.500442,19.4316
train,7813.tif,0.64952,22.176
train,7814.tif,0.592499,21.2442
train,7815.tif,0.530866,19.9417
train,7816.tif,0.54702,19.99
train,7817.tif,0.559359,20.8693
train,7818.tif,0.615896,21.202
train,7819.tif,0.586451,20.896
train,782.tif,0.499622,17.8183
train,7820.tif,0.628646,22.4031
train,7821.tif,0.483262,19.7233
train,7822.tif,0.526287,20.2853
train,7823.tif,0.468996,20.5842
train,7824.tif,0.595989,21.6633
train,7825.tif,0.56356,21.432
train,7826.tif,0.54924,20.7421
train,7827.tif,0.474669,19.7053
train,7828.tif,0.587815,20.4485
train,7829.tif,0.497476,19.5137
train,783.tif,0.552465,19.0913
train,7830.tif,0.534804,18.9345
train,7831.tif,0.580585,18.6924
train,7832.tif,0.625198,21.0013
train,7833.tif,0.454089,18.3933
train,7834.tif,0.582939,21.0171
train,7835.tif,0.610941,21.1611
train,7836.tif,0.469676,20.4974
train,7837.tif,0.610466,18.7704
train,7838.tif,0.564468,20.9419
train,7839.tif,0.609015,22.4317
train,784.tif,0.535632,20.3243
train,7840.tif,0.556552,20.6203
train,7841.tif,0.541251,20.7124
train,7842.tif,0.434649,19.3972
train,7843.tif,0.432481,18.3737
train,7844.tif,0.527033,21.1549
train,7845.tif,0.60193,20.9284
train,7846.tif,0.517523,20.9714
train,7847.tif,0.546773,20.8038
train,7848.tif,0.585267,20.5869
train,7849.tif,0.567685,19.8475
train,785.tif,0.554581,21.0211
train,7850.tif,0.600515,21.1668
train,7851.tif,0.471198,18.8687
train,7852.tif,0.70346,22.6273
train,7853.tif,0.584381,21.4313
train,7854.tif,0.551496,20.5767
train,7855.tif,0.63972,21.8296
train,7856.tif,0.599752,21.5651
train,7857.tif,0.608249,21.0531
train,7858.tif,0.609593,21.2863
train,7859.tif,0.377136,17.1532
train,786.tif,0.561905,17.6638
train,7860.tif,0.417668,17.5956
train,7861.tif,0.729017,23.5618
train,7862.tif,0.549362,16.6086
train,7863.tif,0.487128,18.6582
train,7864.tif,0.50409,20.7942
train,7865.tif,0.474383,17.8757
train,7866.tif,0.386123,18.4541
train,7867.tif,0.607944,22.1461
train,7868.tif,0.502416,19.7233
train,7869.tif,0.421048,17.7287
train,787.tif,0.575435,21.8373
train,7870.tif,0.467589,19.3645
train,7871.tif,0.563792,21.8449
train,7872.tif,0.490506,19.2227
train,7873.tif,0.599974,19.3915
train,7874.tif,0.574976,20.8891
train,7875.tif,0.556152,20.0475
train,7876.tif,0.503541,19.0552
train,7877.tif,0.624424,20.1316
train,7878.tif,0.722232,21.9438
train,7879.tif,0.585158,21.6226
train,788.tif,0.603245,21.303
train,7880.tif,0.476058,20.793
train,7881.tif,0.625516,20.7289
train,7882.tif,0.564217,20.3126
train,7883.tif,0.46449,19.3304
train,7884.tif,0.494926,18.4167
train,7885.tif,0.468426,18.8426
train,7886.tif,0.49148,18.1627
train,7887.tif,0.461403,18.0002
train,7888.tif,0.500692,18.9145
train,7889.tif,0.610515,22.1566
train,789.tif,0.474216,18.0699
train,7890.tif,0.730079,20.5252
train,7891.tif,0.618964,21.8384
train,7892.tif,0.572605,20.5573
train,7893.tif,0.566278,20.8452
train,7894.tif,0.743931,18.7414
train,7895.tif,0.565803,21.4786
train,7896.tif,0.736113,19.1388
train,7897.tif,0.599075,20.6207
train,7898.tif,0.534329,17.6232
train,7899.tif,0.492952,18.1735
train,79.tif,0.508532,20.2798
train,790.tif,0.510284,16.3666
train,7900.tif,0.573168,20.5831
train,7901.tif,0.562768,20.3711
train,7902.tif,0.588555,20.4248
train,7903.tif,0.501312,20.9494
train,7904.tif,0.566483,20.9454
train,7905.tif,0.535586,19.9886
train,7906.tif,0.569835,19.5607
train,7907.tif,0.562253,20.3371
train,7908.tif,0.629641,20.6244
train,7909.tif,0.459547,18.7699
train,791.tif,0.475952,17.0224
train,7910.tif,0.814466,23.0394
train,7911.tif,0.460339,19.66
train,7912.tif,0.574288,20.7371
train,7913.tif,0.476169,18.8886
train,7914.tif,0.512251,19.1446
train,7915.tif,0.610672,22.2314
train,7916.tif,0.509659,20.6663
train,7917.tif,0.455058,19.4503
train,7918.tif,0.810256,25.1297
train,7919.tif,0.645627,19.9698
train,792.tif,0.849368,24.197
train,7920.tif,0.464868,19.468
train,7921.tif,0.454089,18.328
train,7922.tif,0.540957,18.3877
train,7923.tif,0.462804,19.6698
train,7924.tif,0.561908,20.6172
train,7925.tif,0.564788,20.6823
train,7926.tif,0.548099,20.693
train,7927.tif,0.623101,21.8867
train,7928.tif,0.579905,21.6665
train,7929.tif,0.596,21.2359
train,793.tif,0.72487,24.3182
train,7930.tif,0.499127,20.2663
train,7931.tif,0.519926,19.5631
train,7932.tif,0.618048,21.0703
train,7933.tif,0.560488,19.5329
train,7934.tif,0.609219,18.4161
train,7935.tif,0.533196,20.8182
train,7936.tif,0.540974,21.2268
train,7937.tif,0.474381,18.8009
train,7938.tif,0.476501,19.9487
train,7939.tif,0.530898,21.7425
train,794.tif,0.526021,21.0286
train,7940.tif,0.590509,20.4262
train,7941.tif,0.621794,22.5787
train,7942.tif,0.508511,19.0211
train,7943.tif,0.537478,20.2325
train,7944.tif,0.573711,21.4048
train,7945.tif,0.591552,21.2873
train,7946.tif,0.647974,22.2808
train,7947.tif,0.433933,19.1462
train,7948.tif,0.652202,21.5248
train,7949.tif,0.581084,20.9983
train,795.tif,0.540533,14.7718
train,7950.tif,0.504397,17.8663
train,7951.tif,0.587147,17.6259
train,7952.tif,0.497165,19.2669
train,7953.tif,0.494415,19.1747
train,7954.tif,0.562996,20.6841
train,7955.tif,0.58064,20.575
train,7956.tif,0.583104,20.93
train,7957.tif,0.648208,22.3642
train,7958.tif,0.503077,19.8513
train,7959.tif,0.515977,18.9586
train,796.tif,0.448086,17.1243
train,7960.tif,0.526689,21.0044
train,7961.tif,0.494298,19.8574
train,7962.tif,0.499229,19.7763
train,7963.tif,0.553039,20.9513
train,7964.tif,0.57741,19.7942
train,7965.tif,0.805864,17.7368
train,7966.tif,0.586773,21.6151
train,7967.tif,0.516605,21.0905
train,7968.tif,0.512191,19.696
train,7969.tif,0.573382,19.4571
train,797.tif,0.724409,20.3819
train,7970.tif,0.644492,20.9485
train,7971.tif,0.478621,19.1809
train,7972.tif,0.512974,19.4353
train,7973.tif,0.775318,22.8455
train,7974.tif,0.52573,20.4046
train,7975.tif,0.442557,18.1024
train,7976.tif,0.523736,19.9912
train,7977.tif,0.562762,21.0623
train,7978.tif,0.603156,21.28
train,7979.tif,0.600145,22.2651
train,798.tif,0.496284,19.5303
train,7980.tif,0.575726,20.9308
train,7981.tif,0.44564,19.8563
train,7982.tif,0.664699,22.5228
train,7983.tif,0.529783,19.6142
train,7984.tif,0.598806,20.81
train,7985.tif,0.535513,19.9375
train,7986.tif,0.582276,21.7755
train,7987.tif,0.570705,21.8476
train,7988.tif,0.652357,22.033
train,7989.tif,0.636942,21.0159
train,799.tif,0.496894,17.1849
train,7990.tif,0.576682,18.9997
train,7991.tif,0.551449,20.4971
train,7992.tif,0.695691,23.2358
train,7993.tif,0.579555,21.668
train,7994.tif,0.603216,22.3663
train,7995.tif,0.624976,22.972
train,7996.tif,0.587311,20.0023
train,7997.tif,0.611839,20.3943
train,7998.tif,0.5203,19.4589
train,7999.tif,0.593198,22.9182
train,8.tif,0.566977,20.4294
train,80.tif,0.556949,19.8985
train,800.tif,0.766609,22.5349
train,8000.tif,0.573587,19.0888
train,8001.tif,0.626118,21.6698
train,8002.tif,0.494315,19.3849
train,8003.tif,0.514889,14.7884
train,8004.tif,0.525347,18.6529
train,8005.tif,0.456954,19.6079
train,8006.tif,0.554616,18.302
train,8007.tif,0.56136,20.6553
train,8008.tif,0.560975,21.0873
train,8009.tif,0.557598,19.4788
train,801.tif,0.640889,21.694
train,8010.tif,0.650829,22.2714
train,8011.tif,0.46808,19.0274
train,8012.tif,0.497524,20.9461
train,8013.tif,0.517235,19.2109
train,8014.tif,0.578877,20.4386
train,8015.tif,0.576305,19.839
train,8016.tif,0.606515,19.8865
train,8017.tif,0.484224,18.5112
train,8018.tif,0.560477,20.0103
train,8019.tif,0.592615,23.1436
train,802.tif,0.540528,20.2061
train,8020.tif,0.53114,17.8748
train,8021.tif,0.505589,19.9111
train,8022.tif,0.524244,21.3982
train,8023.tif,0.616083,21.7614
train,8024.tif,0.762948,21.445
train,8025.tif,0.508788,19.4983
train,8026.tif,0.577506,20.3856
train,8027.tif,0.573004,20.6638
train,8028.tif,0.611485,21.1038
train,8029.tif,0.585784,21.6549
train,803.tif,0.497306,17.1671
train,8030.tif,0.539176,21.561
train,8031.tif,0.478986,20.2823
train,8032.tif,0.453,19.3753
train,8033.tif,0.519556,20.5447
train,8034.tif,0.564946,20.0883
train,8035.tif,0.582889,22.7823
train,8036.tif,0.542443,21.4663
train,8037.tif,0.544859,19.9475
train,8038.tif,0.543588,20.8487
train,8039.tif,0.512367,19.8468
train,804.tif,0.475247,17.6676
train,8040.tif,0.426993,19.4162
train,8041.tif,0.572689,21.5618
train,8042.tif,0.563378,21.1722
train,8043.tif,0.556728,21.0699
train,8044.tif,0.463088,19.6577
train,8045.tif,0.568025,20.5562
train,8046.tif,0.491319,19.8547
train,8047.tif,0.536526,20.1008
train,8048.tif,0.422105,19.6003
train,8049.tif,0.620679,21.9544
train,805.tif,0.559883,19.5861
train,8050.tif,0.569546,20.9307
train,8051.tif,0.559394,20.681
train,8052.tif,0.380568,18.4659
train,8053.tif,0.587362,21.1499
train,8054.tif,0.630917,22.6534
train,8055.tif,0.548091,19.2638
train,8056.tif,0.522159,19.3687
train,8057.tif,0.462897,21.1424
train,8058.tif,0.636471,22.4291
train,8059.tif,0.482472,18.3139
train,806.tif,0.478167,18.6563
train,8060.tif,0.53268,19.4328
train,8061.tif,0.550746,21.3963
train,8062.tif,0.626503,21.3113
train,8063.tif,0.637323,21.5871
train,8064.tif,0.544364,19.1651
train,8065.tif,0.430553,18.5732
train,8066.tif,0.627288,22.0532
train,8067.tif,0.491884,19.7805
train,8068.tif,0.530127,20.2312
train,8069.tif,0.540726,20.0245
train,807.tif,0.557616,20.2348
train,8070.tif,0.474962,18.5797
train,8071.tif,0.585569,22.3332
train,8072.tif,0.392343,19.3241
train,8073.tif,0.476505,19.5875
train,8074.tif,0.51276,19.7227
train,8075.tif,0.513964,20.3339
train,8076.tif,0.608925,22.4865
train,8077.tif,0.611491,21.9349
train,8078.tif,0.592413,21.9277
train,8079.tif,0.627609,18.9324
train,808.tif,0.507456,19.4092
train,8080.tif,0.587795,21.0261
train,8081.tif,0.578041,20.9427
train,8082.tif,0.434707,20.0895
train,8083.tif,0.535251,19.3307
train,8084.tif,0.558366,21.086
train,8085.tif,0.613266,21.0093
train,8086.tif,0.454672,19.7727
train,8087.tif,0.516376,19.7655
train,8088.tif,0.590106,21.7658
train,8089.tif,0.468569,19.241
train,809.tif,0.617906,21.489
train,8090.tif,0.619952,21.0738
train,8091.tif,0.601413,21.3115
train,8092.tif,0.612102,21.5731
train,8093.tif,0.527527,19.2741
train,8094.tif,0.776405,24.6036
train,8095.tif,0.499641,19.1785
train,8096.tif,0.619695,21.4356
train,8097.tif,0.572115,22.6457
train,8098.tif,0.440694,19.0845
train,8099.tif,0.505284,20.4665
train,81.tif,0.565491,19.3454
train,810.tif,0.532761,20.0771
train,8100.tif,0.518479,20.8488
train,8101.tif,0.511023,19.7699
train,8102.tif,0.538258,21.1479
train,8103.tif,0.560758,20.7073
train,8104.tif,0.544065,21.7843
train,8105.tif,0.706316,24.1882
train,8106.tif,0.440619,17.2446
train,8107.tif,0.49096,19.5779
train,8108.tif,0.533221,18.4043
train,8109.tif,0.528256,20.1922
train,811.tif,0.709479,23.287
train,8110.tif,0.462556,18.5005
train,8111.tif,0.565844,19.3632
train,8112.tif,0.550784,20.5871
train,8113.tif,0.454692,17.7542
train,8114.tif,0.569743,22.0801
train,8115.tif,0.556002,19.2091
train,8116.tif,0.589638,22.0331
train,8117.tif,0.583638,21.7245
train,8118.tif,0.494172,20.5509
train,8119.tif,0.435147,17.0066
train,812.tif,0.514135,18.0529
train,8120.tif,0.432097,19.927
train,8121.tif,0.498458,20.1319
train,8122.tif,0.486511,19.5258
train,8123.tif,0.546301,19.8184
train,8124.tif,0.573162,22.0147
train,8125.tif,0.510105,18.8994
train,8126.tif,0.59616,21.1638
train,8127.tif,0.402853,18.868
train,8128.tif,0.441086,17.9385
train,8129.tif,0.567642,18.9969
train,813.tif,0.485079,20.9852
train,8130.tif,0.564007,19.3233
train,8131.tif,0.620966,22.2217
train,8132.tif,0.447857,18.887
train,8133.tif,0.535857,19.5664
train,8134.tif,0.528683,19.3687
train,8135.tif,0.6205,21.7686
train,8136.tif,0.626314,20.764
train,8137.tif,0.58885,20.9229
train,8138.tif,0.527056,21.5526
train,8139.tif,0.446865,18.2037
train,814.tif,0.507979,16.4157
train,8140.tif,0.457881,20.1866
train,8141.tif,0.514722,20.6135
train,8142.tif,0.470659,19.0876
train,8143.tif,0.508612,18.4891
train,8144.tif,0.581397,20.6664
train,8145.tif,0.579666,19.881
train,8146.tif,0.573729,21.1579
train,8147.tif,0.513636,20.2555
train,8148.tif,0.486369,18.3867
train,8149.tif,0.485827,20.3649
train,815.tif,0.566055,21.0332
train,8150.tif,0.444844,19.1529
train,8151.tif,0.634928,23.1425
train,8152.tif,0.47604,21.272
train,8153.tif,0.36296,16.0787
train,8154.tif,0.61104,21.5257
train,8155.tif,0.522197,20.9606
train,8156.tif,0.526684,20.1048
train,8157.tif,0.511098,20.2099
train,8158.tif,0.598699,20.9631
train,8159.tif,0.776648,22.7744
train,816.tif,0.494735,19.5702
train,8160.tif,0.446862,19.3929
train,8161.tif,0.550225,20.2101
train,8162.tif,0.540414,21.1684
train,8163.tif,0.449804,19.6839
train,8164.tif,0.557084,20.7296
train,8165.tif,0.577471,22.2989
train,8166.tif,0.383212,17.5922
train,8167.tif,0.584934,22.0935
train,8168.tif,0.579618,22.462
train,8169.tif,0.518114,18.3885
train,817.tif,0.515317,17.5364
train,8170.tif,0.560156,21.231
train,8171.tif,0.52208,19.5575
train,8172.tif,0.654456,21.8946
train,8173.tif,0.505068,20.6769
train,8174.tif,0.658326,22.2842
train,8175.tif,0.53822,21.4209
train,8176.tif,0.518531,21.2088
train,8177.tif,0.562201,21.0684
train,8178.tif,0.590263,21.3871
train,8179.tif,0.575181,21.2433
train,818.tif,0.80124,22.9982
train,8180.tif,0.620575,22.0522
train,8181.tif,0.479086,20.493
train,8182.tif,0.571909,20.5046
train,8183.tif,0.490996,20.5841
train,8184.tif,0.440079,19.8335
train,8185.tif,0.483812,20.3101
train,8186.tif,0.513586,19.0316
train,8187.tif,0.490626,19.7506
train,8188.tif,0.631018,20.5134
train,8189.tif,0.382963,18.9485
train,819.tif,0.489903,17.8382
train,8190.tif,0.502499,18.4471
train,8191.tif,0.606618,21.4783
train,8192.tif,0.591985,20.97
train,8193.tif,0.597783,22.6263
train,8194.tif,0.625136,21.3916
train,8195.tif,0.521386,19.5832
train,8196.tif,0.564697,22.3641
train,8197.tif,0.570273,20.217
train,8198.tif,0.472294,19.539
train,8199.tif,0.449371,18.3678
train,82.tif,0.583427,17.6891
train,820.tif,0.567592,19.9386
train,8200.tif,0.607761,21.7686
train,8201.tif,0.507454,20.187
train,8202.tif,0.725689,21.995
train,8203.tif,0.481617,19.2471
train,8204.tif,0.437904,19.7034
train,8205.tif,0.525685,19.4839
train,8206.tif,0.586686,18.9218
train,8207.tif,0.474627,20.2845
train,8208.tif,0.580246,18.4451
train,8209.tif,0.533712,21.4802
train,821.tif,0.470475,16.8784
train,8210.tif,0.531235,20.841
train,8211.tif,0.566096,17.9001
train,8212.tif,0.629498,22.8418
train,8213.tif,0.607205,22.6031
train,8214.tif,0.548132,19.8787
train,8215.tif,0.582212,21.2921
train,8216.tif,0.522081,18.7495
train,8217.tif,0.681951,20.8007
train,8218.tif,0.636736,22.7149
train,8219.tif,0.602996,21.1144
train,822.tif,0.540921,18.6046
train,8220.tif,0.419879,18.0895
train,8221.tif,0.513463,20.818
train,8222.tif,0.404121,17.9589
train,8223.tif,0.547305,21.3234
train,8224.tif,0.537322,19.5708
train,8225.tif,0.576025,21.6447
train,8226.tif,0.551181,20.6171
train,8227.tif,0.504847,19.9764
train,8228.tif,0.433234,19.5727
train,8229.tif,0.444386,19.4688
train,823.tif,0.586255,21.257
train,8230.tif,0.575784,22.4347
train,8231.tif,0.430132,17.1679
train,8232.tif,0.509614,20.2273
train,8233.tif,0.451792,17.9103
train,8234.tif,0.746574,22.8915
train,8235.tif,0.701744,23.2524
train,8236.tif,0.509249,18.5647
train,8237.tif,0.655337,21.4166
train,8238.tif,0.554485,18.1507
train,8239.tif,0.555312,20.2538
train,824.tif,0.555852,19.8448
train,8240.tif,0.603218,22.5202
train,8241.tif,0.588069,20.4359
train,8242.tif,0.601273,22.1227
train,8243.tif,0.574164,20.23
train,8244.tif,0.596434,21.1191
train,8245.tif,0.625399,22.6264
train,8246.tif,0.495271,20.2551
train,8247.tif,0.504505,19.5011
train,8248.tif,0.477195,21.8353
train,8249.tif,0.380713,18.6392
train,825.tif,0.654405,18.4293
train,8250.tif,0.55214,19.4458
train,8251.tif,0.495707,20.2896
train,8252.tif,0.600517,21.9579
train,8253.tif,0.643761,23.4155
train,8254.tif,0.522213,20.9929
train,8255.tif,0.453611,18.8308
train,8256.tif,0.637941,21.0537
train,8257.tif,0.605869,19.6215
train,8258.tif,0.552917,19.7282
train,8259.tif,0.524689,19.7429
train,826.tif,0.554691,17.0303
train,8260.tif,0.637407,18.8484
train,8261.tif,0.55968,20.0113
train,8262.tif,0.599322,20.6462
train,8263.tif,0.536089,20.6518
train,8264.tif,0.479355,19.1969
train,8265.tif,0.495321,18.8733
train,8266.tif,0.65983,20.7595
train,8267.tif,0.495316,19.7202
train,8268.tif,0.472736,21.2432
train,8269.tif,0.548905,17.8732
train,827.tif,0.529603,19.1345
train,8270.tif,0.549167,20.2928
train,8271.tif,0.55253,20.0078
train,8272.tif,0.554932,16.9324
train,8273.tif,0.406032,18.8957
train,8274.tif,0.57393,19.7007
train,8275.tif,0.550255,18.4872
train,8276.tif,0.569985,20.1173
train,8277.tif,0.502071,19.8166
train,8278.tif,0.583618,21.1869
train,8279.tif,0.607893,21.915
train,828.tif,0.547087,19.4496
train,8280.tif,0.476781,19.3484
train,8281.tif,0.57027,21.9278
train,8282.tif,0.438812,19.605
train,8283.tif,0.627535,19.9246
train,8284.tif,0.429628,18.8567
train,8285.tif,0.568368,19.1738
train,8286.tif,0.52641,22.0467
train,8287.tif,0.486428,19.6585
train,8288.tif,0.611057,21.4239
train,8289.tif,0.560207,21.7454
train,829.tif,0.478767,17.4272
train,8290.tif,0.644855,21.9511
train,8291.tif,0.51774,20.5785
train,8292.tif,0.613338,22.0527
train,8293.tif,0.59155,23.4548
train,8294.tif,0.614204,22.4363
train,8295.tif,0.541495,19.6878
train,8296.tif,0.410753,18.352
train,8297.tif,0.501116,20.6775
train,8298.tif,0.541811,20.3162
train,8299.tif,0.821114,24.7282
train,83.tif,0.506266,17.3956
train,830.tif,0.440869,16.4988
train,8300.tif,0.608008,20.7032
train,8301.tif,0.609594,22.4374
train,8302.tif,0.57195,22.1739
train,8303.tif,0.617978,22.5862
train,8304.tif,0.560077,19.4646
train,8305.tif,0.482488,20.0268
train,8306.tif,0.503217,20.2335
train,8307.tif,0.558661,21.2038
train,8308.tif,0.604808,21.6945
train,8309.tif,0.629848,21.8796
train,831.tif,0.51616,18.8982
train,8310.tif,0.501049,19.4622
train,8311.tif,0.549843,18.9293
train,8312.tif,0.688248,22.5089
train,8313.tif,0.545992,22.1176
train,8314.tif,0.533557,21.3067
train,8315.tif,0.606636,21.1561
train,8316.tif,0.517899,20.9815
train,8317.tif,0.552978,20.3784
train,8318.tif,0.537194,19.6144
train,8319.tif,0.661558,22.8012
train,832.tif,0.504955,19.2791
train,8320.tif,0.490851,21.0119
train,8321.tif,0.443783,19.0461
train,8322.tif,0.581611,20.7394
train,8323.tif,0.532107,19.2203
train,8324.tif,0.544638,21.2141
train,8325.tif,0.745458,24.1086
train,8326.tif,0.598758,20.9053
train,8327.tif,0.489958,18.5398
train,8328.tif,0.528801,18.8968
train,8329.tif,0.57142,19.5729
train,833.tif,0.500455,20.1113
train,8330.tif,0.539884,21.3144
train,8331.tif,0.622423,21.9192
train,8332.tif,0.536091,20.8614
train,8333.tif,0.740354,23.4846
train,8334.tif,0.528961,21.0744
train,8335.tif,0.637108,20.643
train,8336.tif,0.576179,20.2711
train,8337.tif,0.431437,18.1644
train,8338.tif,0.47172,19.4157
train,8339.tif,0.551737,20.8113
train,834.tif,0.393008,16.9846
train,8340.tif,0.604885,20.6284
train,8341.tif,0.599326,20.6945
train,8342.tif,0.525298,22.0657
train,8343.tif,0.532685,20.5256
train,8344.tif,0.678477,23.3736
train,8345.tif,0.560187,20.981
train,8346.tif,0.520685,19.7899
train,8347.tif,0.548042,21.2397
train,8348.tif,0.603982,21.5215
train,8349.tif,0.429573,18.789
train,835.tif,0.491453,17.4511
train,8350.tif,0.488346,19.0474
train,8351.tif,0.51415,19.7821
train,8352.tif,0.604392,20.1452
train,8353.tif,0.470094,19.233
train,8354.tif,0.57563,20.6825
train,8355.tif,0.551387,20.9839
train,8356.tif,0.470662,20.1157
train,8357.tif,0.551277,19.9232
train,8358.tif,0.517237,20.5683
train,8359.tif,0.519994,20.0314
train,836.tif,0.438485,15.9736
train,8360.tif,0.513054,18.2419
train,8361.tif,0.455454,21.5375
train,8362.tif,0.605619,20.5132
train,8363.tif,0.552908,17.5706
train,8364.tif,0.617735,20.7588
train,8365.tif,0.465314,19.9079
train,8366.tif,0.479809,19.3811
train,8367.tif,0.533116,16.6112
train,8368.tif,0.435688,18.8341
train,8369.tif,0.588677,21.6106
train,837.tif,0.448917,16.8312
train,8370.tif,0.500888,20.2186
train,8371.tif,0.591763,21.3895
train,8372.tif,0.505119,20.0838
train,8373.tif,0.541544,21.8184
train,8374.tif,0.571148,20.4052
train,8375.tif,0.614542,22.2361
train,8376.tif,0.609105,22.7319
train,8377.tif,0.747464,22.7652
train,8378.tif,0.54653,21.4921
train,8379.tif,0.554328,21.1763
train,838.tif,0.55868,19.7963
train,8380.tif,0.590177,20.7549
train,8381.tif,0.418338,18.4701
train,8382.tif,0.498944,19.3186
train,8383.tif,0.613149,20.7543
train,8384.tif,0.464239,19.3072
train,8385.tif,0.596566,20.8855
train,8386.tif,0.509285,20.3379
train,8387.tif,0.618118,22.5984
train,8388.tif,0.59364,22.136
train,8389.tif,0.536483,20.6222
train,839.tif,0.827727,25.094
train,8390.tif,0.473032,19.4048
train,8391.tif,0.497221,19.0205
train,8392.tif,0.609422,20.9425
train,8393.tif,0.515239,20.5241
train,8394.tif,0.509128,20.1807
train,8395.tif,0.576554,21.9022
train,8396.tif,0.683063,21.7029
train,8397.tif,0.606829,22.0929
train,8398.tif,0.552939,20.4864
train,8399.tif,0.497407,18.8097
train,84.tif,0.420282,18.9014
train,840.tif,0.58294,20.3994
train,8400.tif,0.610441,22.8206
train,8401.tif,0.494864,17.5747
train,8402.tif,0.75203,23.7642
train,8403.tif,0.548523,19.3665
train,8404.tif,0.612163,22.3718
train,8405.tif,0.567857,21.5017
train,8406.tif,0.643736,20.7305
train,8407.tif,0.49932,19.362
train,8408.tif,0.581711,19.618
train,8409.tif,0.506714,20.1885
train,841.tif,0.526734,18.3338
train,8410.tif,0.606627,21.4661
train,8411.tif,0.589305,21.4578
train,8412.tif,0.458524,18.2099
train,8413.tif,0.605845,21.1393
train,8414.tif,0.6223,20.835
train,8415.tif,0.52857,18.8563
train,8416.tif,0.479763,14.8129
train,8417.tif,0.818214,23.4527
train,8418.tif,0.479111,17.9038
train,8419.tif,0.467942,19.1703
train,842.tif,0.564493,20.5181
train,8420.tif,0.587152,21.2205
train,8421.tif,0.563261,20.1183
train,8422.tif,0.433117,18.8067
train,8423.tif,0.609305,22.0237
train,8424.tif,0.615805,19.4008
train,8425.tif,0.512311,20.1499
train,8426.tif,0.480677,18.6446
train,8427.tif,0.588902,20.6201
train,8428.tif,0.578284,22.0004
train,8429.tif,0.568684,20.9061
train,843.tif,0.612791,20.237
train,8430.tif,0.55126,20.2116
train,8431.tif,0.597779,19.4651
train,8432.tif,0.506178,20.1602
train,8433.tif,0.490374,20.2435
train,8434.tif,0.511322,19.2875
train,8435.tif,0.628454,18.5329
train,8436.tif,0.597911,19.4029
train,8437.tif,0.543946,19.2531
train,8438.tif,0.570135,19.677
train,8439.tif,0.515688,18.3955
train,844.tif,0.475311,19.5267
train,8440.tif,0.640839,21.0535
train,8441.tif,0.616362,19.3609
train,8442.tif,0.665186,23.3785
train,8443.tif,0.617577,19.816
train,8444.tif,0.489907,17.1952
train,8445.tif,0.695118,22.7119
train,8446.tif,0.577089,19.5991
train,8447.tif,0.72202,21.955
train,8448.tif,0.557351,17.8617
train,8449.tif,0.513945,19.1708
train,845.tif,0.450757,18.1193
train,8450.tif,0.480446,17.3771
train,8451.tif,0.622092,18.8999
train,8452.tif,0.661342,22.1624
train,8453.tif,0.682283,19.8346
train,8454.tif,0.548086,18.9754
train,8455.tif,0.613313,19.8033
train,8456.tif,0.669384,21.7759
train,8457.tif,0.583443,20.3903
train,8458.tif,0.538122,20.214
train,8459.tif,0.466491,17.339
train,846.tif,0.565988,18.8311
train,8460.tif,0.5542,19.413
train,8461.tif,0.653105,20.2187
train,8462.tif,0.615354,19.2636
train,8463.tif,0.665896,20.0522
train,8464.tif,0.538012,18.611
train,8465.tif,0.618763,21.5271
train,8466.tif,0.589096,20.4783
train,8467.tif,0.506673,15.2217
train,8468.tif,0.506339,18.6808
train,8469.tif,0.625622,19.2827
train,847.tif,0.545629,19.1422
train,8470.tif,0.696781,22.4595
train,8471.tif,0.56157,19.8067
train,8472.tif,0.471661,17.8759
train,8473.tif,0.61441,19.8672
train,8474.tif,0.489198,15.8352
train,8475.tif,0.686365,20.9711
train,8476.tif,0.613099,19.2003
train,8477.tif,0.623239,19.3676
train,8478.tif,0.457948,16.2752
train,8479.tif,0.520233,19.0024
train,848.tif,0.586128,19.6194
train,8480.tif,0.607517,20.425
train,8481.tif,0.612304,20.1658
train,8482.tif,0.603093,18.4148
train,8483.tif,0.538947,18.7698
train,8484.tif,0.548166,16.7721
train,8485.tif,0.692889,18.3655
train,8486.tif,0.647715,17.7217
train,8487.tif,0.58847,19.9037
train,8488.tif,0.616477,23.1229
train,8489.tif,0.658533,17.0953
train,849.tif,0.61034,20.5685
train,8490.tif,0.741271,22.257
train,8491.tif,0.636331,22.5561
train,8492.tif,0.588504,20.7199
train,8493.tif,0.551049,19.6917
train,8494.tif,0.543081,19.7026
train,8495.tif,0.530332,18.2128
train,8496.tif,0.548721,19.5861
train,8497.tif,0.57592,18.0852
train,8498.tif,0.655387,18.9853
train,8499.tif,0.661029,19.9518
train,85.tif,0.603368,21.2308
train,850.tif,0.506602,22.1933
train,8500.tif,0.564506,19.9293
train,8501.tif,0.606114,18.2483
train,8502.tif,0.601002,20.0491
train,8503.tif,0.655538,20.1085
train,8504.tif,0.588898,19.711
train,8505.tif,0.604919,20.2487
train,8506.tif,0.541315,17.4745
train,8507.tif,0.612307,20.9506
train,8508.tif,0.663879,22.3574
train,8509.tif,0.587435,19.8185
train,851.tif,0.717614,17.639
train,8510.tif,0.568348,18.7325
train,8511.tif,0.652473,16.8308
train,8512.tif,0.628353,18.6884
train,8513.tif,0.632491,19.9366
train,8514.tif,0.558523,16.5569
train,8515.tif,0.562613,17.9085
train,8516.tif,0.643187,16.6547
train,8517.tif,0.567375,16.3273
train,8518.tif,0.6395,22.1062
train,8519.tif,0.670691,22.983
train,852.tif,0.586225,22.0705
train,8520.tif,0.585636,19.9786
train,8521.tif,0.598448,18.9386
train,8522.tif,0.641997,20.7121
train,8523.tif,0.656729,20.5866
train,8524.tif,0.537556,18.8253
train,8525.tif,0.666299,19.5777
train,8526.tif,0.54301,20.5931
train,8527.tif,0.536203,18.4731
train,8528.tif,0.634275,20.325
train,8529.tif,0.596225,19.5319
train,853.tif,0.577175,21.8748
train,8530.tif,0.649658,21.5728
train,8531.tif,0.506371,18.9598
train,8532.tif,0.626832,21.3012
train,8533.tif,0.60532,15.2562
train,8534.tif,0.606215,17.2247
train,8535.tif,0.715453,16.8999
train,8536.tif,0.539122,19.0425
train,8537.tif,0.633622,21.2491
train,8538.tif,0.636482,20.1872
train,8539.tif,0.559196,19.7154
train,854.tif,0.472036,17.9873
train,8540.tif,0.50967,19.6622
train,8541.tif,0.555009,19.4765
train,8542.tif,0.555688,18.8136
train,8543.tif,0.578303,16.599
train,8544.tif,0.592931,17.3018
train,8545.tif,0.689033,19.4428
train,8546.tif,0.656782,20.7379
train,8547.tif,0.586707,19.7179
train,8548.tif,0.628622,18.984
train,8549.tif,0.566201,20.2014
train,855.tif,0.747412,21.1885
train,8550.tif,0.578754,18.8737
train,8551.tif,0.520696,17.6977
train,8552.tif,0.757802,18.5304
train,8553.tif,0.622522,20.6056
train,8554.tif,0.588561,18.7661
train,8555.tif,0.668913,19.277
train,8556.tif,0.638003,20.3972
train,8557.tif,0.653731,20.2087
train,8558.tif,0.667462,21.4776
train,8559.tif,0.603135,20.8862
train,856.tif,0.545482,19.4951
train,8560.tif,0.528998,20.3804
train,8561.tif,0.647439,21.2204
train,8562.tif,0.633955,20.3403
train,8563.tif,0.629755,19.5861
train,8564.tif,0.620784,20.4358
train,8565.tif,0.516813,19.1597
train,8566.tif,0.593614,18.5829
train,8567.tif,0.654249,21.0727
train,8568.tif,0.517704,16.5825
train,8569.tif,0.586167,18.8219
train,857.tif,0.571057,23.9875
train,8570.tif,0.474302,18.5881
train,8571.tif,0.563373,18.8069
train,8572.tif,0.686105,17.9633
train,8573.tif,0.698034,17.2879
train,8574.tif,0.728258,18.9734
train,8575.tif,0.620074,20.9598
train,8576.tif,0.601733,20.6656
train,8577.tif,0.587514,17.7955
train,8578.tif,0.611737,21.3794
train,8579.tif,0.627833,19.7541
train,858.tif,0.619335,19.7344
train,8580.tif,0.588063,20.3839
train,8581.tif,0.671408,19.4017
train,8582.tif,0.554989,20.303
train,8583.tif,0.602669,20.7358
train,8584.tif,0.568091,18.1171
train,8585.tif,0.655719,21.3173
train,8586.tif,0.566532,20.6693
train,8587.tif,0.576671,21.0084
train,8588.tif,0.551017,16.8167
train,8589.tif,0.579143,20.5403
train,859.tif,0.653072,22.0019
train,8590.tif,0.60088,18.794
train,8591.tif,0.572207,19.6263
train,8592.tif,0.731415,19.7733
train,8593.tif,0.603628,19.6568
train,8594.tif,0.692425,18.3442
train,8595.tif,0.595482,20.244
train,8596.tif,0.741977,15.9562
train,8597.tif,0.679873,22.4273
train,8598.tif,0.678993,20.1225
train,8599.tif,0.605491,21.6449
train,86.tif,0.545317,19.5899
train,860.tif,0.532277,20.0429
train,8600.tif,0.659496,19.5494
train,8601.tif,0.743121,16.7012
train,8602.tif,0.610582,16.6229
train,8603.tif,0.63938,21.5928
train,8604.tif,0.565718,19.3432
train,8605.tif,0.473682,19.0881
train,8606.tif,0.600319,19.0914
train,8607.tif,0.557047,19.8117
train,8608.tif,0.531097,18.5806
train,8609.tif,0.670263,19.2232
train,861.tif,0.497827,18.0956
train,8610.tif,0.686842,21.6374
train,8611.tif,0.621587,17.7671
train,8612.tif,0.557586,19.5049
train,8613.tif,0.666894,20.1813
train,8614.tif,0.727573,21.7297
train,8615.tif,0.60511,18.3831
train,8616.tif,0.659845,21.1601
train,8617.tif,0.543489,18.9592
train,8618.tif,0.605811,20.665
train,8619.tif,0.558047,18.8829
train,862.tif,0.608693,20.6703
train,8620.tif,0.640928,21.9439
train,8621.tif,0.475465,18.4448
train,8622.tif,0.634818,20.9113
train,8623.tif,0.6464,20.5779
train,8624.tif,0.530474,19.6368
train,8625.tif,0.631218,18.5996
train,8626.tif,0.660693,21.2748
train,8627.tif,0.66935,18.8627
train,8628.tif,0.543897,20.6913
train,8629.tif,0.569975,19.2188
train,863.tif,0.479704,18.6462
train,8630.tif,0.650891,19.4942
train,8631.tif,0.636711,22.5264
train,8632.tif,0.671656,22.4373
train,8633.tif,0.46088,17.1605
train,8634.tif,0.625895,18.5469
train,8635.tif,0.694177,19.7142
train,8636.tif,0.628481,21.6116
train,8637.tif,0.635056,20.7791
train,8638.tif,0.591431,18.2802
train,8639.tif,0.564332,19.9491
train,864.tif,0.579001,18.4179
train,8640.tif,0.67855,19.8274
train,8641.tif,0.668417,21.0917
train,8642.tif,0.520426,19.3027
train,8643.tif,0.547067,18.9148
train,8644.tif,0.527876,18.516
train,8645.tif,0.560621,20.837
train,8646.tif,0.54408,17.1648
train,8647.tif,0.494548,19.3428
train,8648.tif,0.620425,21.642
train,8649.tif,0.52725,19.3146
train,865.tif,0.296621,16.6473
train,8650.tif,0.54755,15.2106
train,8651.tif,0.699951,20.8046
train,8652.tif,0.495769,18.0013
train,8653.tif,0.548128,17.015
train,8654.tif,0.608893,17.9325
train,8655.tif,0.634434,19.6077
train,8656.tif,0.655954,19.6811
train,8657.tif,0.647872,21.8022
train,8658.tif,0.541425,17.5119
train,8659.tif,0.552637,18.684
train,866.tif,0.554893,21.19
train,8660.tif,0.660314,20.3293
train,8661.tif,0.612802,20.152
train,8662.tif,0.559247,19.4152
train,8663.tif,0.655247,19.4235
train,8664.tif,0.558767,20.4535
train,8665.tif,0.510025,18.1177
train,8666.tif,0.568404,20.7663
train,8667.tif,0.641399,19.0329
train,8668.tif,0.646419,18.3157
train,8669.tif,0.605201,20.7629
train,867.tif,0.738033,23.5494
train,8670.tif,0.559832,18.8297
train,8671.tif,0.546162,19.0421
train,8672.tif,0.683971,21.5084
train,8673.tif,0.674447,16.1173
train,8674.tif,0.649428,21.2439
train,8675.tif,0.540777,17.7861
train,8676.tif,0.586584,19.3318
train,8677.tif,0.539765,20.3037
train,8678.tif,0.609855,20.4678
train,8679.tif,0.576903,19.408
train,868.tif,0.54013,20.7715
train,8680.tif,0.735953,17.7131
train,8681.tif,0.640131,18.3646
train,8682.tif,0.716297,21.9075
train,8683.tif,0.627911,18.1753
train,8684.tif,0.596026,18.6489
train,8685.tif,0.571702,17.816
train,8686.tif,0.642271,22.7495
train,8687.tif,0.612151,18.2133
train,8688.tif,0.684211,17.015
train,8689.tif,0.631822,19.6895
train,869.tif,0.556527,20.334
train,8690.tif,0.686966,20.8223
train,8691.tif,0.648623,22.267
train,8692.tif,0.61072,19.4772
train,8693.tif,0.557098,20.7646
train,8694.tif,0.769976,18.6995
train,8695.tif,0.637021,20.4144
train,8696.tif,0.513533,18.1686
train,8697.tif,0.523053,16.1371
train,8698.tif,0.539972,17.4207
train,8699.tif,0.567314,19.8533
train,87.tif,0.48148,18.15
train,870.tif,0.488947,17.3668
train,8700.tif,0.667975,22.5153
train,8701.tif,0.616399,20.8317
train,8702.tif,0.555669,20.1692
train,8703.tif,0.605449,19.85
train,8704.tif,0.601629,21.4565
train,8705.tif,0.638333,19.0992
train,8706.tif,0.659346,22.0306
train,8707.tif,0.524577,18.1933
train,8708.tif,0.550243,19.1857
train,8709.tif,0.603389,20.9591
train,871.tif,0.474524,18.1671
train,8710.tif,0.686969,20.2752
train,8711.tif,0.632032,19.0252
train,8712.tif,0.601313,19.8325
train,8713.tif,0.494439,15.6885
train,8714.tif,0.618171,19.8608
train,8715.tif,0.636516,20.613
train,8716.tif,0.529362,19.072
train,8717.tif,0.602573,17.9059
train,8718.tif,0.590568,19.2707
train,8719.tif,0.519569,17.35
train,872.tif,0.580293,20.8163
train,8720.tif,0.519166,19.3186
train,8721.tif,0.548228,18.3629
train,8722.tif,0.624591,17.7521
train,8723.tif,0.654031,21.2579
train,8724.tif,0.62576,23.5689
train,8725.tif,0.571705,18.3424
train,8726.tif,0.586215,16.3149
train,8727.tif,0.67844,17.3825
train,8728.tif,0.523037,17.9481
train,8729.tif,0.445509,17.1908
train,873.tif,0.520926,17.9463
train,8730.tif,0.588166,18.0391
train,8731.tif,0.615277,19.0949
train,8732.tif,0.625422,20.2256
train,8733.tif,0.794893,16.2602
train,8734.tif,0.610104,20.1358
train,8735.tif,0.629587,20.3769
train,8736.tif,0.574115,21.1462
train,8737.tif,0.637173,17.7131
train,8738.tif,0.587235,17.343
train,8739.tif,0.674776,19.2756
train,874.tif,0.604392,21.402
train,8740.tif,0.540808,17.945
train,8741.tif,0.583014,19.8372
train,8742.tif,0.654214,20.2603
train,8743.tif,0.583543,20.1498
train,8744.tif,0.543751,19.9507
train,8745.tif,0.614875,17.8382
train,8746.tif,0.586484,19.9022
train,8747.tif,0.608882,17.6886
train,8748.tif,0.614548,20.8178
train,8749.tif,0.569233,20.3495
train,875.tif,0.500805,18.0445
train,8750.tif,0.571246,17.8769
train,8751.tif,0.593398,19.1933
train,8752.tif,0.660509,18.8605
train,8753.tif,0.648149,20.3933
train,8754.tif,0.502066,20.2025
train,8755.tif,0.623882,18.1812
train,8756.tif,0.504866,17.0433
train,8757.tif,0.714569,18.3474
train,8758.tif,0.568748,18.0102
train,8759.tif,0.63681,19.6811
train,876.tif,0.82909,23.9376
train,8760.tif,0.514111,18.1133
train,8761.tif,0.570718,19.9238
train,8762.tif,0.6816,22.1957
train,8763.tif,0.552486,18.8964
train,8764.tif,0.62382,17.2449
train,8765.tif,0.515643,20.0064
train,8766.tif,0.650738,21.0934
train,8767.tif,0.695939,20.0103
train,8768.tif,0.829529,17.472
train,8769.tif,0.643982,19.3956
train,877.tif,0.563521,18.402
train,8770.tif,0.515922,19.8578
train,8771.tif,0.589219,16.9958
train,8772.tif,0.61726,21.51
train,8773.tif,0.47552,16.4662
train,8774.tif,0.652473,19.3941
train,8775.tif,0.651061,17.4708
train,8776.tif,0.647621,20.071
train,8777.tif,0.500267,18.9946
train,8778.tif,0.515423,18.0935
train,8779.tif,0.622734,19.5848
train,878.tif,0.492904,19.7156
train,8780.tif,0.550508,18.0142
train,8781.tif,0.537218,19.4935
train,8782.tif,0.493202,18.5484
train,8783.tif,0.620708,20.0841
train,8784.tif,0.579601,19.0124
train,8785.tif,0.60735,20.4866
train,8786.tif,0.575981,20.2221
train,8787.tif,0.511829,15.9361
train,8788.tif,0.593123,19.5099
train,8789.tif,0.648096,19.4528
train,879.tif,0.553048,19.2505
train,8790.tif,0.598513,20.054
train,8791.tif,0.487995,18.2292
train,8792.tif,0.653762,20.8204
train,8793.tif,0.596751,20.9067
train,8794.tif,0.557165,19.9453
train,8795.tif,0.609351,22.2084
train,8796.tif,0.532966,17.3696
train,8797.tif,0.650793,17.8196
train,8798.tif,0.659907,20.797
train,8799.tif,0.623921,20.4953
train,88.tif,0.656573,20.1865
train,880.tif,0.455295,17.6408
train,8800.tif,0.582924,18.8654
train,8801.tif,0.643633,20.4578
train,8802.tif,0.650208,21.8959
train,8803.tif,0.623541,21.2949
train,8804.tif,0.684208,22.4986
train,8805.tif,0.560591,17.4136
train,8806.tif,0.617052,21.0954
train,8807.tif,0.593562,19.527
train,8808.tif,0.601052,21.1495
train,8809.tif,0.593437,18.0989
train,881.tif,0.573822,18.1933
train,8810.tif,0.615419,21.396
train,8811.tif,0.67806,22.5302
train,8812.tif,0.636584,17.2664
train,8813.tif,0.659081,21.1423
train,8814.tif,0.551814,19.3566
train,8815.tif,0.538536,17.662
train,8816.tif,0.58708,20.9141
train,8817.tif,0.823158,17.5782
train,8818.tif,0.631054,21.7289
train,8819.tif,0.493315,18.9367
train,882.tif,0.505679,17.9091
train,8820.tif,0.599907,20.6495
train,8821.tif,0.591395,16.9832
train,8822.tif,0.631334,17.5583
train,8823.tif,0.633816,20.7171
train,8824.tif,0.583796,18.6052
train,8825.tif,0.61761,19.6047
train,8826.tif,0.489009,17.9344
train,8827.tif,0.553977,18.8015
train,8828.tif,0.661155,20.6291
train,8829.tif,0.580355,16.8574
train,883.tif,0.457337,17.5324
train,8830.tif,0.547825,18.8161
train,8831.tif,0.697976,19.4272
train,8832.tif,0.599303,15.7372
train,8833.tif,0.699049,20.094
train,8834.tif,0.588874,16.6025
train,8835.tif,0.535007,20.3303
train,8836.tif,0.704557,23.8749
train,8837.tif,0.559433,19.6648
train,8838.tif,0.607435,20.2202
train,8839.tif,0.680383,21.3028
train,884.tif,0.591414,20.6914
train,8840.tif,0.497092,18.1818
train,8841.tif,0.677433,22.2961
train,8842.tif,0.738001,19.6923
train,8843.tif,0.736323,14.5075
train,8844.tif,0.647723,21.2071
train,8845.tif,0.582958,21.2069
train,8846.tif,0.632102,19.4016
train,8847.tif,0.572212,20.0341
train,8848.tif,0.598371,17.546
train,8849.tif,0.552051,18.7316
train,885.tif,0.718064,20.1025
train,8850.tif,0.526638,16.143
train,8851.tif,0.625459,20.757
train,8852.tif,0.524717,18.3488
train,8853.tif,0.689865,23.1822
train,8854.tif,0.625536,17.8967
train,8855.tif,0.560561,17.9713
train,8856.tif,0.611029,19.5004
train,8857.tif,0.531689,16.9504
train,8858.tif,0.648557,22.0433
train,8859.tif,0.616519,21.187
train,886.tif,0.410585,16.3229
train,8860.tif,0.607733,20.4683
train,8861.tif,0.587739,19.1051
train,8862.tif,0.528677,19.5881
train,8863.tif,0.736902,17.36
train,8864.tif,0.598635,20.2122
train,8865.tif,0.514817,18.0133
train,8866.tif,0.551047,19.2316
train,8867.tif,0.516811,19.1506
train,8868.tif,0.585961,19.7433
train,8869.tif,0.614858,19.0121
train,887.tif,0.636227,21.06
train,8870.tif,0.525347,19.9783
train,8871.tif,0.644296,20.5017
train,8872.tif,0.614049,23.6307
train,8873.tif,0.490551,18.4348
train,8874.tif,0.529979,19.1697
train,8875.tif,0.678154,21.3167
train,8876.tif,0.627556,20.4858
train,8877.tif,0.654244,20.6686
train,8878.tif,0.669944,21.1864
train,8879.tif,0.643112,20.4783
train,888.tif,0.48545,18.4268
train,8880.tif,0.534935,21.2875
train,8881.tif,0.539412,18.9265
train,8882.tif,0.566158,19.2667
train,8883.tif,0.621562,18.5585
train,8884.tif,0.666942,20.8897
train,8885.tif,0.655956,20.3257
train,8886.tif,0.532866,18.3689
train,8887.tif,0.575643,20.8659
train,8888.tif,0.651325,21.7939
train,8889.tif,0.60465,20.2592
train,889.tif,0.620221,17.4202
train,8890.tif,0.667234,18.6742
train,8891.tif,0.57179,18.3014
train,8892.tif,0.616626,18.8146
train,8893.tif,0.604382,18.8936
train,8894.tif,0.510258,18.0108
train,8895.tif,0.67638,19.9297
train,8896.tif,0.572757,17.0191
train,8897.tif,0.493485,18.7001
train,8898.tif,0.546619,18.508
train,8899.tif,0.573361,19.9614
train,89.tif,0.601573,18.3294
train,890.tif,0.505219,15.9843
train,8900.tif,0.653146,21.4726
train,8901.tif,0.673378,21.4945
train,8902.tif,0.532037,17.7587
train,8903.tif,0.611653,18.7255
train,8904.tif,0.527898,19.2221
train,8905.tif,0.614574,19.4285
train,8906.tif,0.615352,18.7888
train,8907.tif,0.711811,15.8606
train,8908.tif,0.520485,18.5848
train,8909.tif,0.510912,19.188
train,891.tif,0.478545,17.6244
train,8910.tif,0.525976,20.1512
train,8911.tif,0.589751,19.6932
train,8912.tif,0.456895,16.9734
train,8913.tif,0.707363,21.2037
train,8914.tif,0.674087,22.6118
train,8915.tif,0.664325,21.3775
train,8916.tif,0.628449,20.8622
train,8917.tif,0.684386,23.1379
train,8918.tif,0.663022,19.1908
train,8919.tif,0.664343,21.8937
train,892.tif,0.462522,17.5978
train,8920.tif,0.553937,20.3372
train,8921.tif,0.594021,18.8265
train,8922.tif,0.506279,19.3004
train,8923.tif,0.487318,18.496
train,8924.tif,0.519141,18.2443
train,8925.tif,0.593624,15.67
train,8926.tif,0.744553,16.9561
train,8927.tif,0.682395,22.4852
train,8928.tif,0.602995,17.639
train,8929.tif,0.66273,22.3949
train,893.tif,0.523452,18.4979
train,8930.tif,0.602911,19.8457
train,8931.tif,0.588204,18.0792
train,8932.tif,0.631961,20.122
train,8933.tif,0.520022,19.4549
train,8934.tif,0.595286,21.6071
train,8935.tif,0.696967,21.5241
train,8936.tif,0.704938,18.577
train,8937.tif,0.591113,18.2995
train,8938.tif,0.516382,19.5915
train,8939.tif,0.694092,18.8325
train,894.tif,0.530232,20.1761
train,8940.tif,0.589778,19.4765
train,8941.tif,0.577022,19.889
train,8942.tif,0.621953,19.5617
train,8943.tif,0.634705,18.8984
train,8944.tif,0.590983,19.7674
train,8945.tif,0.531164,18.5567
train,8946.tif,0.661575,23.8413
train,8947.tif,0.609387,22.2209
train,8948.tif,0.559037,19.1654
train,8949.tif,0.550345,19.6252
train,895.tif,0.536336,18.6331
train,8950.tif,0.633307,20.6036
train,8951.tif,0.597363,17.9112
train,8952.tif,0.675469,20.6312
train,8953.tif,0.621734,19.5915
train,8954.tif,0.796084,17.0066
train,8955.tif,0.673697,21.1814
train,8956.tif,0.650926,20.7987
train,8957.tif,0.654634,19.8019
train,8958.tif,0.548172,19.7976
train,8959.tif,0.544705,19.4356
train,896.tif,0.416856,17.3224
train,8960.tif,0.604271,20.8191
train,8961.tif,0.651721,19.467
train,8962.tif,0.613622,19.0405
train,8963.tif,0.574022,20.1201
train,8964.tif,0.58009,20.4593
train,8965.tif,0.559139,17.0713
train,8966.tif,0.533366,18.109
train,8967.tif,0.688065,21.3099
train,8968.tif,0.598423,22.408
train,8969.tif,0.528729,17.2546
train,897.tif,0.495098,19.265
train,8970.tif,0.579538,20.9341
train,8971.tif,0.645983,21.5539
train,8972.tif,0.5475,19.6344
train,8973.tif,0.644021,21.1232
train,8974.tif,0.508984,18.0526
train,8975.tif,0.600025,19.5306
train,8976.tif,0.623614,21.2614
train,8977.tif,0.647006,21.0462
train,8978.tif,0.670055,21.2795
train,8979.tif,0.557888,16.0887
train,898.tif,0.459023,16.854
train,8980.tif,0.631493,20.0771
train,8981.tif,0.705025,21.6205
train,8982.tif,0.508959,19.1746
train,8983.tif,0.571482,16.0003
train,8984.tif,0.598927,21.0808
train,8985.tif,0.677718,20.9189
train,8986.tif,0.594646,19.5807
train,8987.tif,0.566778,20.261
train,8988.tif,0.640277,18.5557
train,8989.tif,0.64163,21.5368
train,899.tif,0.647487,22.0037
train,8990.tif,0.637258,21.8724
train,8991.tif,0.568987,15.704
train,8992.tif,0.589494,18.5056
train,8993.tif,0.571058,21.94
train,8994.tif,0.585666,20.4818
train,8995.tif,0.532861,17.9092
train,8996.tif,0.510081,18.0894
train,8997.tif,0.619362,18.6613
train,8998.tif,0.597452,18.3941
train,8999.tif,0.547456,20.3509
train,9.tif,0.530349,21.2144
train,90.tif,0.531399,15.4395
train,900.tif,0.538113,19.2046
train,9000.tif,0.485466,18.4644
train,9001.tif,0.642808,19.7692
train,9002.tif,0.580874,19.7941
train,9003.tif,0.463529,16.6645
train,9004.tif,0.675948,18.5465
train,9005.tif,0.677787,21.9503
train,9006.tif,0.682007,18.5266
train,9007.tif,0.695035,16.8102
train,9008.tif,0.542429,19.7918
train,9009.tif,0.588086,20.1331
train,901.tif,0.479335,16.9954
train,9010.tif,0.527979,17.6873
train,9011.tif,0.582622,19.4329
train,9012.tif,0.64685,16.267
train,9013.tif,0.561344,17.2325
train,9014.tif,0.532547,18.7368
train,9015.tif,0.514245,15.6684
train,9016.tif,0.625805,20.1248
train,9017.tif,0.473175,18.5185
train,9018.tif,0.577024,16.9985
train,9019.tif,0.596201,18.8639
train,902.tif,0.592961,20.3294
train,9020.tif,0.701989,17.245
train,9021.tif,0.710619,17.2517
train,9022.tif,0.631943,17.9448
train,9023.tif,0.620524,20.467
train,9024.tif,0.551867,19.575
train,9025.tif,0.649013,21.0691
train,9026.tif,0.55709,21.9349
train,9027.tif,0.523125,15.8889
train,9028.tif,0.52167,16.6186
train,9029.tif,0.613502,19.8886
train,903.tif,0.56533,21.9373
train,9030.tif,0.639829,20.7681
train,9031.tif,0.655472,21.0029
train,9032.tif,0.598836,17.2864
train,9033.tif,0.590212,19.554
train,9034.tif,0.573404,19.8137
train,9035.tif,0.663279,20.8796
train,9036.tif,0.63764,17.8528
train,9037.tif,0.6772,18.4101
train,9038.tif,0.690967,16.4619
train,9039.tif,0.634387,20.711
train,904.tif,0.676958,23.4731
train,9040.tif,0.596914,15.9416
train,9041.tif,0.554151,20.688
train,9042.tif,0.672176,22.0697
train,9043.tif,0.549895,19.0195
train,9044.tif,0.685344,17.0362
train,9045.tif,0.613278,19.4115
train,9046.tif,0.506684,17.9251
train,9047.tif,0.613023,21.5605
train,9048.tif,0.552041,16.6465
train,9049.tif,0.709683,21.6962
train,905.tif,0.46961,18.4015
train,9050.tif,0.552484,18.8666
train,9051.tif,0.497481,15.5442
train,9052.tif,0.664474,20.4474
train,9053.tif,0.684348,22.7822
train,9054.tif,0.689555,20.4378
train,9055.tif,0.750705,18.8981
train,9056.tif,0.558495,20.5085
train,9057.tif,0.523381,20.8785
train,9058.tif,0.610284,20.3152
train,9059.tif,0.594011,19.64
train,906.tif,0.476492,19.8369
train,9060.tif,0.712683,20.9037
train,9061.tif,0.658286,16.0189
train,9062.tif,0.694446,22.44
train,9063.tif,0.668574,18.1531
train,9064.tif,0.655668,21.7136
train,9065.tif,0.618809,17.1962
train,9066.tif,0.558248,19.9917
train,9067.tif,0.611264,19.7187
train,9068.tif,0.628712,21.9634
train,9069.tif,0.621593,19.4056
train,907.tif,0.505831,18.6955
train,9070.tif,0.592287,19.4545
train,9071.tif,0.581167,19.9428
train,9072.tif,0.666784,19.6818
train,9073.tif,0.658465,21.337
train,9074.tif,0.558626,19.5485
train,9075.tif,0.493171,16.1851
train,9076.tif,0.618075,19.191
train,9077.tif,0.574105,19.8831
train,9078.tif,0.67782,21.7673
train,9079.tif,0.639502,22.5647
train,908.tif,0.547291,19.0982
train,9080.tif,0.642115,20.489
train,9081.tif,0.591935,16.7623
train,9082.tif,0.615764,19.4672
train,9083.tif,0.604084,19.3086
train,9084.tif,0.529596,19.9901
train,9085.tif,0.651901,13.8403
train,9086.tif,0.632904,18.7114
train,9087.tif,0.507052,19.0616
train,9088.tif,0.622944,17.3985
train,9089.tif,0.580882,18.1709
train,909.tif,0.570644,21.3962
train,9090.tif,0.662531,23.5185
train,9091.tif,0.55364,19.1153
train,9092.tif,0.678744,20.1342
train,9093.tif,0.581706,20.073
train,9094.tif,0.637387,18.4217
train,9095.tif,0.578207,18.8166
train,9096.tif,0.604209,19.6944
train,9097.tif,0.597265,16.8954
train,9098.tif,0.500597,17.9321
train,9099.tif,0.653429,19.5645
train,91.tif,0.44365,17.4678
train,910.tif,0.468464,16.4202
train,9100.tif,0.692151,21.2639
train,9101.tif,0.573554,18.4406
train,9102.tif,0.600303,21.481
train,9103.tif,0.600499,19.5339
train,9104.tif,0.601621,18.2922
train,9105.tif,0.606541,20.3733
train,9106.tif,0.655077,20.1158
train,9107.tif,0.546432,17.9924
train,9108.tif,0.542442,18.9602
train,9109.tif,0.653681,19.2323
train,911.tif,0.451673,18.3628
train,9110.tif,0.620331,22.7829
train,9111.tif,0.558698,19.3436
train,9112.tif,0.588915,18.7356
train,9113.tif,0.630659,22.3327
train,9114.tif,0.698443,16.9401
train,9115.tif,0.629103,17.835
train,9116.tif,0.638024,18.114
train,9117.tif,0.771356,14.7084
train,9118.tif,0.664013,21.4611
train,9119.tif,0.638244,22.9409
train,912.tif,0.530452,19.5957
train,9120.tif,0.539487,19.1643
train,9121.tif,0.601699,20.7697
train,9122.tif,0.651757,18.5072
train,9123.tif,0.658036,22.8846
train,9124.tif,0.565993,19.9118
train,9125.tif,0.641521,20.065
train,9126.tif,0.630084,20.9084
train,9127.tif,0.771854,16.3513
train,9128.tif,0.661742,21.8338
train,9129.tif,0.62254,18.5674
train,913.tif,0.499819,16.3336
train,9130.tif,0.618071,20.706
train,9131.tif,0.640614,20.1696
train,9132.tif,0.526756,17.267
train,9133.tif,0.624874,20.8638
train,9134.tif,0.598428,17.9507
train,9135.tif,0.521431,15.8713
train,9136.tif,0.507916,17.7501
train,9137.tif,0.516569,18.8252
train,9138.tif,0.476636,18.3191
train,9139.tif,0.668932,21.1069
train,914.tif,0.594857,19.6343
train,9140.tif,0.601699,20.0303
train,9141.tif,0.602918,21.8078
train,9142.tif,0.625948,21.9016
train,9143.tif,0.5876,22.7479
train,9144.tif,0.560706,20.892
train,9145.tif,0.514739,19.4917
train,9146.tif,0.62635,21.59
train,9147.tif,0.602108,20.2817
train,9148.tif,0.496466,16.9392
train,9149.tif,0.586891,19.1847
train,915.tif,0.490766,19.2602
train,9150.tif,0.567014,20.9535
train,9151.tif,0.533643,16.7228
train,9152.tif,0.598789,19.5024
train,9153.tif,0.602347,19.6157
train,9154.tif,0.587298,18.0234
train,9155.tif,0.600371,20.1457
train,9156.tif,0.527719,18.6819
train,9157.tif,0.531566,19.1449
train,9158.tif,0.600682,18.7455
train,9159.tif,0.510369,20.5465
train,916.tif,0.534613,18.2261
train,9160.tif,0.521112,17.8955
train,9161.tif,0.675887,20.9768
train,9162.tif,0.679136,23.2166
train,9163.tif,0.621212,20.6167
train,9164.tif,0.499825,19.2247
train,9165.tif,0.576098,17.682
train,9166.tif,0.497716,18.1989
train,9167.tif,0.625848,21.3047
train,9168.tif,0.480521,18.6292
train,9169.tif,0.55731,20.4255
train,917.tif,0.585348,21.6787
train,9170.tif,0.549255,19.8229
train,9171.tif,0.681663,21.246
train,9172.tif,0.580602,19.846
train,9173.tif,0.627541,20.9919
train,9174.tif,0.616689,22.6019
train,9175.tif,0.608698,21.0826
train,9176.tif,0.529391,16.9296
train,9177.tif,0.553508,19.8845
train,9178.tif,0.647118,20.2278
train,9179.tif,0.533363,20.0021
train,918.tif,0.52104,18.6047
train,9180.tif,0.606137,20.688
train,9181.tif,0.570654,20.3192
train,9182.tif,0.650884,20.5015
train,9183.tif,0.460186,18.9963
train,9184.tif,0.52777,19.7653
train,9185.tif,0.516262,18.1881
train,9186.tif,0.443509,15.0665
train,9187.tif,0.543803,20.1392
train,9188.tif,0.622229,21.0419
train,9189.tif,0.715071,23.2615
train,919.tif,0.483477,18.9371
train,9190.tif,0.57369,19.1833
train,9191.tif,0.55487,19.5819
train,9192.tif,0.60673,24.0811
train,9193.tif,0.538027,17.604
train,9194.tif,0.773706,24.2064
train,9195.tif,0.548584,20.7342
train,9196.tif,0.595005,20.7544
train,9197.tif,0.635582,20.026
train,9198.tif,0.627421,20.8983
train,9199.tif,0.562033,18.3485
train,92.tif,0.519536,19.9246
train,920.tif,0.478726,18.2089
train,9200.tif,0.498723,19.2533
train,9201.tif,0.564873,21.4246
train,9202.tif,0.507713,20.7686
train,9203.tif,0.448178,18.2431
train,9204.tif,0.521692,19.6164
train,9205.tif,0.640862,21.8182
train,9206.tif,0.554574,20.0518
train,9207.tif,0.531195,19.6908
train,9208.tif,0.646905,20.6417
train,9209.tif,0.639944,22.3172
train,921.tif,0.460185,17.3363
train,9210.tif,0.585622,19.9152
train,9211.tif,0.659629,19.228
train,9212.tif,0.637514,21.1577
train,9213.tif,0.489003,18.4968
train,9214.tif,0.642854,21.1718
train,9215.tif,0.675705,20.4591
train,9216.tif,0.613925,19.7942
train,9217.tif,0.609777,20.8235
train,9218.tif,0.623612,20.0354
train,9219.tif,0.645248,21.9044
train,922.tif,0.474876,17.0548
train,9220.tif,0.514708,19.0765
train,9221.tif,0.505698,18.9235
train,9222.tif,0.681775,22.6485
train,9223.tif,0.488608,20.4323
train,9224.tif,0.574092,19.4712
train,9225.tif,0.625305,20.8263
train,9226.tif,0.61072,20.6775
train,9227.tif,0.534863,20.7922
train,9228.tif,0.788914,21.4531
train,9229.tif,0.64245,22.1858
train,923.tif,0.527804,19.8375
train,9230.tif,0.533482,19.0769
train,9231.tif,0.722454,22.3286
train,9232.tif,0.814771,24.7814
train,9233.tif,0.549368,20.9174
train,9234.tif,0.610144,20.4797
train,9235.tif,0.644148,19.3978
train,9236.tif,0.44432,19.0233
train,9237.tif,0.599242,21.5912
train,9238.tif,0.600386,22.2032
train,9239.tif,0.490199,18.7254
train,924.tif,0.516937,18.3032
train,9240.tif,0.560713,20.8452
train,9241.tif,0.497803,19.1955
train,9242.tif,0.614629,23.3741
train,9243.tif,0.49777,18.3713
train,9244.tif,0.523608,20.5344
train,9245.tif,0.633318,23.3278
train,9246.tif,0.511039,17.7264
train,9247.tif,0.500825,19.126
train,9248.tif,0.509371,18.4314
train,9249.tif,0.512496,18.3619
train,925.tif,0.498906,18.2009
train,9250.tif,0.576085,20.0488
train,9251.tif,0.57261,19.6589
train,9252.tif,0.539284,18.8316
train,9253.tif,0.513039,19.2802
train,9254.tif,0.40149,17.8161
train,9255.tif,0.628207,19.075
train,9256.tif,0.508501,18.205
train,9257.tif,0.560506,17.8312
train,9258.tif,0.61804,20.0613
train,9259.tif,0.545951,20.5784
train,926.tif,0.57531,17.9447
train,9260.tif,0.620551,22.5748
train,9261.tif,0.611644,23.1623
train,9262.tif,0.627686,20.5865
train,9263.tif,0.640463,21.9516
train,9264.tif,0.616349,22.1281
train,9265.tif,0.470589,18.6309
train,9266.tif,0.535469,19.9744
train,9267.tif,0.44642,18.2032
train,9268.tif,0.50529,18.1006
train,9269.tif,0.51999,19.3406
train,927.tif,0.621265,20.1393
train,9270.tif,0.508265,20.1579
train,9271.tif,0.616674,21.7271
train,9272.tif,0.525205,19.6513
train,9273.tif,0.706413,23.584
train,9274.tif,0.617973,18.7694
train,9275.tif,0.642979,21.338
train,9276.tif,0.65074,19.7745
train,9277.tif,0.590676,20.9243
train,9278.tif,0.602901,21.4743
train,9279.tif,0.540683,20.1496
train,928.tif,0.575294,20.5357
train,9280.tif,0.545501,19.9916
train,9281.tif,0.627798,19.7644
train,9282.tif,0.507068,18.8295
train,9283.tif,0.659598,23.1251
train,9284.tif,0.471379,19.7349
train,9285.tif,0.496653,19.2927
train,9286.tif,0.656478,21.9386
train,9287.tif,0.62652,21.9032
train,9288.tif,0.575335,20.7894
train,9289.tif,0.626853,20.4464
train,929.tif,0.508183,18.2762
train,9290.tif,0.661553,22.2919
train,9291.tif,0.563086,22.162
train,9292.tif,0.586278,21.8005
train,9293.tif,0.65369,21.3342
train,9294.tif,0.561894,19.7765
train,9295.tif,0.590065,20.8066
train,9296.tif,0.642071,23.0627
train,9297.tif,0.792696,24.3249
train,9298.tif,0.644117,24.3498
train,9299.tif,0.82246,24.8189
train,93.tif,0.530091,19.5367
train,930.tif,0.45883,18.5126
train,9300.tif,0.567609,20.1801
train,9301.tif,0.422431,16.0345
train,9302.tif,0.517652,19.7775
train,9303.tif,0.578148,19.6553
train,9304.tif,0.742913,22.5995
train,9305.tif,0.830284,22.5131
train,9306.tif,0.627553,21.2413
train,9307.tif,0.51844,19.6978
train,9308.tif,0.561421,20.1245
train,9309.tif,0.51014,19.2673
train,931.tif,0.517335,18.6021
train,9310.tif,0.653454,20.9603
train,9311.tif,0.595457,21.488
train,9312.tif,0.637942,21.5079
train,9313.tif,0.580976,20.3291
train,9314.tif,0.759803,21.2985
train,9315.tif,0.514922,17.0712
train,9316.tif,0.380436,16.7011
train,9317.tif,0.536563,21.2203
train,9318.tif,0.500242,18.7853
train,9319.tif,0.524311,17.8484
train,932.tif,0.458134,17.6821
train,9320.tif,0.550021,19.2472
train,9321.tif,0.619899,21.1957
train,9322.tif,0.449411,18.5965
train,9323.tif,0.61673,20.5476
train,9324.tif,0.559447,20.4518
train,9325.tif,0.579225,19.4822
train,9326.tif,0.603157,21.39
train,9327.tif,0.69196,22.2418
train,9328.tif,0.635059,20.4423
train,9329.tif,0.670206,23.9232
train,933.tif,0.472651,20.4958
train,9330.tif,0.545237,19.2757
train,9331.tif,0.566799,19.6446
train,9332.tif,0.52967,18.0885
train,9333.tif,0.520557,19.4007
train,9334.tif,0.60367,19.4227
train,9335.tif,0.562276,19.4977
train,9336.tif,0.633104,18.8077
train,9337.tif,0.628217,21.1752
train,9338.tif,0.634409,21.9157
train,9339.tif,0.488782,18.8746
train,934.tif,0.464117,17.5574
train,9340.tif,0.473167,18.7443
train,9341.tif,0.570945,17.7809
train,9342.tif,0.64882,22.744
train,9343.tif,0.524707,19.9327
train,9344.tif,0.499871,18.3192
train,9345.tif,0.66511,25.0043
train,9346.tif,0.605671,20.4409
train,9347.tif,0.544041,19.5659
train,9348.tif,0.597577,20.8491
train,9349.tif,0.557424,21.635
train,935.tif,0.607532,23.1814
train,9350.tif,0.525183,18.5144
train,9351.tif,0.559462,19.8183
train,9352.tif,0.512783,19.1975
train,9353.tif,0.605493,18.3649
train,9354.tif,0.659325,20.7332
train,9355.tif,0.603923,20.7662
train,9356.tif,0.593915,20.7083
train,9357.tif,0.591068,19.915
train,9358.tif,0.605523,20.7593
train,9359.tif,0.462958,18.6148
train,936.tif,0.689053,21.0901
train,9360.tif,0.558019,20.4167
train,9361.tif,0.579312,19.7945
train,9362.tif,0.731618,23.9784
train,9363.tif,0.642287,21.0573
train,9364.tif,0.766665,25.1584
train,9365.tif,0.547955,19.9742
train,9366.tif,0.61703,21.3995
train,9367.tif,0.62471,20.8735
train,9368.tif,0.549608,20.7837
train,9369.tif,0.495124,17.3099
train,937.tif,0.785053,23.6041
train,9370.tif,0.537185,18.4205
train,9371.tif,0.503406,19.0576
train,9372.tif,0.540707,20.614
train,9373.tif,0.577298,19.6334
train,9374.tif,0.532294,20.5445
train,9375.tif,0.525696,19.917
train,9376.tif,0.218361,17.2318
train,9377.tif,0.600511,24.4718
train,9378.tif,0.612918,21.5203
train,9379.tif,0.482685,18.6497
train,938.tif,0.450155,18.647
train,9380.tif,0.468875,18.5532
train,9381.tif,0.581139,19.8253
train,9382.tif,0.630948,21.4921
train,9383.tif,0.53617,20.2965
train,9384.tif,0.627317,22.1365
train,9385.tif,0.513847,20.4756
train,9386.tif,0.544661,19.231
train,9387.tif,0.498039,18.3697
train,9388.tif,0.596786,19.0685
train,9389.tif,0.641046,20.658
train,939.tif,0.531032,20.7239
train,9390.tif,0.59529,20.8885
train,9391.tif,0.549333,19.803
train,9392.tif,0.457822,19.3532
train,9393.tif,0.518363,18.4328
train,9394.tif,0.611977,20.0573
train,9395.tif,0.636544,20.7838
train,9396.tif,0.574622,21.0382
train,9397.tif,0.58706,19.1637
train,9398.tif,0.451659,18.6454
train,9399.tif,0.580301,21.3224
train,94.tif,0.625673,20.2661
train,940.tif,0.587332,22.0491
train,9400.tif,0.42036,18.2938
train,9401.tif,0.571795,20.3395
train,9402.tif,0.504071,17.9375
train,9403.tif,0.452725,17.7309
train,9404.tif,0.606351,20.8962
train,9405.tif,0.467095,17.6222
train,9406.tif,0.607137,20.4526
train,9407.tif,0.68792,21.0193
train,9408.tif,0.643558,19.5899
train,9409.tif,0.731162,22.5606
train,941.tif,0.485307,18.6353
train,9410.tif,0.579561,20.6774
train,9411.tif,0.512249,19.1416
train,9412.tif,0.458117,16.8501
train,9413.tif,0.545326,19.3752
train,9414.tif,0.614586,20.2655
train,9415.tif,0.706285,21.6949
train,9416.tif,0.463593,18.4911
train,9417.tif,0.523986,18.0007
train,9418.tif,0.531192,20.8591
train,9419.tif,0.618917,22.7955
train,942.tif,0.688246,22.4755
train,9420.tif,0.606411,19.6619
train,9421.tif,0.50714,18.5582
train,9422.tif,0.66435,23.3747
train,9423.tif,0.580376,19.8934
train,9424.tif,0.703664,21.6138
train,9425.tif,0.633587,23.5195
train,9426.tif,0.565786,18.2123
train,9427.tif,0.567726,19.2294
train,9428.tif,0.606037,21.7075
train,9429.tif,0.621342,20.5724
train,943.tif,0.632987,22.6603
train,9430.tif,0.541384,19.3506
train,9431.tif,0.54826,18.8131
train,9432.tif,0.54119,18.5022
train,9433.tif,0.6245,21.0629
train,9434.tif,0.503064,18.9553
train,9435.tif,0.50857,19.1247
train,9436.tif,0.588129,20.5853
train,9437.tif,0.655857,22.4239
train,9438.tif,0.543753,21.2971
train,9439.tif,0.635822,21.5107
train,944.tif,0.572471,19.9844
train,9440.tif,0.507298,16.0989
train,9441.tif,0.307842,17.72
train,9442.tif,0.831961,23.1958
train,9443.tif,0.564187,20.515
train,9444.tif,0.598991,21.443
train,9445.tif,0.455328,18.5558
train,9446.tif,0.620712,20.0661
train,9447.tif,0.564924,20.3255
train,9448.tif,0.421596,17.1235
train,9449.tif,0.684583,22.3453
train,945.tif,0.529701,18.0078
train,9450.tif,0.477281,18.975
train,9451.tif,0.654147,20.9449
train,9452.tif,0.529265,20.0966
train,9453.tif,0.530188,19.9305
train,9454.tif,0.612662,20.0908
train,9455.tif,0.506527,20.2136
train,9456.tif,0.572612,18.4401
train,9457.tif,0.726299,22.8116
train,9458.tif,0.433506,17.9216
train,9459.tif,0.616216,19.5191
train,946.tif,0.587074,19.123
train,9460.tif,0.549737,21.2299
train,9461.tif,0.622589,21.1158
train,9462.tif,0.608576,20.6827
train,9463.tif,0.468014,18.3184
train,9464.tif,0.574856,18.6625
train,9465.tif,0.513999,18.0292
train,9466.tif,0.61255,22.4083
train,9467.tif,0.586957,20.5376
train,9468.tif,0.673563,21.2612
train,9469.tif,0.543928,20.3432
train,947.tif,0.548057,20.413
train,9470.tif,0.575296,19.0964
train,9471.tif,0.476445,18.6911
train,9472.tif,0.448524,17.7855
train,9473.tif,0.644189,20.7422
train,9474.tif,0.807552,24.4327
train,9475.tif,0.479486,19.4568
train,9476.tif,0.479511,18.7815
train,9477.tif,0.557662,20.0284
train,9478.tif,0.607272,21.4634
train,9479.tif,0.556521,19.2581
train,948.tif,0.479932,16.408
train,9480.tif,0.570993,19.5472
train,9481.tif,0.632179,21.2527
train,9482.tif,0.530886,19.7714
train,9483.tif,0.6674,24.0135
train,9484.tif,0.619765,20.6439
train,9485.tif,0.549738,19.7236
train,9486.tif,0.551112,18.4918
train,9487.tif,0.616921,21.0516
train,9488.tif,0.581886,22.8322
train,9489.tif,0.676967,21.9743
train,949.tif,0.590149,21.385
train,9490.tif,0.80355,23.529
train,9491.tif,0.631389,20.2121
train,9492.tif,0.204819,16.3644
train,9493.tif,0.613541,21.2097
train,9494.tif,0.522346,19.1092
train,9495.tif,0.612061,19.8686
train,9496.tif,0.632607,22.3321
train,9497.tif,0.483033,18.5816
train,9498.tif,0.617945,20.6713
train,9499.tif,0.559615,19.2246
train,95.tif,0.509955,19.4288
train,950.tif,0.596317,20.9174
train,9500.tif,0.529219,20.4762
train,9501.tif,0.62984,23.013
train,9502.tif,0.578019,18.4593
train,9503.tif,0.497966,18.5392
train,9504.tif,0.590035,20.2362
train,9505.tif,0.533757,18.3582
train,9506.tif,0.761617,23.6204
train,9507.tif,0.50892,19.6267
train,9508.tif,0.429468,17.0223
train,9509.tif,0.570925,20.3708
train,951.tif,0.609131,18.3467
train,9510.tif,0.560879,20.115
train,9511.tif,0.548636,19.7408
train,9512.tif,0.536478,17.7693
train,9513.tif,0.510841,19.3224
train,9514.tif,0.437377,18.2794
train,9515.tif,0.469685,19.821
train,9516.tif,0.445423,18.7397
train,9517.tif,0.576771,18.9296
train,9518.tif,0.559436,20.5118
train,9519.tif,0.628522,19.91
train,952.tif,0.499658,19.5878
train,9520.tif,0.560795,19.9211
train,9521.tif,0.700704,19.1042
train,9522.tif,0.50858,18.3493
train,9523.tif,0.643108,19.8255
train,9524.tif,0.739344,23.2343
train,9525.tif,0.577653,18.6469
train,9526.tif,0.656708,21.5032
train,9527.tif,0.572853,19.8744
train,9528.tif,0.598722,21.2186
train,9529.tif,0.491014,19.2643
train,953.tif,0.553372,21.3025
train,9530.tif,0.579299,20.7651
train,9531.tif,0.631584,20.0396
train,9532.tif,0.565611,20.6601
train,9533.tif,0.722915,22.8414
train,9534.tif,0.514089,19.8595
train,9535.tif,0.620184,23.1266
train,9536.tif,0.618863,22.4877
train,9537.tif,0.621271,21.072
train,9538.tif,0.577579,20.476
train,9539.tif,0.572869,18.6126
train,954.tif,0.515075,17.2211
train,9540.tif,0.680465,21.4082
train,9541.tif,0.600007,19.0397
train,9542.tif,0.622504,21.1903
train,9543.tif,0.660677,20.2303
train,9544.tif,0.567959,20.1664
train,9545.tif,0.554834,15.4098
train,9546.tif,0.506349,19.1704
train,9547.tif,0.705509,21.0988
train,9548.tif,0.519943,18.3125
train,9549.tif,0.661844,24.2942
train,955.tif,0.502091,17.1443
train,9550.tif,0.794439,25.2124
train,9551.tif,0.571474,20.7723
train,9552.tif,0.598511,19.7449
train,9553.tif,0.592284,18.7657
train,9554.tif,0.66292,24.3587
train,9555.tif,0.65525,22.6811
train,9556.tif,0.555904,18.837
train,9557.tif,0.480341,18.6736
train,9558.tif,0.525997,19.4762
train,9559.tif,0.450933,18.6831
train,956.tif,0.514546,18.4022
train,9560.tif,0.534515,20.6704
train,9561.tif,0.581623,19.4377
train,9562.tif,0.592961,20.9673
train,9563.tif,0.498706,19.6452
train,9564.tif,0.608947,19.8176
train,9565.tif,0.488451,16.6099
train,9566.tif,0.598164,22.6622
train,9567.tif,0.572462,20.1031
train,9568.tif,0.665018,22.0772
train,9569.tif,0.622922,21.3788
train,957.tif,0.470574,19.4391
train,9570.tif,0.495352,18.3392
train,9571.tif,0.471942,18.7071
train,9572.tif,0.477511,18.9792
train,9573.tif,0.470259,17.4868
train,9574.tif,0.62275,21.5478
train,9575.tif,0.522919,21.3111
train,9576.tif,0.492175,19.5539
train,9577.tif,0.70507,22.0668
train,9578.tif,0.530967,14.9793
train,9579.tif,0.507419,20.0583
train,958.tif,0.452712,18.0942
train,9580.tif,0.415962,21.3616
train,9581.tif,0.629005,21.8941
train,9582.tif,0.644945,22.2118
train,9583.tif,0.588016,19.5855
train,9584.tif,0.663092,21.813
train,9585.tif,0.486986,18.1811
train,9586.tif,0.556453,20.6063
train,9587.tif,0.452288,17.3293
train,9588.tif,0.533685,19.2873
train,9589.tif,0.643038,22.7482
train,959.tif,0.535594,20.585
train,9590.tif,0.557355,19.6368
train,9591.tif,0.601563,21.2307
train,9592.tif,0.490649,18.9996
train,9593.tif,0.611777,20.362
train,9594.tif,0.551075,18.8229
train,9595.tif,0.591662,19.1899
train,9596.tif,0.758857,21.316
train,9597.tif,0.683816,22.4677
train,9598.tif,0.554619,19.0997
train,9599.tif,0.595669,20.6085
train,96.tif,0.55715,19.4781
train,960.tif,0.545545,20.834
train,9600.tif,0.610863,21.0479
train,9601.tif,0.58052,20.7509
train,9602.tif,0.614396,20.4797
train,9603.tif,0.564696,20.2459
train,9604.tif,0.592234,22.037
train,9605.tif,0.599769,20.1342
train,9606.tif,0.572433,19.2173
train,9607.tif,0.576049,20.576
train,9608.tif,0.697197,22.9136
train,9609.tif,0.563533,18.31
train,961.tif,0.704901,23.2274
train,9610.tif,0.487236,17.1016
train,9611.tif,0.49129,18.86
train,9612.tif,0.582369,21.0841
train,9613.tif,0.702111,23.9668
train,9614.tif,0.644354,21.5348
train,9615.tif,0.603509,19.8913
train,9616.tif,0.621894,21.3642
train,9617.tif,0.53541,19.2362
train,9618.tif,0.597118,20.5852
train,9619.tif,0.466374,18.2802
train,962.tif,0.600242,19.0394
train,9620.tif,0.61835,18.7047
train,9621.tif,0.456168,18.6403
train,9622.tif,0.612908,22.1147
train,9623.tif,0.647595,18.9491
train,9624.tif,0.604064,20.0266
train,9625.tif,0.654328,19.0813
train,9626.tif,0.537724,19.1808
train,9627.tif,0.500866,19.9092
train,9628.tif,0.52758,17.3956
train,9629.tif,0.744446,22.9553
train,963.tif,0.483853,20.0926
train,9630.tif,0.700679,20.4004
train,9631.tif,0.639127,20.749
train,9632.tif,0.595615,19.0909
train,9633.tif,0.617907,23.222
train,9634.tif,0.560586,19.8171
train,9635.tif,0.532064,20.1648
train,9636.tif,0.605068,20.859
train,9637.tif,0.693847,18.928
train,9638.tif,0.453811,17.9963
train,9639.tif,0.655171,21.7632
train,964.tif,0.439136,16.19
train,9640.tif,0.518804,17.2287
train,9641.tif,0.542054,19.9439
train,9642.tif,0.487934,18.9529
train,9643.tif,0.471542,19.5138
train,9644.tif,0.610041,20.9575
train,9645.tif,0.481223,18.9339
train,9646.tif,0.628656,22.0086
train,9647.tif,0.517955,18.1575
train,9648.tif,0.540569,18.6581
train,9649.tif,0.538585,17.6038
train,965.tif,0.515083,17.5049
train,9650.tif,0.458524,15.4638
train,9651.tif,0.493329,19.4337
train,9652.tif,0.486843,19.848
train,9653.tif,0.625343,21.789
train,9654.tif,0.810097,25.2203
train,9655.tif,0.499701,17.3659
train,9656.tif,0.61814,21.1127
train,9657.tif,0.669732,23.1799
train,9658.tif,0.495181,19.9794
train,9659.tif,0.577479,20.58
train,966.tif,0.508739,19.1994
train,9660.tif,0.623757,20.2337
train,9661.tif,0.600963,18.4207
train,9662.tif,0.479946,18.8243
train,9663.tif,0.641982,22.5397
train,9664.tif,0.440884,19.559
train,9665.tif,0.591043,19.5571
train,9666.tif,0.494409,20.1498
train,9667.tif,0.586156,19.259
train,9668.tif,0.480215,19.9143
train,9669.tif,0.627323,20.3144
train,967.tif,0.521734,18.6181
train,9670.tif,0.649856,21.4365
train,9671.tif,0.663266,23.6498
train,9672.tif,0.605715,20.8608
train,9673.tif,0.649492,20.2247
train,9674.tif,0.622887,19.4656
train,9675.tif,0.500208,18.6504
train,9676.tif,0.64838,22.6397
train,9677.tif,0.487172,18.5398
train,9678.tif,0.482167,17.848
train,9679.tif,0.563842,19.6112
train,968.tif,0.527259,19.0243
train,9680.tif,0.661264,22.0443
train,9681.tif,0.610289,21.0184
train,9682.tif,0.445428,18.2713
train,9683.tif,0.641163,20.4834
train,9684.tif,0.535422,19.5643
train,9685.tif,0.627695,21.9805
train,9686.tif,0.454846,18.9108
train,9687.tif,0.587926,21.7523
train,9688.tif,0.516879,19.8158
train,9689.tif,0.527431,16.2235
train,969.tif,0.587233,22.511
train,9690.tif,0.760948,23.7185
train,9691.tif,0.560109,20.4946
train,9692.tif,0.559816,19.943
train,9693.tif,0.645989,20.5336
train,9694.tif,0.56067,20.6876
train,9695.tif,0.722653,23.0582
train,9696.tif,0.484603,18.5573
train,9697.tif,0.659385,20.6637
train,9698.tif,0.499691,20.0337
train,9699.tif,0.605994,22.2757
train,97.tif,0.635673,20.6311
train,970.tif,0.495862,19.9671
train,9700.tif,0.58821,19.3379
train,9701.tif,0.436067,18.1593
train,9702.tif,0.484824,18.3368
train,9703.tif,0.474579,18.0455
train,9704.tif,0.55045,19.925
train,9705.tif,0.553719,19.6627
train,9706.tif,0.636692,22.0708
train,9707.tif,0.544135,19.4836
train,9708.tif,0.672691,22.0872
train,9709.tif,0.621263,20.0653
train,971.tif,0.517904,20.5904
train,9710.tif,0.53226,18.9036
train,9711.tif,0.661386,21.9603
train,9712.tif,0.575544,19.9119
train,9713.tif,0.491428,19.3152
train,9714.tif,0.6288,19.502
train,9715.tif,0.503098,18.8895
train,9716.tif,0.604478,20.1546
train,9717.tif,0.643425,19.5656
train,9718.tif,0.485466,18.1343
train,9719.tif,0.544639,20.0994
train,972.tif,0.477652,17.7209
train,9720.tif,0.565451,19.4802
train,9721.tif,0.528236,19.552
train,9722.tif,0.625584,21.7164
train,9723.tif,0.642342,20.8276
train,9724.tif,0.53787,20.1593
train,9725.tif,0.524481,15.8205
train,9726.tif,0.636678,22.0596
train,9727.tif,0.562231,18.3143
train,9728.tif,0.644544,22.0204
train,9729.tif,0.630754,21.1861
train,973.tif,0.50576,19.8183
train,9730.tif,0.625229,21.6321
train,9731.tif,0.754745,25.2601
train,9732.tif,0.574271,21.4483
train,9733.tif,0.546705,19.6461
train,9734.tif,0.568662,18.9908
train,9735.tif,0.602805,19.9307
train,9736.tif,0.563665,20.5054
train,9737.tif,0.577996,19.4685
train,9738.tif,0.733118,22.3276
train,9739.tif,0.511466,17.6951
train,974.tif,0.51629,18.2768
train,9740.tif,0.572338,18.6437
train,9741.tif,0.536868,17.9436
train,9742.tif,0.510372,19.3644
train,9743.tif,0.611843,18.2354
train,9744.tif,0.638287,19.4858
train,9745.tif,0.451958,18.1633
train,9746.tif,0.560189,22.6887
train,9747.tif,0.536573,20.9479
train,9748.tif,0.667186,22.6479
train,9749.tif,0.608367,20.1162
train,975.tif,0.481102,17.414
train,9750.tif,0.604125,20.8849
train,9751.tif,0.621264,23.1157
train,9752.tif,0.584692,19.7574
train,9753.tif,0.466433,18.4748
train,9754.tif,0.58899,19.1687
train,9755.tif,0.640583,19.4521
train,9756.tif,0.50096,18.2546
train,9757.tif,0.529975,18.358
train,9758.tif,0.462698,19.5719
train,9759.tif,0.60839,20.3849
train,976.tif,0.536522,19.9419
train,9760.tif,0.567259,20.7691
train,9761.tif,0.489331,19.6786
train,9762.tif,0.474818,17.9152
train,9763.tif,0.624509,19.0962
train,9764.tif,0.573473,19.0356
train,9765.tif,0.449216,18.9103
train,9766.tif,0.508152,17.3313
train,9767.tif,0.604955,22.6574
train,9768.tif,0.638389,20.1119
train,9769.tif,0.59445,19.9989
train,977.tif,0.60017,19.4631
train,9770.tif,0.644391,19.2228
train,9771.tif,0.480914,18.9514
train,9772.tif,0.480508,19.7064
train,9773.tif,0.547627,21.6167
train,9774.tif,0.630833,22.011
train,9775.tif,0.536697,18.1109
train,9776.tif,0.625543,18.7078
train,9777.tif,0.560612,19.1362
train,9778.tif,0.62559,22.3354
train,9779.tif,0.591735,21.1029
train,978.tif,0.54562,18.1492
train,9780.tif,0.522063,20.1976
train,9781.tif,0.659353,23.8931
train,9782.tif,0.694912,22.6023
train,9783.tif,0.585842,20.6835
train,9784.tif,0.519863,18.9519
train,9785.tif,0.537903,19.8845
train,9786.tif,0.674735,23.409
train,9787.tif,0.495367,19.4957
train,9788.tif,0.680312,21.0709
train,9789.tif,0.633277,21.4525
train,979.tif,0.420227,17.8586
train,9790.tif,0.4928,19.1364
train,9791.tif,0.631489,22.0698
train,9792.tif,0.439261,16.9138
train,9793.tif,0.524049,18.6317
train,9794.tif,0.758487,24.4219
train,9795.tif,0.561136,19.9506
train,9796.tif,0.581886,19.4034
train,9797.tif,0.537346,20.0071
train,9798.tif,0.610042,19.7215
train,9799.tif,0.576592,21.1074
train,98.tif,0.527529,18.5597
train,980.tif,0.78842,22.1951
train,9800.tif,0.663521,21.2279
train,9801.tif,0.533248,17.7763
train,9802.tif,0.540359,19.204
train,9803.tif,0.566135,19.9941
train,9804.tif,0.561175,20.1496
train,9805.tif,0.614902,19.213
train,9806.tif,0.648542,21.5905
train,9807.tif,0.549014,18.8107
train,9808.tif,0.572404,19.4477
train,9809.tif,0.574479,20.1093
train,981.tif,0.593126,20.8189
train,9810.tif,0.488736,19.2551
train,9811.tif,0.520109,18.4928
train,9812.tif,0.53474,19.0522
train,9813.tif,0.661036,19.7332
train,9814.tif,0.650091,21.5148
train,9815.tif,0.611512,18.8758
train,9816.tif,0.545234,19.2653
train,9817.tif,0.583471,21.5916
train,9818.tif,0.43102,15.7257
train,9819.tif,0.61116,24.2982
train,982.tif,0.482,18.528
train,9820.tif,0.618387,16.9952
train,9821.tif,0.605646,20.0878
train,9822.tif,0.59696,20.6476
train,9823.tif,0.621902,21.4179
train,9824.tif,0.638746,20.8493
train,9825.tif,0.629692,20.9211
train,9826.tif,0.587675,20.6462
train,9827.tif,0.463583,18.9414
train,9828.tif,0.526837,20.539
train,9829.tif,0.505493,19.8488
train,983.tif,0.620107,20.4606
train,9830.tif,0.577893,18.1729
train,9831.tif,0.655472,19.8564
train,9832.tif,0.602231,20.9909
train,9833.tif,0.588516,20.1438
train,9834.tif,0.558035,20.474
train,9835.tif,0.446912,17.2941
train,9836.tif,0.492575,19.1068
train,9837.tif,0.589915,21.2081
train,9838.tif,0.585481,20.3271
train,9839.tif,0.635656,20.8017
train,984.tif,0.557385,19.3886
train,9840.tif,0.537569,19.583
train,9841.tif,0.685634,24.6985
train,9842.tif,0.644521,21.7679
train,9843.tif,0.605045,19.3882
train,9844.tif,0.624457,20.3172
train,9845.tif,0.446702,17.8261
train,9846.tif,0.522357,20.4198
train,9847.tif,0.49853,18.5662
train,9848.tif,0.511399,19.9253
train,9849.tif,0.486735,18.2858
train,985.tif,0.58607,21.3262
train,9850.tif,0.663226,23.2873
train,9851.tif,0.446127,19.9598
train,9852.tif,0.471827,19.2737
train,9853.tif,0.687091,21.2667
train,9854.tif,0.558484,21.5797
train,9855.tif,0.625519,22.308
train,9856.tif,0.547014,21.4517
train,9857.tif,0.454275,17.4696
train,9858.tif,0.58768,20.3415
train,9859.tif,0.501455,20.3333
train,986.tif,0.549994,19.2069
train,9860.tif,0.608404,18.9697
train,9861.tif,0.674504,23.9589
train,9862.tif,0.612903,20.6537
train,9863.tif,0.509276,18.9404
train,9864.tif,0.581927,20.8194
train,9865.tif,0.634905,21.4745
train,9866.tif,0.557035,19.5221
train,9867.tif,0.557452,18.114
train,9868.tif,0.563071,19.4786
train,9869.tif,0.59529,19.3092
train,987.tif,0.530071,18.0717
train,9870.tif,0.532348,20.5806
train,9871.tif,0.584307,20.7754
train,9872.tif,0.629504,21.5898
train,9873.tif,0.652379,19.5567
train,9874.tif,0.580314,20.2902
train,9875.tif,0.594687,20.0423
train,9876.tif,0.558712,21.3674
train,9877.tif,0.5499,19.8316
train,9878.tif,0.621619,22.7431
train,9879.tif,0.708154,23.3243
train,988.tif,0.491159,19.0021
train,9880.tif,0.592617,19.9946
train,9881.tif,0.554106,20.1167
train,9882.tif,0.573464,20.9468
train,9883.tif,0.56863,20.6442
train,9884.tif,0.518185,19.2741
train,9885.tif,0.69477,21.985
train,9886.tif,0.50595,19.4927
train,9887.tif,0.484815,19.0827
train,9888.tif,0.520092,20.2196
train,9889.tif,0.473189,19.6214
train,989.tif,0.500877,18.7701
train,9890.tif,0.510288,20.7041
train,9891.tif,0.693287,23.9735
train,9892.tif,0.593599,21.461
train,9893.tif,0.541526,17.8972
train,9894.tif,0.584956,21.5187
train,9895.tif,0.535865,20.7399
train,9896.tif,0.579041,19.6903
train,9897.tif,0.525907,20.2869
train,9898.tif,0.513702,19.1677
train,9899.tif,0.491993,17.2239
train,99.tif,0.529371,19.2408
train,990.tif,0.684535,20.9597
train,9900.tif,0.71104,22.1736
train,9901.tif,0.567132,19.8312
train,9902.tif,0.624797,23.4802
train,9903.tif,0.675884,23.2762
train,9904.tif,0.565551,18.2398
train,9905.tif,0.613276,18.6119
train,9906.tif,0.838888,26.0621
train,9907.tif,0.511624,18.5843
train,9908.tif,0.534753,21.3119
train,9909.tif,0.547153,20.4618
train,991.tif,0.578774,21.7135
train,9910.tif,0.711359,24.776
train,9911.tif,0.539904,20.3455
train,9912.tif,0.641872,22.2393
train,9913.tif,0.583519,21.4991
train,9914.tif,0.645392,23.5953
train,9915.tif,0.588534,20.024
train,9916.tif,0.597227,21.5987
train,9917.tif,0.530779,19.8635
train,9918.tif,0.729816,24.5393
train,9919.tif,0.453436,18.5116
train,992.tif,0.654092,22.8357
train,9920.tif,0.636555,22.2147
train,9921.tif,0.621797,22.3397
train,9922.tif,0.69879,22.3827
train,9923.tif,0.578133,19.8957
train,9924.tif,0.49502,17.5819
train,9925.tif,0.514673,18.7238
train,9926.tif,0.479552,19.0257
train,9927.tif,0.566732,20.5874
train,9928.tif,0.342616,19.4402
train,9929.tif,0.848598,26.9039
train,993.tif,0.610951,21.1328
train,9930.tif,0.55049,19.2293
train,9931.tif,0.476329,18.6604
train,9932.tif,0.653391,21.3529
train,9933.tif,0.618694,23.6805
train,9934.tif,0.778724,24.1296
train,9935.tif,0.659609,24.2585
train,9936.tif,0.486923,18.3667
train,9937.tif,0.513044,20.6631
train,9938.tif,0.441268,19.2159
train,9939.tif,0.598868,19.4225
train,994.tif,0.446512,18.0167
train,9940.tif,0.527361,18.4775
train,9941.tif,0.502681,17.0478
train,9942.tif,0.512799,20.8815
train,9943.tif,0.504272,19.1057
train,9944.tif,0.516203,21.8542
train,9945.tif,0.614934,19.7566
train,9946.tif,0.591015,21.5919
train,9947.tif,0.727908,24.6866
train,9948.tif,0.756669,21.3008
train,9949.tif,0.585769,21.4627
train,995.tif,0.456233,17.8543
train,9950.tif,0.431283,18.8441
train,9951.tif,0.53254,19.5664
train,9952.tif,0.62946,21.5044
train,9953.tif,0.501439,19.2491
train,9954.tif,0.416277,16.8642
train,9955.tif,0.497353,16.7461
train,9956.tif,0.535039,19.9836
train,9957.tif,0.798718,24.353
train,9958.tif,0.415442,17.2555
train,9959.tif,0.4925,20.4772
train,996.tif,0.507002,18.6616
train,9960.tif,0.535017,19.4149
train,9961.tif,0.670529,22.6522
train,9962.tif,0.680222,20.5246
train,9963.tif,0.509594,18.6386
train,9964.tif,0.456627,19.3835
train,9965.tif,0.561761,21.6675
train,9966.tif,0.567245,18.8967
train,9967.tif,0.583055,19.5744
train,9968.tif,0.647346,21.5704
train,9969.tif,0.488013,15.5955
train,997.tif,0.579972,17.1987
train,9970.tif,0.644883,22.0093
train,9971.tif,0.650778,21.3204
train,9972.tif,0.737751,22.8746
train,9973.tif,0.466454,16.964
train,9974.tif,0.542893,20.4253
train,9975.tif,0.549634,18.6552
train,9976.tif,0.776728,23.9459
train,9977.tif,0.586695,20.8024
train,9978.tif,0.495089,19.4357
train,9979.tif,0.546056,19.7733
train,998.tif,0.395375,17.3535
train,9980.tif,0.590212,19.3045
train,9981.tif,0.537621,20.3621
train,9982.tif,0.550709,19.8908
train,9983.tif,0.555954,20.3592
train,9984.tif,0.535333,21.2135
train,9985.tif,0.564008,19.6297
train,9986.tif,0.771919,23.5839
train,9987.tif,0.738261,24.5483
train,9988.tif,0.639411,22.8713
train,9989.tif,0.490244,19.1529
train,999.tif,0.536737,20.2243
train,9990.tif,0.488171,19.2174
train,9991.tif,0.470307,19.0787
train,9992.tif,0.666709,20.7612
train,9993.tif,0.618952,21.5588
train,9994.tif,0.491084,19.1826
train,9995.tif,0.536678,19.5694
train,9996.tif,0.52899,17.6725
train,9997.tif,0.674126,19.8144
train,9998.tif,0.673242,21.1681
train,9999.tif,0.482644,18.6936
val,0.tif,0.647141,15.9121
val,1.tif,0.550577,19.7895
val,10.tif,0.471819,19.3408
val,100.tif,0.594463,19.5856
val,1000.tif,0.511872,19.0806
val,1001.tif,0.761709,23.001
val,1002.tif,0.699298,22.6828
val,1003.tif,0.453126,18.8006
val,1004.tif,0.536836,21.0441
val,1005.tif,0.650343,20.2482
val,1006.tif,0.598176,22.2026
val,1007.tif,0.561654,20.6132
val,1008.tif,0.499509,17.3598
val,1009.tif,0.440137,18.0837
val,101.tif,0.514896,19.6408
val,1010.tif,0.433547,19.3432
val,1011.tif,0.462961,18.0387
val,1012.tif,0.487308,18.2533
val,1013.tif,0.518865,17.9647
val,1014.tif,0.489933,19.5753
val,1015.tif,0.461885,18.7356
val,1016.tif,0.577235,20.4784
val,1017.tif,0.638061,19.4786
val,1018.tif,0.487354,19.3706
val,1019.tif,0.742121,24.463
val,102.tif,0.505354,19.0932
val,1020.tif,0.502847,18.222
val,1021.tif,0.4383,16.3607
val,1022.tif,0.575503,19.3163
val,1023.tif,0.498323,19.9206
val,1024.tif,0.479004,19.0011
val,1025.tif,0.458646,17.8008
val,1026.tif,0.600556,20.1692
val,1027.tif,0.511195,21.878
val,1028.tif,0.464782,17.7423
val,1029.tif,0.489174,19.3126
val,103.tif,0.512417,18.0666
val,1030.tif,0.54499,20.2163
val,1031.tif,0.483341,18.1572
val,1032.tif,0.521846,18.2294
val,1033.tif,0.526005,19.8906
val,1034.tif,0.618753,21.1146
val,1035.tif,0.555939,21.6115
val,1036.tif,0.63859,21.6839
val,1037.tif,0.568972,16.8748
val,1038.tif,0.557782,19.6382
val,1039.tif,0.61564,21.9419
val,104.tif,0.521521,19.314
val,1040.tif,0.667308,22.5037
val,1041.tif,0.537978,19.4121
val,1042.tif,0.492247,18.5072
val,1043.tif,0.611105,22.4531
val,1044.tif,0.524153,19.0001
val,1045.tif,0.535284,18.3448
val,1046.tif,0.524668,17.9515
val,1047.tif,0.517953,20.2171
val,1048.tif,0.756423,24.6482
val,1049.tif,0.453995,17.6384
val,105.tif,0.712623,20.9793
val,1050.tif,0.415428,17.1425
val,1051.tif,0.499687,17.8717
val,1052.tif,0.505335,18.3044
val,1053.tif,0.736419,22.3223
val,1054.tif,0.486124,18.4501
val,1055.tif,0.557837,17.6188
val,1056.tif,0.486925,19.1401
val,1057.tif,0.647737,22.1499
val,1058.tif,0.61433,22.9595
val,1059.tif,0.506214,19.3948
val,106.tif,0.581004,19.9881
val,1060.tif,0.626786,23.8348
val,1061.tif,0.446655,17.0539
val,1062.tif,0.627358,20.6014
val,1063.tif,0.534788,19.1403
val,1064.tif,0.514507,18.5397
val,1065.tif,0.473389,16.8537
val,1066.tif,0.804573,20.8517
val,1067.tif,0.478172,19.8251
val,1068.tif,0.7249,23.6729
val,1069.tif,0.665999,21.835
val,107.tif,0.533109,18.6767
val,1070.tif,0.559074,20.0398
val,1071.tif,0.523966,17.9344
val,1072.tif,0.49687,19.2713
val,1073.tif,0.522918,18.533
val,1074.tif,0.435732,17.5362
val,1075.tif,0.508339,18.5848
val,1076.tif,0.611427,20.8578
val,1077.tif,0.502529,18.6761
val,1078.tif,0.566531,20.1616
val,1079.tif,0.491294,17.5008
val,108.tif,0.543572,19.1352
val,1080.tif,0.538002,19.8091
val,1081.tif,0.531319,19.8144
val,1082.tif,0.630889,20.7537
val,1083.tif,0.535735,20.2241
val,1084.tif,0.445376,20.0061
val,1085.tif,0.499183,19.6548
val,1086.tif,0.523188,17.8046
val,1087.tif,0.544282,20.3311
val,1088.tif,0.48857,19.8486
val,1089.tif,0.609197,22.0696
val,109.tif,0.514133,19.1514
val,1090.tif,0.469189,17.8706
val,1091.tif,0.495533,18.3289
val,1092.tif,0.496892,14.9004
val,1093.tif,0.498234,18.4918
val,1094.tif,0.445002,18.2074
val,1095.tif,0.474219,17.7591
val,1096.tif,0.577263,20.1343
val,1097.tif,0.545906,20.4885
val,1098.tif,0.518474,19.8495
val,1099.tif,0.654713,22.4899
val,11.tif,0.609347,19.8607
val,110.tif,0.622653,19.6036
val,1100.tif,0.617748,23.725
val,1101.tif,0.569367,21.236
val,1102.tif,0.537387,19.026
val,1103.tif,0.479797,17.9033
val,1104.tif,0.545869,20.6797
val,1105.tif,0.673272,21.5792
val,1106.tif,0.497044,19.1512
val,1107.tif,0.634517,18.6076
val,1108.tif,0.511099,21.2931
val,1109.tif,0.505879,19.4821
val,111.tif,0.522835,18.702
val,1110.tif,0.523277,18.207
val,1111.tif,0.461752,18.823
val,1112.tif,0.507899,19.4059
val,1113.tif,0.570009,20.6637
val,1114.tif,0.458816,17.3076
val,1115.tif,0.571708,21.7262
val,1116.tif,0.442161,17.5032
val,1117.tif,0.612365,19.5285
val,1118.tif,0.76422,24.9386
val,1119.tif,0.530725,20.3689
val,112.tif,0.528578,19.5318
val,1120.tif,0.531155,19.6649
val,1121.tif,0.513611,17.4839
val,1122.tif,0.535886,18.9233
val,1123.tif,0.588975,17.7903
val,1124.tif,0.448087,18.6481
val,1125.tif,0.635913,21.688
val,1126.tif,0.640615,18.3392
val,1127.tif,0.7865,22.5435
val,1128.tif,0.53254,18.4524
val,1129.tif,0.528469,19.5389
val,113.tif,0.589921,19.9771
val,1130.tif,0.450342,18.5667
val,1131.tif,0.507712,21.7361
val,1132.tif,0.614805,21.3032
val,1133.tif,0.548888,20.3359
val,1134.tif,0.595716,22.9898
val,1135.tif,0.624042,21.1196
val,1136.tif,0.56282,18.8512
val,1137.tif,0.631351,21.4205
val,1138.tif,0.525993,19.7707
val,1139.tif,0.492173,19.1376
val,114.tif,0.549596,19.227
val,1140.tif,0.53645,19.4573
val,1141.tif,0.497903,19.1527
val,1142.tif,0.612604,22.4672
val,1143.tif,0.520044,19.4832
val,1144.tif,0.49512,18.586
val,1145.tif,0.404455,17.0409
val,1146.tif,0.691191,23.25
val,1147.tif,0.571027,20.5766
val,1148.tif,0.532267,18.2236
val,1149.tif,0.598543,19.1406
val,115.tif,0.568102,19.581
val,1150.tif,0.612519,21.4055
val,1151.tif,0.496148,19.3974
val,1152.tif,0.61926,21.692
val,1153.tif,0.587293,20.1696
val,1154.tif,0.528227,19.0117
val,1155.tif,0.536091,19.2271
val,1156.tif,0.550277,21.3474
val,1157.tif,0.453082,17.0189
val,1158.tif,0.562322,20.635
val,1159.tif,0.54604,20.487
val,116.tif,0.62075,21.352
val,1160.tif,0.454136,17.5568
val,1161.tif,0.516786,18.8733
val,1162.tif,0.535124,19.0953
val,1163.tif,0.56894,19.7097
val,1164.tif,0.616487,21.4714
val,1165.tif,0.522538,20.8641
val,1166.tif,0.41583,18.7482
val,1167.tif,0.529191,18.9657
val,1168.tif,0.516875,19.9578
val,1169.tif,0.508088,17.8475
val,117.tif,0.501652,19.571
val,1170.tif,0.587145,20.6641
val,1171.tif,0.571433,21.837
val,1172.tif,0.510907,15.7005
val,1173.tif,0.448285,16.6586
val,1174.tif,0.558317,22.9693
val,1175.tif,0.542976,19.2528
val,1176.tif,0.521815,20.3098
val,1177.tif,0.619673,21.683
val,1178.tif,0.520915,20.6425
val,1179.tif,0.536353,19.3414
val,118.tif,0.384429,14.4023
val,1180.tif,0.419692,18.452
val,1181.tif,0.644828,20.9367
val,1182.tif,0.573309,20.2854
val,1183.tif,0.559271,19.7125
val,1184.tif,0.612919,22.0322
val,1185.tif,0.588589,19.7713
val,1186.tif,0.584155,15.9055
val,1187.tif,0.623251,17.3182
val,1188.tif,0.493955,17.1671
val,1189.tif,0.598962,21.6749
val,119.tif,0.480342,18.8492
val,1190.tif,0.494512,19.3364
val,1191.tif,0.534743,19.8365
val,1192.tif,0.434243,17.0867
val,1193.tif,0.455682,18.0169
val,1194.tif,0.466061,18.1578
val,1195.tif,0.532548,20.8514
val,1196.tif,0.645746,22.0154
val,1197.tif,0.791435,26.4672
val,1198.tif,0.516378,19.0451
val,1199.tif,0.804952,25.2612
val,12.tif,0.488118,17.9712
val,120.tif,0.553044,20.7949
val,1200.tif,0.503381,18.6645
val,1201.tif,0.549992,19.9552
val,1202.tif,0.545403,21.0475
val,1203.tif,0.501395,18.9713
val,1204.tif,0.541913,18.3189
val,1205.tif,0.479302,18.7533
val,1206.tif,0.544041,21.4453
val,1207.tif,0.540248,21.7187
val,1208.tif,0.548622,22.1021
val,1209.tif,0.481917,19.7728
val,121.tif,0.555806,20.4849
val,1210.tif,0.424145,16.9333
val,1211.tif,0.511391,19.2691
val,1212.tif,0.625096,18.4948
val,1213.tif,0.533782,19.1136
val,1214.tif,0.610935,22.0588
val,1215.tif,0.508336,18.9742
val,1216.tif,0.466437,18.8008
val,1217.tif,0.490173,18.5241
val,1218.tif,0.581865,20.2015
val,1219.tif,0.557917,19.1271
val,122.tif,0.496064,19.4456
val,1220.tif,0.561756,20.9045
val,1221.tif,0.501018,19.7813
val,1222.tif,0.503171,18.3539
val,1223.tif,0.375349,17.3177
val,1224.tif,0.463629,19.4979
val,1225.tif,0.74475,23.7292
val,1226.tif,0.499519,18.6478
val,1227.tif,0.430171,18.7035
val,1228.tif,0.520398,18.885
val,1229.tif,0.569312,20.0705
val,123.tif,0.602032,20.5836
val,1230.tif,0.510227,18.3858
val,1231.tif,0.662984,18.7442
val,1232.tif,0.543738,18.9199
val,1233.tif,0.55153,19.7129
val,1234.tif,0.572277,19.6769
val,1235.tif,0.54851,19.9063
val,1236.tif,0.494203,16.8714
val,1237.tif,0.390637,16.9002
val,1238.tif,0.484881,20.0887
val,1239.tif,0.443226,18.6435
val,124.tif,0.453026,20.0157
val,1240.tif,0.534404,18.643
val,1241.tif,0.496222,19.7223
val,1242.tif,0.555214,19.7437
val,1243.tif,0.584998,19.549
val,1244.tif,0.741037,24.7592
val,1245.tif,0.504196,20.0075
val,1246.tif,0.459512,16.7913
val,1247.tif,0.578959,19.9956
val,1248.tif,0.561188,20.6026
val,1249.tif,0.582597,21.3896
val,125.tif,0.529491,18.5307
val,1250.tif,0.56678,21.5171
val,1251.tif,0.521798,19.6307
val,1252.tif,0.57625,19.4797
val,1253.tif,0.500045,18.8059
val,1254.tif,0.446312,19.999
val,1255.tif,0.480567,19.8296
val,1256.tif,0.481223,19.137
val,1257.tif,0.442349,17.2455
val,1258.tif,0.501925,19.1055
val,1259.tif,0.494763,19.4195
val,126.tif,0.56843,17.443
val,1260.tif,0.606627,21.3474
val,1261.tif,0.404036,17.8401
val,1262.tif,0.469801,18.4165
val,1263.tif,0.558309,20.9052
val,1264.tif,0.490706,17.1725
val,1265.tif,0.633135,21.5169
val,1266.tif,0.464957,19.4418
val,1267.tif,0.613141,21.0371
val,1268.tif,0.579168,21.2894
val,1269.tif,0.540528,20.4068
val,127.tif,0.632254,20.2488
val,1270.tif,0.593822,20.5052
val,1271.tif,0.447988,18.2796
val,1272.tif,0.639926,22.7866
val,1273.tif,0.558031,19.98
val,1274.tif,0.602863,22.1203
val,1275.tif,0.665929,21.7918
val,1276.tif,0.640211,20.774
val,1277.tif,0.512872,17.8681
val,1278.tif,0.653889,18.221
val,1279.tif,0.473254,17.3644
val,128.tif,0.572413,19.4261
val,1280.tif,0.608036,20.0289
val,1281.tif,0.486709,17.8317
val,1282.tif,0.415188,16.9021
val,1283.tif,0.683136,23.4324
val,1284.tif,0.467821,18.9279
val,1285.tif,0.547544,19.4046
val,1286.tif,0.521392,18.7371
val,1287.tif,0.566411,22.5571
val,1288.tif,0.495037,18.6626
val,1289.tif,0.461737,17.6814
val,129.tif,0.492037,17.5888
val,1290.tif,0.562525,19.0231
val,1291.tif,0.587543,20.3351
val,1292.tif,0.594098,20.6999
val,1293.tif,0.486579,20.0342
val,1294.tif,0.464875,18.4602
val,1295.tif,0.589841,21.6511
val,1296.tif,0.495357,18.5761
val,1297.tif,0.487133,18.5837
val,1298.tif,0.573576,20.3283
val,1299.tif,0.437265,18.1727
val,13.tif,0.509595,18.0426
val,130.tif,0.737436,19.1172
val,1300.tif,0.484652,18.5681
val,1301.tif,0.552874,21.6768
val,1302.tif,0.58055,21.8709
val,1303.tif,0.603705,17.905
val,1304.tif,0.546872,19.7904
val,1305.tif,0.613694,19.6519
val,1306.tif,0.533278,20.5322
val,1307.tif,0.541075,19.512
val,1308.tif,0.496472,17.6672
val,1309.tif,0.505855,19.7331
val,131.tif,0.534106,19.454
val,1310.tif,0.643834,19.2768
val,1311.tif,0.595872,18.8945
val,1312.tif,0.534071,20.7398
val,1313.tif,0.550663,20.2131
val,1314.tif,0.484521,17.7327
val,1315.tif,0.56334,18.393
val,1316.tif,0.473145,18.2585
val,1317.tif,0.633051,19.9775
val,1318.tif,0.610374,20.7952
val,1319.tif,0.57716,21.8965
val,132.tif,0.552056,17.9532
val,1320.tif,0.373386,16.5312
val,1321.tif,0.56216,20.6842
val,1322.tif,0.48328,19.6052
val,1323.tif,0.585759,20.9415
val,1324.tif,0.576831,20.6583
val,1325.tif,0.750872,24.1861
val,1326.tif,0.501757,19.9039
val,1327.tif,0.44912,18.52
val,1328.tif,0.501011,19.799
val,1329.tif,0.513188,18.1834
val,133.tif,0.50989,19.8078
val,1330.tif,0.500123,19.3155
val,1331.tif,0.47006,18.2675
val,1332.tif,0.573055,20.4096
val,1333.tif,0.558017,18.5291
val,1334.tif,0.718659,22.7359
val,1335.tif,0.478843,18.9584
val,1336.tif,0.589618,18.1823
val,1337.tif,0.483618,19.1177
val,1338.tif,0.411158,17.5562
val,1339.tif,0.576874,19.1938
val,134.tif,0.416359,17.2923
val,1340.tif,0.571217,20.5724
val,1341.tif,0.526677,19.9803
val,1342.tif,0.484515,18.925
val,1343.tif,0.745968,23.2399
val,1344.tif,0.570623,20.9312
val,1345.tif,0.537208,19.7032
val,1346.tif,0.614767,20.1941
val,1347.tif,0.537986,20.7139
val,1348.tif,0.475116,18.7252
val,1349.tif,0.593305,20.6972
val,135.tif,0.517736,18.3565
val,1350.tif,0.508505,19.3386
val,1351.tif,0.542639,20.7713
val,1352.tif,0.480199,19.7617
val,1353.tif,0.503237,19.6088
val,1354.tif,0.473219,17.9054
val,1355.tif,0.431969,17.4766
val,1356.tif,0.601856,20.5719
val,1357.tif,0.538498,19.9712
val,1358.tif,0.53511,18.4869
val,1359.tif,0.591584,19.8755
val,136.tif,0.577207,20.6527
val,1360.tif,0.543886,19.0746
val,1361.tif,0.568895,19.7598
val,1362.tif,0.440796,17.6972
val,1363.tif,0.617907,20.0734
val,1364.tif,0.611571,21.0394
val,1365.tif,0.544243,19.9708
val,1366.tif,0.52968,20.1268
val,1367.tif,0.540696,20.0066
val,1368.tif,0.486251,18.5822
val,1369.tif,0.420742,17.735
val,137.tif,0.549488,19.6359
val,1370.tif,0.528169,20.3129
val,1371.tif,0.580537,21.7318
val,1372.tif,0.445601,17.6146
val,1373.tif,0.633872,22.5712
val,1374.tif,0.60802,20.1637
val,1375.tif,0.504728,19.6123
val,1376.tif,0.634827,15.791
val,1377.tif,0.452333,18.5163
val,1378.tif,0.54383,21.5616
val,1379.tif,0.569294,22.8974
val,138.tif,0.769554,21.3927
val,1380.tif,0.486218,19.2856
val,1381.tif,0.551391,17.4586
val,1382.tif,0.558978,19.3024
val,1383.tif,0.593639,18.6446
val,1384.tif,0.457941,18.2838
val,1385.tif,0.562094,21.5008
val,1386.tif,0.532408,18.8665
val,1387.tif,0.577931,16.543
val,1388.tif,0.686632,22.5018
val,1389.tif,0.823705,23.9218
val,139.tif,0.506308,17.5298
val,1390.tif,0.614027,19.8813
val,1391.tif,0.485433,17.5814
val,1392.tif,0.478035,18.6455
val,1393.tif,0.648375,19.8797
val,1394.tif,0.557339,19.4025
val,1395.tif,0.522874,19.5765
val,1396.tif,0.459373,18.3367
val,1397.tif,0.546122,20.0127
val,1398.tif,0.509228,20.0395
val,1399.tif,0.39545,17.5824
val,14.tif,0.496693,20.1345
val,140.tif,0.520496,18.8832
val,1400.tif,0.479715,19.0447
val,1401.tif,0.461728,18.5315
val,1402.tif,0.545255,19.3374
val,1403.tif,0.548837,18.7275
val,1404.tif,0.513358,19.5792
val,1405.tif,0.511273,15.2322
val,1406.tif,0.454601,18.2554
val,1407.tif,0.522317,20.3013
val,1408.tif,0.536489,18.349
val,1409.tif,0.436637,19.5189
val,141.tif,0.681844,20.9389
val,1410.tif,0.465022,18.3878
val,1411.tif,0.500147,19.3495
val,1412.tif,0.508285,19.5657
val,1413.tif,0.606982,22.0586
val,1414.tif,0.457908,18.55
val,1415.tif,0.406861,17.0626
val,1416.tif,0.434719,18.728
val,1417.tif,0.527015,18.4337
val,1418.tif,0.600666,19.5372
val,1419.tif,0.539216,20.4024
val,142.tif,0.567022,19.7701
val,1420.tif,0.440591,19.1564
val,1421.tif,0.511467,19.4695
val,1422.tif,0.4955,19.3832
val,1423.tif,0.472857,19.1673
val,1424.tif,0.517949,19.5117
val,1425.tif,0.446116,19.0448
val,1426.tif,0.506294,18.5567
val,1427.tif,0.515812,19.2349
val,1428.tif,0.546192,21.6319
val,1429.tif,0.461275,18.3463
val,143.tif,0.472459,19.4048
val,1430.tif,0.479521,20.055
val,1431.tif,0.514015,19.4276
val,1432.tif,0.571029,20.8383
val,1433.tif,0.522679,19.484
val,1434.tif,0.471103,16.6189
val,1435.tif,0.586694,20.0206
val,1436.tif,0.541932,19.6682
val,1437.tif,0.497546,18.5859
val,1438.tif,0.662637,18.5916
val,1439.tif,0.567695,19.8321
val,144.tif,0.564072,21.0802
val,1440.tif,0.495096,20.302
val,1441.tif,0.451497,19.659
val,1442.tif,0.558769,20.6357
val,1443.tif,0.459574,19.282
val,1444.tif,0.52117,19.7679
val,1445.tif,0.528965,20.1319
val,1446.tif,0.497715,20.5145
val,1447.tif,0.505673,19.1286
val,1448.tif,0.509723,19.3421
val,1449.tif,0.483052,18.085
val,145.tif,0.589629,17.4174
val,1450.tif,0.587304,21.1847
val,1451.tif,0.533169,18.5903
val,1452.tif,0.533989,20.0083
val,1453.tif,0.468235,19.3831
val,1454.tif,0.432309,18.7053
val,1455.tif,0.579323,21.4944
val,1456.tif,0.755297,23.3105
val,1457.tif,0.508237,18.621
val,1458.tif,0.51591,19.0723
val,1459.tif,0.64983,23.0159
val,146.tif,0.630981,20.6609
val,1460.tif,0.519478,17.9829
val,1461.tif,0.621856,21.5661
val,1462.tif,0.4607,18.803
val,1463.tif,0.468693,18.4959
val,1464.tif,0.521493,20.1049
val,1465.tif,0.489072,18.3003
val,1466.tif,0.533818,20.5061
val,1467.tif,0.684377,22.8524
val,1468.tif,0.507002,19.4245
val,1469.tif,0.458528,19.3903
val,147.tif,0.545311,19.4544
val,1470.tif,0.439833,19.8782
val,1471.tif,0.574985,19.8273
val,1472.tif,0.448625,18.9834
val,1473.tif,0.479774,18.1722
val,1474.tif,0.585529,21.9289
val,1475.tif,0.529712,19.9672
val,1476.tif,0.583058,19.7663
val,1477.tif,0.514479,20.7315
val,1478.tif,0.480827,18.7421
val,1479.tif,0.485541,18.4297
val,148.tif,0.463186,17.7276
val,1480.tif,0.493558,18.7226
val,1481.tif,0.548726,19.0642
val,1482.tif,0.508334,19.0565
val,1483.tif,0.467574,19.7051
val,1484.tif,0.503028,19.6561
val,1485.tif,0.844337,21.5527
val,1486.tif,0.527526,21.0551
val,1487.tif,0.542684,20.7048
val,1488.tif,0.430628,17.0395
val,1489.tif,0.528739,20.6885
val,149.tif,0.53413,17.4587
val,1490.tif,0.440956,19.461
val,1491.tif,0.534175,20.1525
val,1492.tif,0.525261,18.0678
val,1493.tif,0.39749,17.6535
val,1494.tif,0.529545,21.2861
val,1495.tif,0.486811,18.0776
val,1496.tif,0.529617,19.9795
val,1497.tif,0.491225,19.242
val,1498.tif,0.471766,19.6536
val,1499.tif,0.752908,22.8268
val,15.tif,0.545504,19.3523
val,150.tif,0.550178,19.7757
val,1500.tif,0.499776,18.8076
val,1501.tif,0.577702,20.1261
val,1502.tif,0.509068,19.9098
val,1503.tif,0.525931,19.1722
val,1504.tif,0.500757,20.0114
val,1505.tif,0.440779,18.717
val,1506.tif,0.468429,18.7485
val,1507.tif,0.481823,19.5204
val,1508.tif,0.517079,20.7554
val,1509.tif,0.568289,19.4074
val,151.tif,0.601236,19.3385
val,1510.tif,0.471428,19.5326
val,1511.tif,0.473931,17.8153
val,1512.tif,0.516867,18.8863
val,1513.tif,0.544261,19.5001
val,1514.tif,0.748365,22.2295
val,1515.tif,0.516164,19.7584
val,1516.tif,0.369679,16.0091
val,1517.tif,0.476103,17.4252
val,1518.tif,0.483507,20.4969
val,1519.tif,0.461467,18.8565
val,152.tif,0.479138,18.8426
val,1520.tif,0.604803,20.3327
val,1521.tif,0.547018,20.3168
val,1522.tif,0.474473,17.5052
val,1523.tif,0.559952,19.5644
val,1524.tif,0.551559,19.1045
val,1525.tif,0.517051,18.5482
val,1526.tif,0.503424,19.8868
val,1527.tif,0.470742,19.4558
val,1528.tif,0.542277,21.7158
val,1529.tif,0.515384,19.5426
val,153.tif,0.611096,21.4998
val,1530.tif,0.582224,20.6663
val,1531.tif,0.471676,18.7568
val,1532.tif,0.506911,19.0169
val,1533.tif,0.589676,21.0795
val,1534.tif,0.538624,20.0613
val,1535.tif,0.749239,24.6013
val,1536.tif,0.535578,20.363
val,1537.tif,0.491065,19.2361
val,1538.tif,0.442488,19.0124
val,1539.tif,0.451509,18.4752
val,154.tif,0.753524,23.1736
val,1540.tif,0.458395,20.167
val,1541.tif,0.520896,20.0627
val,1542.tif,0.519663,19.7097
val,1543.tif,0.527998,19.239
val,1544.tif,0.671509,21.6492
val,1545.tif,0.598831,19.6331
val,1546.tif,0.515952,18.4234
val,1547.tif,0.529965,20.4719
val,1548.tif,0.482494,19.9002
val,1549.tif,0.595583,20.6962
val,155.tif,0.610161,19.5747
val,1550.tif,0.458968,18.5439
val,1551.tif,0.609437,21.502
val,1552.tif,0.497384,18.9997
val,1553.tif,0.517791,19.989
val,1554.tif,0.51726,19.4627
val,1555.tif,0.54118,21.5854
val,1556.tif,0.506742,20.962
val,1557.tif,0.541486,19.7143
val,1558.tif,0.496053,19.6988
val,1559.tif,0.539588,18.9005
val,156.tif,0.540362,18.923
val,1560.tif,0.547317,20.2325
val,1561.tif,0.495052,18.0281
val,1562.tif,0.501353,19.121
val,1563.tif,0.542532,20.6504
val,1564.tif,0.4773,17.2278
val,1565.tif,0.503744,18.9864
val,1566.tif,0.502679,19.1096
val,1567.tif,0.694196,19.8556
val,1568.tif,0.553582,20.1622
val,1569.tif,0.61262,19.6235
val,157.tif,0.632533,20.0536
val,1570.tif,0.543328,19.8455
val,1571.tif,0.471183,19.2859
val,1572.tif,0.471541,19.9354
val,1573.tif,0.498173,20.0437
val,1574.tif,0.452002,18.3295
val,1575.tif,0.511552,19.5289
val,1576.tif,0.545592,20.2402
val,1577.tif,0.48288,18.4584
val,1578.tif,0.488246,18.6852
val,1579.tif,0.476327,18.4671
val,158.tif,0.458576,18.0838
val,1580.tif,0.48956,19.3402
val,1581.tif,0.551104,18.907
val,1582.tif,0.662863,22.5266
val,1583.tif,0.489523,18.0546
val,1584.tif,0.56252,21.4407
val,1585.tif,0.46742,19.154
val,1586.tif,0.573811,20.5894
val,1587.tif,0.468678,19.2165
val,1588.tif,0.571051,21.4384
val,1589.tif,0.512052,20.1326
val,159.tif,0.546015,20.7703
val,1590.tif,0.564842,18.539
val,1591.tif,0.518694,20.2092
val,1592.tif,0.65985,21.0131
val,1593.tif,0.412872,16.5929
val,1594.tif,0.55215,19.9236
val,1595.tif,0.481923,19.0571
val,1596.tif,0.472902,19.2184
val,1597.tif,0.47995,19.4143
val,1598.tif,0.588654,20.7972
val,1599.tif,0.521706,20.1136
val,16.tif,0.507171,18.1477
val,160.tif,0.640745,20.6345
val,1600.tif,0.516799,19.9114
val,1601.tif,0.529302,20.5531
val,1602.tif,0.451412,17.0357
val,1603.tif,0.524414,18.5419
val,1604.tif,0.447174,18.0386
val,1605.tif,0.539894,20.1878
val,1606.tif,0.474291,17.2668
val,1607.tif,0.544181,21.6443
val,1608.tif,0.57347,20.7573
val,1609.tif,0.760288,21.7494
val,161.tif,0.556704,19.7271
val,1610.tif,0.519103,19.9197
val,1611.tif,0.531854,19.3458
val,1612.tif,0.451354,18.8434
val,1613.tif,0.619465,19.8412
val,1614.tif,0.584719,22.3036
val,1615.tif,0.590252,19.9906
val,1616.tif,0.577016,14.5133
val,1617.tif,0.642058,21.5266
val,1618.tif,0.473591,19.048
val,1619.tif,0.626503,21.8865
val,162.tif,0.591121,19.7388
val,1620.tif,0.573107,17.9652
val,1621.tif,0.502931,19.3081
val,1622.tif,0.569187,20.4689
val,1623.tif,0.536798,18.75
val,1624.tif,0.535804,19.1017
val,1625.tif,0.543247,20.3743
val,1626.tif,0.537252,20.7223
val,1627.tif,0.470291,18.193
val,1628.tif,0.562845,20.4114
val,1629.tif,0.436474,18.6083
val,163.tif,0.494474,17.9783
val,1630.tif,0.555322,18.828
val,1631.tif,0.532697,18.2416
val,1632.tif,0.408744,17.8427
val,1633.tif,0.529469,18.5561
val,1634.tif,0.539035,20.528
val,1635.tif,0.567771,20.3512
val,1636.tif,0.559555,18.9702
val,1637.tif,0.408977,19.0717
val,1638.tif,0.563874,15.6525
val,1639.tif,0.580159,20.4228
val,164.tif,0.565843,18.4765
val,1640.tif,0.474952,18.7929
val,1641.tif,0.492474,17.8207
val,1642.tif,0.449254,17.1635
val,1643.tif,0.543637,20.0332
val,1644.tif,0.708053,20.9433
val,1645.tif,0.506641,19.9978
val,1646.tif,0.60745,20.7047
val,1647.tif,0.595044,22.0864
val,1648.tif,0.518586,19.796
val,1649.tif,0.613293,18.6946
val,165.tif,0.585622,19.7913
val,1650.tif,0.444857,19.3107
val,1651.tif,0.579318,20.904
val,1652.tif,0.598034,20.8947
val,1653.tif,0.617107,20.0976
val,1654.tif,0.579802,20.3469
val,1655.tif,0.611989,21.2989
val,1656.tif,0.527595,21.5395
val,1657.tif,0.459585,17.8279
val,1658.tif,0.480671,18.3178
val,1659.tif,0.537133,19.6381
val,166.tif,0.562272,19.9706
val,1660.tif,0.697028,24.6532
val,1661.tif,0.581962,14.9978
val,1662.tif,0.543547,20.1492
val,1663.tif,0.455951,19.0669
val,1664.tif,0.548827,20.3459
val,1665.tif,0.545836,20.884
val,1666.tif,0.514358,18.696
val,1667.tif,0.512761,21.2574
val,1668.tif,0.603844,18.8423
val,1669.tif,0.516265,19.0966
val,167.tif,0.55303,19.6623
val,1670.tif,0.450159,18.9577
val,1671.tif,0.4442,21.3065
val,1672.tif,0.4996,19.7952
val,1673.tif,0.508519,19.4619
val,1674.tif,0.449231,18.6027
val,1675.tif,0.63875,21.1619
val,1676.tif,0.572902,21.0343
val,1677.tif,0.493733,22.1518
val,1678.tif,0.514346,19.8934
val,1679.tif,0.507476,19.2615
val,168.tif,0.568984,20.7923
val,1680.tif,0.487954,19.092
val,1681.tif,0.412792,18.2048
val,1682.tif,0.591247,19.1861
val,1683.tif,0.515374,20.0634
val,1684.tif,0.54705,20.6829
val,1685.tif,0.514175,18.8417
val,1686.tif,0.511288,20.1561
val,1687.tif,0.578693,20.6861
val,1688.tif,0.647101,21.1857
val,1689.tif,0.456184,19.026
val,169.tif,0.545051,19.0615
val,1690.tif,0.665491,21.903
val,1691.tif,0.513427,19.7404
val,1692.tif,0.431805,16.933
val,1693.tif,0.468461,18.137
val,1694.tif,0.579197,18.7355
val,1695.tif,0.549064,18.9665
val,1696.tif,0.583991,17.1947
val,1697.tif,0.447551,20.3252
val,1698.tif,0.61797,19.7549
val,1699.tif,0.548852,18.6687
val,17.tif,0.484292,18.7201
val,170.tif,0.595142,20.8435
val,1700.tif,0.529296,18.899
val,1701.tif,0.696583,23.7658
val,1702.tif,0.566423,22.2674
val,1703.tif,0.479476,19.0052
val,1704.tif,0.571777,20.5961
val,1705.tif,0.658403,22.1965
val,1706.tif,0.615644,21.5314
val,1707.tif,0.4891,19.9269
val,1708.tif,0.591543,21.03
val,1709.tif,0.498336,21.312
val,171.tif,0.490373,18.4912
val,1710.tif,0.549993,18.9574
val,1711.tif,0.504292,19.3521
val,1712.tif,0.584275,19.2999
val,1713.tif,0.551015,20.0228
val,1714.tif,0.466798,18.3074
val,1715.tif,0.436082,18.7628
val,1716.tif,0.455116,17.1765
val,1717.tif,0.476965,17.9997
val,1718.tif,0.530371,18.0995
val,1719.tif,0.501023,17.2961
val,172.tif,0.501496,18.1844
val,1720.tif,0.523045,21.0261
val,1721.tif,0.51007,20.1156
val,1722.tif,0.544665,20.0876
val,1723.tif,0.570121,20.859
val,1724.tif,0.545992,20.0525
val,1725.tif,0.504487,18.8258
val,1726.tif,0.441269,16.7276
val,1727.tif,0.61326,19.8088
val,1728.tif,0.451151,18.6564
val,1729.tif,0.570836,20.3083
val,173.tif,0.593381,17.5654
val,1730.tif,0.566541,20.1039
val,1731.tif,0.51197,19.0551
val,1732.tif,0.473917,17.3114
val,1733.tif,0.491915,19.6496
val,1734.tif,0.470511,18.766
val,1735.tif,0.623989,21.5714
val,1736.tif,0.509957,21.0534
val,1737.tif,0.56228,14.8241
val,1738.tif,0.560035,19.8934
val,1739.tif,0.484022,18.8461
val,174.tif,0.698796,17.9078
val,1740.tif,0.523725,19.5012
val,1741.tif,0.548889,19.9027
val,1742.tif,0.537651,19.0846
val,1743.tif,0.508687,21.0293
val,1744.tif,0.508394,19.5636
val,1745.tif,0.596768,21.4926
val,1746.tif,0.588038,17.7945
val,1747.tif,0.652252,21.1914
val,1748.tif,0.58694,20.748
val,1749.tif,0.499825,19.7532
val,175.tif,0.601627,19.4968
val,1750.tif,0.606261,19.7337
val,1751.tif,0.505736,18.8406
val,1752.tif,0.555636,19.2344
val,1753.tif,0.435864,17.3635
val,1754.tif,0.45765,15.7557
val,1755.tif,0.425078,18.3666
val,1756.tif,0.622803,22.0394
val,1757.tif,0.592857,19.5133
val,1758.tif,0.667512,15.8413
val,1759.tif,0.538861,21.1042
val,176.tif,0.768096,21.9469
val,1760.tif,0.421306,18.151
val,1761.tif,0.470465,18.507
val,1762.tif,0.535855,13.6789
val,1763.tif,0.451106,19.2816
val,1764.tif,0.549702,20.7468
val,1765.tif,0.519096,15.5237
val,1766.tif,0.581644,19.5952
val,1767.tif,0.476469,17.6396
val,1768.tif,0.548875,18.3125
val,1769.tif,0.584577,20.935
val,177.tif,0.599966,20.9855
val,1770.tif,0.540509,18.8094
val,1771.tif,0.422135,17.9947
val,1772.tif,0.540077,17.6452
val,1773.tif,0.504818,18.832
val,1774.tif,0.482147,19.0141
val,1775.tif,0.522493,18.8018
val,1776.tif,0.512202,19.4196
val,1777.tif,0.522772,19.176
val,1778.tif,0.563066,20.3381
val,1779.tif,0.426968,17.9685
val,178.tif,0.579451,19.7827
val,1780.tif,0.56277,19.4653
val,1781.tif,0.586676,21.2675
val,1782.tif,0.538737,17.5631
val,1783.tif,0.773911,24.022
val,1784.tif,0.47294,17.6366
val,1785.tif,0.62499,20.4051
val,1786.tif,0.622438,21.8567
val,1787.tif,0.576434,18.9539
val,1788.tif,0.642207,23.681
val,1789.tif,0.540196,19.6582
val,179.tif,0.534711,17.6326
val,1790.tif,0.53846,19.0303
val,1791.tif,0.521697,18.518
val,1792.tif,0.613022,21.0277
val,1793.tif,0.40443,17.3308
val,1794.tif,0.481678,18.5693
val,1795.tif,0.608627,20.8436
val,1796.tif,0.473601,19.3217
val,1797.tif,0.579082,18.4146
val,1798.tif,0.695346,21.8459
val,1799.tif,0.602451,21.4717
val,18.tif,0.555521,18.8823
val,180.tif,0.502132,19.7768
val,1800.tif,0.62114,20.5835
val,1801.tif,0.538887,18.4752
val,1802.tif,0.60874,21.9341
val,1803.tif,0.555202,20.2458
val,1804.tif,0.464999,19.408
val,1805.tif,0.50361,18.623
val,1806.tif,0.5513,19.171
val,1807.tif,0.503689,19.5883
val,1808.tif,0.665947,23.5198
val,1809.tif,0.480532,18.4852
val,181.tif,0.494777,18.9033
val,1810.tif,0.537253,18.3088
val,1811.tif,0.480153,17.0759
val,1812.tif,0.559422,20.3376
val,1813.tif,0.479763,18.6729
val,1814.tif,0.736656,23.4733
val,1815.tif,0.522198,19.9418
val,1816.tif,0.604164,22.2693
val,1817.tif,0.571393,21.469
val,1818.tif,0.477456,17.7057
val,1819.tif,0.487207,19.4279
val,182.tif,0.540368,19.5272
val,1820.tif,0.523171,19.3342
val,1821.tif,0.48288,19.0061
val,1822.tif,0.524004,18.524
val,1823.tif,0.503811,17.2019
val,1824.tif,0.572672,20.1515
val,1825.tif,0.603856,20.7584
val,1826.tif,0.63025,20.7076
val,1827.tif,0.571703,22.896
val,1828.tif,0.563633,19.9602
val,1829.tif,0.547826,18.7057
val,183.tif,0.512697,20.5505
val,1830.tif,0.59763,21.2374
val,1831.tif,0.61715,22.8633
val,1832.tif,0.629114,20.1668
val,1833.tif,0.452052,18.4056
val,1834.tif,0.543094,21.2008
val,1835.tif,0.467563,18.387
val,1836.tif,0.600486,22.6045
val,1837.tif,0.585209,20.1024
val,1838.tif,0.508009,18.3564
val,1839.tif,0.617008,20.2025
val,184.tif,0.579189,19.5124
val,1840.tif,0.542065,19.1868
val,1841.tif,0.613293,17.9736
val,1842.tif,0.544045,20.756
val,1843.tif,0.666162,21.7464
val,1844.tif,0.569917,19.3732
val,1845.tif,0.554514,18.6168
val,1846.tif,0.562947,20.0467
val,1847.tif,0.512423,20.2555
val,1848.tif,0.621379,21.5897
val,1849.tif,0.534877,21.4575
val,185.tif,0.462671,18.1936
val,1850.tif,0.684131,18.6355
val,1851.tif,0.613784,22.3649
val,1852.tif,0.533668,20.1403
val,1853.tif,0.584281,18.5163
val,1854.tif,0.550256,18.4675
val,1855.tif,0.501646,20.3028
val,1856.tif,0.498095,16.9414
val,1857.tif,0.562656,20.25
val,1858.tif,0.645317,21.8356
val,1859.tif,0.465404,17.317
val,186.tif,0.529928,19.0796
val,1860.tif,0.56893,19.0336
val,1861.tif,0.550496,18.9461
val,1862.tif,0.494339,18.9816
val,1863.tif,0.555382,20.4763
val,1864.tif,0.507424,17.9412
val,1865.tif,0.444659,16.3722
val,1866.tif,0.568586,19.8666
val,1867.tif,0.571774,21.7622
val,1868.tif,0.538086,18.1166
val,1869.tif,0.438679,17.6777
val,187.tif,0.521976,18.6707
val,1870.tif,0.581364,23.8168
val,1871.tif,0.584719,21.0287
val,1872.tif,0.418933,17.2735
val,1873.tif,0.544002,19.749
val,1874.tif,0.636116,20.519
val,1875.tif,0.659809,23.3804
val,1876.tif,0.502332,18.6667
val,1877.tif,0.509117,19.4177
val,1878.tif,0.461652,19.4227
val,1879.tif,0.544457,17.5107
val,188.tif,0.541539,19.5977
val,1880.tif,0.483024,19.1663
val,1881.tif,0.48743,19.952
val,1882.tif,0.551187,21.8998
val,1883.tif,0.537105,19.7023
val,1884.tif,0.593947,20.8801
val,1885.tif,0.592582,21.0192
val,1886.tif,0.596793,21.7193
val,1887.tif,0.533041,20.6334
val,1888.tif,0.613592,20.8747
val,1889.tif,0.571518,20.7132
val,189.tif,0.479542,18.817
val,1890.tif,0.631071,20.4945
val,1891.tif,0.512473,18.5837
val,1892.tif,0.493018,15.6862
val,1893.tif,0.666246,21.4079
val,1894.tif,0.596492,21.76
val,1895.tif,0.502531,19.4835
val,1896.tif,0.64424,21.6424
val,1897.tif,0.572739,20.1999
val,1898.tif,0.582084,19.2047
val,1899.tif,0.649046,20.9981
val,19.tif,0.490748,17.6506
val,190.tif,0.467348,18.4172
val,1900.tif,0.540809,20.4465
val,1901.tif,0.471392,19.2187
val,1902.tif,0.631159,21.6135
val,1903.tif,0.496771,19.7118
val,1904.tif,0.639771,22.4334
val,1905.tif,0.535211,19.4447
val,1906.tif,0.586633,21.5492
val,1907.tif,0.501315,19.2341
val,1908.tif,0.618454,22.2768
val,1909.tif,0.637816,21.091
val,191.tif,0.477421,18.2437
val,1910.tif,0.518433,19.9139
val,1911.tif,0.529451,18.9345
val,1912.tif,0.616815,21.2409
val,1913.tif,0.625112,21.3773
val,1914.tif,0.59524,20.3169
val,1915.tif,0.716327,19.3408
val,1916.tif,0.504976,19.1873
val,1917.tif,0.763223,24.9418
val,1918.tif,0.566128,20.9885
val,1919.tif,0.638967,23.0529
val,192.tif,0.525073,17.9967
val,1920.tif,0.505849,20.5134
val,1921.tif,0.579978,21.5205
val,1922.tif,0.630756,20.6315
val,1923.tif,0.631743,21.9163
val,1924.tif,0.599882,22.9639
val,1925.tif,0.542752,19.4401
val,1926.tif,0.613923,21.0032
val,1927.tif,0.61501,21.4166
val,1928.tif,0.597302,19.6722
val,1929.tif,0.599039,21.4757
val,193.tif,0.420565,16.7005
val,1930.tif,0.54739,19.7688
val,1931.tif,0.540636,20.2109
val,1932.tif,0.551288,20.4166
val,1933.tif,0.474089,17.9005
val,1934.tif,0.576869,19.7026
val,1935.tif,0.500124,19.6841
val,1936.tif,0.673117,20.1506
val,1937.tif,0.529951,21.1149
val,1938.tif,0.605447,21.9786
val,1939.tif,0.620961,20.9173
val,194.tif,0.61434,19.1649
val,1940.tif,0.488292,19.2163
val,1941.tif,0.579189,18.8038
val,1942.tif,0.626717,23.8849
val,1943.tif,0.530137,20.3736
val,1944.tif,0.749859,23.1565
val,1945.tif,0.617941,19.8402
val,1946.tif,0.605274,22.2724
val,1947.tif,0.613407,20.9038
val,1948.tif,0.487818,18.2678
val,1949.tif,0.614321,17.9295
val,195.tif,0.521952,19.8805
val,1950.tif,0.552871,20.1117
val,1951.tif,0.578475,18.5585
val,1952.tif,0.529405,20.0651
val,1953.tif,0.559431,18.4453
val,1954.tif,0.542009,19.3527
val,1955.tif,0.56238,21.0566
val,1956.tif,0.505097,19.8173
val,1957.tif,0.553541,20.3985
val,1958.tif,0.504714,17.7715
val,1959.tif,0.509896,17.7655
val,196.tif,0.488619,16.9712
val,1960.tif,0.616744,21.55
val,1961.tif,0.666952,21.9591
val,1962.tif,0.60159,21.685
val,1963.tif,0.530851,19.6551
val,1964.tif,0.563101,19.6344
val,1965.tif,0.619589,21.929
val,1966.tif,0.646438,22.1077
val,1967.tif,0.451969,17.7544
val,1968.tif,0.528916,20.5292
val,1969.tif,0.561409,20.4481
val,197.tif,0.370694,17.1096
val,1970.tif,0.51599,20.3176
val,1971.tif,0.481464,18.6652
val,1972.tif,0.798577,21.5101
val,1973.tif,0.531158,20.6479
val,1974.tif,0.504636,18.887
val,1975.tif,0.51322,18.9964
val,1976.tif,0.804153,24.2294
val,1977.tif,0.5991,21.554
val,1978.tif,0.45381,18.6461
val,1979.tif,0.607767,20.6351
val,198.tif,0.468225,19.443
val,1980.tif,0.44178,18.351
val,1981.tif,0.543262,19.742
val,1982.tif,0.570912,20.2709
val,1983.tif,0.657258,20.2626
val,1984.tif,0.601857,19.5878
val,1985.tif,0.638819,21.6206
val,1986.tif,0.685756,23.7417
val,1987.tif,0.619693,21.2286
val,1988.tif,0.824675,22.9789
val,1989.tif,0.490283,19.2271
val,199.tif,0.510198,20.7326
val,1990.tif,0.588866,22.669
val,1991.tif,0.503651,18.8748
val,1992.tif,0.600318,20.5318
val,1993.tif,0.646265,22.9629
val,1994.tif,0.592524,20.5947
val,1995.tif,0.63201,20.3926
val,1996.tif,0.624433,21.1935
val,1997.tif,0.627202,23.6957
val,1998.tif,0.531422,20.1992
val,1999.tif,0.637357,20.7006
val,2.tif,0.616609,23.1951
val,20.tif,0.588184,19.6339
val,200.tif,0.546007,20.4303
val,2000.tif,0.594254,21.944
val,2001.tif,0.400524,16.9629
val,2002.tif,0.490485,18.9559
val,2003.tif,0.636,20.832
val,2004.tif,0.530961,20.5876
val,2005.tif,0.626034,21.6458
val,2006.tif,0.507921,19.2115
val,2007.tif,0.604707,20.0122
val,2008.tif,0.552014,18.9663
val,2009.tif,0.649462,20.5801
val,201.tif,0.491102,17.1424
val,2010.tif,0.605175,19.4826
val,2011.tif,0.505823,17.96
val,2012.tif,0.59752,20.2562
val,2013.tif,0.605904,21.6647
val,2014.tif,0.683479,22.2136
val,2015.tif,0.593289,21.7086
val,2016.tif,0.539376,21.5302
val,2017.tif,0.505385,18.0905
val,2018.tif,0.666341,22.0694
val,2019.tif,0.559213,19.4077
val,202.tif,0.503838,16.6629
val,2020.tif,0.480523,18.8794
val,2021.tif,0.512296,20.1129
val,2022.tif,0.502894,20.3981
val,2023.tif,0.576851,22.302
val,2024.tif,0.48001,18.6556
val,2025.tif,0.613633,21.9667
val,2026.tif,0.607914,18.0571
val,2027.tif,0.588101,19.5787
val,2028.tif,0.653217,19.2896
val,2029.tif,0.596024,21.8965
val,203.tif,0.549753,18.9362
val,2030.tif,0.62535,20.2049
val,2031.tif,0.556939,17.2684
val,2032.tif,0.644952,22.9466
val,2033.tif,0.627704,21.8243
val,2034.tif,0.635739,21.2269
val,2035.tif,0.648684,23.0665
val,2036.tif,0.58439,21.3767
val,2037.tif,0.621303,20.1977
val,2038.tif,0.571449,21.266
val,2039.tif,0.680059,23.2693
val,204.tif,0.394042,16.2424
val,2040.tif,0.502384,19.2733
val,2041.tif,0.70543,22.7836
val,2042.tif,0.447241,18.3347
val,2043.tif,0.599727,20.96
val,2044.tif,0.603911,21.0771
val,2045.tif,0.650693,21.9606
val,2046.tif,0.53217,20.4067
val,2047.tif,0.646302,21.4098
val,2048.tif,0.50038,18.5497
val,2049.tif,0.460458,18.1241
val,205.tif,0.539971,19.6497
val,2050.tif,0.590168,19.154
val,2051.tif,0.532148,20.11
val,2052.tif,0.554915,20.07
val,2053.tif,0.671911,22.6527
val,2054.tif,0.563293,19.7483
val,2055.tif,0.513134,18.9096
val,2056.tif,0.493994,18.2132
val,2057.tif,0.612341,19.6221
val,2058.tif,0.672386,22.9224
val,2059.tif,0.480691,18.1715
val,206.tif,0.600746,16.5112
val,2060.tif,0.655575,22.7507
val,2061.tif,0.599343,21.8015
val,2062.tif,0.640077,21.8812
val,2063.tif,0.536858,21.8566
val,2064.tif,0.517743,19.5553
val,2065.tif,0.660069,21.5223
val,2066.tif,0.653186,21.646
val,2067.tif,0.519068,18.9923
val,2068.tif,0.707721,19.2967
val,2069.tif,0.494157,18.5641
val,207.tif,0.495259,17.9131
val,2070.tif,0.574798,20.678
val,2071.tif,0.595185,20.3672
val,2072.tif,0.617814,22.6422
val,2073.tif,0.611453,20.1648
val,2074.tif,0.509966,20.3779
val,2075.tif,0.489557,18.5033
val,2076.tif,0.650248,19.5748
val,2077.tif,0.671402,22.9325
val,2078.tif,0.57185,18.5617
val,2079.tif,0.680057,22.4071
val,208.tif,0.50787,18.9611
val,2080.tif,0.511623,19.287
val,2081.tif,0.64459,23.2851
val,2082.tif,0.661216,22.8261
val,2083.tif,0.590583,21.4745
val,2084.tif,0.486248,20.2982
val,2085.tif,0.55092,20.9311
val,2086.tif,0.667118,21.8508
val,2087.tif,0.514068,19.9582
val,2088.tif,0.553856,19.6771
val,2089.tif,0.554008,21.1901
val,209.tif,0.470701,18.8335
val,2090.tif,0.593745,21.6928
val,2091.tif,0.616043,21.3521
val,2092.tif,0.622678,22.1417
val,2093.tif,0.579955,21.5943
val,2094.tif,0.582248,20.2367
val,2095.tif,0.506853,19.9245
val,2096.tif,0.6106,21.2722
val,2097.tif,0.519577,17.7082
val,2098.tif,0.508812,18.9613
val,2099.tif,0.54484,20.109
val,21.tif,0.68056,22.5328
val,210.tif,0.496677,19.8953
val,2100.tif,0.603465,20.2832
val,2101.tif,0.611458,21.303
val,2102.tif,0.530462,19.6891
val,2103.tif,0.58938,20.6712
val,2104.tif,0.67995,22.5671
val,2105.tif,0.519704,19.1653
val,2106.tif,0.684656,21.1193
val,2107.tif,0.528588,19.2738
val,2108.tif,0.63145,21.2478
val,2109.tif,0.681185,21.6344
val,211.tif,0.458643,18.566
val,2110.tif,0.559942,18.0604
val,2111.tif,0.626709,15.3011
val,2112.tif,0.456934,19.9869
val,2113.tif,0.535602,20.4421
val,2114.tif,0.663,23.3778
val,2115.tif,0.49384,19.1083
val,2116.tif,0.583792,21.0855
val,2117.tif,0.552725,20.6486
val,2118.tif,0.605681,22.3215
val,2119.tif,0.499663,19.8103
val,212.tif,0.533511,17.9179
val,2120.tif,0.584618,18.7401
val,2121.tif,0.638077,20.5141
val,2122.tif,0.62226,20.9096
val,2123.tif,0.630347,22.083
val,2124.tif,0.611974,20.498
val,2125.tif,0.791748,22.5216
val,2126.tif,0.573559,16.8327
val,2127.tif,0.634043,18.7536
val,2128.tif,0.566967,21.1071
val,2129.tif,0.487899,19.9118
val,213.tif,0.443878,16.9536
val,2130.tif,0.630788,21.9111
val,2131.tif,0.7082,23.0497
val,2132.tif,0.653105,20.6074
val,2133.tif,0.520264,20.9644
val,2134.tif,0.483011,18.566
val,2135.tif,0.682036,22.6411
val,2136.tif,0.652559,22.7245
val,2137.tif,0.564828,21.5572
val,2138.tif,0.470395,20.0556
val,2139.tif,0.601443,20.8046
val,214.tif,0.739495,23.5877
val,2140.tif,0.480397,19.7791
val,2141.tif,0.657343,18.1238
val,2142.tif,0.636607,21.0546
val,2143.tif,0.587998,19.1322
val,2144.tif,0.623775,19.7574
val,2145.tif,0.592695,19.9823
val,2146.tif,0.58146,21.9729
val,2147.tif,0.669636,19.4342
val,2148.tif,0.589481,20.8125
val,2149.tif,0.613095,20.9617
val,215.tif,0.525339,20.2956
val,2150.tif,0.72391,18.7783
val,2151.tif,0.552976,19.1008
val,2152.tif,0.640712,20.0912
val,2153.tif,0.606439,21.6229
val,2154.tif,0.690963,19.0052
val,2155.tif,0.5591,20.9769
val,2156.tif,0.53682,18.7235
val,2157.tif,0.516863,18.037
val,2158.tif,0.684298,21.1183
val,2159.tif,0.572377,20.4918
val,216.tif,0.502151,19.775
val,2160.tif,0.640274,20.9016
val,2161.tif,0.63543,21.2382
val,2162.tif,0.533651,20.15
val,2163.tif,0.609714,19.2994
val,2164.tif,0.507815,20.8068
val,2165.tif,0.500616,18.9816
val,2166.tif,0.597951,20.7007
val,2167.tif,0.614165,21.5728
val,2168.tif,0.499179,18.5666
val,2169.tif,0.533625,21.3771
val,217.tif,0.464152,17.7146
val,2170.tif,0.485792,17.948
val,2171.tif,0.578474,20.13
val,2172.tif,0.62161,21.5177
val,2173.tif,0.549696,19.4296
val,2174.tif,0.531421,19.9398
val,2175.tif,0.308821,14.8894
val,2176.tif,0.566507,20.3356
val,2177.tif,0.552762,18.763
val,2178.tif,0.657574,22.2048
val,2179.tif,0.610264,20.7616
val,218.tif,0.44823,18.4132
val,2180.tif,0.527273,18.7806
val,2181.tif,0.765097,25.162
val,2182.tif,0.59288,21.1083
val,2183.tif,0.45385,16.8506
val,2184.tif,0.585321,21.9883
val,2185.tif,0.599575,21.0752
val,2186.tif,0.53368,19.4692
val,2187.tif,0.702686,22.4236
val,2188.tif,0.582024,21.2063
val,2189.tif,0.50802,20.4683
val,219.tif,0.53981,20.4323
val,2190.tif,0.617838,21.505
val,2191.tif,0.574391,20.1897
val,2192.tif,0.654214,21.5377
val,2193.tif,0.552708,20.8521
val,2194.tif,0.631787,21.9226
val,2195.tif,0.489807,17.518
val,2196.tif,0.586786,18.813
val,2197.tif,0.463279,18.797
val,2198.tif,0.583389,19.9147
val,2199.tif,0.601376,20.4944
val,22.tif,0.480507,17.9935
val,220.tif,0.522516,18.8818
val,2200.tif,0.618312,20.8593
val,2201.tif,0.459896,19.4603
val,2202.tif,0.570469,18.443
val,2203.tif,0.632807,21.4124
val,2204.tif,0.659332,22.28
val,2205.tif,0.55758,17.6573
val,2206.tif,0.585074,21.0866
val,2207.tif,0.556595,20.7003
val,2208.tif,0.55135,19.3971
val,2209.tif,0.399425,18.1247
val,221.tif,0.485306,18.8794
val,2210.tif,0.666489,22.5188
val,2211.tif,0.469941,18.8635
val,2212.tif,0.594301,20.8419
val,2213.tif,0.607914,21.706
val,2214.tif,0.561333,19.3676
val,2215.tif,0.639978,21.8569
val,2216.tif,0.653684,19.2703
val,2217.tif,0.648318,22.4777
val,2218.tif,0.533249,19.2392
val,2219.tif,0.4501,18.822
val,222.tif,0.442255,19.2327
val,2220.tif,0.581317,20.1415
val,2221.tif,0.531389,21.4463
val,2222.tif,0.517124,21.4562
val,2223.tif,0.733993,22.3963
val,2224.tif,0.554992,20.3828
val,2225.tif,0.541428,20.8221
val,2226.tif,0.581441,20.1562
val,2227.tif,0.579121,21.9098
val,2228.tif,0.540933,20.4911
val,2229.tif,0.655761,22.6384
val,223.tif,0.403764,17.526
val,2230.tif,0.541825,20.1938
val,2231.tif,0.573295,21.9437
val,2232.tif,0.61123,20.119
val,2233.tif,0.579438,21.842
val,2234.tif,0.592301,19.5346
val,2235.tif,0.587809,20.2877
val,2236.tif,0.501504,18.0312
val,2237.tif,0.500148,19.3905
val,2238.tif,0.651996,22.5707
val,2239.tif,0.620096,20.2788
val,224.tif,0.457633,17.6583
val,2240.tif,0.504606,20.4523
val,2241.tif,0.580025,20.9449
val,2242.tif,0.646505,23.5197
val,2243.tif,0.522137,19.6861
val,2244.tif,0.590034,20.8874
val,2245.tif,0.458519,20.7297
val,2246.tif,0.569963,21.3466
val,2247.tif,0.667011,23.3129
val,2248.tif,0.619256,21.2835
val,2249.tif,0.521032,17.6753
val,225.tif,0.475706,19.6278
val,2250.tif,0.522954,19.0415
val,2251.tif,0.62152,20.0062
val,2252.tif,0.551913,20.1684
val,2253.tif,0.656991,20.8665
val,2254.tif,0.518833,18.4952
val,2255.tif,0.647779,21.5923
val,2256.tif,0.584144,18.4939
val,2257.tif,0.568234,19.5033
val,2258.tif,0.654377,21.5378
val,2259.tif,0.695614,23.516
val,226.tif,0.516338,20.0774
val,2260.tif,0.515964,18.8419
val,2261.tif,0.575597,20.7642
val,2262.tif,0.60846,19.5813
val,2263.tif,0.615843,20.2721
val,2264.tif,0.616298,21.2497
val,2265.tif,0.645467,22.7415
val,2266.tif,0.5971,21.4777
val,2267.tif,0.55529,17.9519
val,2268.tif,0.592232,19.4888
val,2269.tif,0.54019,19.7683
val,227.tif,0.461967,18.5738
val,2270.tif,0.531483,16.7092
val,2271.tif,0.582923,21.2754
val,2272.tif,0.656066,23.3561
val,2273.tif,0.442367,16.7946
val,2274.tif,0.498038,21.1518
val,2275.tif,0.569792,20.649
val,2276.tif,0.579727,20.4623
val,2277.tif,0.628168,20.6451
val,2278.tif,0.598913,21.4612
val,2279.tif,0.673261,22.1544
val,228.tif,0.479307,14.5803
val,2280.tif,0.618858,21.8029
val,2281.tif,0.605627,21.2211
val,2282.tif,0.597875,21.3375
val,2283.tif,0.649218,23.3307
val,2284.tif,0.666019,21.898
val,2285.tif,0.546755,19.5458
val,2286.tif,0.618357,21.0666
val,2287.tif,0.601812,19.7564
val,2288.tif,0.534917,20.3207
val,2289.tif,0.51502,18.4207
val,229.tif,0.416796,14.6204
val,2290.tif,0.631165,20.858
val,2291.tif,0.613339,20.5206
val,2292.tif,0.508043,18.774
val,2293.tif,0.577835,20.9928
val,2294.tif,0.56769,19.7945
val,2295.tif,0.546836,19.9932
val,2296.tif,0.646931,21.5448
val,2297.tif,0.509642,20.9614
val,2298.tif,0.480506,19.504
val,2299.tif,0.735356,24.1983
val,23.tif,0.756858,23.1261
val,230.tif,0.505984,17.8795
val,2300.tif,0.574678,21.1664
val,2301.tif,0.46052,18.6572
val,2302.tif,0.679994,22.0002
val,2303.tif,0.694737,23.0193
val,2304.tif,0.59441,20.6716
val,2305.tif,0.529321,19.9978
val,2306.tif,0.564428,17.1615
val,2307.tif,0.504356,19.0786
val,2308.tif,0.516153,16.2132
val,2309.tif,0.570095,19.5896
val,231.tif,0.433463,18.1384
val,2310.tif,0.565996,20.287
val,2311.tif,0.545477,20.6
val,2312.tif,0.710867,24.1524
val,2313.tif,0.552379,20.6569
val,2314.tif,0.719904,22.9042
val,2315.tif,0.580341,20.8269
val,2316.tif,0.647737,18.2112
val,2317.tif,0.653244,22.7964
val,2318.tif,0.738051,21.1811
val,2319.tif,0.641921,21.2041
val,232.tif,0.443599,17.2221
val,2320.tif,0.574867,20.5865
val,2321.tif,0.510557,19.9304
val,2322.tif,0.561051,19.5237
val,2323.tif,0.435399,16.5436
val,2324.tif,0.687069,22.5353
val,2325.tif,0.597169,20.7458
val,2326.tif,0.682795,23.3928
val,2327.tif,0.512802,18.0815
val,2328.tif,0.471076,18.4587
val,2329.tif,0.568216,19.113
val,233.tif,0.504282,19.1077
val,2330.tif,0.439797,18.6396
val,2331.tif,0.55393,19.9106
val,2332.tif,0.540595,20.4489
val,2333.tif,0.501531,18.8058
val,2334.tif,0.640817,22.758
val,2335.tif,0.512846,19.4841
val,2336.tif,0.550464,21.1046
val,2337.tif,0.562495,21.1386
val,2338.tif,0.430007,17.3728
val,2339.tif,0.685411,21.1409
val,234.tif,0.422533,18.8069
val,2340.tif,0.628441,23.0269
val,2341.tif,0.730102,24.5815
val,2342.tif,0.582959,21.3132
val,2343.tif,0.657438,19.3928
val,2344.tif,0.51666,18.1444
val,2345.tif,0.613547,20.3165
val,2346.tif,0.514134,21.037
val,2347.tif,0.530856,19.1891
val,2348.tif,0.628903,20.407
val,2349.tif,0.529014,19.9071
val,235.tif,0.485015,19.4277
val,2350.tif,0.662029,22.247
val,2351.tif,0.542442,20.6755
val,2352.tif,0.6152,20.349
val,2353.tif,0.486754,19.8306
val,2354.tif,0.515424,19.6443
val,2355.tif,0.582989,21.2316
val,2356.tif,0.531667,19.4358
val,2357.tif,0.57475,19.773
val,2358.tif,0.741645,24.8175
val,2359.tif,0.511746,19.1148
val,236.tif,0.564117,20.1702
val,2360.tif,0.509362,19.3039
val,2361.tif,0.526836,19.8254
val,2362.tif,0.558692,19.0214
val,2363.tif,0.656243,22.3467
val,2364.tif,0.61708,20.8262
val,2365.tif,0.617238,21.0135
val,2366.tif,0.479935,18.7353
val,2367.tif,0.547115,21.1037
val,2368.tif,0.67462,23.797
val,2369.tif,0.739107,25.2582
val,237.tif,0.479222,18.4753
val,2370.tif,0.562018,21.5768
val,2371.tif,0.528115,18.813
val,2372.tif,0.640641,22.4489
val,2373.tif,0.526528,19.0367
val,2374.tif,0.528478,19.7059
val,2375.tif,0.529498,20.8304
val,2376.tif,0.500301,18.7175
val,2377.tif,0.613392,21.5797
val,2378.tif,0.553664,20.1696
val,2379.tif,0.517629,19.6731
val,238.tif,0.441195,18.3291
val,2380.tif,0.467218,19.2069
val,2381.tif,0.646069,21.1485
val,2382.tif,0.538675,18.777
val,2383.tif,0.485327,20.1558
val,2384.tif,0.589983,18.4798
val,2385.tif,0.574836,19.9924
val,2386.tif,0.64465,21.2351
val,2387.tif,0.582519,19.4
val,2388.tif,0.548761,20.4958
val,2389.tif,0.529301,19.8827
val,239.tif,0.489037,19.4034
val,2390.tif,0.509804,17.8772
val,2391.tif,0.652721,21.828
val,2392.tif,0.496955,19.9173
val,2393.tif,0.485248,19.1288
val,2394.tif,0.733359,24.746
val,2395.tif,0.592333,21.8854
val,2396.tif,0.552791,20.2291
val,2397.tif,0.630393,19.0859
val,2398.tif,0.60498,21.0688
val,2399.tif,0.466557,19.4272
val,24.tif,0.576579,19.999
val,240.tif,0.44956,17.8469
val,2400.tif,0.593227,19.9971
val,2401.tif,0.650983,21.2916
val,2402.tif,0.579624,20.8585
val,2403.tif,0.563628,20.0614
val,2404.tif,0.582977,19.8921
val,2405.tif,0.511989,19.9543
val,2406.tif,0.61523,20.4818
val,2407.tif,0.566294,20.7018
val,2408.tif,0.645165,21.4682
val,2409.tif,0.648504,21.6268
val,241.tif,0.783732,23.5953
val,2410.tif,0.633458,21.1287
val,2411.tif,0.669326,22.9074
val,2412.tif,0.601191,20.6104
val,2413.tif,0.600838,23.2126
val,2414.tif,0.443574,18.8323
val,2415.tif,0.590778,21.0499
val,2416.tif,0.636697,21.4846
val,2417.tif,0.430731,18.0194
val,2418.tif,0.731998,21.5079
val,2419.tif,0.542194,20.0693
val,242.tif,0.50996,19.0316
val,2420.tif,0.543976,20.4271
val,2421.tif,0.607974,20.1593
val,2422.tif,0.589352,22.5742
val,2423.tif,0.644104,21.6423
val,2424.tif,0.521998,21.521
val,2425.tif,0.443036,18.482
val,2426.tif,0.594673,21.24
val,2427.tif,0.624905,21.7054
val,2428.tif,0.616816,21.1923
val,2429.tif,0.463378,18.4084
val,243.tif,0.798822,23.6562
val,2430.tif,0.530525,19.6153
val,2431.tif,0.535514,20.1317
val,2432.tif,0.63272,21.0231
val,2433.tif,0.628842,21.6498
val,2434.tif,0.518384,18.6918
val,2435.tif,0.657379,21.2837
val,2436.tif,0.597046,21.4124
val,2437.tif,0.579648,20.899
val,2438.tif,0.568038,20.9925
val,2439.tif,0.545263,20.186
val,244.tif,0.461333,18.3745
val,2440.tif,0.634446,21.2136
val,2441.tif,0.5394,20.06
val,2442.tif,0.465353,17.9274
val,2443.tif,0.753307,21.3675
val,2444.tif,0.465717,18.7474
val,2445.tif,0.530649,20.0148
val,2446.tif,0.553362,20.7269
val,2447.tif,0.697334,21.3917
val,2448.tif,0.551579,18.9606
val,2449.tif,0.642733,19.2354
val,245.tif,0.558254,21.1141
val,2450.tif,0.53058,20.6869
val,2451.tif,0.47908,19.1581
val,2452.tif,0.60525,20.7642
val,2453.tif,0.613132,20.8968
val,2454.tif,0.668561,23.0225
val,2455.tif,0.465938,18.7051
val,2456.tif,0.688434,23.8161
val,2457.tif,0.49822,19.1906
val,2458.tif,0.672642,22.5876
val,2459.tif,0.553547,19.3995
val,246.tif,0.5328,19.3074
val,2460.tif,0.588408,21.1328
val,2461.tif,0.485367,19.7533
val,2462.tif,0.606865,21.8814
val,2463.tif,0.675323,22.4192
val,2464.tif,0.613608,21.2468
val,2465.tif,0.653438,22.7801
val,2466.tif,0.567081,21.853
val,2467.tif,0.613615,19.7018
val,2468.tif,0.505439,18.9118
val,2469.tif,0.609417,22.5336
val,247.tif,0.455006,16.5602
val,2470.tif,0.784822,24.6412
val,2471.tif,0.679527,20.6459
val,2472.tif,0.661332,22.2639
val,2473.tif,0.712787,21.8688
val,2474.tif,0.406801,16.7187
val,2475.tif,0.494274,19.6367
val,2476.tif,0.494014,19.4227
val,2477.tif,0.613483,19.811
val,2478.tif,0.650832,21.5675
val,2479.tif,0.552193,20.2031
val,248.tif,0.492717,18.4003
val,2480.tif,0.54148,20.1664
val,2481.tif,0.603603,20.1938
val,2482.tif,0.579841,20.2032
val,2483.tif,0.50533,20.5401
val,2484.tif,0.592466,21.025
val,2485.tif,0.581023,19.8313
val,2486.tif,0.558955,18.4938
val,2487.tif,0.457518,18.3965
val,2488.tif,0.565374,20.8288
val,2489.tif,0.553172,20.3336
val,249.tif,0.383198,17.6973
val,2490.tif,0.549154,19.1622
val,2491.tif,0.640238,21.3028
val,2492.tif,0.53208,18.305
val,2493.tif,0.685439,23.9821
val,2494.tif,0.716635,23.0209
val,2495.tif,0.606091,21.0391
val,2496.tif,0.572837,19.5228
val,2497.tif,0.532027,19.357
val,2498.tif,0.624009,20.1841
val,2499.tif,0.606664,21.6035
val,25.tif,0.538735,18.4579
val,250.tif,0.494492,19.6196
val,2500.tif,0.581184,21.5441
val,2501.tif,0.618084,20.735
val,2502.tif,0.546313,19.0888
val,2503.tif,0.688997,22.1262
val,2504.tif,0.595098,20.7537
val,2505.tif,0.537951,20.3209
val,2506.tif,0.773966,25.01
val,2507.tif,0.654187,20.9674
val,2508.tif,0.612979,20.2561
val,2509.tif,0.512042,21.329
val,251.tif,0.52538,19.452
val,2510.tif,0.554437,20.4783
val,2511.tif,0.62923,20.3974
val,2512.tif,0.519288,21.6057
val,2513.tif,0.558171,18.8246
val,2514.tif,0.583036,19.8301
val,2515.tif,0.691328,19.5762
val,2516.tif,0.598476,20.6001
val,2517.tif,0.610481,17.9362
val,2518.tif,0.441416,18.3589
val,2519.tif,0.557484,19.2807
val,252.tif,0.477397,18.2936
val,2520.tif,0.566092,19.6983
val,2521.tif,0.490526,19.581
val,2522.tif,0.53154,18.4173
val,2523.tif,0.588772,20.2931
val,2524.tif,0.529037,19.9764
val,2525.tif,0.561108,19.7553
val,2526.tif,0.484421,19.5075
val,2527.tif,0.527822,18.5215
val,2528.tif,0.65904,19.0692
val,2529.tif,0.57534,19.7219
val,253.tif,0.516558,19.1003
val,2530.tif,0.605046,20.0216
val,2531.tif,0.644312,21.2711
val,2532.tif,0.464557,19.7711
val,2533.tif,0.448157,18.0604
val,2534.tif,0.656783,22.1432
val,2535.tif,0.430695,16.8752
val,2536.tif,0.569649,17.9905
val,2537.tif,0.463107,18.3444
val,2538.tif,0.559426,18.8036
val,2539.tif,0.670002,22.311
val,254.tif,0.472171,18.7944
val,2540.tif,0.501893,18.348
val,2541.tif,0.683931,22.5189
val,2542.tif,0.600526,20.7666
val,2543.tif,0.660397,21.3167
val,2544.tif,0.452309,18.922
val,2545.tif,0.585411,19.6985
val,2546.tif,0.661541,21.6116
val,2547.tif,0.560032,19.7901
val,2548.tif,0.623568,23.5232
val,2549.tif,0.62135,22.7991
val,255.tif,0.489931,18.5163
val,2550.tif,0.532873,20.0916
val,2551.tif,0.465983,18.0682
val,2552.tif,0.532832,20.9738
val,2553.tif,0.481612,19.4882
val,2554.tif,0.600003,21.1394
val,2555.tif,0.501827,20.5271
val,2556.tif,0.465679,18.3521
val,2557.tif,0.430758,18.2305
val,2558.tif,0.601759,20.5479
val,2559.tif,0.597093,20.5038
val,256.tif,0.43069,16.3134
val,2560.tif,0.527298,21.1676
val,2561.tif,0.79419,26.7872
val,2562.tif,0.720318,23.3298
val,2563.tif,0.634243,22.6372
val,2564.tif,0.635726,20.4166
val,2565.tif,0.473902,18.4997
val,2566.tif,0.498378,18.9729
val,2567.tif,0.588089,19.1443
val,2568.tif,0.54953,18.8542
val,2569.tif,0.506401,18.6805
val,257.tif,0.43106,17.339
val,2570.tif,0.549189,19.9091
val,2571.tif,0.607719,20.9466
val,2572.tif,0.725953,20.5701
val,2573.tif,0.589621,21.0549
val,2574.tif,0.574722,20.4603
val,2575.tif,0.58892,20.7261
val,2576.tif,0.654244,20.6334
val,2577.tif,0.621255,21.4754
val,2578.tif,0.685876,20.4167
val,2579.tif,0.618336,20.7816
val,258.tif,0.586353,19.5422
val,2580.tif,0.626682,21.9375
val,2581.tif,0.23611,15.8292
val,2582.tif,0.786496,24.112
val,2583.tif,0.614304,19.3939
val,2584.tif,0.652786,21.2125
val,2585.tif,0.57337,18.7475
val,2586.tif,0.494416,18.6007
val,2587.tif,0.482631,17.6028
val,2588.tif,0.616936,22.144
val,2589.tif,0.646113,23.5151
val,259.tif,0.493033,18.2486
val,2590.tif,0.611727,21.3082
val,2591.tif,0.641968,21.7938
val,2592.tif,0.676559,22.7331
val,2593.tif,0.561489,19.7061
val,2594.tif,0.600879,19.6016
val,2595.tif,0.609071,20.842
val,2596.tif,0.477443,18.7432
val,2597.tif,0.619446,20.604
val,2598.tif,0.597535,21.9725
val,2599.tif,0.708907,23.2185
val,26.tif,0.573772,20.0718
val,260.tif,0.457989,18.8149
val,2600.tif,0.479612,19.0494
val,2601.tif,0.577399,19.3633
val,2602.tif,0.543608,20.1026
val,2603.tif,0.520208,19.3494
val,2604.tif,0.602181,21.3648
val,2605.tif,0.571039,20.4346
val,2606.tif,0.68087,22.1489
val,2607.tif,0.687525,21.3696
val,2608.tif,0.638455,20.7145
val,2609.tif,0.696396,21.2643
val,261.tif,0.717703,20.2326
val,2610.tif,0.581611,21.0595
val,2611.tif,0.612489,20.7791
val,2612.tif,0.543297,20.5122
val,2613.tif,0.577618,19.8637
val,2614.tif,0.618802,21.4039
val,2615.tif,0.56049,20.6525
val,2616.tif,0.554357,20.3717
val,2617.tif,0.525758,20.3593
val,2618.tif,0.710705,21.0893
val,2619.tif,0.604398,23.9649
val,262.tif,0.576681,20.0583
val,2620.tif,0.56759,20.2701
val,2621.tif,0.670764,22.8808
val,2622.tif,0.642383,20.7454
val,2623.tif,0.647066,21.4167
val,2624.tif,0.510564,20.029
val,2625.tif,0.529781,20.3026
val,2626.tif,0.558214,20.7046
val,2627.tif,0.64226,22.5007
val,2628.tif,0.62653,20.7843
val,2629.tif,0.600341,21.1278
val,263.tif,0.492832,18.2909
val,2630.tif,0.469602,18.7001
val,2631.tif,0.579809,20.7979
val,2632.tif,0.561683,19.5882
val,2633.tif,0.546682,20.1655
val,2634.tif,0.605699,20.6409
val,2635.tif,0.512758,20.2539
val,2636.tif,0.695867,23.6262
val,2637.tif,0.623828,20.9842
val,2638.tif,0.733381,23.9207
val,2639.tif,0.51471,19.5148
val,264.tif,0.458699,17.1385
val,2640.tif,0.458937,19.5777
val,2641.tif,0.498085,18.4422
val,2642.tif,0.614127,20.7165
val,2643.tif,0.631678,21.8682
val,2644.tif,0.571788,19.3418
val,2645.tif,0.622242,21.6248
val,2646.tif,0.608408,19.8208
val,2647.tif,0.58524,21.7063
val,2648.tif,0.660591,21.1958
val,2649.tif,0.543739,21.3332
val,265.tif,0.801075,22.8478
val,2650.tif,0.705836,21.6702
val,2651.tif,0.575516,20.7516
val,2652.tif,0.65208,22.4213
val,2653.tif,0.646372,21.3611
val,2654.tif,0.57508,21.6267
val,2655.tif,0.580832,22.2329
val,2656.tif,0.62819,22.0066
val,2657.tif,0.49792,18.7558
val,2658.tif,0.487278,20.1951
val,2659.tif,0.574969,18.6008
val,266.tif,0.419718,16.5262
val,2660.tif,0.478152,19.0337
val,2661.tif,0.544689,20.7013
val,2662.tif,0.633881,21.6326
val,2663.tif,0.627612,21.1695
val,2664.tif,0.436092,17.3213
val,2665.tif,0.631623,18.2184
val,2666.tif,0.541114,20.374
val,2667.tif,0.507014,18.217
val,2668.tif,0.584372,21.5257
val,2669.tif,0.572747,21.1751
val,267.tif,0.765756,22.6362
val,2670.tif,0.574749,21.7458
val,2671.tif,0.626572,20.4065
val,2672.tif,0.634519,20.9469
val,2673.tif,0.75329,24.1236
val,2674.tif,0.665501,21.4878
val,2675.tif,0.653156,21.5219
val,2676.tif,0.571832,19.8737
val,2677.tif,0.631,20.5656
val,2678.tif,0.621419,21.2561
val,2679.tif,0.513031,19.5753
val,268.tif,0.485622,18.6439
val,2680.tif,0.631989,21.8845
val,2681.tif,0.616025,19.612
val,2682.tif,0.64186,21.8914
val,2683.tif,0.517076,19.1707
val,2684.tif,0.683765,22.8277
val,2685.tif,0.462626,17.0315
val,2686.tif,0.556069,18.0994
val,2687.tif,0.610765,19.9054
val,2688.tif,0.599573,19.7155
val,2689.tif,0.6878,20.9272
val,269.tif,0.50925,17.4522
val,2690.tif,0.64096,23.0556
val,2691.tif,0.516841,19.0469
val,2692.tif,0.613267,21.4209
val,2693.tif,0.517841,18.8673
val,2694.tif,0.646271,21.823
val,2695.tif,0.638412,21.469
val,2696.tif,0.530963,19.4498
val,2697.tif,0.722517,22.8105
val,2698.tif,0.500835,19.2251
val,2699.tif,0.644891,22.1263
val,27.tif,0.553057,19.2519
val,270.tif,0.574262,18.9989
val,2700.tif,0.483989,19.8267
val,2701.tif,0.680756,22.6901
val,2702.tif,0.648229,20.9089
val,2703.tif,0.546135,19.8011
val,2704.tif,0.526108,20.2546
val,2705.tif,0.597013,20.1987
val,2706.tif,0.741054,21.8721
val,2707.tif,0.585596,21.8718
val,2708.tif,0.435997,19.3476
val,2709.tif,0.581173,21.5283
val,271.tif,0.568685,20.8045
val,2710.tif,0.428607,18.601
val,2711.tif,0.61651,22.4024
val,2712.tif,0.187934,15.5317
val,2713.tif,0.502962,18.8665
val,2714.tif,0.619991,21.1162
val,2715.tif,0.680373,22.2659
val,2716.tif,0.571854,19.857
val,2717.tif,0.65472,22.804
val,2718.tif,0.567206,19.1929
val,2719.tif,0.621248,20.3309
val,272.tif,0.466872,16.8168
val,2720.tif,0.572805,20.2259
val,2721.tif,0.349617,19.3323
val,2722.tif,0.621874,20.6914
val,2723.tif,0.472414,19.4282
val,2724.tif,0.47669,18.9906
val,2725.tif,0.65689,22.3134
val,2726.tif,0.543503,20.9941
val,2727.tif,0.578963,21.3155
val,2728.tif,0.585436,19.6472
val,2729.tif,0.58415,20.1022
val,273.tif,0.529254,18.2625
val,2730.tif,0.361342,16.2155
val,2731.tif,0.572064,21.2314
val,2732.tif,0.594792,20.8602
val,2733.tif,0.600407,19.9692
val,2734.tif,0.58242,20.2836
val,2735.tif,0.484279,19.1925
val,2736.tif,0.741851,22.5886
val,2737.tif,0.578375,20.1092
val,2738.tif,0.556699,20.6816
val,2739.tif,0.621891,20.6914
val,274.tif,0.503398,18.7926
val,2740.tif,0.511992,20.6323
val,2741.tif,0.618917,21.6334
val,2742.tif,0.564766,20.3704
val,2743.tif,0.550404,19.0656
val,2744.tif,0.601441,21.8947
val,2745.tif,0.639138,20.6041
val,2746.tif,0.495261,17.7272
val,2747.tif,0.619668,19.7695
val,2748.tif,0.577038,19.8139
val,2749.tif,0.542633,20.4326
val,275.tif,0.442204,18.5252
val,2750.tif,0.54005,19.2787
val,2751.tif,0.532908,19.4573
val,2752.tif,0.635037,22.4298
val,2753.tif,0.700169,23.301
val,2754.tif,0.640172,21.37
val,2755.tif,0.6473,22.643
val,2756.tif,0.581716,20.7166
val,2757.tif,0.578027,19.5405
val,2758.tif,0.463934,18.7644
val,2759.tif,0.583736,17.6983
val,276.tif,0.45851,17.0384
val,2760.tif,0.606709,20.7053
val,2761.tif,0.546019,18.7215
val,2762.tif,0.646411,21.3604
val,2763.tif,0.560487,19.2475
val,2764.tif,0.530194,18.7684
val,2765.tif,0.571975,19.3175
val,2766.tif,0.63031,22.0057
val,2767.tif,0.395048,17.6662
val,2768.tif,0.40224,17.9453
val,2769.tif,0.49315,19.8005
val,277.tif,0.416562,16.4633
val,2770.tif,0.521714,18.953
val,2771.tif,0.631218,22.2691
val,2772.tif,0.54532,19.9376
val,2773.tif,0.463244,17.9957
val,2774.tif,0.705512,20.6212
val,2775.tif,0.645462,21.8175
val,2776.tif,0.501713,18.8937
val,2777.tif,0.538746,19.6168
val,2778.tif,0.579835,20.9664
val,2779.tif,0.482541,19.3687
val,278.tif,0.795516,23.9934
val,2780.tif,0.599762,20.1386
val,2781.tif,0.563958,20.3032
val,2782.tif,0.628431,20.9519
val,2783.tif,0.562447,19.078
val,2784.tif,0.566128,20.8756
val,2785.tif,0.60778,20.7159
val,2786.tif,0.521386,18.9851
val,2787.tif,0.461386,18.3899
val,2788.tif,0.589636,20.6439
val,2789.tif,0.520056,19.364
val,279.tif,0.447618,16.847
val,2790.tif,0.584005,19.311
val,2791.tif,0.73356,22.9478
val,2792.tif,0.647636,22.3507
val,2793.tif,0.69195,20.7018
val,2794.tif,0.474275,18.6052
val,2795.tif,0.802307,24.7906
val,2796.tif,0.581403,16.9089
val,2797.tif,0.623422,22.2894
val,2798.tif,0.513356,19.3288
val,2799.tif,0.492743,18.6083
val,28.tif,0.805664,20.7084
val,280.tif,0.450553,18.2117
val,2800.tif,0.487883,18.6545
val,2801.tif,0.578967,19.5097
val,2802.tif,0.445222,16.0456
val,2803.tif,0.536942,20.4636
val,2804.tif,0.534269,19.3966
val,2805.tif,0.628543,17.2884
val,2806.tif,0.668807,22.3811
val,2807.tif,0.603442,20.2944
val,2808.tif,0.485162,18.1047
val,2809.tif,0.632195,22.1632
val,281.tif,0.474539,18.1443
val,2810.tif,0.589953,20.292
val,2811.tif,0.544052,20.3361
val,2812.tif,0.537228,20.0145
val,2813.tif,0.647819,19.9349
val,2814.tif,0.727134,22.8254
val,2815.tif,0.725363,22.4296
val,2816.tif,0.637762,20.1242
val,2817.tif,0.518357,20.1199
val,2818.tif,0.591066,20.9477
val,2819.tif,0.631615,20.4576
val,282.tif,0.404358,18.9752
val,2820.tif,0.583922,21.0204
val,2821.tif,0.5793,21.3504
val,2822.tif,0.672317,23.3878
val,2823.tif,0.625886,21.0639
val,2824.tif,0.480973,19.0275
val,2825.tif,0.548389,19.8178
val,2826.tif,0.677732,21.3438
val,2827.tif,0.805371,23.2386
val,2828.tif,0.555135,19.6539
val,2829.tif,0.667624,20.2333
val,283.tif,0.48053,17.6152
val,2830.tif,0.577497,21.384
val,2831.tif,0.450822,19.5678
val,2832.tif,0.609391,21.2609
val,2833.tif,0.546708,19.0718
val,2834.tif,0.594227,21.6492
val,2835.tif,0.610861,20.6797
val,2836.tif,0.643697,19.8396
val,2837.tif,0.654485,19.7433
val,2838.tif,0.489676,19.1124
val,2839.tif,0.677911,22.4608
val,284.tif,0.47348,19.132
val,2840.tif,0.463601,17.9629
val,2841.tif,0.493656,18.8577
val,2842.tif,0.777957,23.0231
val,2843.tif,0.506901,18.3685
val,2844.tif,0.62117,21.6294
val,2845.tif,0.534081,21.6867
val,2846.tif,0.63013,20.4633
val,2847.tif,0.386905,18.8459
val,2848.tif,0.491166,19.2171
val,2849.tif,0.700816,24.1174
val,285.tif,0.472854,17.9734
val,2850.tif,0.459,19.1989
val,2851.tif,0.579762,20.1103
val,2852.tif,0.601804,21.7671
val,2853.tif,0.545147,19.9647
val,2854.tif,0.548726,18.1052
val,2855.tif,0.510902,17.984
val,2856.tif,0.509587,18.1179
val,2857.tif,0.607421,20.3944
val,2858.tif,0.521103,19.591
val,2859.tif,0.720861,23.1081
val,286.tif,0.386558,18.3251
val,2860.tif,0.572194,22.7247
val,2861.tif,0.621196,20.3805
val,2862.tif,0.557563,20.1822
val,2863.tif,0.56321,19.44
val,2864.tif,0.710835,22.5618
val,2865.tif,0.596573,20.6533
val,2866.tif,0.584897,21.3373
val,2867.tif,0.499276,18.8494
val,2868.tif,0.538612,20.02
val,2869.tif,0.578422,20.5832
val,287.tif,0.494222,18.7773
val,2870.tif,0.637107,21.4761
val,2871.tif,0.509806,19.2455
val,2872.tif,0.549397,20.2598
val,2873.tif,0.459261,18.1657
val,2874.tif,0.51902,19.4617
val,2875.tif,0.708126,20.5317
val,2876.tif,0.794516,22.4272
val,2877.tif,0.711095,21.6364
val,2878.tif,0.488955,19.2997
val,2879.tif,0.464304,17.7044
val,288.tif,0.483633,18.3499
val,2880.tif,0.641641,23.9401
val,2881.tif,0.662128,22.0875
val,2882.tif,0.619438,21.7998
val,2883.tif,0.650165,20.049
val,2884.tif,0.593076,20.3578
val,2885.tif,0.518463,19.4354
val,2886.tif,0.57431,21.639
val,2887.tif,0.585148,20.6822
val,2888.tif,0.494232,17.9728
val,2889.tif,0.514025,19.6543
val,289.tif,0.374389,16.4697
val,2890.tif,0.463891,19.4045
val,2891.tif,0.670358,21.9301
val,2892.tif,0.600456,22.0905
val,2893.tif,0.598457,19.6559
val,2894.tif,0.559328,20.2274
val,2895.tif,0.50916,20.0114
val,2896.tif,0.604119,20.9837
val,2897.tif,0.687693,22.3816
val,2898.tif,0.798537,26.4986
val,2899.tif,0.667643,21.3787
val,29.tif,0.483533,18.7582
val,290.tif,0.519037,18.6732
val,2900.tif,0.552105,20.889
val,2901.tif,0.651486,22.1649
val,2902.tif,0.550872,20.1675
val,2903.tif,0.623481,21.4278
val,2904.tif,0.694723,23.7681
val,2905.tif,0.50033,19.5431
val,2906.tif,0.676483,20.1617
val,2907.tif,0.568118,21.2324
val,2908.tif,0.546494,20.7297
val,2909.tif,0.666206,22.257
val,291.tif,0.539828,17.1094
val,2910.tif,0.612462,21.1172
val,2911.tif,0.778496,25.9791
val,2912.tif,0.570604,20.0992
val,2913.tif,0.558837,19.1805
val,2914.tif,0.48302,18.6328
val,2915.tif,0.713318,24.1978
val,2916.tif,0.565184,21.2836
val,2917.tif,0.701444,23.9511
val,2918.tif,0.551627,20.0159
val,2919.tif,0.575784,20.3434
val,292.tif,0.509668,17.0807
val,2920.tif,0.559942,20.2456
val,2921.tif,0.547393,20.1452
val,2922.tif,0.533314,19.7035
val,2923.tif,0.528215,20.0807
val,2924.tif,0.532728,20.2332
val,2925.tif,0.61878,21.7
val,2926.tif,0.55885,19.8724
val,2927.tif,0.471047,18.8472
val,2928.tif,0.510172,20.1978
val,2929.tif,0.776281,23.3223
val,293.tif,0.449773,19.1486
val,2930.tif,0.50507,19.0758
val,2931.tif,0.668997,23.335
val,2932.tif,0.68391,23.6549
val,2933.tif,0.477708,18.9384
val,2934.tif,0.575471,18.8088
val,2935.tif,0.811336,25.26
val,2936.tif,0.49296,17.6577
val,2937.tif,0.56155,19.6539
val,2938.tif,0.592256,20.1996
val,2939.tif,0.632815,20.5062
val,294.tif,0.530638,20.101
val,2940.tif,0.493744,18.3894
val,2941.tif,0.505455,20.0501
val,2942.tif,0.523937,19.5832
val,2943.tif,0.579478,20.5031
val,2944.tif,0.596999,21.6385
val,2945.tif,0.658469,22.0204
val,2946.tif,0.517685,19.0563
val,2947.tif,0.587784,20.7944
val,2948.tif,0.641584,22.8439
val,2949.tif,0.555821,19.3209
val,295.tif,0.494206,15.4383
val,2950.tif,0.512989,19.474
val,2951.tif,0.56545,19.6098
val,2952.tif,0.5315,18.8467
val,2953.tif,0.578665,20.1129
val,2954.tif,0.556544,19.5934
val,2955.tif,0.557176,20.9121
val,2956.tif,0.41888,18.7557
val,2957.tif,0.607051,20.1568
val,2958.tif,0.678283,23.1022
val,2959.tif,0.572192,20.2505
val,296.tif,0.488812,17.1365
val,2960.tif,0.607088,20.0163
val,2961.tif,0.553537,20.0608
val,2962.tif,0.601332,19.3874
val,2963.tif,0.536802,20.7466
val,2964.tif,0.627133,20.3128
val,2965.tif,0.520115,19.4049
val,2966.tif,0.767313,23.8661
val,2967.tif,0.581143,18.6383
val,2968.tif,0.564674,20.2149
val,2969.tif,0.560709,20.0139
val,297.tif,0.574437,16.5463
val,2970.tif,0.596546,22.0844
val,2971.tif,0.512235,19.0748
val,2972.tif,0.573198,20.952
val,2973.tif,0.517928,19.782
val,2974.tif,0.611215,20.4806
val,2975.tif,0.677723,21.42
val,2976.tif,0.653786,20.9905
val,2977.tif,0.664923,23.2912
val,2978.tif,0.530085,17.25
val,2979.tif,0.580683,21.2377
val,298.tif,0.521755,19.5254
val,2980.tif,0.587999,21.2865
val,2981.tif,0.601735,17.8754
val,2982.tif,0.600491,20.1365
val,2983.tif,0.557673,20.219
val,2984.tif,0.660913,19.7049
val,2985.tif,0.595412,22.1517
val,2986.tif,0.621208,20.1136
val,2987.tif,0.450494,17.8243
val,2988.tif,0.552342,20.1781
val,2989.tif,0.720505,23.2071
val,299.tif,0.459245,18.0187
val,2990.tif,0.620314,20.9911
val,2991.tif,0.650265,23.0899
val,2992.tif,0.531197,19.0779
val,2993.tif,0.746208,23.1995
val,2994.tif,0.567738,20.8293
val,2995.tif,0.569229,19.9586
val,2996.tif,0.586664,19.3986
val,2997.tif,0.571649,21.0756
val,2998.tif,0.628153,19.7228
val,2999.tif,0.628227,22.3646
val,3.tif,0.527946,18.6851
val,30.tif,0.5935,19.4582
val,300.tif,0.485622,15.5578
val,3000.tif,0.581534,19.432
val,3001.tif,0.615839,21.3868
val,3002.tif,0.700535,23.5294
val,3003.tif,0.625356,21.8375
val,3004.tif,0.613905,20.6601
val,3005.tif,0.533705,18.9136
val,3006.tif,0.57646,20.4829
val,3007.tif,0.639268,22.1854
val,3008.tif,0.532384,19.4412
val,3009.tif,0.535905,21.4238
val,301.tif,0.499041,17.9455
val,3010.tif,0.614903,20.6507
val,3011.tif,0.560403,17.9142
val,3012.tif,0.571,20.6242
val,3013.tif,0.612122,19.8602
val,3014.tif,0.589991,21.2575
val,3015.tif,0.563028,20.6808
val,3016.tif,0.601662,21.3508
val,3017.tif,0.543204,19.5184
val,3018.tif,0.701746,22.7602
val,3019.tif,0.630424,17.5629
val,302.tif,0.559729,22.2275
val,3020.tif,0.540857,20.0472
val,3021.tif,0.569201,21.0718
val,3022.tif,0.548987,19.7992
val,3023.tif,0.523672,20.2363
val,3024.tif,0.517099,20.182
val,3025.tif,0.574565,18.9675
val,3026.tif,0.600701,19.9497
val,3027.tif,0.493977,19.0657
val,3028.tif,0.623687,19.8901
val,3029.tif,0.607939,21.9686
val,303.tif,0.573048,20.3452
val,3030.tif,0.640212,21.966
val,3031.tif,0.649737,20.7426
val,3032.tif,0.62312,20.9798
val,3033.tif,0.580435,20.0412
val,3034.tif,0.636473,22.6719
val,3035.tif,0.694598,23.1435
val,3036.tif,0.677582,21.4966
val,3037.tif,0.504659,19.3148
val,3038.tif,0.657759,21.412
val,3039.tif,0.46525,18.8869
val,304.tif,0.409078,18.4799
val,3040.tif,0.62108,20.5865
val,3041.tif,0.531796,19.476
val,3042.tif,0.608353,19.5409
val,3043.tif,0.604121,20.0921
val,3044.tif,0.665017,21.521
val,3045.tif,0.625175,22.4266
val,3046.tif,0.488015,18.1792
val,3047.tif,0.561933,19.9485
val,3048.tif,0.44163,17.9015
val,3049.tif,0.564582,19.9429
val,305.tif,0.468777,19.3195
val,3050.tif,0.637261,21.3334
val,3051.tif,0.67653,23.3856
val,3052.tif,0.598412,21.3288
val,3053.tif,0.585432,19.9617
val,3054.tif,0.585222,22.1062
val,3055.tif,0.491691,18.9456
val,3056.tif,0.593323,21.2492
val,3057.tif,0.455143,18.5712
val,3058.tif,0.493552,17.9831
val,3059.tif,0.63505,21.3649
val,306.tif,0.483807,17.7334
val,3060.tif,0.649996,21.4608
val,3061.tif,0.667796,22.1211
val,3062.tif,0.500096,18.4418
val,3063.tif,0.530867,17.953
val,3064.tif,0.616483,20.9389
val,3065.tif,0.672049,20.9344
val,3066.tif,0.695475,24.1058
val,3067.tif,0.551336,20.5841
val,3068.tif,0.592895,20.1816
val,3069.tif,0.537955,20.5614
val,307.tif,0.448553,18.8206
val,3070.tif,0.49187,18.019
val,3071.tif,0.665133,20.7565
val,3072.tif,0.667667,21.7022
val,3073.tif,0.640685,21.7044
val,3074.tif,0.623809,23.2912
val,3075.tif,0.536595,18.5069
val,3076.tif,0.503824,18.8982
val,3077.tif,0.581583,21.5916
val,3078.tif,0.626801,20.8799
val,3079.tif,0.543269,18.3458
val,308.tif,0.479985,19.6861
val,3080.tif,0.549391,19.7049
val,3081.tif,0.561874,20.2566
val,3082.tif,0.603036,20.9286
val,3083.tif,0.624314,18.924
val,3084.tif,0.647377,22.7081
val,3085.tif,0.507934,17.8786
val,3086.tif,0.631862,20.4722
val,3087.tif,0.555421,20.9993
val,3088.tif,0.621853,20.3907
val,3089.tif,0.618652,21.7401
val,309.tif,0.421166,18.8844
val,3090.tif,0.640833,21.1052
val,3091.tif,0.600829,19.418
val,3092.tif,0.622192,21.1947
val,3093.tif,0.57465,18.9733
val,3094.tif,0.630202,22.3306
val,3095.tif,0.593934,19.2876
val,3096.tif,0.601039,21.8963
val,3097.tif,0.476567,18.2225
val,3098.tif,0.577823,20.3563
val,3099.tif,0.559467,20.8981
val,31.tif,0.579587,20.6615
val,310.tif,0.395052,15.5495
val,3100.tif,0.707444,22.6041
val,3101.tif,0.551261,21.1313
val,3102.tif,0.590104,19.9825
val,3103.tif,0.623951,22.2691
val,3104.tif,0.610433,20.1231
val,3105.tif,0.567689,21.3626
val,3106.tif,0.607545,21.525
val,3107.tif,0.63534,21.5399
val,3108.tif,0.5188,19.9208
val,3109.tif,0.56883,19.962
val,311.tif,0.542645,17.4101
val,3110.tif,0.750532,22.6306
val,3111.tif,0.509409,19.8634
val,3112.tif,0.628159,20.6848
val,3113.tif,0.604761,21.3549
val,3114.tif,0.50839,20.6306
val,3115.tif,0.561532,21.3092
val,3116.tif,0.586476,18.2718
val,3117.tif,0.584726,19.5933
val,3118.tif,0.613976,21.2753
val,3119.tif,0.496995,17.636
val,312.tif,0.75463,22.892
val,3120.tif,0.557902,20.2536
val,3121.tif,0.676825,21.0087
val,3122.tif,0.52051,20.5863
val,3123.tif,0.627273,20.8373
val,3124.tif,0.59467,18.9873
val,3125.tif,0.646699,20.6496
val,3126.tif,0.637325,21.8483
val,3127.tif,0.43679,18.5913
val,3128.tif,0.579686,18.0266
val,3129.tif,0.572374,20.5894
val,313.tif,0.513367,18.2417
val,3130.tif,0.744833,23.9902
val,3131.tif,0.635,21.083
val,3132.tif,0.628189,22.1404
val,3133.tif,0.670132,22.0539
val,3134.tif,0.563614,21.0491
val,3135.tif,0.572275,19.7682
val,3136.tif,0.596536,20.8195
val,3137.tif,0.565888,20.6283
val,3138.tif,0.504961,19.5352
val,3139.tif,0.577987,20.1875
val,314.tif,0.437581,17.3243
val,3140.tif,0.461619,19.0301
val,3141.tif,0.429256,19.0248
val,3142.tif,0.668115,21.7776
val,3143.tif,0.609402,19.0904
val,3144.tif,0.622196,21.4794
val,3145.tif,0.49292,19.0975
val,3146.tif,0.544084,17.9485
val,3147.tif,0.63179,19.9823
val,3148.tif,0.571848,17.761
val,3149.tif,0.645441,21.2403
val,315.tif,0.444981,18.6101
val,3150.tif,0.670209,23.1249
val,3151.tif,0.557065,21.0213
val,3152.tif,0.586112,21.0708
val,3153.tif,0.682432,22.7919
val,3154.tif,0.420532,18.9443
val,3155.tif,0.538704,20.582
val,3156.tif,0.534117,19.4453
val,3157.tif,0.557897,22.9633
val,3158.tif,0.576332,20.1875
val,3159.tif,0.511352,19.0976
val,316.tif,0.667802,19.6273
val,3160.tif,0.565133,18.9748
val,3161.tif,0.616245,21.3658
val,3162.tif,0.586368,20.0705
val,3163.tif,0.526301,19.0822
val,3164.tif,0.411932,18.6901
val,3165.tif,0.46699,18.9087
val,3166.tif,0.557051,21.3
val,3167.tif,0.530378,19.4385
val,3168.tif,0.66085,21.0868
val,3169.tif,0.612138,21.2818
val,317.tif,0.527395,21.7879
val,3170.tif,0.461322,18.5221
val,3171.tif,0.481469,18.621
val,3172.tif,0.531087,20.2717
val,3173.tif,0.545524,20.5402
val,3174.tif,0.563014,20.6863
val,3175.tif,0.593998,20.8928
val,3176.tif,0.628593,19.6576
val,3177.tif,0.610279,21.1976
val,3178.tif,0.505927,20.0161
val,3179.tif,0.570666,21.7271
val,318.tif,0.513866,16.7273
val,3180.tif,0.715212,21.4913
val,3181.tif,0.500795,19.6503
val,3182.tif,0.614595,19.8074
val,3183.tif,0.513159,20.2065
val,3184.tif,0.647479,21.3696
val,3185.tif,0.487819,19.0334
val,3186.tif,0.517114,19.4539
val,3187.tif,0.618498,21.9545
val,3188.tif,0.660931,20.6277
val,3189.tif,0.585411,20.8949
val,319.tif,0.459568,17.5556
val,3190.tif,0.508201,17.7817
val,3191.tif,0.542456,20.8832
val,3192.tif,0.57093,19.127
val,3193.tif,0.623722,21.0678
val,3194.tif,0.577558,19.9386
val,3195.tif,0.666799,22.2028
val,3196.tif,0.659538,19.7301
val,3197.tif,0.5498,18.1103
val,3198.tif,0.585132,20.7985
val,3199.tif,0.405462,19.513
val,32.tif,0.593623,20.3259
val,320.tif,0.670797,21.1504
val,3200.tif,0.631655,22.7267
val,3201.tif,0.581364,18.6969
val,3202.tif,0.561284,21.8126
val,3203.tif,0.610026,19.8475
val,3204.tif,0.558208,20.1773
val,3205.tif,0.623071,21.2005
val,3206.tif,0.563545,19.956
val,3207.tif,0.540461,20.7114
val,3208.tif,0.59381,22.1228
val,3209.tif,0.568751,20.8037
val,321.tif,0.48961,17.3321
val,3210.tif,0.487849,17.3586
val,3211.tif,0.602813,20.9469
val,3212.tif,0.463015,18.9985
val,3213.tif,0.489287,19.898
val,3214.tif,0.587237,20.5997
val,3215.tif,0.453942,17.8739
val,3216.tif,0.589363,21.7578
val,3217.tif,0.49532,17.3709
val,3218.tif,0.509577,20.0284
val,3219.tif,0.565349,21.9878
val,322.tif,0.401182,16.9595
val,3220.tif,0.582359,21.3614
val,3221.tif,0.539463,19.5532
val,3222.tif,0.597128,22.2667
val,3223.tif,0.398204,19.154
val,3224.tif,0.444214,18.738
val,3225.tif,0.621186,22.9208
val,3226.tif,0.559754,17.4558
val,3227.tif,0.45728,19.9228
val,3228.tif,0.553297,21.0421
val,3229.tif,0.531098,20.5508
val,323.tif,0.476404,17.1064
val,3230.tif,0.474257,19.4595
val,3231.tif,0.432566,18.215
val,3232.tif,0.565974,18.8197
val,3233.tif,0.592863,22.0491
val,3234.tif,0.439183,17.2788
val,3235.tif,0.511134,20.6601
val,3236.tif,0.647042,23.3432
val,3237.tif,0.473052,18.4055
val,3238.tif,0.541255,21.4764
val,3239.tif,0.617215,20.7328
val,324.tif,0.359241,17.357
val,3240.tif,0.512387,19.9486
val,3241.tif,0.616288,20.3366
val,3242.tif,0.514299,20.3555
val,3243.tif,0.608461,21.1973
val,3244.tif,0.527252,20.7119
val,3245.tif,0.540494,19.6711
val,3246.tif,0.619669,20.6912
val,3247.tif,0.48624,20.7349
val,3248.tif,0.594521,20.9291
val,3249.tif,0.52481,16.6951
val,325.tif,0.491584,18.8648
val,3250.tif,0.696829,24.2005
val,3251.tif,0.586262,22.1256
val,3252.tif,0.524539,21.2105
val,3253.tif,0.568997,22.365
val,3254.tif,0.59303,21.5487
val,3255.tif,0.490739,18.6996
val,3256.tif,0.627056,20.2254
val,3257.tif,0.603191,21.6472
val,3258.tif,0.615598,18.1251
val,3259.tif,0.662129,21.78
val,326.tif,0.521768,18.1955
val,3260.tif,0.536955,21.0552
val,3261.tif,0.458252,20.007
val,3262.tif,0.558195,19.89
val,3263.tif,0.498966,19.8689
val,3264.tif,0.579028,19.6452
val,3265.tif,0.51595,20.0257
val,3266.tif,0.632991,21.9924
val,3267.tif,0.456851,19.3122
val,3268.tif,0.670976,21.7791
val,3269.tif,0.500918,20.99
val,327.tif,0.492407,19.4794
val,3270.tif,0.474071,20.451
val,3271.tif,0.600787,17.8017
val,3272.tif,0.592025,20.1388
val,3273.tif,0.494689,21.5297
val,3274.tif,0.459949,19.3898
val,3275.tif,0.535509,20.3798
val,3276.tif,0.619249,21.3974
val,3277.tif,0.543499,18.3969
val,3278.tif,0.66949,23.2898
val,3279.tif,0.64808,22.2556
val,328.tif,0.479407,17.2244
val,3280.tif,0.575468,22.0396
val,3281.tif,0.4855,19.8401
val,3282.tif,0.478388,19.6943
val,3283.tif,0.58512,18.8493
val,3284.tif,0.492632,18.9032
val,3285.tif,0.442533,18.6241
val,3286.tif,0.617258,22.0392
val,3287.tif,0.651975,21.682
val,3288.tif,0.435835,18.6386
val,3289.tif,0.415752,17.7505
val,329.tif,0.523998,16.861
val,3290.tif,0.615961,22.4693
val,3291.tif,0.532133,18.9345
val,3292.tif,0.463858,19.1714
val,3293.tif,0.457291,18.9927
val,3294.tif,0.62267,21.7438
val,3295.tif,0.590211,21.0389
val,3296.tif,0.587409,20.6948
val,3297.tif,0.571528,22.0875
val,3298.tif,0.489203,18.4305
val,3299.tif,0.710746,20.5033
val,33.tif,0.513983,17.2056
val,330.tif,0.49914,19.2744
val,3300.tif,0.49776,19.1248
val,3301.tif,0.582563,19.1667
val,3302.tif,0.638138,19.6684
val,3303.tif,0.622845,22.8102
val,3304.tif,0.457022,19.024
val,3305.tif,0.528995,20.6593
val,3306.tif,0.594206,21.8481
val,3307.tif,0.567332,17.5302
val,3308.tif,0.502867,20.3693
val,3309.tif,0.583194,19.7727
val,331.tif,0.482942,18.7971
val,3310.tif,0.475412,19.7309
val,3311.tif,0.540717,20.3298
val,3312.tif,0.442911,18.4798
val,3313.tif,0.565206,22.0014
val,3314.tif,0.609757,22.7336
val,3315.tif,0.555322,20.0304
val,3316.tif,0.57584,19.9306
val,3317.tif,0.467083,19.344
val,3318.tif,0.514836,18.92
val,3319.tif,0.518514,20.0181
val,332.tif,0.495962,19.4717
val,3320.tif,0.514022,20.1015
val,3321.tif,0.475241,19.3347
val,3322.tif,0.478694,19.0649
val,3323.tif,0.517781,21.2172
val,3324.tif,0.603142,21.3257
val,3325.tif,0.454806,19.4642
val,3326.tif,0.532443,18.6372
val,3327.tif,0.515828,19.4772
val,3328.tif,0.479522,20.6865
val,3329.tif,0.51765,20.3882
val,333.tif,0.793307,24.6656
val,3330.tif,0.497067,21.0454
val,3331.tif,0.580463,21.3638
val,3332.tif,0.616989,23.1461
val,3333.tif,0.481902,18.8101
val,3334.tif,0.47949,18.9394
val,3335.tif,0.541816,20.6631
val,3336.tif,0.502015,20.3447
val,3337.tif,0.56818,21.9699
val,3338.tif,0.38583,18.8236
val,3339.tif,0.5338,18.5696
val,334.tif,0.416059,18.2579
val,3340.tif,0.671187,21.7028
val,3341.tif,0.458872,20.4325
val,3342.tif,0.490502,19.934
val,3343.tif,0.640959,20.0098
val,3344.tif,0.524172,21.3453
val,3345.tif,0.525715,18.5857
val,3346.tif,0.580392,20.3096
val,3347.tif,0.466596,18.4154
val,3348.tif,0.561231,18.9369
val,3349.tif,0.597364,19.9814
val,335.tif,0.517819,19.7814
val,3350.tif,0.46178,17.7776
val,3351.tif,0.535912,20.3995
val,3352.tif,0.580543,20.2679
val,3353.tif,0.517386,20.7183
val,3354.tif,0.495121,19.7064
val,3355.tif,0.611849,21.6525
val,3356.tif,0.445492,18.6442
val,3357.tif,0.631864,20.8933
val,3358.tif,0.56585,19.6859
val,3359.tif,0.605407,21.7353
val,336.tif,0.459324,18.3308
val,3360.tif,0.589386,21.1436
val,3361.tif,0.445023,17.8782
val,3362.tif,0.619117,22.2194
val,3363.tif,0.575353,19.5828
val,3364.tif,0.505827,21.6934
val,3365.tif,0.637674,21.6855
val,3366.tif,0.591068,21.0166
val,3367.tif,0.714418,22.2237
val,3368.tif,0.480743,19.9793
val,3369.tif,0.59795,20.6667
val,337.tif,0.511953,16.5494
val,3370.tif,0.504183,17.9116
val,3371.tif,0.485374,19.0195
val,3372.tif,0.560167,20.6307
val,3373.tif,0.58353,20.4601
val,3374.tif,0.490558,19.8569
val,3375.tif,0.488418,19.409
val,3376.tif,0.593643,21.541
val,3377.tif,0.431356,19.484
val,3378.tif,0.472649,19.052
val,3379.tif,0.47007,19.1144
val,338.tif,0.501493,17.3825
val,3380.tif,0.623506,22.9147
val,3381.tif,0.51011,18.1934
val,3382.tif,0.5781,21.3482
val,3383.tif,0.410422,18.2449
val,3384.tif,0.694047,23.4203
val,3385.tif,0.422954,19.5617
val,3386.tif,0.585683,20.0196
val,3387.tif,0.597974,22.0122
val,3388.tif,0.491849,19.7024
val,3389.tif,0.528747,20.7383
val,339.tif,0.695317,21.5241
val,3390.tif,0.416567,17.5822
val,3391.tif,0.503423,18.5139
val,3392.tif,0.597602,21.7174
val,3393.tif,0.52096,19.308
val,3394.tif,0.53898,19.4271
val,3395.tif,0.518665,18.9855
val,3396.tif,0.679422,22.511
val,3397.tif,0.517426,19.5001
val,3398.tif,0.603357,21.8914
val,3399.tif,0.577428,21.3222
val,34.tif,0.535363,20.0305
val,340.tif,0.533705,20.1149
val,3400.tif,0.571632,20.7848
val,3401.tif,0.498543,19.0997
val,3402.tif,0.542641,20.705
val,3403.tif,0.58849,19.471
val,3404.tif,0.530001,19.9391
val,3405.tif,0.628992,21.8893
val,3406.tif,0.626587,21.6002
val,3407.tif,0.508379,20.6602
val,3408.tif,0.514033,21.5471
val,3409.tif,0.562004,20.4413
val,341.tif,0.610246,20.041
val,3410.tif,0.519984,19.7393
val,3411.tif,0.493856,20.1732
val,3412.tif,0.626607,21.4045
val,3413.tif,0.724155,22.7762
val,3414.tif,0.525271,20.6497
val,3415.tif,0.610794,22.6833
val,3416.tif,0.475516,19.7895
val,3417.tif,0.631277,22.1169
val,3418.tif,0.592694,21.7495
val,3419.tif,0.563901,20.7473
val,342.tif,0.59744,20.4903
val,3420.tif,0.465605,19.2705
val,3421.tif,0.631428,21.8533
val,3422.tif,0.562357,20.5246
val,3423.tif,0.507418,20.6729
val,3424.tif,0.382161,18.5999
val,3425.tif,0.477685,18.5964
val,3426.tif,0.538387,19.9674
val,3427.tif,0.586641,20.1533
val,3428.tif,0.486022,19.0228
val,3429.tif,0.448102,19.7564
val,343.tif,0.416143,18.7595
val,3430.tif,0.58504,20.4601
val,3431.tif,0.598905,21.0563
val,3432.tif,0.512149,19.845
val,3433.tif,0.426574,18.3796
val,3434.tif,0.607271,21.6774
val,3435.tif,0.454162,18.3868
val,3436.tif,0.608814,22.1887
val,3437.tif,0.629153,16.7483
val,3438.tif,0.399383,17.601
val,3439.tif,0.567523,18.4014
val,344.tif,0.488278,18.001
val,3440.tif,0.631106,21.7459
val,3441.tif,0.647787,21.3736
val,3442.tif,0.557323,19.499
val,3443.tif,0.551593,20.1689
val,3444.tif,0.637437,23.0925
val,3445.tif,0.419425,17.6963
val,3446.tif,0.531267,20.2043
val,3447.tif,0.612217,21.9185
val,3448.tif,0.608543,19.6537
val,3449.tif,0.434417,18.0691
val,345.tif,0.500289,18.3896
val,3450.tif,0.578688,21.9568
val,3451.tif,0.565747,20.2224
val,3452.tif,0.608958,22.0274
val,3453.tif,0.608241,21.0666
val,3454.tif,0.624454,19.7455
val,3455.tif,0.601038,21.8793
val,3456.tif,0.60835,20.6046
val,3457.tif,0.505496,19.7236
val,3458.tif,0.557297,19.3863
val,3459.tif,0.6053,20.7366
val,346.tif,0.527627,20.355
val,3460.tif,0.577457,21.06
val,3461.tif,0.526151,17.3877
val,3462.tif,0.59059,20.3534
val,3463.tif,0.534248,20.846
val,3464.tif,0.522185,21.3666
val,3465.tif,0.585652,20.7165
val,3466.tif,0.597242,21.5003
val,3467.tif,0.538433,20.1724
val,3468.tif,0.450165,19.5135
val,3469.tif,0.551704,22.5228
val,347.tif,0.552877,19.0197
val,3470.tif,0.535659,19.0651
val,3471.tif,0.596048,20.603
val,3472.tif,0.497584,20.073
val,3473.tif,0.484229,18.3861
val,3474.tif,0.648708,22.5136
val,3475.tif,0.454672,21.2913
val,3476.tif,0.537712,19.2781
val,3477.tif,0.570772,21.3748
val,3478.tif,0.576753,20.6906
val,3479.tif,0.624921,22.3396
val,348.tif,0.496084,18.2533
val,3480.tif,0.493357,19.4919
val,3481.tif,0.551542,21.0141
val,3482.tif,0.540783,21.2642
val,3483.tif,0.633758,22.3136
val,3484.tif,0.586697,21.8273
val,3485.tif,0.406171,18.1556
val,3486.tif,0.498749,19.5963
val,3487.tif,0.611001,20.1347
val,3488.tif,0.516572,20.0363
val,3489.tif,0.63862,22.5106
val,349.tif,0.827934,25.2517
val,3490.tif,0.591092,21.2509
val,3491.tif,0.63518,21.9316
val,3492.tif,0.558757,20.1217
val,3493.tif,0.556775,20.5537
val,3494.tif,0.613722,21.8019
val,3495.tif,0.559178,20.279
val,3496.tif,0.423214,17.6022
val,3497.tif,0.450383,19.3586
val,3498.tif,0.45605,19.4742
val,3499.tif,0.461821,19.5995
val,35.tif,0.559764,19.476
val,350.tif,0.547754,19.2146
val,3500.tif,0.510393,19.8039
val,3501.tif,0.503116,19.665
val,3502.tif,0.552398,20.5419
val,3503.tif,0.5697,21.4771
val,3504.tif,0.548922,16.2355
val,3505.tif,0.542495,20.2548
val,3506.tif,0.510055,20.2504
val,3507.tif,0.514403,21.2376
val,3508.tif,0.56876,21.3938
val,3509.tif,0.535069,20.3266
val,351.tif,0.470511,19.3394
val,3510.tif,0.562886,20.4371
val,3511.tif,0.592055,20.8712
val,3512.tif,0.421285,19.5504
val,3513.tif,0.637415,20.3402
val,3514.tif,0.544454,21.3563
val,3515.tif,0.635093,22.7206
val,3516.tif,0.498369,19.7547
val,3517.tif,0.506619,19.627
val,3518.tif,0.539026,19.6598
val,3519.tif,0.376635,18.0443
val,352.tif,0.666564,17.4188
val,3520.tif,0.490988,20.6922
val,3521.tif,0.468445,17.4313
val,3522.tif,0.573922,19.9514
val,3523.tif,0.532635,20.5132
val,3524.tif,0.597853,20.8312
val,3525.tif,0.592797,21.4416
val,3526.tif,0.625381,20.294
val,3527.tif,0.509011,20.5214
val,3528.tif,0.461381,19.2022
val,3529.tif,0.502788,20.116
val,353.tif,0.572232,20.7362
val,3530.tif,0.597155,20.7911
val,3531.tif,0.58021,20.2608
val,3532.tif,0.519529,17.9824
val,3533.tif,0.495214,20.6771
val,3534.tif,0.425058,19.2531
val,3535.tif,0.493254,20.4122
val,3536.tif,0.592864,21.5715
val,3537.tif,0.590146,22.1996
val,3538.tif,0.563349,21.3246
val,3539.tif,0.492245,20.4016
val,354.tif,0.524893,17.2021
val,3540.tif,0.463058,17.2809
val,3541.tif,0.548745,18.123
val,3542.tif,0.454109,19.8027
val,3543.tif,0.522264,19.8699
val,3544.tif,0.450048,18.7448
val,3545.tif,0.632017,22.4163
val,3546.tif,0.493119,20.4298
val,3547.tif,0.461904,20.4175
val,3548.tif,0.486934,19.8092
val,3549.tif,0.482651,20.5467
val,355.tif,0.672722,21.8054
val,3550.tif,0.582474,21.0195
val,3551.tif,0.543052,18.6238
val,3552.tif,0.478426,20.6614
val,3553.tif,0.456097,18.9567
val,3554.tif,0.526937,14.778
val,3555.tif,0.526829,19.0932
val,3556.tif,0.455062,19.4697
val,3557.tif,0.579302,22.3453
val,3558.tif,0.453881,20.0394
val,3559.tif,0.552042,20.5327
val,356.tif,0.49602,16.9718
val,3560.tif,0.500451,19.8205
val,3561.tif,0.518295,20.364
val,3562.tif,0.533141,21.3642
val,3563.tif,0.412906,19.533
val,3564.tif,0.446592,19.5685
val,3565.tif,0.493666,18.9895
val,3566.tif,0.811773,23.7919
val,3567.tif,0.41842,18.9094
val,3568.tif,0.601685,20.009
val,3569.tif,0.521893,21.134
val,357.tif,0.448999,17.449
val,3570.tif,0.659175,23.445
val,3571.tif,0.502404,19.7151
val,3572.tif,0.57652,22.1795
val,3573.tif,0.557739,19.218
val,3574.tif,0.441299,18.9926
val,3575.tif,0.503675,20.6878
val,3576.tif,0.441348,19.4206
val,3577.tif,0.559894,22.0679
val,3578.tif,0.548174,19.9617
val,3579.tif,0.76003,20.5172
val,358.tif,0.541553,19.2565
val,3580.tif,0.594625,21.1291
val,3581.tif,0.637015,20.1043
val,3582.tif,0.522707,21.1293
val,3583.tif,0.605363,21.3872
val,3584.tif,0.574545,22.196
val,3585.tif,0.575053,21.0117
val,3586.tif,0.59604,20.3803
val,3587.tif,0.433433,18.3189
val,3588.tif,0.405181,17.9472
val,3589.tif,0.698723,22.4384
val,359.tif,0.526707,20.1321
val,3590.tif,0.606356,20.6373
val,3591.tif,0.439892,18.8061
val,3592.tif,0.437739,18.925
val,3593.tif,0.498778,19.8743
val,3594.tif,0.604365,22.4173
val,3595.tif,0.439338,20.1607
val,3596.tif,0.464276,17.6158
val,3597.tif,0.633048,20.2816
val,3598.tif,0.60215,22.1555
val,3599.tif,0.620236,22.1613
val,36.tif,0.550991,19.6631
val,360.tif,0.547981,18.5544
val,3600.tif,0.555265,18.3028
val,3601.tif,0.480777,19.8357
val,3602.tif,0.534535,21.871
val,3603.tif,0.60473,23.1344
val,3604.tif,0.72091,23.2683
val,3605.tif,0.622149,19.9601
val,3606.tif,0.440954,20.0361
val,3607.tif,0.492488,18.7612
val,3608.tif,0.597401,20.1274
val,3609.tif,0.654085,20.4542
val,361.tif,0.666299,21.6273
val,3610.tif,0.417602,19.9008
val,3611.tif,0.553654,21.5818
val,3612.tif,0.534922,19.5875
val,3613.tif,0.619107,22.5716
val,3614.tif,0.617144,21.4836
val,3615.tif,0.559384,17.0296
val,3616.tif,0.634379,18.9158
val,3617.tif,0.55918,19.0764
val,3618.tif,0.583198,18.1011
val,3619.tif,0.555422,20.7057
val,362.tif,0.547849,18.4389
val,3620.tif,0.647801,23.7631
val,3621.tif,0.565944,17.967
val,3622.tif,0.692268,18.2917
val,3623.tif,0.542339,20.1448
val,3624.tif,0.630271,20.5462
val,3625.tif,0.499692,19.8019
val,3626.tif,0.580296,19.3025
val,3627.tif,0.609351,19.1284
val,3628.tif,0.628756,17.7598
val,3629.tif,0.63467,20.19
val,363.tif,0.790853,23.9595
val,3630.tif,0.695073,21.472
val,3631.tif,0.658277,21.417
val,3632.tif,0.629154,22.7991
val,3633.tif,0.67923,23.0105
val,3634.tif,0.599078,19.0025
val,3635.tif,0.573358,20.7897
val,3636.tif,0.472516,16.4048
val,3637.tif,0.651517,19.9866
val,3638.tif,0.527314,21.02
val,3639.tif,0.600513,20.8661
val,364.tif,0.493189,14.8087
val,3640.tif,0.718849,22.8434
val,3641.tif,0.781169,18.2558
val,3642.tif,0.500606,19.9383
val,3643.tif,0.60311,17.7228
val,3644.tif,0.588194,19.9861
val,3645.tif,0.576443,18.4491
val,3646.tif,0.579797,19.2053
val,3647.tif,0.60045,21.3409
val,3648.tif,0.605735,17.865
val,3649.tif,0.607935,20.6504
val,365.tif,0.670927,21.6918
val,3650.tif,0.669979,21.5828
val,3651.tif,0.655629,21.5269
val,3652.tif,0.626975,18.0369
val,3653.tif,0.557576,19.3191
val,3654.tif,0.45212,13.6514
val,3655.tif,0.657966,20.1871
val,3656.tif,0.520604,19.4601
val,3657.tif,0.625526,20.6387
val,3658.tif,0.603395,19.7046
val,3659.tif,0.566802,19.9029
val,366.tif,0.550636,18.5099
val,3660.tif,0.63554,20.6269
val,3661.tif,0.619489,21.5082
val,3662.tif,0.519345,18.8115
val,3663.tif,0.618611,20.4469
val,3664.tif,0.601917,21.3255
val,3665.tif,0.587387,19.8372
val,3666.tif,0.611553,21.6126
val,3667.tif,0.631111,18.0081
val,3668.tif,0.654994,21.4557
val,3669.tif,0.609572,19.9899
val,367.tif,0.531534,19.3014
val,3670.tif,0.762955,21.6332
val,3671.tif,0.583163,21.4274
val,3672.tif,0.565579,18.36
val,3673.tif,0.604523,21.2358
val,3674.tif,0.810611,20.41
val,3675.tif,0.682207,18.095
val,3676.tif,0.461311,18.6653
val,3677.tif,0.496477,16.4934
val,3678.tif,0.681878,21.7908
val,3679.tif,0.509606,19.1598
val,368.tif,0.630225,20.1673
val,3680.tif,0.541799,15.9142
val,3681.tif,0.537605,19.5289
val,3682.tif,0.603648,19.3979
val,3683.tif,0.654612,18.3203
val,3684.tif,0.542796,20.0734
val,3685.tif,0.584106,20.2885
val,3686.tif,0.813984,18.2912
val,3687.tif,0.715435,21.1342
val,3688.tif,0.554684,18.6501
val,3689.tif,0.565692,19.6443
val,369.tif,0.52984,19.7549
val,3690.tif,0.624046,19.6848
val,3691.tif,0.633682,18.7142
val,3692.tif,0.619826,17.8961
val,3693.tif,0.591669,20.8099
val,3694.tif,0.609105,19.6849
val,3695.tif,0.697195,20.1664
val,3696.tif,0.65283,20.5643
val,3697.tif,0.532038,17.0243
val,3698.tif,0.524488,19.9302
val,3699.tif,0.589916,18.4868
val,37.tif,0.498218,18.3316
val,370.tif,0.51197,18.8672
val,3700.tif,0.6483,20.3139
val,3701.tif,0.544496,20.776
val,3702.tif,0.488601,18.4024
val,3703.tif,0.633638,22.3101
val,3704.tif,0.571474,18.9109
val,3705.tif,0.636752,21.0783
val,3706.tif,0.58512,19.5474
val,3707.tif,0.565971,19.0042
val,3708.tif,0.781379,19.6884
val,3709.tif,0.570816,20.2432
val,371.tif,0.551,19.3664
val,3710.tif,0.534625,18.5934
val,3711.tif,0.492252,18.4426
val,3712.tif,0.721854,19.6725
val,3713.tif,0.593392,19.0118
val,3714.tif,0.701277,19.5476
val,3715.tif,0.624221,18.8769
val,3716.tif,0.557772,19.9438
val,3717.tif,0.581976,20.8372
val,3718.tif,0.50724,18.6082
val,3719.tif,0.624752,20.2329
val,372.tif,0.499319,15.3482
val,3720.tif,0.636832,21.2286
val,3721.tif,0.582363,20.4061
val,3722.tif,0.568265,17.824
val,3723.tif,0.543589,19.2273
val,3724.tif,0.55472,20.1234
val,3725.tif,0.607807,21.1586
val,3726.tif,0.533805,19.4379
val,3727.tif,0.649794,19.2313
val,3728.tif,0.686068,21.3122
val,3729.tif,0.65227,18.0594
val,373.tif,0.437582,18.5893
val,3730.tif,0.626067,19.7119
val,3731.tif,0.559454,16.2084
val,3732.tif,0.596463,18.4072
val,3733.tif,0.558898,19.1781
val,3734.tif,0.491456,17.5119
val,3735.tif,0.549379,21.4435
val,3736.tif,0.569033,19.2599
val,3737.tif,0.59101,18.9923
val,3738.tif,0.62668,20.7959
val,3739.tif,0.601104,17.8982
val,374.tif,0.513806,19.7953
val,3740.tif,0.655922,23.3673
val,3741.tif,0.564171,18.8798
val,3742.tif,0.714671,19.3273
val,3743.tif,0.686423,20.0494
val,3744.tif,0.549963,18.3229
val,3745.tif,0.536923,19.0627
val,3746.tif,0.554028,16.2044
val,3747.tif,0.611293,18.145
val,3748.tif,0.536628,20.4438
val,3749.tif,0.694407,20.574
val,375.tif,0.423853,17.0001
val,3750.tif,0.596024,21.0566
val,3751.tif,0.568443,18.5826
val,3752.tif,0.677993,21.3664
val,3753.tif,0.610561,18.47
val,3754.tif,0.567093,17.3933
val,3755.tif,0.564424,20.5846
val,3756.tif,0.529266,18.0678
val,3757.tif,0.569969,20.0525
val,3758.tif,0.530284,17.6157
val,3759.tif,0.568415,20.9966
val,376.tif,0.633476,20.1679
val,3760.tif,0.775822,17.701
val,3761.tif,0.519651,18.8779
val,3762.tif,0.588196,19.2
val,3763.tif,0.548386,18.0013
val,3764.tif,0.549419,19.3538
val,3765.tif,0.626176,20.154
val,3766.tif,0.630812,22.3413
val,3767.tif,0.601921,19.6525
val,3768.tif,0.615621,18.7353
val,3769.tif,0.512497,19.773
val,377.tif,0.498483,19.1837
val,3770.tif,0.552723,19.0534
val,3771.tif,0.664172,21.1754
val,3772.tif,0.48387,17.0598
val,3773.tif,0.717982,21.0211
val,3774.tif,0.6016,20.4988
val,3775.tif,0.602511,18.129
val,3776.tif,0.53953,19.0646
val,3777.tif,0.663138,17.0648
val,3778.tif,0.621697,21.413
val,3779.tif,0.601394,21.1252
val,378.tif,0.676248,19.6793
val,3780.tif,0.542705,18.1364
val,3781.tif,0.617006,21.4424
val,3782.tif,0.594045,16.7715
val,3783.tif,0.643367,22.682
val,3784.tif,0.714507,18.969
val,3785.tif,0.584126,19.3931
val,3786.tif,0.613608,19.5884
val,3787.tif,0.612303,20.8447
val,3788.tif,0.57795,14.7915
val,3789.tif,0.628694,19.622
val,379.tif,0.70089,23.2631
val,3790.tif,0.55822,18.8586
val,3791.tif,0.602702,18.4376
val,3792.tif,0.496005,18.9881
val,3793.tif,0.576251,19.444
val,3794.tif,0.60543,21.1001
val,3795.tif,0.575362,18.8084
val,3796.tif,0.691195,19.3648
val,3797.tif,0.613895,20.7635
val,3798.tif,0.514147,17.7657
val,3799.tif,0.562584,17.7246
val,38.tif,0.62951,21.5616
val,380.tif,0.512434,19.6911
val,3800.tif,0.529915,20.5013
val,3801.tif,0.573377,19.934
val,3802.tif,0.60437,19.2726
val,3803.tif,0.635778,19.398
val,3804.tif,0.638614,22.255
val,3805.tif,0.478506,16.226
val,3806.tif,0.556059,19.0085
val,3807.tif,0.554379,19.9864
val,3808.tif,0.594609,20.4839
val,3809.tif,0.510291,18.8322
val,381.tif,0.406241,17.4277
val,3810.tif,0.590613,19.5911
val,3811.tif,0.630774,18.9363
val,3812.tif,0.595696,18.3294
val,3813.tif,0.523783,18.1561
val,3814.tif,0.691585,22.3987
val,3815.tif,0.53812,18.919
val,3816.tif,0.606165,21.1982
val,3817.tif,0.543501,17.8601
val,3818.tif,0.552206,18.0679
val,3819.tif,0.442928,15.4091
val,382.tif,0.516991,18.8219
val,3820.tif,0.609473,21.4329
val,3821.tif,0.539798,18.0441
val,3822.tif,0.595249,20.657
val,3823.tif,0.554088,18.5651
val,3824.tif,0.630507,20.44
val,3825.tif,0.657718,21.6272
val,3826.tif,0.636323,19.4972
val,3827.tif,0.564781,20.9997
val,3828.tif,0.584962,18.6344
val,3829.tif,0.566984,16.3683
val,383.tif,0.532327,20.6403
val,3830.tif,0.567547,20.2393
val,3831.tif,0.601318,19.095
val,3832.tif,0.551426,19.753
val,3833.tif,0.617108,23.4897
val,3834.tif,0.573464,19.279
val,3835.tif,0.521454,19.7328
val,3836.tif,0.615617,18.1928
val,3837.tif,0.587883,19.5206
val,3838.tif,0.617713,20.4368
val,3839.tif,0.577205,17.6509
val,384.tif,0.687771,23.7363
val,3840.tif,0.666443,20.5696
val,3841.tif,0.658372,18.6819
val,3842.tif,0.490096,19.0016
val,3843.tif,0.616921,19.6954
val,3844.tif,0.576956,20.0518
val,3845.tif,0.632919,17.8134
val,3846.tif,0.527201,18.4816
val,3847.tif,0.593806,17.8623
val,3848.tif,0.559882,16.6906
val,3849.tif,0.655118,21.8369
val,385.tif,0.573499,20.4486
val,3850.tif,0.591276,18.8318
val,3851.tif,0.652469,19.1039
val,3852.tif,0.618943,18.4229
val,3853.tif,0.536823,17.1874
val,3854.tif,0.595601,17.638
val,3855.tif,0.655052,22.2296
val,3856.tif,0.529809,18.1161
val,3857.tif,0.63815,20.4838
val,3858.tif,0.695931,17.1575
val,3859.tif,0.585294,17.6689
val,386.tif,0.468579,17.6929
val,3860.tif,0.613638,18.9457
val,3861.tif,0.623428,20.6087
val,3862.tif,0.671137,20.1089
val,3863.tif,0.506893,18.2194
val,3864.tif,0.625985,22.6946
val,3865.tif,0.633266,18.9688
val,3866.tif,0.578594,19.562
val,3867.tif,0.484235,17.4407
val,3868.tif,0.704583,20.3428
val,3869.tif,0.634819,21.4967
val,387.tif,0.414123,16.8781
val,3870.tif,0.625617,20.5455
val,3871.tif,0.456062,18.2493
val,3872.tif,0.550682,16.922
val,3873.tif,0.578096,19.8992
val,3874.tif,0.542787,16.0441
val,3875.tif,0.517157,18.0287
val,3876.tif,0.611249,20.8596
val,3877.tif,0.55416,21.0215
val,3878.tif,0.700895,23.7549
val,3879.tif,0.646754,20.0084
val,388.tif,0.471768,16.6686
val,3880.tif,0.620302,20.2858
val,3881.tif,0.654715,20.2748
val,3882.tif,0.684772,21.9152
val,3883.tif,0.525222,18.496
val,3884.tif,0.701316,19.1748
val,3885.tif,0.655034,22.0425
val,3886.tif,0.51313,16.7662
val,3887.tif,0.52862,20.0747
val,3888.tif,0.614408,19.4431
val,3889.tif,0.523295,19.6957
val,389.tif,0.446849,16.045
val,3890.tif,0.619527,20.3346
val,3891.tif,0.670452,22.8644
val,3892.tif,0.624536,19.2334
val,3893.tif,0.5807,21.3597
val,3894.tif,0.554738,18.1576
val,3895.tif,0.610687,20.572
val,3896.tif,0.669076,19.3223
val,3897.tif,0.654862,18.2227
val,3898.tif,0.616598,23.0286
val,3899.tif,0.678493,16.6452
val,39.tif,0.545824,19.6246
val,390.tif,0.525501,18.6667
val,3900.tif,0.575,19.223
val,3901.tif,0.524751,19.5934
val,3902.tif,0.53941,19.3729
val,3903.tif,0.631342,20.3177
val,3904.tif,0.604899,20.4644
val,3905.tif,0.560281,17.9286
val,3906.tif,0.691376,17.8651
val,3907.tif,0.544336,19.0373
val,3908.tif,0.636237,19.2584
val,3909.tif,0.522117,18.7996
val,391.tif,0.489564,18.1453
val,3910.tif,0.497868,18.3455
val,3911.tif,0.632923,21.2726
val,3912.tif,0.636329,23.909
val,3913.tif,0.508214,17.6217
val,3914.tif,0.525671,19.6463
val,3915.tif,0.536171,20.5606
val,3916.tif,0.522394,19.4017
val,3917.tif,0.672799,21.2437
val,3918.tif,0.668099,19.6246
val,3919.tif,0.624602,20.2016
val,392.tif,0.617217,21.6169
val,3920.tif,0.566817,17.8742
val,3921.tif,0.587336,19.4953
val,3922.tif,0.626305,19.6171
val,3923.tif,0.48548,18.0879
val,3924.tif,0.58583,17.7029
val,3925.tif,0.550084,19.8915
val,3926.tif,0.729975,17.9624
val,3927.tif,0.541056,18.1931
val,3928.tif,0.613749,17.0742
val,3929.tif,0.579097,19.3406
val,393.tif,0.547128,16.4312
val,3930.tif,0.591198,22.3039
val,3931.tif,0.392897,18.0458
val,3932.tif,0.465845,18.4041
val,3933.tif,0.606651,20.8943
val,3934.tif,0.632395,19.6938
val,3935.tif,0.554479,19.5415
val,3936.tif,0.590133,18.568
val,3937.tif,0.632524,21.4799
val,3938.tif,0.572991,19.6223
val,3939.tif,0.487546,18.4386
val,394.tif,0.540667,19.2476
val,3940.tif,0.551351,18.6801
val,3941.tif,0.585168,19.5056
val,3942.tif,0.724096,22.9461
val,3943.tif,0.551318,20.622
val,3944.tif,0.74098,23.6784
val,3945.tif,0.667978,22.2935
val,3946.tif,0.627241,21.1587
val,3947.tif,0.53903,19.7278
val,3948.tif,0.58684,20.3103
val,3949.tif,0.516899,20.3591
val,395.tif,0.502006,19.4881
val,3950.tif,0.573791,20.9789
val,3951.tif,0.560797,20.1883
val,3952.tif,0.556086,19.8372
val,3953.tif,0.613295,20.2369
val,3954.tif,0.647628,21.5719
val,3955.tif,0.519093,20.2264
val,3956.tif,0.596522,19.0508
val,3957.tif,0.557157,20.6793
val,3958.tif,0.631926,19.0058
val,3959.tif,0.629463,20.2127
val,396.tif,0.625974,21.9454
val,3960.tif,0.548075,18.0587
val,3961.tif,0.592352,21.0241
val,3962.tif,0.505938,18.7775
val,3963.tif,0.643144,21.544
val,3964.tif,0.626552,21.8106
val,3965.tif,0.546277,20.5854
val,3966.tif,0.391629,16.2113
val,3967.tif,0.494438,19.1172
val,3968.tif,0.600494,20.7956
val,3969.tif,0.572337,18.7603
val,397.tif,0.534207,20.1576
val,3970.tif,0.590273,17.7463
val,3971.tif,0.614881,20.1037
val,3972.tif,0.599491,20.6128
val,3973.tif,0.488176,19.6842
val,3974.tif,0.632396,20.4938
val,3975.tif,0.665006,21.9637
val,3976.tif,0.579918,19.2326
val,3977.tif,0.600049,19.0648
val,3978.tif,0.631051,22.3484
val,3979.tif,0.443066,18.4597
val,398.tif,0.475669,17.1968
val,3980.tif,0.728528,21.9959
val,3981.tif,0.656248,20.4734
val,3982.tif,0.584312,22.224
val,3983.tif,0.659652,20.0339
val,3984.tif,0.518402,19.9102
val,3985.tif,0.564802,21.3593
val,3986.tif,0.577791,20.5222
val,3987.tif,0.611499,20.1334
val,3988.tif,0.522999,18.7945
val,3989.tif,0.794152,26.2292
val,399.tif,0.676433,21.7391
val,3990.tif,0.642002,20.5089
val,3991.tif,0.74137,23.7481
val,3992.tif,0.397147,18.298
val,3993.tif,0.631429,19.5636
val,3994.tif,0.529663,20.4356
val,3995.tif,0.520458,20.8706
val,3996.tif,0.63456,20.142
val,3997.tif,0.492292,17.4778
val,3998.tif,0.53115,18.9134
val,3999.tif,0.565582,22.4638
val,4.tif,0.539177,19.5524
val,40.tif,0.504541,19.434
val,400.tif,0.455006,19.0915
val,4000.tif,0.58506,19.6899
val,4001.tif,0.745819,23.83
val,4002.tif,0.653642,20.845
val,4003.tif,0.771015,23.0057
val,4004.tif,0.559653,19.1232
val,4005.tif,0.4676,17.5509
val,4006.tif,0.586977,19.1631
val,4007.tif,0.580667,19.8559
val,4008.tif,0.758074,24.1548
val,4009.tif,0.483937,18.3347
val,401.tif,0.581123,18.4679
val,4010.tif,0.67492,23.7256
val,4011.tif,0.582094,20.0331
val,4012.tif,0.573369,20.6462
val,4013.tif,0.634052,21.2127
val,4014.tif,0.578131,18.4911
val,4015.tif,0.488192,18.8506
val,4016.tif,0.560856,19.683
val,4017.tif,0.627229,19.7395
val,4018.tif,0.68392,21.9068
val,4019.tif,0.586414,21.5763
val,402.tif,0.467198,16.6855
val,4020.tif,0.504219,18.5577
val,4021.tif,0.59577,20.6802
val,4022.tif,0.517885,19.6691
val,4023.tif,0.63484,22.0165
val,4024.tif,0.620345,19.7306
val,4025.tif,0.621467,20.4796
val,4026.tif,0.576924,19.442
val,4027.tif,0.498242,18.6355
val,4028.tif,0.451342,19.0369
val,4029.tif,0.65325,20.9169
val,403.tif,0.571386,20.0114
val,4030.tif,0.574791,23.2348
val,4031.tif,0.64088,23.6694
val,4032.tif,0.5293,16.6765
val,4033.tif,0.556128,19.8505
val,4034.tif,0.613407,21.414
val,4035.tif,0.584641,21.8567
val,4036.tif,0.471581,17.8729
val,4037.tif,0.536527,18.533
val,4038.tif,0.768461,24.8187
val,4039.tif,0.573002,19.2803
val,404.tif,0.516458,20.0614
val,4040.tif,0.485083,19.4451
val,4041.tif,0.622218,21.378
val,4042.tif,0.218523,16.0069
val,4043.tif,0.5554,20.8199
val,4044.tif,0.578313,21.2243
val,4045.tif,0.612282,20.5823
val,4046.tif,0.567106,20.9084
val,4047.tif,0.490116,19.0096
val,4048.tif,0.600326,20.9509
val,4049.tif,0.493695,20.4847
val,405.tif,0.466764,19.1114
val,4050.tif,0.543611,20.3116
val,4051.tif,0.501955,16.6473
val,4052.tif,0.755732,23.3646
val,4053.tif,0.608113,21.2023
val,4054.tif,0.766533,24.0458
val,4055.tif,0.488218,18.6663
val,4056.tif,0.575229,20.5919
val,4057.tif,0.610386,17.8681
val,4058.tif,0.743835,25.3787
val,4059.tif,0.569053,19.5923
val,406.tif,0.588616,19.503
val,4060.tif,0.662511,23.0868
val,4061.tif,0.530994,18.7198
val,4062.tif,0.52841,19.8504
val,4063.tif,0.600339,19.4303
val,4064.tif,0.498211,20.2143
val,4065.tif,0.540413,19.8506
val,4066.tif,0.422501,16.8991
val,4067.tif,0.592987,21.3641
val,4068.tif,0.438747,18.246
val,4069.tif,0.470305,19.1721
val,407.tif,0.500683,18.033
val,4070.tif,0.478404,19.5134
val,4071.tif,0.642654,20.5231
val,4072.tif,0.441715,18.0211
val,4073.tif,0.680643,21.6532
val,4074.tif,0.663475,21.6339
val,4075.tif,0.614894,20.4563
val,4076.tif,0.69781,22.3626
val,4077.tif,0.618612,22.3556
val,4078.tif,0.519396,18.8406
val,4079.tif,0.608789,20.743
val,408.tif,0.517125,18.0377
val,4080.tif,0.506631,19.1128
val,4081.tif,0.594871,22.3177
val,4082.tif,0.54947,19.5067
val,4083.tif,0.714883,22.3179
val,4084.tif,0.571751,19.3379
val,4085.tif,0.510955,19.2753
val,4086.tif,0.744526,24.5525
val,4087.tif,0.574519,21.068
val,4088.tif,0.409993,18.7124
val,4089.tif,0.606171,21.2153
val,409.tif,0.446375,18.0252
val,4090.tif,0.460193,17.7847
val,4091.tif,0.60036,21.1908
val,4092.tif,0.536337,18.7326
val,4093.tif,0.622702,19.8762
val,4094.tif,0.596527,19.7175
val,4095.tif,0.548108,18.3578
val,4096.tif,0.568493,20.5027
val,4097.tif,0.616807,21.174
val,4098.tif,0.579346,20.2656
val,4099.tif,0.572586,20.9887
val,41.tif,0.486923,18.4697
val,410.tif,0.620876,22.5138
val,4100.tif,0.623341,21.5144
val,4101.tif,0.52275,18.454
val,4102.tif,0.723874,21.0063
val,4103.tif,0.446714,17.4364
val,4104.tif,0.564356,21.2602
val,4105.tif,0.510724,19.3729
val,4106.tif,0.364795,16.7792
val,4107.tif,0.48585,18.3453
val,4108.tif,0.595688,21.0442
val,4109.tif,0.610786,21.0466
val,411.tif,0.489431,18.7041
val,4110.tif,0.587431,20.8046
val,4111.tif,0.627573,22.375
val,4112.tif,0.622573,22.5181
val,4113.tif,0.660422,19.9913
val,4114.tif,0.442325,18.8831
val,4115.tif,0.561485,19.7482
val,4116.tif,0.469954,18.7497
val,4117.tif,0.733138,23.8997
val,4118.tif,0.549809,20.1743
val,4119.tif,0.616037,21.2869
val,412.tif,0.528688,18.8711
val,4120.tif,0.755383,23.7461
val,4121.tif,0.501946,18.9159
val,4122.tif,0.625619,20.1057
val,4123.tif,0.655808,23.3224
val,4124.tif,0.615658,19.8479
val,4125.tif,0.57755,22.2613
val,4126.tif,0.604575,21.4957
val,4127.tif,0.641697,23.0472
val,4128.tif,0.795368,25.6476
val,4129.tif,0.473047,18.0454
val,413.tif,0.632805,20.9701
val,4130.tif,0.506974,18.1669
val,4131.tif,0.668613,23.0173
val,4132.tif,0.637673,23.1379
val,4133.tif,0.470117,16.8279
val,4134.tif,0.473415,14.9759
val,4135.tif,0.55461,19.2896
val,4136.tif,0.611803,20.7683
val,4137.tif,0.565293,20.1155
val,4138.tif,0.54077,20.3554
val,4139.tif,0.622455,20.7955
val,414.tif,0.64441,20.7199
val,4140.tif,0.603135,20.9757
val,4141.tif,0.548699,19.9911
val,4142.tif,0.575509,20.1694
val,4143.tif,0.603394,20.1081
val,4144.tif,0.535781,19.3965
val,4145.tif,0.580813,21.2289
val,4146.tif,0.630432,21.2487
val,4147.tif,0.463851,19.161
val,4148.tif,0.555553,20.1292
val,4149.tif,0.471961,18.7699
val,415.tif,0.466137,18.2798
val,4150.tif,0.679508,20.897
val,4151.tif,0.42895,18.4858
val,4152.tif,0.577189,19.9319
val,4153.tif,0.576413,21.6167
val,4154.tif,0.520705,19.1449
val,4155.tif,0.519139,19.8881
val,4156.tif,0.646265,21.2646
val,4157.tif,0.470104,18.2294
val,4158.tif,0.519148,19.0906
val,4159.tif,0.637149,20.972
val,416.tif,0.618968,22.3829
val,4160.tif,0.667063,22.8209
val,4161.tif,0.63866,20.8588
val,4162.tif,0.528897,19.1468
val,4163.tif,0.627957,21.9932
val,4164.tif,0.612408,22.1377
val,4165.tif,0.725821,23.1389
val,4166.tif,0.612106,20.5105
val,4167.tif,0.645359,21.6527
val,4168.tif,0.468331,19.9853
val,4169.tif,0.532327,17.4121
val,417.tif,0.571153,20.3854
val,4170.tif,0.627886,21.2287
val,4171.tif,0.570083,20.1042
val,4172.tif,0.4688,19.0089
val,4173.tif,0.553406,20.2298
val,4174.tif,0.568913,18.9355
val,4175.tif,0.561207,21.5074
val,4176.tif,0.677355,21.4893
val,4177.tif,0.605339,21.384
val,4178.tif,0.54921,19.8176
val,4179.tif,0.577426,19.23
val,418.tif,0.478892,17.7995
val,4180.tif,0.57333,19.6142
val,4181.tif,0.831577,25.5309
val,4182.tif,0.570126,20.7855
val,4183.tif,0.636187,21.5351
val,4184.tif,0.654372,20.9361
val,4185.tif,0.607532,19.7278
val,4186.tif,0.498704,20.0887
val,4187.tif,0.613846,20.4673
val,4188.tif,0.621585,19.5093
val,4189.tif,0.43419,18.0934
val,419.tif,0.588409,21.4406
val,4190.tif,0.506073,18.9677
val,4191.tif,0.597179,20.4516
val,4192.tif,0.589048,20.2948
val,4193.tif,0.408679,15.4227
val,4194.tif,0.608094,20.7256
val,4195.tif,0.587353,19.0906
val,4196.tif,0.65402,21.7181
val,4197.tif,0.68046,21.9145
val,4198.tif,0.492253,19.2787
val,4199.tif,0.597157,20.4636
val,42.tif,0.55967,18.0756
val,420.tif,0.679374,22.0591
val,4200.tif,0.607317,20.3667
val,4201.tif,0.595026,21.1111
val,4202.tif,0.604938,21.2792
val,4203.tif,0.462692,16.1009
val,4204.tif,0.597566,22.5582
val,4205.tif,0.516509,18.7445
val,4206.tif,0.647878,20.6674
val,4207.tif,0.533696,18.4695
val,4208.tif,0.530239,20.3922
val,4209.tif,0.729986,23.3941
val,421.tif,0.562283,20.6165
val,4210.tif,0.498212,19.4582
val,4211.tif,0.576942,19.881
val,4212.tif,0.574694,19.9375
val,4213.tif,0.593434,18.1806
val,4214.tif,0.603953,20.3113
val,4215.tif,0.531085,19.7744
val,4216.tif,0.589763,20.2425
val,4217.tif,0.486603,17.5909
val,4218.tif,0.619116,19.5156
val,4219.tif,0.342556,16.2421
val,422.tif,0.482207,18.1765
val,4220.tif,0.630022,19.9156
val,4221.tif,0.613102,19.582
val,4222.tif,0.593033,21.0498
val,4223.tif,0.510094,19.087
val,4224.tif,0.436833,16.186
val,4225.tif,0.699544,20.1131
val,4226.tif,0.588209,20.3246
val,4227.tif,0.705084,23.082
val,4228.tif,0.5184,18.2846
val,4229.tif,0.662987,22.2412
val,423.tif,0.606212,18.89
val,4230.tif,0.670099,22.0577
val,4231.tif,0.52557,20.0361
val,4232.tif,0.655475,22.7239
val,4233.tif,0.663501,21.914
val,4234.tif,0.492532,19.759
val,4235.tif,0.583686,18.9975
val,4236.tif,0.596635,20.2099
val,4237.tif,0.575043,19.7021
val,4238.tif,0.618131,21.8146
val,4239.tif,0.539042,19.1737
val,424.tif,0.575307,19.6516
val,4240.tif,0.610865,20.6988
val,4241.tif,0.597826,18.3833
val,4242.tif,0.519605,19.2835
val,4243.tif,0.519549,19.9639
val,4244.tif,0.531963,19.6989
val,4245.tif,0.583595,19.8436
val,4246.tif,0.530898,18.4822
val,4247.tif,0.692957,23.6704
val,4248.tif,0.520676,20.6474
val,4249.tif,0.786916,25.3417
val,425.tif,0.601224,22.0011
val,4250.tif,0.603896,20.9643
val,4251.tif,0.679743,23.7862
val,4252.tif,0.570883,21.5563
val,4253.tif,0.511219,19.357
val,4254.tif,0.584575,22.0407
val,4255.tif,0.72215,22.3446
val,4256.tif,0.661634,21.8439
val,4257.tif,0.523505,18.9782
val,4258.tif,0.600262,18.5751
val,4259.tif,0.521895,20.5694
val,426.tif,0.490464,16.718
val,4260.tif,0.768788,24.6376
val,4261.tif,0.607462,18.8497
val,4262.tif,0.625809,21.2681
val,4263.tif,0.691722,23.0664
val,4264.tif,0.64942,20.4963
val,4265.tif,0.516834,20.667
val,4266.tif,0.618799,20.7187
val,4267.tif,0.467013,18.9646
val,4268.tif,0.634617,22.844
val,4269.tif,0.786347,24.7377
val,427.tif,0.509688,19.0217
val,4270.tif,0.517451,19.878
val,4271.tif,0.532034,19.8861
val,4272.tif,0.588286,20.5365
val,4273.tif,0.485325,19.4296
val,4274.tif,0.615796,21.3481
val,4275.tif,0.74462,23.8146
val,4276.tif,0.533738,19.9268
val,4277.tif,0.504987,17.1097
val,4278.tif,0.503006,20.0451
val,4279.tif,0.641626,22.1817
val,428.tif,0.609809,20.9793
val,4280.tif,0.756014,24.4116
val,4281.tif,0.714518,24.1128
val,4282.tif,0.737453,24.5354
val,4283.tif,0.59569,20.8851
val,4284.tif,0.681215,23.1632
val,4285.tif,0.603702,21.7425
val,4286.tif,0.602802,22.9716
val,4287.tif,0.525028,19.1108
val,4288.tif,0.762618,23.6575
val,4289.tif,0.448294,18.6308
val,429.tif,0.552257,19.0886
val,4290.tif,0.562463,21.1567
val,4291.tif,0.720482,22.7853
val,4292.tif,0.239741,16.9909
val,4293.tif,0.476223,19.3749
val,4294.tif,0.486682,18.4132
val,4295.tif,0.450559,19.047
val,4296.tif,0.702931,21.0546
val,4297.tif,0.50042,19.3427
val,4298.tif,0.671228,20.9119
val,4299.tif,0.58091,21.3375
val,43.tif,0.604287,20.0908
val,430.tif,0.597438,20.8098
val,4300.tif,0.524855,20.9971
val,4301.tif,0.639394,23.188
val,4302.tif,0.52281,18.9378
val,4303.tif,0.496205,20.0946
val,4304.tif,0.575846,21.0092
val,4305.tif,0.540525,19.0342
val,4306.tif,0.478432,19.5187
val,4307.tif,0.572239,19.6957
val,4308.tif,0.499215,19.209
val,4309.tif,0.633697,22.6778
val,431.tif,0.528343,18.4858
val,4310.tif,0.47288,19.68
val,4311.tif,0.549553,19.35
val,4312.tif,0.510809,20.4057
val,4313.tif,0.547673,19.9791
val,4314.tif,0.649526,21.5676
val,4315.tif,0.505125,18.6465
val,4316.tif,0.48224,17.8996
val,4317.tif,0.490834,20.6468
val,4318.tif,0.63679,21.9683
val,4319.tif,0.57903,22.2072
val,432.tif,0.753897,20.2168
val,4320.tif,0.492611,17.2342
val,4321.tif,0.463829,19.85
val,4322.tif,0.687211,24.0844
val,4323.tif,0.486939,17.6956
val,4324.tif,0.830039,25.1255
val,4325.tif,0.451163,18.5749
val,4326.tif,0.470575,19.62
val,4327.tif,0.667499,22.2522
val,4328.tif,0.5152,18.7537
val,4329.tif,0.521066,20.414
val,433.tif,0.573867,19.7583
val,4330.tif,0.623142,23.4464
val,4331.tif,0.556319,20.9808
val,4332.tif,0.444368,18.1484
val,4333.tif,0.503086,17.6927
val,4334.tif,0.539189,21.2406
val,4335.tif,0.452556,19.6484
val,4336.tif,0.536309,19.2538
val,4337.tif,0.539932,18.7617
val,4338.tif,0.573617,21.6291
val,4339.tif,0.475735,17.7323
val,434.tif,0.471275,17.8653
val,4340.tif,0.465688,17.4619
val,4341.tif,0.556649,18.2389
val,4342.tif,0.6533,24.0206
val,4343.tif,0.773922,24.051
val,4344.tif,0.576866,21.5611
val,4345.tif,0.740564,25.3923
val,4346.tif,0.547451,20.3131
val,4347.tif,0.629663,19.6805
val,4348.tif,0.650971,20.8165
val,4349.tif,0.65254,20.9629
val,435.tif,0.497997,20.5352
val,4350.tif,0.528095,19.5811
val,4351.tif,0.504235,19.0983
val,4352.tif,0.474103,17.4853
val,4353.tif,0.511821,20.4149
val,4354.tif,0.461268,18.7582
val,4355.tif,0.612808,22.7306
val,4356.tif,0.492551,18.4672
val,4357.tif,0.586836,18.8264
val,4358.tif,0.742458,25.3284
val,4359.tif,0.669439,22.679
val,436.tif,0.584033,17.0823
val,4360.tif,0.514809,18.955
val,4361.tif,0.672427,23.5477
val,4362.tif,0.487259,18.9912
val,4363.tif,0.553868,21.6262
val,4364.tif,0.531054,19.1293
val,4365.tif,0.712936,21.5692
val,4366.tif,0.456417,19.0034
val,4367.tif,0.553526,17.6025
val,4368.tif,0.584047,20.9895
val,4369.tif,0.79074,24.8021
val,437.tif,0.514316,20.7934
val,4370.tif,0.641169,21.1252
val,4371.tif,0.546656,19.4023
val,4372.tif,0.438147,18.7262
val,4373.tif,0.468095,16.8342
val,4374.tif,0.698484,23.4298
val,4375.tif,0.674095,21.3243
val,4376.tif,0.539116,18.8441
val,4377.tif,0.532099,20.2121
val,4378.tif,0.632972,19.715
val,4379.tif,0.608221,17.032
val,438.tif,0.594159,20.3905
val,4380.tif,0.508276,19.4441
val,4381.tif,0.500798,20.3112
val,4382.tif,0.549494,19.2668
val,4383.tif,0.551136,20.4018
val,4384.tif,0.572423,18.8699
val,4385.tif,0.594292,20.1989
val,4386.tif,0.55086,19.9213
val,4387.tif,0.503128,20.5214
val,4388.tif,0.496249,18.9216
val,4389.tif,0.528334,19.7127
val,439.tif,0.583825,20.4122
val,4390.tif,0.720275,24.1506
val,4391.tif,0.486674,19.081
val,4392.tif,0.520015,17.601
val,4393.tif,0.511994,19.5259
val,4394.tif,0.590451,22.2453
val,4395.tif,0.608319,19.5412
val,4396.tif,0.53602,18.5722
val,4397.tif,0.580897,18.9257
val,4398.tif,0.529781,20.1238
val,4399.tif,0.517357,20.9388
val,44.tif,0.507911,19.0833
val,440.tif,0.574857,16.3231
val,4400.tif,0.6183,23.1294
val,4401.tif,0.524226,17.2432
val,4402.tif,0.569578,21.511
val,4403.tif,0.620714,21.6027
val,4404.tif,0.562653,21.1443
val,4405.tif,0.656857,21.9582
val,4406.tif,0.428261,19.2109
val,4407.tif,0.536485,20.1449
val,4408.tif,0.619725,19.6625
val,4409.tif,0.638178,21.5999
val,441.tif,0.518674,18.3834
val,4410.tif,0.667778,21.1789
val,4411.tif,0.520532,20.3492
val,4412.tif,0.56729,21.5986
val,4413.tif,0.536785,16.7272
val,4414.tif,0.628787,21.4534
val,4415.tif,0.597201,21.2133
val,4416.tif,0.567138,19.775
val,4417.tif,0.488549,19.234
val,4418.tif,0.487555,19.5902
val,4419.tif,0.560602,21.6615
val,442.tif,0.488681,17.4372
val,4420.tif,0.489133,17.5566
val,4421.tif,0.581076,21.3492
val,4422.tif,0.559803,19.868
val,4423.tif,0.567853,19.7978
val,4424.tif,0.541643,20.4479
val,4425.tif,0.494006,19.1215
val,4426.tif,0.365358,20.5081
val,4427.tif,0.571202,21.2355
val,4428.tif,0.716406,21.7523
val,4429.tif,0.626166,21.1304
val,443.tif,0.522071,17.4621
val,4430.tif,0.548914,19.767
val,4431.tif,0.645212,23.5615
val,4432.tif,0.711969,23.8129
val,4433.tif,0.654942,22.0986
val,4434.tif,0.456433,18.9814
val,4435.tif,0.626657,21.0709
val,4436.tif,0.605427,20.5403
val,4437.tif,0.511328,19.7669
val,4438.tif,0.702686,23.1328
val,4439.tif,0.545676,21.1433
val,444.tif,0.508878,19.085
val,4440.tif,0.619468,21.4592
val,4441.tif,0.742583,21.5317
val,4442.tif,0.471285,18.4499
val,4443.tif,0.525931,20.6486
val,4444.tif,0.580492,19.4477
val,4445.tif,0.615163,20.9252
val,4446.tif,0.584107,19.1577
val,4447.tif,0.654796,20.3116
val,4448.tif,0.612775,21.6437
val,4449.tif,0.572036,19.635
val,445.tif,0.485334,15.3481
val,4450.tif,0.542361,17.3428
val,4451.tif,0.665054,22.0924
val,4452.tif,0.495447,18.3679
val,4453.tif,0.48962,17.8779
val,4454.tif,0.555479,20.6036
val,4455.tif,0.518667,19.6657
val,4456.tif,0.52396,20.0183
val,4457.tif,0.556675,19.5076
val,4458.tif,0.605373,20.9345
val,4459.tif,0.584836,17.3842
val,446.tif,0.539601,14.971
val,4460.tif,0.488419,17.2346
val,4461.tif,0.544766,18.4332
val,4462.tif,0.655069,20.6221
val,4463.tif,0.569438,19.5404
val,4464.tif,0.592888,19.4415
val,4465.tif,0.665078,21.7611
val,4466.tif,0.539522,20.1001
val,4467.tif,0.421768,19.6373
val,4468.tif,0.574933,20.1508
val,4469.tif,0.624591,21.8098
val,447.tif,0.507078,18.2702
val,4470.tif,0.578496,20.2115
val,4471.tif,0.502922,20.0413
val,4472.tif,0.691857,23.5585
val,4473.tif,0.70769,18.0419
val,4474.tif,0.534357,19.808
val,4475.tif,0.541058,18.2875
val,4476.tif,0.459707,19.2394
val,4477.tif,0.502888,16.7764
val,4478.tif,0.588491,20.2362
val,4479.tif,0.621459,21.1323
val,448.tif,0.596261,20.9249
val,4480.tif,0.488155,19.943
val,4481.tif,0.436501,18.6294
val,4482.tif,0.526242,19.3047
val,4483.tif,0.453827,18.2243
val,4484.tif,0.606531,21.066
val,4485.tif,0.612851,20.8179
val,4486.tif,0.608275,21.9307
val,4487.tif,0.607918,20.5272
val,4488.tif,0.572484,18.0661
val,4489.tif,0.558526,21.2357
val,449.tif,0.540091,18.2692
val,4490.tif,0.510374,19.5964
val,4491.tif,0.497061,19.0165
val,4492.tif,0.619891,21.1503
val,4493.tif,0.654626,22.7125
val,4494.tif,0.677712,20.7344
val,4495.tif,0.673112,20.9381
val,4496.tif,0.618286,20.2871
val,4497.tif,0.641379,21.8218
val,4498.tif,0.589011,21.3335
val,4499.tif,0.628419,21.7851
val,45.tif,0.573407,20.5774
val,450.tif,0.466894,17.9494
val,4500.tif,0.609786,17.9572
val,4501.tif,0.814526,23.7298
val,4502.tif,0.569765,20.6226
val,4503.tif,0.538166,19.7
val,4504.tif,0.518151,17.1274
val,4505.tif,0.565722,20.0961
val,4506.tif,0.704654,20.2964
val,4507.tif,0.545915,18.4222
val,4508.tif,0.641923,21.5677
val,4509.tif,0.427632,18.7813
val,451.tif,0.636753,21.3584
val,4510.tif,0.639991,20.7984
val,4511.tif,0.546947,19.5204
val,4512.tif,0.615173,21.157
val,4513.tif,0.651358,20.4291
val,4514.tif,0.55758,20.6269
val,4515.tif,0.523829,18.8193
val,4516.tif,0.610894,22.0066
val,4517.tif,0.516369,19.1968
val,4518.tif,0.581245,19.0924
val,4519.tif,0.553791,19.4169
val,452.tif,0.55521,20.6268
val,4520.tif,0.515892,19.3204
val,4521.tif,0.563806,20.6824
val,4522.tif,0.603326,21.5146
val,4523.tif,0.526136,20.0311
val,4524.tif,0.690055,22.0385
val,4525.tif,0.589083,20.3492
val,4526.tif,0.622262,22.8757
val,4527.tif,0.45801,17.7988
val,4528.tif,0.615661,21.5738
val,4529.tif,0.468167,19.2283
val,453.tif,0.442325,16.1081
val,4530.tif,0.631465,20.812
val,4531.tif,0.596847,21.5796
val,4532.tif,0.593666,20.4296
val,4533.tif,0.600218,21.6669
val,4534.tif,0.764282,21.3785
val,4535.tif,0.609872,21.8515
val,4536.tif,0.578499,19.9821
val,4537.tif,0.574181,18.0635
val,4538.tif,0.631765,22.4353
val,4539.tif,0.674521,21.9482
val,454.tif,0.43632,16.8672
val,4540.tif,0.603143,21.605
val,4541.tif,0.494553,18.1606
val,4542.tif,0.650006,22.1866
val,4543.tif,0.465021,19.031
val,4544.tif,0.475595,18.3596
val,4545.tif,0.591304,21.5913
val,4546.tif,0.596217,20.5376
val,4547.tif,0.569337,20.2049
val,4548.tif,0.416476,18.0251
val,4549.tif,0.602705,20.1348
val,455.tif,0.525487,18.8025
val,4550.tif,0.633095,20.0232
val,4551.tif,0.497539,19.1433
val,4552.tif,0.527577,18.7602
val,4553.tif,0.583918,22.5774
val,4554.tif,0.574697,20.4167
val,4555.tif,0.543829,17.4489
val,4556.tif,0.633766,20.525
val,4557.tif,0.530067,20.0719
val,4558.tif,0.492477,20.1722
val,4559.tif,0.542262,18.416
val,456.tif,0.64606,21.8899
val,4560.tif,0.527203,18.4246
val,4561.tif,0.607518,21.0932
val,4562.tif,0.767295,21.5297
val,4563.tif,0.600324,21.3479
val,4564.tif,0.576673,20.3976
val,4565.tif,0.563785,20.6823
val,4566.tif,0.625499,21.7446
val,4567.tif,0.614896,21.4354
val,4568.tif,0.477097,18.4024
val,4569.tif,0.644419,21.7633
val,457.tif,0.713849,23.2038
val,4570.tif,0.543638,20.1673
val,4571.tif,0.547545,19.4114
val,4572.tif,0.41848,19.1768
val,4573.tif,0.60285,20.8333
val,4574.tif,0.640329,20.0311
val,4575.tif,0.612441,20.687
val,4576.tif,0.527473,18.11
val,4577.tif,0.565441,19.5252
val,4578.tif,0.676768,22.8798
val,4579.tif,0.639208,21.4914
val,458.tif,0.424549,17.0595
val,4580.tif,0.548805,19.3112
val,4581.tif,0.593064,20.0541
val,4582.tif,0.67127,21.7703
val,4583.tif,0.573723,19.8857
val,4584.tif,0.616318,20.3638
val,4585.tif,0.582969,20.6431
val,4586.tif,0.517978,17.2587
val,4587.tif,0.627975,21.0627
val,4588.tif,0.525405,18.5224
val,4589.tif,0.604121,20.7566
val,459.tif,0.590556,21.1036
val,4590.tif,0.465216,18.253
val,4591.tif,0.434566,18.0832
val,4592.tif,0.464676,16.9191
val,4593.tif,0.643207,19.1359
val,4594.tif,0.572288,20.3697
val,4595.tif,0.537759,18.5006
val,4596.tif,0.593426,20.7443
val,4597.tif,0.621556,21.3638
val,4598.tif,0.560368,19.0237
val,4599.tif,0.61702,21.1821
val,46.tif,0.489797,18.7155
val,460.tif,0.609121,18.8944
val,4600.tif,0.614039,18.7644
val,4601.tif,0.612895,21.1834
val,4602.tif,0.521227,20.2316
val,4603.tif,0.592392,20.2102
val,4604.tif,0.583902,19.5196
val,4605.tif,0.657324,22.8262
val,4606.tif,0.486606,20.3031
val,4607.tif,0.587551,20.4591
val,4608.tif,0.571304,19.1697
val,4609.tif,0.589951,20.3973
val,461.tif,0.63919,22.2509
val,4610.tif,0.603434,20.2228
val,4611.tif,0.508068,20.2446
val,4612.tif,0.619762,20.4296
val,4613.tif,0.572205,18.8379
val,4614.tif,0.603841,19.6846
val,4615.tif,0.454916,19.2324
val,4616.tif,0.558419,18.344
val,4617.tif,0.668624,23.2561
val,4618.tif,0.680369,22.5604
val,4619.tif,0.651514,20.5869
val,462.tif,0.776789,25.7111
val,4620.tif,0.570078,20.1456
val,4621.tif,0.517365,19.0981
val,4622.tif,0.669066,22.9908
val,4623.tif,0.666289,21.4252
val,4624.tif,0.667404,21.8722
val,4625.tif,0.549992,20.0753
val,4626.tif,0.587264,20.9031
val,4627.tif,0.468889,18.1791
val,4628.tif,0.56722,20.1372
val,4629.tif,0.579982,20.3255
val,463.tif,0.525358,19.1155
val,4630.tif,0.667502,21.196
val,4631.tif,0.590899,21.0149
val,4632.tif,0.662339,21.5492
val,4633.tif,0.604877,21.7429
val,4634.tif,0.676544,21.6119
val,4635.tif,0.423239,17.1968
val,4636.tif,0.597747,20.4746
val,4637.tif,0.578493,19.7434
val,4638.tif,0.630666,20.3815
val,4639.tif,0.492307,18.5984
val,464.tif,0.71928,22.0579
val,4640.tif,0.595449,20.1864
val,4641.tif,0.629628,21.4436
val,4642.tif,0.48697,17.8102
val,4643.tif,0.573345,21.1807
val,4644.tif,0.578819,17.7087
val,4645.tif,0.541721,19.309
val,4646.tif,0.634916,21.4121
val,4647.tif,0.54774,20.1893
val,4648.tif,0.677742,20.3451
val,4649.tif,0.614726,20.7552
val,465.tif,0.623262,19.1083
val,4650.tif,0.585374,21.3554
val,4651.tif,0.605497,21.2167
val,4652.tif,0.448336,18.4518
val,4653.tif,0.463526,17.1855
val,4654.tif,0.543993,18.994
val,4655.tif,0.614217,21.0607
val,4656.tif,0.59001,21.2919
val,4657.tif,0.644805,23.2071
val,4658.tif,0.526552,18.52
val,4659.tif,0.536627,19.8893
val,466.tif,0.597284,20.2307
val,4660.tif,0.640686,20.6319
val,4661.tif,0.549409,20.0579
val,4662.tif,0.5865,19.5016
val,4663.tif,0.496425,17.1516
val,4664.tif,0.554911,20.582
val,4665.tif,0.572382,20.7246
val,4666.tif,0.477695,18.7999
val,4667.tif,0.528325,19.5166
val,4668.tif,0.586162,20.8592
val,4669.tif,0.560238,20.9483
val,467.tif,0.458783,19.449
val,4670.tif,0.582988,20.441
val,4671.tif,0.528407,19.5713
val,4672.tif,0.690051,22.6826
val,4673.tif,0.553334,16.6417
val,4674.tif,0.643997,22.3857
val,4675.tif,0.600669,21.5367
val,4676.tif,0.598446,21.1547
val,4677.tif,0.658473,21.4076
val,4678.tif,0.576431,17.3868
val,4679.tif,0.564488,19.0624
val,468.tif,0.645493,21.7793
val,4680.tif,0.628177,21.1934
val,4681.tif,0.552136,19.3309
val,4682.tif,0.603593,21.1613
val,4683.tif,0.519892,19.7883
val,4684.tif,0.591993,21.0139
val,4685.tif,0.611274,19.4662
val,4686.tif,0.642545,21.145
val,4687.tif,0.619819,21.634
val,4688.tif,0.632813,22.4735
val,4689.tif,0.58108,20.4076
val,469.tif,0.472639,18.724
val,4690.tif,0.484629,19.6293
val,4691.tif,0.477065,19.7478
val,4692.tif,0.481772,19.6346
val,4693.tif,0.609227,20.6079
val,4694.tif,0.520126,18.0562
val,4695.tif,0.655118,22.1126
val,4696.tif,0.638278,20.3026
val,4697.tif,0.659825,21.2178
val,4698.tif,0.656064,21.7207
val,4699.tif,0.599992,20.1824
val,47.tif,0.535037,20.7618
val,470.tif,0.617573,21.4546
val,4700.tif,0.587315,20.9898
val,4701.tif,0.637646,22.3594
val,4702.tif,0.467584,19.3749
val,4703.tif,0.649281,21.477
val,4704.tif,0.489507,18.7367
val,4705.tif,0.487997,18.7228
val,4706.tif,0.637973,21.2152
val,4707.tif,0.575,20.8525
val,4708.tif,0.515848,18.9849
val,4709.tif,0.49016,19.1789
val,471.tif,0.55555,21.6271
val,4710.tif,0.478554,18.3685
val,4711.tif,0.547081,18.6009
val,4712.tif,0.471147,19.3229
val,4713.tif,0.588841,20.3012
val,4714.tif,0.644709,20.2624
val,4715.tif,0.569394,19.6971
val,4716.tif,0.546765,20.7463
val,4717.tif,0.595192,19.6117
val,4718.tif,0.521512,19.7884
val,4719.tif,0.426619,18.9325
val,472.tif,0.462647,17.8516
val,4720.tif,0.532835,18.8743
val,4721.tif,0.623874,18.4711
val,4722.tif,0.557483,21.5069
val,4723.tif,0.646387,21.0071
val,4724.tif,0.539448,19.4566
val,4725.tif,0.523855,16.012
val,4726.tif,0.603378,18.9988
val,4727.tif,0.603741,20.8661
val,4728.tif,0.574225,19.0507
val,4729.tif,0.453666,18.3475
val,473.tif,0.496605,19.5431
val,4730.tif,0.552872,19.2479
val,4731.tif,0.562177,20.4099
val,4732.tif,0.616493,20.5426
val,4733.tif,0.562514,18.3312
val,4734.tif,0.593884,20.6934
val,4735.tif,0.592047,20.0786
val,4736.tif,0.673975,21.2529
val,4737.tif,0.609804,20.8322
val,4738.tif,0.467136,19.0191
val,4739.tif,0.629457,19.3901
val,474.tif,0.494715,20.945
val,4740.tif,0.501816,17.2287
val,4741.tif,0.733623,21.7879
val,4742.tif,0.580617,19.3809
val,4743.tif,0.659525,22.1664
val,4744.tif,0.509617,20.0912
val,4745.tif,0.555196,19.7815
val,4746.tif,0.766849,18.8037
val,4747.tif,0.625391,19.788
val,4748.tif,0.466884,18.2505
val,4749.tif,0.609689,20.2419
val,475.tif,0.782904,25.916
val,4750.tif,0.592569,19.21
val,4751.tif,0.717309,21.5029
val,4752.tif,0.532449,20.4528
val,4753.tif,0.50647,20.2203
val,4754.tif,0.587358,21.3169
val,4755.tif,0.578258,19.0625
val,4756.tif,0.644213,21.7088
val,4757.tif,0.582818,19.7699
val,4758.tif,0.494535,18.294
val,4759.tif,0.565897,20.9548
val,476.tif,0.520963,20.0474
val,4760.tif,0.645372,23.6357
val,4761.tif,0.531291,20.5896
val,4762.tif,0.53272,18.4383
val,4763.tif,0.561489,19.9992
val,4764.tif,0.506561,19.5495
val,4765.tif,0.577965,22.0802
val,4766.tif,0.631303,21.6148
val,4767.tif,0.485112,19.531
val,4768.tif,0.640834,21.9983
val,4769.tif,0.633537,19.9704
val,477.tif,0.527152,17.9521
val,4770.tif,0.846893,20.871
val,4771.tif,0.545669,19.1456
val,4772.tif,0.614614,20.7098
val,4773.tif,0.515057,19.4878
val,4774.tif,0.556628,19.42
val,4775.tif,0.513772,19.8194
val,4776.tif,0.576943,21.9313
val,4777.tif,0.600353,19.5772
val,4778.tif,0.4773,18.8981
val,4779.tif,0.594947,21.0919
val,478.tif,0.536373,19.826
val,4780.tif,0.605244,20.486
val,4781.tif,0.573192,19.7124
val,4782.tif,0.612132,20.4716
val,4783.tif,0.624447,19.9788
val,4784.tif,0.474355,20.0402
val,4785.tif,0.69851,19.2255
val,4786.tif,0.515735,19.8628
val,4787.tif,0.483564,19.6966
val,4788.tif,0.486537,18.6833
val,4789.tif,0.564743,20.1843
val,479.tif,0.514955,17.1127
val,4790.tif,0.529158,20.0217
val,4791.tif,0.643518,19.929
val,4792.tif,0.555647,19.3905
val,4793.tif,0.679052,19.5687
val,4794.tif,0.525635,19.1594
val,4795.tif,0.717831,24.993
val,4796.tif,0.555872,18.7801
val,4797.tif,0.632626,21.047
val,4798.tif,0.714309,22.8513
val,4799.tif,0.455026,17.0818
val,48.tif,0.511163,20.3117
val,480.tif,0.49967,18.2096
val,4800.tif,0.733878,18.2078
val,4801.tif,0.642017,21.6196
val,4802.tif,0.534609,19.9063
val,4803.tif,0.510195,16.0067
val,4804.tif,0.459296,18.8389
val,4805.tif,0.599417,20.484
val,4806.tif,0.504538,19.9172
val,4807.tif,0.589694,17.6658
val,4808.tif,0.599898,21.6321
val,4809.tif,0.449151,19.4175
val,481.tif,0.451824,18.1265
val,4810.tif,0.538332,20.3711
val,4811.tif,0.586817,21.0803
val,4812.tif,0.536446,21.3631
val,4813.tif,0.645702,20.6775
val,4814.tif,0.507164,18.6387
val,4815.tif,0.628596,22.3235
val,4816.tif,0.568522,20.3026
val,4817.tif,0.61818,20.8459
val,4818.tif,0.425573,18.5518
val,4819.tif,0.608425,21.5569
val,482.tif,0.566798,19.4072
val,4820.tif,0.611704,20.7669
val,4821.tif,0.612453,22.6281
val,4822.tif,0.564325,18.1264
val,4823.tif,0.61639,22.0365
val,4824.tif,0.645583,19.8555
val,4825.tif,0.46205,19.7674
val,4826.tif,0.622321,20.2364
val,4827.tif,0.608695,21.579
val,4828.tif,0.618886,19.6114
val,4829.tif,0.479294,18.1476
val,483.tif,0.750044,21.2006
val,4830.tif,0.561854,20.7953
val,4831.tif,0.691833,21.1276
val,4832.tif,0.500551,18.3732
val,4833.tif,0.561412,21.0173
val,4834.tif,0.663857,22.5023
val,4835.tif,0.475127,17.7204
val,4836.tif,0.506853,20.415
val,4837.tif,0.62776,18.0261
val,4838.tif,0.605627,20.5851
val,4839.tif,0.710351,22.1199
val,484.tif,0.585917,20.2848
val,4840.tif,0.642903,20.0091
val,4841.tif,0.546066,20.8215
val,4842.tif,0.770994,21.2027
val,4843.tif,0.42781,18.7742
val,4844.tif,0.658834,20.4865
val,4845.tif,0.535676,20.7359
val,4846.tif,0.534565,19.1883
val,4847.tif,0.588753,19.4483
val,4848.tif,0.647165,21.7759
val,4849.tif,0.548953,19.6933
val,485.tif,0.525283,21.1716
val,4850.tif,0.417764,19.0427
val,4851.tif,0.634698,21.696
val,4852.tif,0.590203,19.5644
val,4853.tif,0.587835,20.3762
val,4854.tif,0.44093,18.7522
val,4855.tif,0.464402,18.5764
val,4856.tif,0.575561,21.8915
val,4857.tif,0.40493,17.5808
val,4858.tif,0.574615,19.9386
val,4859.tif,0.597581,21.5587
val,486.tif,0.431448,17.3187
val,4860.tif,0.652765,21.5948
val,4861.tif,0.533748,19.6335
val,4862.tif,0.500121,19.608
val,4863.tif,0.407807,18.6161
val,4864.tif,0.52023,20.4015
val,4865.tif,0.529625,19.5955
val,4866.tif,0.568678,19.8246
val,4867.tif,0.55858,19.9024
val,4868.tif,0.685848,21.0672
val,4869.tif,0.589469,20.1579
val,487.tif,0.529398,17.932
val,4870.tif,0.634193,21.3252
val,4871.tif,0.550786,19.8286
val,4872.tif,0.574906,21.2149
val,4873.tif,0.582236,21.0471
val,4874.tif,0.64672,22.3688
val,4875.tif,0.580418,20.0499
val,4876.tif,0.563528,20.8612
val,4877.tif,0.551558,21.3383
val,4878.tif,0.581561,20.8872
val,4879.tif,0.437083,18.4939
val,488.tif,0.568379,19.864
val,4880.tif,0.683021,21.5416
val,4881.tif,0.476676,19.9193
val,4882.tif,0.669294,22.7175
val,4883.tif,0.563678,19.2574
val,4884.tif,0.672618,21.8155
val,4885.tif,0.472085,19.5093
val,4886.tif,0.650108,21.7586
val,4887.tif,0.504776,19.6233
val,4888.tif,0.592196,19.9538
val,4889.tif,0.621086,20.0814
val,489.tif,0.595998,19.315
val,4890.tif,0.597455,20.9651
val,4891.tif,0.495033,19.7625
val,4892.tif,0.517174,20.5128
val,4893.tif,0.591056,21.0505
val,4894.tif,0.594419,20.6063
val,4895.tif,0.448982,17.3935
val,4896.tif,0.563817,18.447
val,4897.tif,0.639352,21.1818
val,4898.tif,0.490648,19.8702
val,4899.tif,0.567112,20.8451
val,49.tif,0.586743,19.4948
val,490.tif,0.688332,21.4244
val,4900.tif,0.466469,18.9862
val,4901.tif,0.52612,19.1913
val,4902.tif,0.556386,19.2305
val,4903.tif,0.613509,20.6527
val,4904.tif,0.590187,19.6974
val,4905.tif,0.606471,21.597
val,4906.tif,0.618811,20.9347
val,4907.tif,0.604625,21.6933
val,4908.tif,0.466374,21.8387
val,4909.tif,0.567552,20.2177
val,491.tif,0.530007,19.7877
val,4910.tif,0.616032,21.9089
val,4911.tif,0.455734,18.5387
val,4912.tif,0.525391,20.6849
val,4913.tif,0.568101,21.5314
val,4914.tif,0.55415,18.2804
val,4915.tif,0.481481,18.5451
val,4916.tif,0.429001,18.0294
val,4917.tif,0.79507,23.7054
val,4918.tif,0.545377,19.3383
val,4919.tif,0.641533,22.5971
val,492.tif,0.546188,20.0224
val,4920.tif,0.365182,17.8803
val,4921.tif,0.610434,22.5201
val,4922.tif,0.49018,19.7562
val,4923.tif,0.612778,21.9876
val,4924.tif,0.557424,18.5364
val,4925.tif,0.582073,19.6274
val,4926.tif,0.44792,17.7169
val,4927.tif,0.645387,20.9254
val,4928.tif,0.474068,20.1078
val,4929.tif,0.518937,18.9153
val,493.tif,0.493168,18.4172
val,4930.tif,0.591756,21.1059
val,4931.tif,0.648144,20.5014
val,4932.tif,0.506207,20.0252
val,4933.tif,0.562595,18.7373
val,4934.tif,0.559501,20.81
val,4935.tif,0.619674,21.1498
val,4936.tif,0.584299,21.0945
val,4937.tif,0.432295,17.5096
val,4938.tif,0.542977,16.2922
val,4939.tif,0.521231,19.7401
val,494.tif,0.528077,18.7707
val,4940.tif,0.438518,18.7824
val,4941.tif,0.61538,22.8183
val,4942.tif,0.565356,21.1849
val,4943.tif,0.612859,20.5192
val,4944.tif,0.490296,18.91
val,4945.tif,0.675348,23.3623
val,4946.tif,0.53884,20.3995
val,4947.tif,0.524315,21.1905
val,4948.tif,0.534819,20.1209
val,4949.tif,0.555088,21.3089
val,495.tif,0.505749,19.972
val,4950.tif,0.658511,21.6578
val,4951.tif,0.53242,16.8567
val,4952.tif,0.63811,19.6402
val,4953.tif,0.635271,21.3942
val,4954.tif,0.550941,17.8848
val,4955.tif,0.592626,21.5398
val,4956.tif,0.545582,19.1666
val,4957.tif,0.589961,20.6891
val,4958.tif,0.593075,21.1241
val,4959.tif,0.448399,18.8989
val,496.tif,0.465364,18.3278
val,4960.tif,0.672737,22.8187
val,4961.tif,0.523699,18.7183
val,4962.tif,0.617936,20.5869
val,4963.tif,0.627425,21.1412
val,4964.tif,0.607711,20.7122
val,4965.tif,0.468929,19.7815
val,4966.tif,0.519096,19.7908
val,4967.tif,0.56822,21.0222
val,4968.tif,0.659092,21.0946
val,4969.tif,0.625505,21.5242
val,497.tif,0.647983,21.6097
val,4970.tif,0.61261,21.0593
val,4971.tif,0.507139,19.6645
val,4972.tif,0.589486,19.4915
val,4973.tif,0.580082,21.0733
val,4974.tif,0.64629,22.2887
val,4975.tif,0.604485,21.6575
val,4976.tif,0.512705,19.5562
val,4977.tif,0.62885,23.0517
val,4978.tif,0.537237,20.7158
val,4979.tif,0.603928,21.3646
val,498.tif,0.483376,17.3489
val,4980.tif,0.566831,19.9387
val,4981.tif,0.599211,21.6778
val,4982.tif,0.530672,20.0975
val,4983.tif,0.60126,19.7759
val,4984.tif,0.565299,20.0028
val,4985.tif,0.566196,19.7209
val,4986.tif,0.616804,19.9865
val,4987.tif,0.565593,17.0028
val,4988.tif,0.631667,21.8028
val,4989.tif,0.528973,20.1057
val,499.tif,0.569342,19.5688
val,4990.tif,0.675098,22.4965
val,4991.tif,0.562933,21.6179
val,4992.tif,0.604043,20.2875
val,4993.tif,0.669048,21.7979
val,4994.tif,0.500973,19.5772
val,4995.tif,0.582394,21.3082
val,4996.tif,0.619748,21.9345
val,4997.tif,0.606428,21.3167
val,4998.tif,0.460814,16.5847
val,4999.tif,0.693372,19.7618
val,5.tif,0.797476,23.0267
val,50.tif,0.478836,18.3589
val,500.tif,0.492744,17.6007
val,5000.tif,0.634284,20.6114
val,5001.tif,0.54108,20.9465
val,5002.tif,0.671643,21.722
val,5003.tif,0.570538,17.8949
val,5004.tif,0.58063,20.4543
val,5005.tif,0.480889,20.5013
val,5006.tif,0.525769,19.458
val,5007.tif,0.472156,20.1651
val,5008.tif,0.449239,18.9756
val,5009.tif,0.608274,21.8044
val,501.tif,0.514757,18.3092
val,5010.tif,0.60823,20.2781
val,5011.tif,0.556761,20.5335
val,5012.tif,0.538895,20.551
val,5013.tif,0.642427,21.7491
val,5014.tif,0.638113,21.0618
val,5015.tif,0.458855,17.1992
val,5016.tif,0.550798,20.7428
val,5017.tif,0.616909,21.4732
val,5018.tif,0.466842,19.0357
val,5019.tif,0.49557,19.3386
val,502.tif,0.597253,21.8678
val,5020.tif,0.619347,21.3683
val,5021.tif,0.491173,18.0321
val,5022.tif,0.522033,20.5164
val,5023.tif,0.575183,19.7169
val,5024.tif,0.552278,19.8086
val,5025.tif,0.591856,21.6425
val,5026.tif,0.570765,21.9836
val,5027.tif,0.631183,21.6923
val,5028.tif,0.674252,20.3699
val,5029.tif,0.642218,21.4822
val,503.tif,0.462115,17.6995
val,5030.tif,0.519629,20.2927
val,5031.tif,0.545962,20.7413
val,5032.tif,0.502518,19.4167
val,5033.tif,0.474589,18.6889
val,5034.tif,0.620921,20.8786
val,5035.tif,0.644397,19.6762
val,5036.tif,0.575074,21.3157
val,5037.tif,0.632593,20.9629
val,5038.tif,0.517729,19.7986
val,5039.tif,0.608593,21.6892
val,504.tif,0.500119,18.9113
val,5040.tif,0.645726,22.7122
val,5041.tif,0.66326,22.0556
val,5042.tif,0.668557,22.436
val,5043.tif,0.551257,19.3151
val,5044.tif,0.687877,20.1223
val,5045.tif,0.623921,22.0561
val,5046.tif,0.573349,20.5779
val,5047.tif,0.582628,21.0235
val,5048.tif,0.574689,21.4643
val,5049.tif,0.725294,22.2556
val,505.tif,0.599867,21.0972
val,5050.tif,0.662625,21.8947
val,5051.tif,0.665432,23.293
val,5052.tif,0.534726,20.2116
val,5053.tif,0.685575,21.4791
val,5054.tif,0.470507,18.7323
val,5055.tif,0.662714,20.4369
val,5056.tif,0.530318,19.3439
val,5057.tif,0.631734,20.4132
val,5058.tif,0.604335,19.9307
val,5059.tif,0.57299,21.2226
val,506.tif,0.415195,20.1883
val,5060.tif,0.551531,18.3162
val,5061.tif,0.56532,18.8704
val,5062.tif,0.482672,18.7202
val,5063.tif,0.653852,21.8912
val,5064.tif,0.521509,20.1208
val,5065.tif,0.529878,20.562
val,5066.tif,0.568173,20.2336
val,5067.tif,0.559159,20.642
val,5068.tif,0.536895,17.1786
val,5069.tif,0.479089,19.7718
val,507.tif,0.457412,17.167
val,5070.tif,0.417126,18.1454
val,5071.tif,0.626601,21.3971
val,5072.tif,0.65213,22.9451
val,5073.tif,0.716244,23.0527
val,5074.tif,0.615863,19.1461
val,5075.tif,0.557941,21.5596
val,5076.tif,0.637659,21.271
val,5077.tif,0.57926,21.1688
val,5078.tif,0.483381,19.717
val,5079.tif,0.659435,22.5031
val,508.tif,0.565483,20.9753
val,5080.tif,0.586411,20.8673
val,5081.tif,0.511369,19.563
val,5082.tif,0.646136,21.4515
val,5083.tif,0.468555,20.0253
val,5084.tif,0.511034,19.7346
val,5085.tif,0.568756,18.6842
val,5086.tif,0.446398,18.727
val,5087.tif,0.59447,20.8394
val,5088.tif,0.460437,19.2816
val,5089.tif,0.682202,21.3939
val,509.tif,0.550172,18.1011
val,5090.tif,0.499755,19.3685
val,5091.tif,0.599515,22.1446
val,5092.tif,0.568292,18.8049
val,5093.tif,0.497767,19.853
val,5094.tif,0.588135,19.9978
val,5095.tif,0.524907,18.8768
val,5096.tif,0.491506,19.4206
val,5097.tif,0.604514,22.3375
val,5098.tif,0.652804,21.7952
val,5099.tif,0.412826,18.8102
val,51.tif,0.529243,19.0647
val,510.tif,0.45503,15.6865
val,5100.tif,0.528082,19.6949
val,5101.tif,0.43412,17.2619
val,5102.tif,0.57471,18.9202
val,5103.tif,0.447351,20.6678
val,5104.tif,0.591464,18.3207
val,5105.tif,0.584769,20.872
val,5106.tif,0.622923,20.3296
val,5107.tif,0.729648,22.4554
val,5108.tif,0.553657,21.3848
val,5109.tif,0.623149,20.5098
val,511.tif,0.495437,17.4264
val,5110.tif,0.537457,17.6612
val,5111.tif,0.599848,21.0663
val,5112.tif,0.570682,19.4627
val,5113.tif,0.643241,22.2129
val,5114.tif,0.437111,19.6792
val,5115.tif,0.569535,19.1953
val,5116.tif,0.56494,19.6426
val,5117.tif,0.604134,20.1987
val,5118.tif,0.615067,20.8144
val,5119.tif,0.558833,19.8354
val,512.tif,0.517268,18.883
val,5120.tif,0.636882,19.6039
val,5121.tif,0.481514,19.7655
val,5122.tif,0.63108,22.0476
val,5123.tif,0.436283,17.8888
val,5124.tif,0.525385,20.235
val,5125.tif,0.438742,18.1139
val,5126.tif,0.643873,21.928
val,5127.tif,0.66545,24.9812
val,5128.tif,0.508735,19.9991
val,5129.tif,0.514306,19.8161
val,513.tif,0.492354,17.3338
val,5130.tif,0.609798,19.4318
val,5131.tif,0.474268,17.554
val,5132.tif,0.596903,22.5226
val,5133.tif,0.611351,20.1651
val,5134.tif,0.630424,20.3923
val,5135.tif,0.515566,20.0748
val,5136.tif,0.520792,18.9949
val,5137.tif,0.560663,19.8694
val,5138.tif,0.650554,21.9768
val,5139.tif,0.411052,18.6938
val,514.tif,0.50473,19.8154
val,5140.tif,0.479435,17.9153
val,5141.tif,0.593317,22.9021
val,5142.tif,0.6527,23.1639
val,5143.tif,0.52696,19.4411
val,5144.tif,0.561455,20.0358
val,5145.tif,0.538184,20.3592
val,5146.tif,0.420969,18.4628
val,5147.tif,0.645606,22.0807
val,5148.tif,0.582078,21.303
val,5149.tif,0.514095,20.1643
val,515.tif,0.489891,17.5614
val,5150.tif,0.585803,19.8024
val,5151.tif,0.569587,19.9392
val,5152.tif,0.521461,21.022
val,5153.tif,0.606245,21.0232
val,5154.tif,0.494645,20.0161
val,5155.tif,0.553937,17.5931
val,5156.tif,0.616732,20.5901
val,5157.tif,0.653419,21.4008
val,5158.tif,0.650105,20.5676
val,5159.tif,0.619589,21.5037
val,516.tif,0.484201,20.065
val,5160.tif,0.431145,18.7118
val,5161.tif,0.614865,22.1157
val,5162.tif,0.521485,19.8547
val,5163.tif,0.488204,19.5549
val,5164.tif,0.559168,21.0658
val,5165.tif,0.568103,20.0543
val,5166.tif,0.656272,23.2812
val,5167.tif,0.658892,22.866
val,5168.tif,0.599441,18.8597
val,5169.tif,0.609323,20.7595
val,517.tif,0.432683,17.6766
val,5170.tif,0.553167,20.7525
val,5171.tif,0.507847,17.0164
val,5172.tif,0.593479,21.4938
val,5173.tif,0.444535,18.9503
val,5174.tif,0.660181,21.3275
val,5175.tif,0.498144,19.9391
val,5176.tif,0.59954,21.8076
val,5177.tif,0.615777,19.9714
val,5178.tif,0.415285,17.3987
val,5179.tif,0.573594,18.8595
val,518.tif,0.607154,21.418
val,5180.tif,0.599723,20.3961
val,5181.tif,0.690922,22.5745
val,5182.tif,0.550219,18.9378
val,5183.tif,0.427893,18.4426
val,5184.tif,0.543498,20.4883
val,5185.tif,0.522203,20.4982
val,5186.tif,0.573443,20.8749
val,5187.tif,0.755094,21.8625
val,5188.tif,0.494933,20.5112
val,5189.tif,0.442185,20.0755
val,519.tif,0.421213,18.2649
val,5190.tif,0.497683,20.1663
val,5191.tif,0.610929,19.8145
val,5192.tif,0.50639,19.7837
val,5193.tif,0.559872,19.3154
val,5194.tif,0.573903,21.9253
val,5195.tif,0.734679,21.6108
val,5196.tif,0.579005,21.1306
val,5197.tif,0.539143,18.8512
val,5198.tif,0.614834,18.449
val,5199.tif,0.501384,20.2857
val,52.tif,0.581636,20.0576
val,520.tif,0.649282,22.0212
val,5200.tif,0.687052,20.5761
val,5201.tif,0.539014,20.7403
val,5202.tif,0.499156,19.5015
val,5203.tif,0.554958,20.0825
val,5204.tif,0.601346,20.6201
val,5205.tif,0.479487,19.3615
val,5206.tif,0.418969,16.2854
val,5207.tif,0.627171,22.316
val,5208.tif,0.636979,23.0332
val,5209.tif,0.486036,20.0694
val,521.tif,0.49606,19.0138
val,5210.tif,0.515114,20.2939
val,5211.tif,0.593459,20.1704
val,5212.tif,0.663616,21.9298
val,5213.tif,0.505894,19.9895
val,5214.tif,0.507652,20.2475
val,5215.tif,0.537647,21.2174
val,5216.tif,0.605631,21.8703
val,5217.tif,0.633554,22.3917
val,5218.tif,0.4377,19.7656
val,5219.tif,0.43928,17.3836
val,522.tif,0.465145,18.4581
val,5220.tif,0.635522,22.4041
val,5221.tif,0.627042,21.9414
val,5222.tif,0.568224,18.92
val,5223.tif,0.582636,18.4106
val,5224.tif,0.634922,20.9536
val,5225.tif,0.606369,20.9071
val,5226.tif,0.755942,20.8528
val,5227.tif,0.527175,20.4899
val,5228.tif,0.597138,20.4357
val,5229.tif,0.475046,19.1629
val,523.tif,0.499821,20.2329
val,5230.tif,0.570742,20.8894
val,5231.tif,0.628034,19.1224
val,5232.tif,0.629293,22.1358
val,5233.tif,0.647979,22.4555
val,5234.tif,0.54986,19.9179
val,5235.tif,0.43414,18.6105
val,5236.tif,0.56655,20.587
val,5237.tif,0.688786,20.8623
val,5238.tif,0.52121,18.7684
val,5239.tif,0.503227,20.9629
val,524.tif,0.384325,16.6151
val,5240.tif,0.410534,18.3455
val,5241.tif,0.536339,21.044
val,5242.tif,0.473493,18.8955
val,5243.tif,0.538508,20.7688
val,5244.tif,0.476568,19.2532
val,5245.tif,0.51649,18.8172
val,5246.tif,0.675183,20.0817
val,5247.tif,0.428546,18.6599
val,5248.tif,0.436257,18.5799
val,5249.tif,0.593288,21.7401
val,525.tif,0.534702,20.9826
val,5250.tif,0.640662,21.7318
val,5251.tif,0.535729,21.2783
val,5252.tif,0.649662,21.5773
val,5253.tif,0.440757,19.5918
val,5254.tif,0.495741,19.6694
val,5255.tif,0.565801,21.1517
val,5256.tif,0.646961,22.2997
val,5257.tif,0.634806,19.6394
val,5258.tif,0.497713,19.7796
val,5259.tif,0.612547,19.1868
val,526.tif,0.519809,22.2827
val,5260.tif,0.438071,17.7238
val,5261.tif,0.599458,20.9354
val,5262.tif,0.472178,20.0896
val,5263.tif,0.52495,21.0848
val,5264.tif,0.598792,20.3771
val,5265.tif,0.526485,19.8538
val,5266.tif,0.6545,22.3463
val,5267.tif,0.627825,23.0205
val,5268.tif,0.576737,21.5031
val,5269.tif,0.580252,20.1655
val,527.tif,0.510514,18.3444
val,5270.tif,0.564518,20.9306
val,5271.tif,0.481664,19.7204
val,5272.tif,0.614397,21.5513
val,5273.tif,0.620259,21.5912
val,5274.tif,0.60769,20.6119
val,5275.tif,0.652182,22.1191
val,5276.tif,0.567339,20.1125
val,5277.tif,0.596007,21.9063
val,5278.tif,0.430942,18.5309
val,5279.tif,0.467319,18.7231
val,528.tif,0.569678,21.7738
val,5280.tif,0.601662,19.678
val,5281.tif,0.588656,20.8232
val,5282.tif,0.605681,20.7224
val,5283.tif,0.501451,19.6759
val,5284.tif,0.610493,22.6665
val,5285.tif,0.700632,22.0692
val,5286.tif,0.591962,21.3979
val,5287.tif,0.544697,20.1097
val,5288.tif,0.591253,21.1198
val,5289.tif,0.494646,19.9979
val,529.tif,0.692461,19.8919
val,5290.tif,0.62176,21.1861
val,5291.tif,0.527291,18.0424
val,5292.tif,0.754346,23.4027
val,5293.tif,0.454821,18.8101
val,5294.tif,0.668495,21.4589
val,5295.tif,0.601845,23.1886
val,5296.tif,0.520247,19.4241
val,5297.tif,0.590345,19.8844
val,5298.tif,0.522591,20.8223
val,5299.tif,0.643601,21.1567
val,53.tif,0.501226,20.0309
val,530.tif,0.492577,18.6501
val,5300.tif,0.565077,21.4453
val,5301.tif,0.650222,21.2901
val,5302.tif,0.633743,22.2873
val,5303.tif,0.601942,20.4266
val,5304.tif,0.59011,20.4285
val,5305.tif,0.557184,17.0345
val,5306.tif,0.469754,20.0536
val,5307.tif,0.616382,21.3614
val,5308.tif,0.496945,19.9321
val,5309.tif,0.408931,17.7606
val,531.tif,0.465515,18.1272
val,5310.tif,0.502796,19.0045
val,5311.tif,0.614422,21.0119
val,5312.tif,0.443717,19.0537
val,5313.tif,0.643225,21.1984
val,5314.tif,0.632303,20.431
val,5315.tif,0.652923,20.8324
val,5316.tif,0.536189,19.0658
val,5317.tif,0.588374,21.2715
val,5318.tif,0.534307,20.1641
val,5319.tif,0.675677,22.5638
val,532.tif,0.470075,17.5532
val,5320.tif,0.686065,21.4984
val,5321.tif,0.677398,21.2801
val,5322.tif,0.470913,18.9061
val,5323.tif,0.532322,20.681
val,5324.tif,0.586318,22.6171
val,5325.tif,0.455709,19.7165
val,5326.tif,0.562846,18.994
val,5327.tif,0.553858,18.7843
val,5328.tif,0.740273,21.6222
val,5329.tif,0.5335,18.8871
val,533.tif,0.568259,18.9756
val,5330.tif,0.593562,20.7792
val,5331.tif,0.648161,21.7988
val,5332.tif,0.609292,21.9051
val,5333.tif,0.475445,20.6977
val,5334.tif,0.630893,21.707
val,5335.tif,0.602743,21.6358
val,5336.tif,0.543633,20.4988
val,5337.tif,0.556025,17.91
val,5338.tif,0.499668,20.5093
val,5339.tif,0.4997,20.2688
val,534.tif,0.422881,18.7039
val,5340.tif,0.588609,20.9184
val,5341.tif,0.625803,21.569
val,5342.tif,0.529184,19.5953
val,5343.tif,0.714096,22.4657
val,5344.tif,0.53856,19.5873
val,5345.tif,0.376441,17.0957
val,5346.tif,0.753642,19.9724
val,5347.tif,0.449898,19.2868
val,5348.tif,0.621955,18.9211
val,5349.tif,0.570311,21.0976
val,535.tif,0.623986,23.3009
val,5350.tif,0.561702,20.8843
val,5351.tif,0.703964,21.0287
val,5352.tif,0.605168,18.808
val,5353.tif,0.610678,21.1181
val,5354.tif,0.663528,23.2323
val,5355.tif,0.524932,21.1534
val,5356.tif,0.611514,21.4822
val,5357.tif,0.41314,18.1682
val,5358.tif,0.574854,18.4472
val,5359.tif,0.615172,19.4102
val,536.tif,0.577436,17.6867
val,5360.tif,0.542191,20.1067
val,5361.tif,0.522254,21.0204
val,5362.tif,0.666887,22.2133
val,5363.tif,0.579026,21.512
val,5364.tif,0.555703,20.829
val,5365.tif,0.576281,20.8811
val,5366.tif,0.567724,19.437
val,5367.tif,0.488909,19.6682
val,5368.tif,0.690431,23.5831
val,5369.tif,0.574279,20.9609
val,537.tif,0.57175,20.0275
val,5370.tif,0.628582,19.2694
val,5371.tif,0.611232,20.8114
val,5372.tif,0.503326,18.6007
val,5373.tif,0.485632,19.2713
val,5374.tif,0.423558,18.9549
val,5375.tif,0.653179,23.7244
val,5376.tif,0.617072,20.4916
val,5377.tif,0.555713,20.0053
val,5378.tif,0.466175,16.2015
val,5379.tif,0.544875,18.7919
val,538.tif,0.517982,16.5588
val,5380.tif,0.452121,17.4548
val,5381.tif,0.542424,17.5843
val,5382.tif,0.412176,18.5517
val,5383.tif,0.719175,22.4666
val,5384.tif,0.707677,22.1372
val,5385.tif,0.738889,23.2727
val,5386.tif,0.579881,19.6071
val,5387.tif,0.620492,21.463
val,5388.tif,0.543884,18.247
val,5389.tif,0.586256,20.8974
val,539.tif,0.523529,20.2162
val,5390.tif,0.491138,18.3194
val,5391.tif,0.602529,20.166
val,5392.tif,0.510882,20.3879
val,5393.tif,0.579052,21.0216
val,5394.tif,0.599179,22.1956
val,5395.tif,0.654051,22.2626
val,5396.tif,0.519549,18.9985
val,5397.tif,0.645019,20.7577
val,5398.tif,0.619011,20.3506
val,5399.tif,0.527354,20.3007
val,54.tif,0.533847,16.9793
val,540.tif,0.531363,19.7915
val,5400.tif,0.49739,18.949
val,5401.tif,0.638393,20.802
val,5402.tif,0.562034,18.9792
val,5403.tif,0.552453,19.663
val,5404.tif,0.543933,19.6254
val,5405.tif,0.683222,23.767
val,5406.tif,0.521938,18.6721
val,5407.tif,0.552488,20.7592
val,5408.tif,0.505085,19.7463
val,5409.tif,0.677631,23.4812
val,541.tif,0.523729,19.213
val,5410.tif,0.502532,19.7826
val,5411.tif,0.593533,20.4424
val,5412.tif,0.6131,21.2881
val,5413.tif,0.550122,19.3594
val,5414.tif,0.58817,20.4654
val,5415.tif,0.617292,20.3077
val,5416.tif,0.563098,20.5988
val,5417.tif,0.454207,18.17
val,5418.tif,0.484068,19.8919
val,5419.tif,0.568201,17.9595
val,542.tif,0.554437,20.7224
val,5420.tif,0.556781,20.1432
val,5421.tif,0.577433,19.7416
val,5422.tif,0.605407,21.2416
val,5423.tif,0.539157,19.5383
val,5424.tif,0.531267,21.3307
val,5425.tif,0.562375,20.5046
val,5426.tif,0.633853,22.5919
val,5427.tif,0.522425,19.9258
val,5428.tif,0.755504,23.4616
val,5429.tif,0.478487,18.891
val,543.tif,0.585346,19.6847
val,5430.tif,0.654985,22.1076
val,5431.tif,0.42673,17.8802
val,5432.tif,0.515445,18.5369
val,5433.tif,0.572472,18.3159
val,5434.tif,0.606994,21.279
val,5435.tif,0.622699,19.1753
val,5436.tif,0.553494,19.8985
val,5437.tif,0.447114,16.4849
val,5438.tif,0.494796,17.3523
val,5439.tif,0.674689,21.6806
val,544.tif,0.496439,18.4962
val,5440.tif,0.682249,22.9216
val,5441.tif,0.468763,17.5212
val,5442.tif,0.474546,20.5448
val,5443.tif,0.518341,20.6478
val,5444.tif,0.703753,23.2129
val,5445.tif,0.6018,20.2295
val,5446.tif,0.532444,21.0042
val,5447.tif,0.560641,20.4614
val,5448.tif,0.56889,20.8294
val,5449.tif,0.567189,20.9326
val,545.tif,0.632598,21.8702
val,5450.tif,0.463865,18.3227
val,5451.tif,0.603168,20.3071
val,5452.tif,0.595811,19.9531
val,5453.tif,0.534992,17.3836
val,5454.tif,0.4782,19.5199
val,5455.tif,0.535705,18.9398
val,5456.tif,0.512985,20.681
val,5457.tif,0.543279,20.5452
val,5458.tif,0.623558,21.5655
val,5459.tif,0.434713,17.5158
val,546.tif,0.660509,21.5727
val,5460.tif,0.539211,19.8125
val,5461.tif,0.625291,20.5196
val,5462.tif,0.516591,19.0723
val,5463.tif,0.504077,19.3531
val,5464.tif,0.752688,21.7304
val,5465.tif,0.599143,20.74
val,5466.tif,0.47158,18.2586
val,5467.tif,0.56943,21.5055
val,5468.tif,0.524288,21.0836
val,5469.tif,0.531449,19.7511
val,547.tif,0.549367,17.1596
val,5470.tif,0.607217,21.0206
val,5471.tif,0.565687,21.6078
val,5472.tif,0.662607,21.7021
val,5473.tif,0.592627,21.8886
val,5474.tif,0.443826,17.2215
val,5475.tif,0.513302,18.347
val,5476.tif,0.602843,22.4589
val,5477.tif,0.606851,21.5202
val,5478.tif,0.474408,17.5931
val,5479.tif,0.561886,19.1287
val,548.tif,0.597832,21.2592
val,5480.tif,0.581703,21.6115
val,5481.tif,0.617133,21.9628
val,5482.tif,0.607293,20.5929
val,5483.tif,0.637653,22.0351
val,5484.tif,0.5273,20.2298
val,5485.tif,0.526194,18.8836
val,5486.tif,0.527107,19.7467
val,5487.tif,0.513792,19.639
val,5488.tif,0.644492,21.5432
val,5489.tif,0.604829,20.4157
val,549.tif,0.563556,19.5847
val,5490.tif,0.497186,20.2735
val,5491.tif,0.490169,18.7428
val,5492.tif,0.553421,20.751
val,5493.tif,0.596685,21.4217
val,5494.tif,0.479782,18.7786
val,5495.tif,0.700159,22.1323
val,5496.tif,0.646715,20.6408
val,5497.tif,0.701126,25.7144
val,5498.tif,0.634307,23.4461
val,5499.tif,0.485567,19.5447
val,55.tif,0.442865,18.7556
val,550.tif,0.643454,18.7274
val,5500.tif,0.54999,19.577
val,5501.tif,0.587786,22.2111
val,5502.tif,0.50236,19.5297
val,5503.tif,0.6088,19.0255
val,5504.tif,0.556501,20.5354
val,5505.tif,0.422582,17.6366
val,5506.tif,0.583827,21.4306
val,5507.tif,0.520977,19.7066
val,5508.tif,0.515327,19.1138
val,5509.tif,0.628756,22.3824
val,551.tif,0.506458,18.4446
val,5510.tif,0.516679,20.0503
val,5511.tif,0.576553,19.5564
val,5512.tif,0.619766,21.3197
val,5513.tif,0.593404,21.1104
val,5514.tif,0.548325,20.9773
val,5515.tif,0.479289,16.532
val,5516.tif,0.646471,21.6634
val,5517.tif,0.454839,18.6831
val,5518.tif,0.608553,20.0601
val,5519.tif,0.619628,19.8678
val,552.tif,0.754383,19.951
val,5520.tif,0.570279,21.5514
val,5521.tif,0.4255,18.2328
val,5522.tif,0.503836,19.1434
val,5523.tif,0.569758,19.9334
val,5524.tif,0.541721,19.3277
val,5525.tif,0.552379,18.0735
val,5526.tif,0.632953,21.5952
val,5527.tif,0.62773,20.8825
val,5528.tif,0.526922,19.8592
val,5529.tif,0.633076,22.0665
val,553.tif,0.785697,23.0456
val,5530.tif,0.618072,22.0836
val,5531.tif,0.627141,21.705
val,5532.tif,0.488819,19.896
val,5533.tif,0.546035,20.5578
val,5534.tif,0.601335,21.6553
val,5535.tif,0.574284,22.4171
val,5536.tif,0.550612,22.3178
val,5537.tif,0.604134,21.1984
val,5538.tif,0.618358,21.695
val,5539.tif,0.530241,20.3489
val,554.tif,0.570704,19.2764
val,5540.tif,0.734006,22.693
val,5541.tif,0.787168,23.4752
val,5542.tif,0.564032,19.3136
val,5543.tif,0.541411,19.4294
val,5544.tif,0.600734,20.4705
val,5545.tif,0.617499,19.5946
val,5546.tif,0.557794,21.2918
val,5547.tif,0.588285,17.9692
val,5548.tif,0.51674,19.8529
val,5549.tif,0.513022,20.5127
val,555.tif,0.524123,18.9595
val,5550.tif,0.600583,21.3055
val,5551.tif,0.372763,17.6161
val,5552.tif,0.483555,18.7471
val,5553.tif,0.576023,20.645
val,5554.tif,0.555317,20.924
val,5555.tif,0.536239,20.2759
val,5556.tif,0.611452,21.8213
val,5557.tif,0.596236,20.4351
val,5558.tif,0.612396,20.346
val,5559.tif,0.438377,18.0671
val,556.tif,0.558629,19.129
val,5560.tif,0.677361,21.7807
val,5561.tif,0.568287,21.4941
val,5562.tif,0.57078,20.5514
val,5563.tif,0.562227,19.132
val,5564.tif,0.526601,20.2086
val,5565.tif,0.643561,21.3161
val,5566.tif,0.581329,19.7694
val,5567.tif,0.549336,21.0266
val,5568.tif,0.551065,19.3387
val,5569.tif,0.571374,19.1181
val,557.tif,0.677239,23.4353
val,5570.tif,0.495782,19.3415
val,5571.tif,0.669344,21.7674
val,5572.tif,0.590533,17.8348
val,5573.tif,0.490559,16.7469
val,5574.tif,0.594643,20.1833
val,5575.tif,0.557354,21.238
val,5576.tif,0.598859,20.4276
val,5577.tif,0.512384,20.0884
val,5578.tif,0.444771,18.101
val,5579.tif,0.532388,20.3061
val,558.tif,0.426109,18.0945
val,5580.tif,0.533685,19.2535
val,5581.tif,0.685822,21.6038
val,5582.tif,0.615881,19.7571
val,5583.tif,0.414669,18.6387
val,5584.tif,0.556864,20.5354
val,5585.tif,0.47008,19.0417
val,5586.tif,0.601748,21.8124
val,5587.tif,0.723737,24.485
val,5588.tif,0.607826,21.9358
val,5589.tif,0.596484,20.253
val,559.tif,0.60468,20.9029
val,5590.tif,0.62486,20.0457
val,5591.tif,0.561332,21.0041
val,5592.tif,0.437632,17.1894
val,5593.tif,0.474885,18.1272
val,5594.tif,0.471766,18.2189
val,5595.tif,0.520844,17.8939
val,5596.tif,0.591408,20.8469
val,5597.tif,0.474163,17.4838
val,5598.tif,0.574343,19.9538
val,5599.tif,0.543709,19.6021
val,56.tif,0.56457,20.6353
val,560.tif,0.582968,21.0132
val,5600.tif,0.530541,19.6064
val,5601.tif,0.574807,20.4167
val,5602.tif,0.647342,20.5807
val,5603.tif,0.623562,22.1988
val,5604.tif,0.551748,20.9465
val,5605.tif,0.611212,21.5058
val,5606.tif,0.54094,19.2721
val,5607.tif,0.706897,23.6748
val,5608.tif,0.545668,19.6949
val,5609.tif,0.600946,22.2493
val,561.tif,0.529082,19.4321
val,5610.tif,0.449452,19.2527
val,5611.tif,0.461763,20.1562
val,5612.tif,0.493068,18.8127
val,5613.tif,0.548645,18.1396
val,5614.tif,0.604891,19.8605
val,5615.tif,0.55919,21.4629
val,5616.tif,0.545062,17.8042
val,5617.tif,0.535558,18.8598
val,5618.tif,0.565345,22.5984
val,5619.tif,0.544858,20.7527
val,562.tif,0.601821,21.1133
val,5620.tif,0.536338,17.4679
val,5621.tif,0.552592,18.2572
val,5622.tif,0.618675,22.0235
val,5623.tif,0.514736,20.0558
val,5624.tif,0.710559,22.4554
val,5625.tif,0.71409,22.5644
val,5626.tif,0.518863,20.6071
val,5627.tif,0.472164,18.0664
val,5628.tif,0.560471,20.1354
val,5629.tif,0.584951,20.1696
val,563.tif,0.502676,18.9925
val,5630.tif,0.568222,18.7852
val,5631.tif,0.505499,19.824
val,5632.tif,0.621138,22.2166
val,5633.tif,0.462196,19.172
val,5634.tif,0.611484,22.5545
val,5635.tif,0.520439,17.534
val,5636.tif,0.54711,20.0986
val,5637.tif,0.53061,19.9003
val,5638.tif,0.400492,18.0569
val,5639.tif,0.643154,19.5113
val,564.tif,0.521409,18.0539
val,5640.tif,0.685204,21.8013
val,5641.tif,0.626269,19.8853
val,5642.tif,0.533333,20.6325
val,5643.tif,0.619088,22.6528
val,5644.tif,0.550469,19.1237
val,5645.tif,0.518458,17.6914
val,5646.tif,0.52719,20.1164
val,5647.tif,0.438635,18.1951
val,5648.tif,0.487114,18.2694
val,5649.tif,0.518992,18.7445
val,565.tif,0.515587,19.5236
val,5650.tif,0.598647,22.4639
val,5651.tif,0.541006,17.7493
val,5652.tif,0.610203,20.4021
val,5653.tif,0.636809,21.6675
val,5654.tif,0.53907,20.6471
val,5655.tif,0.542949,21.8207
val,5656.tif,0.512635,20.0343
val,5657.tif,0.563419,20.0254
val,5658.tif,0.45357,19.3806
val,5659.tif,0.630359,21.7634
val,566.tif,0.806245,23.3006
val,5660.tif,0.55311,20.6455
val,5661.tif,0.637163,21.938
val,5662.tif,0.758925,19.6015
val,5663.tif,0.530454,18.136
val,5664.tif,0.543957,16.6375
val,5665.tif,0.632775,22.5835
val,5666.tif,0.606958,21.7075
val,5667.tif,0.622439,19.099
val,5668.tif,0.485805,17.9174
val,5669.tif,0.639631,22.3467
val,567.tif,0.517606,17.8956
val,5670.tif,0.631486,21.9454
val,5671.tif,0.453675,18.31
val,5672.tif,0.63453,22.4854
val,5673.tif,0.425619,17.3806
val,5674.tif,0.650561,20.6284
val,5675.tif,0.617168,20.1346
val,5676.tif,0.476804,18.6851
val,5677.tif,0.499853,17.9152
val,5678.tif,0.688408,22.607
val,5679.tif,0.668921,21.9569
val,568.tif,0.660513,22.3236
val,5680.tif,0.535729,19.3954
val,5681.tif,0.576448,19.9431
val,5682.tif,0.747412,20.7614
val,5683.tif,0.614056,20.2089
val,5684.tif,0.621216,19.3771
val,5685.tif,0.700283,23.3041
val,5686.tif,0.569649,19.434
val,5687.tif,0.561896,13.8285
val,5688.tif,0.589294,19.8945
val,5689.tif,0.554611,19.9019
val,569.tif,0.563207,17.4168
val,5690.tif,0.659692,20.0386
val,5691.tif,0.574622,19.5579
val,5692.tif,0.592996,20.8397
val,5693.tif,0.56479,19.8047
val,5694.tif,0.65837,22.6673
val,5695.tif,0.622532,20.9001
val,5696.tif,0.567933,21.5883
val,5697.tif,0.54556,21.2914
val,5698.tif,0.526883,18.5043
val,5699.tif,0.671299,24.1653
val,57.tif,0.506665,19.1241
val,570.tif,0.487954,16.4978
val,5700.tif,0.500187,19.8122
val,5701.tif,0.49513,19.772
val,5702.tif,0.543041,19.6176
val,5703.tif,0.5549,21.1258
val,5704.tif,0.499643,19.5127
val,5705.tif,0.533513,19.1292
val,5706.tif,0.621594,21.1679
val,5707.tif,0.665931,22.4232
val,5708.tif,0.712434,22.6024
val,5709.tif,0.599665,19.7471
val,571.tif,0.487373,18.4524
val,5710.tif,0.556065,20.0993
val,5711.tif,0.534523,20.3467
val,5712.tif,0.506218,19.1615
val,5713.tif,0.580685,20.2637
val,5714.tif,0.510637,19.0987
val,5715.tif,0.465067,15.2447
val,5716.tif,0.582042,21.0896
val,5717.tif,0.584388,21.304
val,5718.tif,0.650619,21.0888
val,5719.tif,0.579786,19.6236
val,572.tif,0.616521,19.3934
val,5720.tif,0.580564,20.3077
val,5721.tif,0.48932,18.7449
val,5722.tif,0.745878,22.7615
val,5723.tif,0.628059,20.3538
val,5724.tif,0.616348,22.3782
val,5725.tif,0.568667,21.6495
val,5726.tif,0.568822,16.2618
val,5727.tif,0.540974,16.8472
val,5728.tif,0.548463,19.1151
val,5729.tif,0.684299,21.4226
val,573.tif,0.402335,18.6651
val,5730.tif,0.586367,20.3185
val,5731.tif,0.535993,19.0203
val,5732.tif,0.462014,18.7274
val,5733.tif,0.638047,21.991
val,5734.tif,0.560585,18.7448
val,5735.tif,0.505829,19.9937
val,5736.tif,0.516126,19.5799
val,5737.tif,0.519599,18.0527
val,5738.tif,0.615385,20.4854
val,5739.tif,0.815342,24.527
val,574.tif,0.551048,18.9769
val,5740.tif,0.585653,18.3324
val,5741.tif,0.530013,19.2784
val,5742.tif,0.601863,20.7367
val,5743.tif,0.60051,21.1705
val,5744.tif,0.589489,18.7034
val,5745.tif,0.582961,19.9303
val,5746.tif,0.543748,19.9482
val,5747.tif,0.526623,19.7926
val,5748.tif,0.608622,21.9633
val,5749.tif,0.507835,20.5835
val,575.tif,0.483438,20.0914
val,5750.tif,0.583863,19.7455
val,5751.tif,0.473397,19.5121
val,5752.tif,0.759385,25.064
val,5753.tif,0.430188,18.3146
val,5754.tif,0.593337,21.633
val,5755.tif,0.606198,21.4986
val,5756.tif,0.575061,19.9906
val,5757.tif,0.546555,18.675
val,5758.tif,0.771551,22.6523
val,5759.tif,0.557296,21.0284
val,576.tif,0.693779,21.4378
val,5760.tif,0.591586,20.7567
val,5761.tif,0.485266,18.4424
val,5762.tif,0.578169,20.1573
val,5763.tif,0.542884,19.2677
val,5764.tif,0.500238,18.6026
val,5765.tif,0.569511,20.4794
val,5766.tif,0.482114,18.6733
val,5767.tif,0.592748,21.4192
val,5768.tif,0.741001,24.2251
val,5769.tif,0.596956,19.3044
val,577.tif,0.661493,20.0335
val,5770.tif,0.641446,19.8655
val,5771.tif,0.476226,18.3521
val,5772.tif,0.486797,17.563
val,5773.tif,0.555227,19.8158
val,5774.tif,0.562951,19.6799
val,5775.tif,0.546269,19.6122
val,5776.tif,0.683238,21.745
val,5777.tif,0.521806,20.1889
val,5778.tif,0.571117,20.9612
val,5779.tif,0.526031,20.3618
val,578.tif,0.52768,19.0461
val,5780.tif,0.642837,22.4147
val,5781.tif,0.7949,20.0804
val,5782.tif,0.43295,18.7617
val,5783.tif,0.53015,18.2352
val,5784.tif,0.576364,20.9844
val,5785.tif,0.551995,19.4376
val,5786.tif,0.496183,18.9902
val,5787.tif,0.550636,19.2091
val,5788.tif,0.536342,17.7473
val,5789.tif,0.591477,20.697
val,579.tif,0.547813,19.06
val,5790.tif,0.490196,17.085
val,5791.tif,0.547796,19.1293
val,5792.tif,0.544642,19.4342
val,5793.tif,0.564122,17.8133
val,5794.tif,0.500353,17.9249
val,5795.tif,0.727594,23.5842
val,5796.tif,0.829086,23.0875
val,5797.tif,0.491711,17.3874
val,5798.tif,0.457874,17.9551
val,5799.tif,0.571141,19.3057
val,58.tif,0.477772,19.6541
val,580.tif,0.627217,20.6815
val,5800.tif,0.794583,22.9805
val,5801.tif,0.524799,18.3821
val,5802.tif,0.693949,23.1076
val,5803.tif,0.46121,19.7984
val,5804.tif,0.618489,19.1569
val,5805.tif,0.602611,20.7406
val,5806.tif,0.581284,20.7192
val,5807.tif,0.557376,20.5653
val,5808.tif,0.639666,22.7085
val,5809.tif,0.492394,19.9079
val,581.tif,0.497927,17.0047
val,5810.tif,0.592991,20.97
val,5811.tif,0.565612,20.0968
val,5812.tif,0.486621,17.5608
val,5813.tif,0.622293,21.0092
val,5814.tif,0.568849,19.4546
val,5815.tif,0.578159,18.5596
val,5816.tif,0.568211,21.5296
val,5817.tif,0.565431,20.3316
val,5818.tif,0.536311,18.2187
val,5819.tif,0.43671,18.9814
val,582.tif,0.470867,19.2564
val,5820.tif,0.60086,20.2015
val,5821.tif,0.484794,18.2793
val,5822.tif,0.518102,19.3806
val,5823.tif,0.526626,18.8568
val,5824.tif,0.60882,21.5156
val,5825.tif,0.57028,20.3564
val,5826.tif,0.783352,21.2469
val,5827.tif,0.600056,21.297
val,5828.tif,0.634745,18.8631
val,5829.tif,0.475698,17.5551
val,583.tif,0.487413,17.6998
val,5830.tif,0.590773,20.9188
val,5831.tif,0.563068,20.1061
val,5832.tif,0.568901,20.8195
val,5833.tif,0.593719,20.6605
val,5834.tif,0.554452,19.6145
val,5835.tif,0.559119,18.8715
val,5836.tif,0.477933,20.0641
val,5837.tif,0.540242,20.0411
val,5838.tif,0.486516,16.1424
val,5839.tif,0.471265,18.5131
val,584.tif,0.583541,21.828
val,5840.tif,0.542608,18.0541
val,5841.tif,0.60122,21.9543
val,5842.tif,0.627253,19.8302
val,5843.tif,0.542231,19.1254
val,5844.tif,0.515269,18.7713
val,5845.tif,0.567198,18.4079
val,5846.tif,0.674103,21.8626
val,5847.tif,0.507052,19.7515
val,5848.tif,0.621107,21.4305
val,5849.tif,0.428578,17.7229
val,585.tif,0.495191,20.7174
val,5850.tif,0.753132,23.8681
val,5851.tif,0.544926,21.1595
val,5852.tif,0.530777,19.6535
val,5853.tif,0.527913,20.3634
val,5854.tif,0.514993,18.7407
val,5855.tif,0.532493,18.7864
val,5856.tif,0.714044,22.6912
val,5857.tif,0.615028,20.099
val,5858.tif,0.499929,19.4428
val,5859.tif,0.529151,18.1367
val,586.tif,0.500214,19.1465
val,5860.tif,0.62745,22.6459
val,5861.tif,0.573895,20.0432
val,5862.tif,0.588733,22.0059
val,5863.tif,0.527764,19.3687
val,5864.tif,0.55563,20.6835
val,5865.tif,0.592647,20.7665
val,5866.tif,0.646615,22.5327
val,5867.tif,0.598435,20.3549
val,5868.tif,0.624412,21.1418
val,5869.tif,0.618343,23.2948
val,587.tif,0.574289,18.9361
val,5870.tif,0.515981,19.9153
val,5871.tif,0.607423,23.1828
val,5872.tif,0.746428,22.7603
val,5873.tif,0.526596,19.9064
val,5874.tif,0.523485,18.3543
val,5875.tif,0.544213,19.5888
val,5876.tif,0.628617,21.3626
val,5877.tif,0.636677,20.8911
val,5878.tif,0.659924,24.0834
val,5879.tif,0.641135,22.008
val,588.tif,0.493808,18.9947
val,5880.tif,0.485351,18.4988
val,5881.tif,0.561293,20.2192
val,5882.tif,0.425103,15.4786
val,5883.tif,0.594384,21.3345
val,5884.tif,0.578042,22.3953
val,5885.tif,0.546653,19.542
val,5886.tif,0.643024,20.2452
val,5887.tif,0.538945,19.3525
val,5888.tif,0.477037,17.2056
val,5889.tif,0.514642,18.1439
val,589.tif,0.497379,19.5793
val,5890.tif,0.595928,19.6263
val,5891.tif,0.637093,20.973
val,5892.tif,0.54792,19.0555
val,5893.tif,0.55063,19.9971
val,5894.tif,0.498588,19.0176
val,5895.tif,0.515654,19.9594
val,5896.tif,0.546281,19.549
val,5897.tif,0.562917,21.0033
val,5898.tif,0.616679,21.8745
val,5899.tif,0.694689,23.1026
val,59.tif,0.771318,22.6724
val,590.tif,0.576204,18.0893
val,5900.tif,0.581986,19.852
val,5901.tif,0.524015,15.9192
val,5902.tif,0.551775,21.2324
val,5903.tif,0.477406,19.31
val,5904.tif,0.774676,23.7204
val,5905.tif,0.539569,19.9936
val,5906.tif,0.60419,20.7376
val,5907.tif,0.628048,20.2011
val,5908.tif,0.591581,21.2506
val,5909.tif,0.571192,19.0847
val,591.tif,0.608302,18.4114
val,5910.tif,0.517843,20.645
val,5911.tif,0.608974,22.1414
val,5912.tif,0.495315,18.733
val,5913.tif,0.574524,18.3115
val,5914.tif,0.662648,22.2567
val,5915.tif,0.473605,19.0878
val,5916.tif,0.489175,20.9083
val,5917.tif,0.627655,20.5148
val,5918.tif,0.53871,19.3108
val,5919.tif,0.627768,20.9283
val,592.tif,0.632473,21.2323
val,5920.tif,0.470898,18.204
val,5921.tif,0.513849,17.5442
val,5922.tif,0.526522,18.5677
val,5923.tif,0.563452,20.1945
val,5924.tif,0.546914,20.7219
val,5925.tif,0.465268,16.1942
val,5926.tif,0.656068,21.9677
val,5927.tif,0.592436,19.0879
val,5928.tif,0.57404,19.1665
val,5929.tif,0.625342,21.2851
val,593.tif,0.407122,17.2279
val,5930.tif,0.658433,20.9394
val,5931.tif,0.592696,18.5811
val,5932.tif,0.608142,21.4991
val,5933.tif,0.566329,21.1006
val,5934.tif,0.540493,19.3256
val,5935.tif,0.461797,18.619
val,5936.tif,0.438314,18.6407
val,5937.tif,0.580901,18.9365
val,5938.tif,0.595946,17.9536
val,5939.tif,0.624202,20.8503
val,594.tif,0.622308,19.4441
val,5940.tif,0.615712,21.3983
val,5941.tif,0.567472,20.7797
val,5942.tif,0.553485,20.2942
val,5943.tif,0.434102,18.0865
val,5944.tif,0.619229,21.1204
val,5945.tif,0.57495,18.2943
val,5946.tif,0.762227,23.7657
val,5947.tif,0.509126,18.739
val,5948.tif,0.760895,23.9285
val,5949.tif,0.58373,19.6955
val,595.tif,0.627316,21.228
val,5950.tif,0.612289,21.5269
val,5951.tif,0.520927,20.6608
val,5952.tif,0.620225,21.0588
val,5953.tif,0.520861,19.0032
val,5954.tif,0.578706,19.9512
val,5955.tif,0.607562,21.0762
val,5956.tif,0.770982,25.1108
val,5957.tif,0.538358,19.206
val,5958.tif,0.587226,18.7067
val,5959.tif,0.546615,19.1086
val,596.tif,0.755713,24.031
val,5960.tif,0.568147,20.9583
val,5961.tif,0.601722,19.9012
val,5962.tif,0.59765,21.1889
val,5963.tif,0.521271,18.8234
val,5964.tif,0.590389,20.1917
val,5965.tif,0.50948,19.5464
val,5966.tif,0.689878,20.2276
val,5967.tif,0.648414,20.2026
val,5968.tif,0.625234,21.7562
val,5969.tif,0.526124,17.164
val,597.tif,0.685146,24.8485
val,5970.tif,0.532011,17.6203
val,5971.tif,0.529452,19.0017
val,5972.tif,0.729993,19.4939
val,5973.tif,0.52547,19.3595
val,5974.tif,0.55559,21.099
val,5975.tif,0.57569,20.711
val,5976.tif,0.50871,17.8983
val,5977.tif,0.492157,19.0555
val,5978.tif,0.622387,21.6971
val,5979.tif,0.617504,21.5837
val,598.tif,0.423549,17.2282
val,5980.tif,0.570112,20.0466
val,5981.tif,0.508547,18.5516
val,5982.tif,0.504205,16.9905
val,5983.tif,0.666737,22.6261
val,5984.tif,0.622097,21.2752
val,5985.tif,0.511481,18.3682
val,5986.tif,0.682758,21.3257
val,5987.tif,0.525155,18.9589
val,5988.tif,0.528482,18.2303
val,5989.tif,0.64565,21.1203
val,599.tif,0.530824,19.3762
val,5990.tif,0.548994,19.7895
val,5991.tif,0.468291,17.8323
val,5992.tif,0.508771,19.2082
val,5993.tif,0.48358,18.3642
val,5994.tif,0.737864,21.092
val,5995.tif,0.548874,20.3764
val,5996.tif,0.637103,21.0126
val,5997.tif,0.47306,18.3105
val,5998.tif,0.549551,20.3828
val,5999.tif,0.536384,18.4394
val,6.tif,0.591711,19.7988
val,60.tif,0.398254,14.5069
val,600.tif,0.526441,19.1129
val,6000.tif,0.789445,25.3258
val,6001.tif,0.520403,19.9775
val,6002.tif,0.664415,22.3414
val,6003.tif,0.691693,21.6504
val,6004.tif,0.540263,19.1139
val,6005.tif,0.608219,18.5913
val,6006.tif,0.566055,21.3179
val,6007.tif,0.543882,19.5406
val,6008.tif,0.505197,17.8059
val,6009.tif,0.509608,18.5816
val,601.tif,0.651556,23.3692
val,6010.tif,0.579657,20.3858
val,6011.tif,0.578834,21.4444
val,6012.tif,0.601968,20.7356
val,6013.tif,0.641846,21.7686
val,6014.tif,0.580457,17.9988
val,6015.tif,0.529053,19.8565
val,6016.tif,0.54134,18.8513
val,6017.tif,0.764921,22.4569
val,6018.tif,0.54006,20.1781
val,6019.tif,0.432958,16.9487
val,602.tif,0.708582,20.2721
val,6020.tif,0.612769,20.8531
val,6021.tif,0.480335,18.0657
val,6022.tif,0.518319,18.4484
val,6023.tif,0.639585,22.0936
val,6024.tif,0.472746,19.2631
val,6025.tif,0.559035,18.2929
val,6026.tif,0.561406,20.6334
val,6027.tif,0.620492,21.5155
val,6028.tif,0.593912,18.681
val,6029.tif,0.505246,19.7648
val,603.tif,0.636388,21.0448
val,6030.tif,0.523843,16.3146
val,6031.tif,0.537763,20.5239
val,6032.tif,0.553516,16.5182
val,6033.tif,0.539807,20.9161
val,6034.tif,0.57644,22.3626
val,6035.tif,0.650635,21.8972
val,6036.tif,0.651675,21.5724
val,6037.tif,0.625434,21.7784
val,6038.tif,0.570405,21.0045
val,6039.tif,0.636218,22.1347
val,604.tif,0.569418,20.8408
val,6040.tif,0.522416,19.599
val,6041.tif,0.569053,19.3484
val,6042.tif,0.599457,20.8029
val,6043.tif,0.599681,21.6138
val,6044.tif,0.620876,21.1269
val,6045.tif,0.557996,19.5487
val,6046.tif,0.791197,22.9466
val,6047.tif,0.504226,18.5287
val,6048.tif,0.508515,20.1297
val,6049.tif,0.682928,22.8911
val,605.tif,0.574637,21.0939
val,6050.tif,0.694118,21.7589
val,6051.tif,0.483907,18.5284
val,6052.tif,0.573828,18.6179
val,6053.tif,0.587552,21.4959
val,6054.tif,0.552886,21.4761
val,6055.tif,0.585711,20.518
val,6056.tif,0.638847,21.4614
val,6057.tif,0.569262,20.3349
val,6058.tif,0.467469,18.2845
val,6059.tif,0.692421,24.3051
val,606.tif,0.473437,18.5322
val,6060.tif,0.58896,21.407
val,6061.tif,0.608947,20.9138
val,6062.tif,0.51548,19.1072
val,6063.tif,0.580277,20.0034
val,6064.tif,0.577108,19.945
val,6065.tif,0.63383,20.7836
val,6066.tif,0.553339,20.0205
val,6067.tif,0.473537,19.0469
val,6068.tif,0.50505,17.4189
val,6069.tif,0.626459,19.7366
val,607.tif,0.507173,18.5456
val,6070.tif,0.516921,18.6769
val,6071.tif,0.648307,22.5208
val,6072.tif,0.545074,18.1903
val,6073.tif,0.577088,19.8865
val,6074.tif,0.563861,19.7168
val,6075.tif,0.58519,21.5301
val,6076.tif,0.626564,21.8103
val,6077.tif,0.627838,20.6049
val,6078.tif,0.588858,20.9798
val,6079.tif,0.70244,21.9713
val,608.tif,0.511925,19.6688
val,6080.tif,0.475272,19.2651
val,6081.tif,0.497151,19.3631
val,6082.tif,0.627332,20.766
val,6083.tif,0.647781,22.2589
val,6084.tif,0.445713,18.3097
val,6085.tif,0.608499,21.4243
val,6086.tif,0.568527,19.7223
val,6087.tif,0.496961,17.611
val,6088.tif,0.51969,19.8204
val,6089.tif,0.657366,21.5259
val,609.tif,0.700175,22.4607
val,6090.tif,0.627132,21.3016
val,6091.tif,0.561446,18.8077
val,6092.tif,0.766448,24.7845
val,6093.tif,0.592103,21.221
val,6094.tif,0.49442,19.7293
val,6095.tif,0.510593,19.3902
val,6096.tif,0.49222,18.4876
val,6097.tif,0.567118,20.0766
val,6098.tif,0.451578,16.6148
val,6099.tif,0.633626,19.9178
val,61.tif,0.568511,21.3698
val,610.tif,0.551158,21.2169
val,6100.tif,0.456234,17.9262
val,6101.tif,0.62234,21.1356
val,6102.tif,0.469067,18.554
val,6103.tif,0.600468,21.8117
val,6104.tif,0.509002,19.9759
val,6105.tif,0.624134,21.9369
val,6106.tif,0.621932,21.2754
val,6107.tif,0.582376,20.9524
val,6108.tif,0.4819,19.6985
val,6109.tif,0.567003,20.7716
val,611.tif,0.538347,19.3636
val,6110.tif,0.615474,21.685
val,6111.tif,0.610813,21.5158
val,6112.tif,0.543314,18.4882
val,6113.tif,0.661612,22.445
val,6114.tif,0.5015,18.1086
val,6115.tif,0.619853,19.7631
val,6116.tif,0.606619,21.2349
val,6117.tif,0.656953,22.5731
val,6118.tif,0.604033,19.384
val,6119.tif,0.582074,19.7136
val,612.tif,0.497458,18.8216
val,6120.tif,0.543586,18.7894
val,6121.tif,0.53648,20.9145
val,6122.tif,0.543277,18.1267
val,6123.tif,0.569936,20.3297
val,6124.tif,0.525548,20.6839
val,6125.tif,0.495524,19.7683
val,6126.tif,0.572314,19.2394
val,6127.tif,0.562737,19.31
val,6128.tif,0.556464,21.4156
val,6129.tif,0.642336,22.7166
val,613.tif,0.480561,16.1642
val,6130.tif,0.452604,18.402
val,6131.tif,0.57978,20.8601
val,6132.tif,0.611701,19.6596
val,6133.tif,0.551421,18.3237
val,6134.tif,0.583779,19.8321
val,6135.tif,0.488068,19.7354
val,6136.tif,0.550739,18.753
val,6137.tif,0.535165,19.3493
val,6138.tif,0.53231,19.5133
val,6139.tif,0.618404,20.1563
val,614.tif,0.512247,19.2382
val,6140.tif,0.600603,21.2116
val,6141.tif,0.590844,21.2154
val,6142.tif,0.583284,19.5392
val,6143.tif,0.561995,18.6139
val,6144.tif,0.640903,22.6756
val,6145.tif,0.627548,21.272
val,6146.tif,0.547543,22.0243
val,6147.tif,0.554533,20.3211
val,6148.tif,0.512547,19.5946
val,6149.tif,0.533718,18.3035
val,615.tif,0.494949,18.7021
val,6150.tif,0.743694,23.6542
val,6151.tif,0.508508,19.3212
val,6152.tif,0.502528,18.5565
val,6153.tif,0.530342,20.1361
val,6154.tif,0.713404,22.2437
val,6155.tif,0.514108,19.9469
val,6156.tif,0.442183,17.7302
val,6157.tif,0.604656,18.724
val,6158.tif,0.500389,19.215
val,6159.tif,0.615485,20.5394
val,616.tif,0.50955,18.8061
val,6160.tif,0.600624,19.9179
val,6161.tif,0.801654,25.2751
val,6162.tif,0.640843,21.3887
val,6163.tif,0.599945,19.7743
val,6164.tif,0.471461,16.1188
val,6165.tif,0.491111,18.4175
val,6166.tif,0.61779,21.235
val,6167.tif,0.621034,20.1169
val,6168.tif,0.634541,21.6115
val,6169.tif,0.639223,22.1286
val,617.tif,0.580528,20.0483
val,6170.tif,0.634385,22.9449
val,6171.tif,0.548477,19.9124
val,6172.tif,0.604089,21.988
val,6173.tif,0.467295,18.1602
val,6174.tif,0.594516,20.8101
val,6175.tif,0.509542,19.9337
val,6176.tif,0.570616,20.5685
val,6177.tif,0.5704,21.3163
val,6178.tif,0.600305,20.5703
val,6179.tif,0.483814,19.7408
val,618.tif,0.515413,18.5482
val,6180.tif,0.605884,20.7205
val,6181.tif,0.601287,21.4445
val,6182.tif,0.549559,20.2326
val,6183.tif,0.464853,18.9231
val,6184.tif,0.488608,19.8659
val,6185.tif,0.502548,19.4268
val,6186.tif,0.683967,18.2632
val,6187.tif,0.638286,21.787
val,6188.tif,0.462548,19.6003
val,6189.tif,0.571462,20.6897
val,619.tif,0.653296,18.7715
val,6190.tif,0.535183,20.0418
val,6191.tif,0.571023,21.1633
val,6192.tif,0.546178,19.2626
val,6193.tif,0.765251,24.3563
val,6194.tif,0.539103,19.3753
val,6195.tif,0.604082,20.6837
val,6196.tif,0.625632,17.359
val,6197.tif,0.543998,19.3676
val,6198.tif,0.572914,18.8814
val,6199.tif,0.686459,22.4294
val,62.tif,0.475536,18.2705
val,620.tif,0.590472,20.6919
val,6200.tif,0.542341,21.0346
val,6201.tif,0.555484,21.4382
val,6202.tif,0.782891,25.2687
val,6203.tif,0.545405,20.1567
val,6204.tif,0.594381,19.3782
val,6205.tif,0.614628,20.7631
val,6206.tif,0.455528,19.2695
val,6207.tif,0.602069,21.2508
val,6208.tif,0.63925,22.0329
val,6209.tif,0.559333,19.652
val,621.tif,0.604219,19.9352
val,6210.tif,0.534487,19.8593
val,6211.tif,0.651984,21.4105
val,6212.tif,0.425382,17.0895
val,6213.tif,0.595864,20.7385
val,6214.tif,0.514916,20.9214
val,6215.tif,0.630992,21.7461
val,6216.tif,0.617818,22.6384
val,6217.tif,0.458712,17.4381
val,6218.tif,0.558435,20.0537
val,6219.tif,0.444286,16.4376
val,622.tif,0.635758,20.9576
val,6220.tif,0.56568,20.1176
val,6221.tif,0.572394,20.082
val,6222.tif,0.569183,20.0386
val,6223.tif,0.547259,20.9083
val,6224.tif,0.582024,20.2037
val,6225.tif,0.629645,21.7988
val,6226.tif,0.629285,20.4315
val,6227.tif,0.479419,17.0085
val,6228.tif,0.587494,20.9909
val,6229.tif,0.51162,18.3027
val,623.tif,0.446044,19.3122
val,6230.tif,0.560187,21.8345
val,6231.tif,0.569564,20.8025
val,6232.tif,0.644257,21.1896
val,6233.tif,0.523759,19.803
val,6234.tif,0.626927,22.9617
val,6235.tif,0.700878,22.8443
val,6236.tif,0.575166,20.9946
val,6237.tif,0.603283,19.2674
val,6238.tif,0.635638,21.6588
val,6239.tif,0.667083,21.9403
val,624.tif,0.565355,19.894
val,6240.tif,0.61158,20.3719
val,6241.tif,0.698699,22.6252
val,6242.tif,0.580284,19.7794
val,6243.tif,0.523571,19.2838
val,6244.tif,0.613213,21.8357
val,6245.tif,0.593523,21.7508
val,6246.tif,0.499759,19.1386
val,6247.tif,0.601665,21.437
val,6248.tif,0.615837,20.7138
val,6249.tif,0.511167,18.0342
val,625.tif,0.595376,19.7971
val,6250.tif,0.531497,20.2059
val,6251.tif,0.54925,19.7382
val,6252.tif,0.670429,23.0497
val,6253.tif,0.660139,21.6893
val,6254.tif,0.584313,20.8133
val,6255.tif,0.529305,17.7854
val,6256.tif,0.483365,18.2336
val,6257.tif,0.507233,16.039
val,6258.tif,0.545745,21.5209
val,6259.tif,0.577199,21.0703
val,626.tif,0.512283,16.6993
val,6260.tif,0.560505,21.5776
val,6261.tif,0.520816,18.9115
val,6262.tif,0.757391,24.669
val,6263.tif,0.600349,20.6743
val,6264.tif,0.691608,22.5495
val,6265.tif,0.587744,21.4645
val,6266.tif,0.572428,19.375
val,6267.tif,0.479236,18.8731
val,6268.tif,0.681614,23.1735
val,6269.tif,0.577777,19.7851
val,627.tif,0.535737,19.2298
val,6270.tif,0.602318,19.4489
val,6271.tif,0.664216,22.7789
val,6272.tif,0.72116,22.6937
val,6273.tif,0.647724,23.0677
val,6274.tif,0.615158,19.0222
val,6275.tif,0.539795,19.7547
val,6276.tif,0.615543,21.7388
val,6277.tif,0.470583,16.5497
val,6278.tif,0.610565,22.1946
val,6279.tif,0.509192,20.7024
val,628.tif,0.460816,18.5645
val,6280.tif,0.503323,19.5171
val,6281.tif,0.541614,19.8733
val,6282.tif,0.695203,21.3632
val,6283.tif,0.547676,20.683
val,6284.tif,0.612088,21.5939
val,6285.tif,0.625343,20.7016
val,6286.tif,0.534773,20.6351
val,6287.tif,0.482262,16.6769
val,6288.tif,0.504186,19.6097
val,6289.tif,0.551822,18.7923
val,629.tif,0.527274,19.9816
val,6290.tif,0.571091,20.5134
val,6291.tif,0.591296,19.5331
val,6292.tif,0.654617,18.5782
val,6293.tif,0.444868,19.3819
val,6294.tif,0.729328,24.3928
val,6295.tif,0.685326,22.5212
val,6296.tif,0.503368,19.55
val,6297.tif,0.636302,21.5071
val,6298.tif,0.601857,21.5906
val,6299.tif,0.510777,16.1712
val,63.tif,0.526359,18.3046
val,630.tif,0.57233,21.802
val,6300.tif,0.471239,18.2666
val,6301.tif,0.564386,21.1993
val,6302.tif,0.495728,18.7415
val,6303.tif,0.601901,20.772
val,6304.tif,0.65139,22.1658
val,6305.tif,0.599679,20.4383
val,6306.tif,0.493386,17.5866
val,6307.tif,0.471537,18.4082
val,6308.tif,0.534426,20.5161
val,6309.tif,0.811111,25.7341
val,631.tif,0.515221,17.968
val,6310.tif,0.554724,17.7467
val,6311.tif,0.500533,18.6068
val,6312.tif,0.587375,21.2231
val,6313.tif,0.55209,19.433
val,6314.tif,0.578441,20.3114
val,6315.tif,0.554079,17.8537
val,6316.tif,0.631371,20.5653
val,6317.tif,0.485118,18.2905
val,6318.tif,0.60423,21.8728
val,6319.tif,0.461378,19.0128
val,632.tif,0.65899,18.9792
val,6320.tif,0.760803,24.5577
val,6321.tif,0.503356,18.4105
val,6322.tif,0.500584,19.0224
val,6323.tif,0.783074,23.3793
val,6324.tif,0.598601,20.592
val,6325.tif,0.531913,19.4835
val,6326.tif,0.399067,17.3046
val,6327.tif,0.437477,18.8264
val,6328.tif,0.519563,17.7325
val,6329.tif,0.641992,21.832
val,633.tif,0.417016,17.8167
val,6330.tif,0.632166,21.1434
val,6331.tif,0.582556,22.6681
val,6332.tif,0.794382,21.6972
val,6333.tif,0.6626,23.5579
val,6334.tif,0.473715,18.7091
val,6335.tif,0.483835,17.7199
val,6336.tif,0.463781,19.2798
val,6337.tif,0.538451,20.6397
val,6338.tif,0.459634,19.2267
val,6339.tif,0.501537,19.7508
val,634.tif,0.491317,18.2012
val,6340.tif,0.434207,17.8404
val,6341.tif,0.454252,17.6069
val,6342.tif,0.504246,18.9561
val,6343.tif,0.508961,19.5539
val,6344.tif,0.607184,21.3735
val,6345.tif,0.563563,20.6289
val,6346.tif,0.552913,21.1652
val,6347.tif,0.545144,22.7522
val,6348.tif,0.540686,21.0469
val,6349.tif,0.491551,20.2753
val,635.tif,0.534427,20.0889
val,6350.tif,0.466299,19.8993
val,6351.tif,0.496646,19.8639
val,6352.tif,0.529519,19.3834
val,6353.tif,0.59289,21.4363
val,6354.tif,0.459742,18.7854
val,6355.tif,0.464368,17.7144
val,6356.tif,0.638019,20.8083
val,6357.tif,0.568645,20.9534
val,6358.tif,0.613353,21.2582
val,6359.tif,0.518875,21.6842
val,636.tif,0.529935,19.6571
val,6360.tif,0.560576,20.6105
val,6361.tif,0.644057,21.1946
val,6362.tif,0.513092,19.505
val,6363.tif,0.5796,20.4627
val,6364.tif,0.49919,18.8948
val,6365.tif,0.655838,21.5472
val,6366.tif,0.564565,20.9876
val,6367.tif,0.643687,21.0549
val,6368.tif,0.52375,21.1755
val,6369.tif,0.512909,19.2217
val,637.tif,0.536693,18.5322
val,6370.tif,0.813236,24.4095
val,6371.tif,0.496618,19.8963
val,6372.tif,0.501655,18.8932
val,6373.tif,0.509714,21.5536
val,6374.tif,0.515497,19.7906
val,6375.tif,0.694078,23.0025
val,6376.tif,0.429899,18.3191
val,6377.tif,0.504833,19.6507
val,6378.tif,0.489483,18.6447
val,6379.tif,0.490053,19.5736
val,638.tif,0.466124,20.2776
val,6380.tif,0.629133,21.1179
val,6381.tif,0.654479,22.4788
val,6382.tif,0.509264,20.4756
val,6383.tif,0.583335,20.163
val,6384.tif,0.530358,20.2757
val,6385.tif,0.546702,19.1346
val,6386.tif,0.632987,22.4331
val,6387.tif,0.484193,18.5598
val,6388.tif,0.47981,17.7346
val,6389.tif,0.607111,22.3359
val,639.tif,0.793634,25.0438
val,6390.tif,0.511183,19.3297
val,6391.tif,0.535644,20.4683
val,6392.tif,0.476511,17.7584
val,6393.tif,0.510347,19.1445
val,6394.tif,0.478227,18.9934
val,6395.tif,0.542891,19.9111
val,6396.tif,0.653198,19.3531
val,6397.tif,0.634449,19.8016
val,6398.tif,0.563953,22.0674
val,6399.tif,0.693552,19.1916
val,64.tif,0.552885,20.46
val,640.tif,0.456666,18.3254
val,6400.tif,0.511425,18.0983
val,6401.tif,0.516708,19.4952
val,6402.tif,0.47119,18.2126
val,6403.tif,0.636855,21.994
val,6404.tif,0.495488,18.0897
val,6405.tif,0.626004,20.9454
val,6406.tif,0.630782,22.3409
val,6407.tif,0.742438,20.5981
val,6408.tif,0.59235,21.8719
val,6409.tif,0.478171,19.1496
val,641.tif,0.538566,19.9878
val,6410.tif,0.535673,20.3644
val,6411.tif,0.580002,20.7126
val,6412.tif,0.545508,21.2247
val,6413.tif,0.530952,20.2586
val,6414.tif,0.520133,20.1502
val,6415.tif,0.605368,22.5738
val,6416.tif,0.573908,21.6669
val,6417.tif,0.569187,20.6839
val,6418.tif,0.564563,19.9077
val,6419.tif,0.607773,21.7915
val,642.tif,0.509449,19.6386
val,6420.tif,0.678636,20.4055
val,6421.tif,0.623341,21.7594
val,6422.tif,0.552398,20.7997
val,6423.tif,0.576451,18.2276
val,6424.tif,0.533582,20.4523
val,6425.tif,0.521872,19.2589
val,6426.tif,0.66043,21.2602
val,6427.tif,0.557884,23.0409
val,6428.tif,0.680256,22.4058
val,6429.tif,0.484007,18.9693
val,643.tif,0.62396,19.62
val,6430.tif,0.574364,21.0236
val,6431.tif,0.522158,19.6608
val,6432.tif,0.595584,20.3246
val,6433.tif,0.505101,18.4271
val,6434.tif,0.555807,19.5089
val,6435.tif,0.398235,17.7808
val,6436.tif,0.533357,21.2682
val,6437.tif,0.706149,22.1126
val,6438.tif,0.44903,17.7018
val,6439.tif,0.667584,19.9458
val,644.tif,0.513343,20.8327
val,6440.tif,0.724049,22.2925
val,6441.tif,0.533346,20.3751
val,6442.tif,0.568072,21.5526
val,6443.tif,0.503569,20.1567
val,6444.tif,0.493595,19.9317
val,6445.tif,0.811492,23.8198
val,6446.tif,0.492104,19.4384
val,6447.tif,0.512758,20.1221
val,6448.tif,0.481407,19.058
val,6449.tif,0.718984,20.1311
val,645.tif,0.517851,14.9779
val,6450.tif,0.43832,18.8341
val,6451.tif,0.5526,20.1551
val,6452.tif,0.640205,21.1274
val,6453.tif,0.624967,20.8841
val,6454.tif,0.601949,21.2217
val,6455.tif,0.510187,18.6494
val,6456.tif,0.563038,20.8651
val,6457.tif,0.616777,19.8383
val,6458.tif,0.632209,19.8664
val,6459.tif,0.613626,20.5997
val,646.tif,0.606452,18.7021
val,6460.tif,0.594684,20.2524
val,6461.tif,0.523501,21.6091
val,6462.tif,0.696945,21.7623
val,6463.tif,0.82259,22.7062
val,6464.tif,0.786415,21.6323
val,6465.tif,0.506164,19.6095
val,6466.tif,0.552904,19.794
val,6467.tif,0.503149,18.0813
val,6468.tif,0.803744,25.8705
val,6469.tif,0.624561,18.9946
val,647.tif,0.494369,19.9174
val,6470.tif,0.528416,20.2725
val,6471.tif,0.646223,21.5284
val,6472.tif,0.638798,22.5181
val,6473.tif,0.585265,21.5681
val,6474.tif,0.561235,20.7725
val,6475.tif,0.779311,22.7731
val,6476.tif,0.408544,18.8969
val,6477.tif,0.581212,21.348
val,6478.tif,0.507883,17.6694
val,6479.tif,0.470102,19.2634
val,648.tif,0.545941,20.1541
val,6480.tif,0.620755,20.6053
val,6481.tif,0.608869,21.0776
val,6482.tif,0.632614,19.3906
val,6483.tif,0.538966,20.8658
val,6484.tif,0.592653,19.1136
val,6485.tif,0.540376,19.6755
val,6486.tif,0.613074,21.8249
val,6487.tif,0.528621,19.0058
val,6488.tif,0.551328,20.5615
val,6489.tif,0.50639,19.7441
val,649.tif,0.526212,16.9801
val,6490.tif,0.555731,21.3752
val,6491.tif,0.631808,22.1457
val,6492.tif,0.55158,21.1697
val,6493.tif,0.568086,17.8787
val,6494.tif,0.507283,20.7744
val,6495.tif,0.562766,18.5137
val,6496.tif,0.516178,19.0056
val,6497.tif,0.613316,21.1088
val,6498.tif,0.639544,22.0514
val,6499.tif,0.69699,23.4453
val,65.tif,0.542889,19.5647
val,650.tif,0.650118,21.9294
val,6500.tif,0.619706,20.5611
val,6501.tif,0.525724,19.9794
val,6502.tif,0.537851,20.0642
val,6503.tif,0.483499,18.1026
val,6504.tif,0.617265,20.4516
val,6505.tif,0.713273,22.1097
val,6506.tif,0.606255,21.4069
val,6507.tif,0.537292,20.1917
val,6508.tif,0.719878,24.0873
val,6509.tif,0.47633,19.8202
val,651.tif,0.496087,18.7401
val,6510.tif,0.558064,21.1163
val,6511.tif,0.566365,20.9822
val,6512.tif,0.621435,21.8138
val,6513.tif,0.614849,18.9751
val,6514.tif,0.674143,21.537
val,6515.tif,0.58334,21.4763
val,6516.tif,0.530877,17.0308
val,6517.tif,0.571604,19.8422
val,6518.tif,0.535903,20.0489
val,6519.tif,0.565013,20.9717
val,652.tif,0.808028,24.0452
val,6520.tif,0.72076,17.9571
val,6521.tif,0.517847,19.158
val,6522.tif,0.573318,20.786
val,6523.tif,0.497554,19.4571
val,6524.tif,0.682426,22.7534
val,6525.tif,0.621142,22.2186
val,6526.tif,0.60641,21.7204
val,6527.tif,0.503526,19.0736
val,6528.tif,0.6016,22.6617
val,6529.tif,0.654527,22.3994
val,653.tif,0.444949,17.1099
val,6530.tif,0.590905,21.3439
val,6531.tif,0.671993,22.5648
val,6532.tif,0.619069,20.6158
val,6533.tif,0.511014,18.3532
val,6534.tif,0.573284,20.7679
val,6535.tif,0.660293,21.5785
val,6536.tif,0.495661,18.8431
val,6537.tif,0.576236,20.8481
val,6538.tif,0.582677,20.5016
val,6539.tif,0.605622,20.2552
val,654.tif,0.47161,18.4322
val,6540.tif,0.566532,20.6512
val,6541.tif,0.551297,20.3716
val,6542.tif,0.561053,21.682
val,6543.tif,0.650469,22.5753
val,6544.tif,0.593164,21.0501
val,6545.tif,0.509773,18.5515
val,6546.tif,0.549551,20.2789
val,6547.tif,0.560982,20.7338
val,6548.tif,0.720022,24.3133
val,6549.tif,0.610326,19.92
val,655.tif,0.461199,18.3271
val,6550.tif,0.658526,21.322
val,6551.tif,0.558608,20.5485
val,6552.tif,0.619183,22.3171
val,6553.tif,0.655696,21.4455
val,6554.tif,0.540077,16.9601
val,6555.tif,0.546744,19.2997
val,6556.tif,0.478243,20.3946
val,6557.tif,0.618671,22.1393
val,6558.tif,0.594745,21.4588
val,6559.tif,0.566316,20.5527
val,656.tif,0.484667,19.5766
val,6560.tif,0.601425,20.8063
val,6561.tif,0.573735,21.1283
val,6562.tif,0.596133,21.8035
val,6563.tif,0.640292,19.9459
val,6564.tif,0.546107,20.5796
val,6565.tif,0.546778,20.9493
val,6566.tif,0.638333,22.7554
val,6567.tif,0.524452,19.5329
val,6568.tif,0.567021,21.0179
val,6569.tif,0.475887,18.4717
val,657.tif,0.567207,19.4421
val,6570.tif,0.50516,19.6118
val,6571.tif,0.602589,18.9246
val,6572.tif,0.793342,20.7379
val,6573.tif,0.546581,19.8609
val,6574.tif,0.550919,22.7385
val,6575.tif,0.668945,21.6779
val,6576.tif,0.463093,17.5058
val,6577.tif,0.689985,20.514
val,6578.tif,0.56076,21.9704
val,6579.tif,0.504102,17.9437
val,658.tif,0.474023,20.2617
val,6580.tif,0.623818,21.0808
val,6581.tif,0.447101,18.7614
val,6582.tif,0.571427,20.9132
val,6583.tif,0.629793,22.4572
val,6584.tif,0.55564,20.9753
val,6585.tif,0.59128,21.4644
val,6586.tif,0.551907,20.6568
val,6587.tif,0.574767,19.3068
val,6588.tif,0.562827,20.635
val,6589.tif,0.473944,17.7265
val,659.tif,0.460863,18.6276
val,6590.tif,0.60543,19.696
val,6591.tif,0.490936,19.5687
val,6592.tif,0.611412,20.2854
val,6593.tif,0.543874,19.6176
val,6594.tif,0.567404,20.7954
val,6595.tif,0.600772,20.9602
val,6596.tif,0.6071,21.8393
val,6597.tif,0.432416,19.4083
val,6598.tif,0.512603,18.646
val,6599.tif,0.643488,20.3358
val,66.tif,0.519786,19.3105
val,660.tif,0.522406,19.8289
val,6600.tif,0.562216,20.5046
val,6601.tif,0.557067,22.1709
val,6602.tif,0.538811,19.5348
val,6603.tif,0.482828,18.1601
val,6604.tif,0.598962,20.7964
val,6605.tif,0.67104,20.8409
val,6606.tif,0.414726,17.3482
val,6607.tif,0.470605,19.0973
val,6608.tif,0.552291,20.6968
val,6609.tif,0.625479,21.2148
val,661.tif,0.515767,19.1114
val,6610.tif,0.639278,20.2844
val,6611.tif,0.638254,22.179
val,6612.tif,0.605553,19.6174
val,6613.tif,0.547843,19.5845
val,6614.tif,0.587807,22.0408
val,6615.tif,0.621746,21.5659
val,6616.tif,0.482549,19.5535
val,6617.tif,0.60924,19.5797
val,6618.tif,0.829145,25.3593
val,6619.tif,0.597519,20.0493
val,662.tif,0.489594,19.284
val,6620.tif,0.556751,19.8159
val,6621.tif,0.60274,21.1649
val,6622.tif,0.55791,20.9919
val,6623.tif,0.614351,21.3917
val,6624.tif,0.673705,22.3329
val,6625.tif,0.474634,19.121
val,6626.tif,0.529064,19.2288
val,6627.tif,0.432262,18.9759
val,6628.tif,0.580962,21.0305
val,6629.tif,0.541463,20.6365
val,663.tif,0.550805,18.965
val,6630.tif,0.587182,21.7728
val,6631.tif,0.647935,22.4342
val,6632.tif,0.6188,20.5632
val,6633.tif,0.587735,18.8007
val,6634.tif,0.654436,22.8897
val,6635.tif,0.625628,22.1386
val,6636.tif,0.4842,19.1647
val,6637.tif,0.534071,20.3342
val,6638.tif,0.52939,18.1065
val,6639.tif,0.650202,23.1033
val,664.tif,0.592677,21.0259
val,6640.tif,0.553441,18.3597
val,6641.tif,0.62432,20.4109
val,6642.tif,0.586283,21.0031
val,6643.tif,0.61304,21.1964
val,6644.tif,0.507921,18.7829
val,6645.tif,0.516973,19.0293
val,6646.tif,0.637659,22.9607
val,6647.tif,0.665361,20.8143
val,6648.tif,0.605628,20.7636
val,6649.tif,0.605318,18.9366
val,665.tif,0.521531,20.4449
val,6650.tif,0.56184,21.2008
val,6651.tif,0.547015,20.6367
val,6652.tif,0.626372,21.6952
val,6653.tif,0.56198,20.7303
val,6654.tif,0.610434,22.8167
val,6655.tif,0.53017,20.6725
val,6656.tif,0.583076,21.3695
val,6657.tif,0.641666,21.7643
val,6658.tif,0.689861,22.5963
val,6659.tif,0.480476,19.3693
val,666.tif,0.480388,16.1559
val,6660.tif,0.579168,21.6486
val,6661.tif,0.603886,21.6006
val,6662.tif,0.590577,21.4494
val,6663.tif,0.701852,22.9768
val,6664.tif,0.564226,21.6797
val,6665.tif,0.554725,20.9603
val,6666.tif,0.550905,20.916
val,6667.tif,0.684582,20.6164
val,6668.tif,0.615561,22.2503
val,6669.tif,0.578672,21.2847
val,667.tif,0.554461,21.1899
val,6670.tif,0.683945,22.6281
val,6671.tif,0.634798,21.5676
val,6672.tif,0.56954,21.2303
val,6673.tif,0.606853,21.3433
val,6674.tif,0.475595,18.4744
val,6675.tif,0.603676,21.105
val,6676.tif,0.507295,17.1362
val,6677.tif,0.557217,21.1956
val,6678.tif,0.673657,22.2366
val,6679.tif,0.561983,19.8073
val,668.tif,0.484771,19.0865
val,6680.tif,0.642495,21.4599
val,6681.tif,0.636292,19.3088
val,6682.tif,0.64298,21.2687
val,6683.tif,0.548681,19.5094
val,6684.tif,0.662107,23.2321
val,6685.tif,0.570084,21.3454
val,6686.tif,0.51019,21.054
val,6687.tif,0.550479,20.6075
val,6688.tif,0.637118,20.8497
val,6689.tif,0.753574,21.0555
val,669.tif,0.594299,18.6929
val,6690.tif,0.533019,20.0982
val,6691.tif,0.503817,19.9292
val,6692.tif,0.557629,20.5339
val,6693.tif,0.628369,21.7539
val,6694.tif,0.477394,19.7081
val,6695.tif,0.648801,21.5209
val,6696.tif,0.634626,19.8305
val,6697.tif,0.545746,19.5364
val,6698.tif,0.617862,21.1664
val,6699.tif,0.546863,19.8141
val,67.tif,0.495126,18.4355
val,670.tif,0.453809,19.9771
val,6700.tif,0.459621,18.5494
val,6701.tif,0.540958,20.3148
val,6702.tif,0.562275,19.6156
val,6703.tif,0.622472,22.7442
val,6704.tif,0.610294,21.3901
val,6705.tif,0.663699,21.6955
val,6706.tif,0.521119,20.3307
val,6707.tif,0.48335,19.0719
val,6708.tif,0.532095,19.8196
val,6709.tif,0.660129,23.2958
val,671.tif,0.572022,18.9096
val,6710.tif,0.634946,20.5697
val,6711.tif,0.630096,19.4624
val,6712.tif,0.485307,19.1792
val,6713.tif,0.506821,18.2043
val,6714.tif,0.587413,20.9451
val,6715.tif,0.567192,19.8467
val,6716.tif,0.594995,18.5402
val,6717.tif,0.550141,20.5671
val,6718.tif,0.607081,19.54
val,6719.tif,0.680987,21.267
val,672.tif,0.476003,17.0307
val,6720.tif,0.606586,20.9562
val,6721.tif,0.636016,21.7894
val,6722.tif,0.653919,21.6946
val,6723.tif,0.547048,21.1347
val,6724.tif,0.601075,20.9654
val,6725.tif,0.644674,20.1323
val,6726.tif,0.591353,20.7556
val,6727.tif,0.550265,20.0691
val,6728.tif,0.603873,22.4715
val,6729.tif,0.5466,20.1442
val,673.tif,0.605117,20.4718
val,6730.tif,0.646022,22.8975
val,6731.tif,0.56909,21.1836
val,6732.tif,0.633008,20.1256
val,6733.tif,0.603079,20.2031
val,6734.tif,0.560558,20.9286
val,6735.tif,0.643438,23.1302
val,6736.tif,0.602539,20.2381
val,6737.tif,0.432008,19.2111
val,6738.tif,0.562439,20.3957
val,6739.tif,0.564933,21.2331
val,674.tif,0.543663,19.6959
val,6740.tif,0.532668,20.3075
val,6741.tif,0.571095,20.6329
val,6742.tif,0.605792,19.7229
val,6743.tif,0.609801,18.3259
val,6744.tif,0.581065,22.8147
val,6745.tif,0.632272,22.2358
val,6746.tif,0.583099,19.5194
val,6747.tif,0.566073,21.4621
val,6748.tif,0.661724,21.4542
val,6749.tif,0.583416,20.3244
val,675.tif,0.570872,21.6134
val,6750.tif,0.576585,21.4011
val,6751.tif,0.572102,20.5726
val,6752.tif,0.571374,20.6035
val,6753.tif,0.5651,20.0531
val,6754.tif,0.622253,20.5591
val,6755.tif,0.480882,19.1689
val,6756.tif,0.568906,19.926
val,6757.tif,0.549545,20.3007
val,6758.tif,0.612158,20.9939
val,6759.tif,0.545819,20.6841
val,676.tif,0.507108,18.095
val,6760.tif,0.509809,19.9557
val,6761.tif,0.507413,20.0355
val,6762.tif,0.484817,18.7308
val,6763.tif,0.514911,20.532
val,6764.tif,0.506125,19.3165
val,6765.tif,0.576458,19.2557
val,6766.tif,0.481711,17.9864
val,6767.tif,0.571598,19.3813
val,6768.tif,0.481637,19.7237
val,6769.tif,0.472721,19.2993
val,677.tif,0.391595,16.755
val,6770.tif,0.513613,20.8209
val,6771.tif,0.453662,19.5083
val,6772.tif,0.648249,21.8841
val,6773.tif,0.464963,16.8788
val,6774.tif,0.612366,21.449
val,6775.tif,0.43998,19.3995
val,6776.tif,0.590184,20.5835
val,6777.tif,0.438026,19.2256
val,6778.tif,0.615039,21.9064
val,6779.tif,0.463365,20.4301
val,678.tif,0.478643,18.031
val,6780.tif,0.426554,19.4159
val,6781.tif,0.605955,20.2304
val,6782.tif,0.536734,19.9411
val,6783.tif,0.574103,20.3396
val,6784.tif,0.526363,18.897
val,6785.tif,0.650066,22.1621
val,6786.tif,0.519193,19.6211
val,6787.tif,0.458049,18.5778
val,6788.tif,0.58858,22.1647
val,6789.tif,0.548978,22.0358
val,679.tif,0.504911,17.604
val,6790.tif,0.562103,20.9626
val,6791.tif,0.616968,21.6929
val,6792.tif,0.462996,19.1053
val,6793.tif,0.595,21.5529
val,6794.tif,0.606352,20.344
val,6795.tif,0.5522,23.1566
val,6796.tif,0.470345,18.84
val,6797.tif,0.444183,19.1848
val,6798.tif,0.520533,19.8088
val,6799.tif,0.43662,19.9084
val,68.tif,0.756082,22.4816
val,680.tif,0.46447,17.8579
val,6800.tif,0.582331,20.3133
val,6801.tif,0.523737,20.4731
val,6802.tif,0.529216,19.2452
val,6803.tif,0.529935,20.5803
val,6804.tif,0.590347,21.1419
val,6805.tif,0.457875,19.2049
val,6806.tif,0.592782,21.7235
val,6807.tif,0.612956,21.6701
val,6808.tif,0.473552,18.8974
val,6809.tif,0.44294,19.2712
val,681.tif,0.477358,16.7775
val,6810.tif,0.500209,20.4281
val,6811.tif,0.603384,20.6161
val,6812.tif,0.511147,21.7535
val,6813.tif,0.57565,20.6232
val,6814.tif,0.592031,21.3128
val,6815.tif,0.532522,21.1723
val,6816.tif,0.503962,18.0868
val,6817.tif,0.525772,21.0722
val,6818.tif,0.45946,19.1978
val,6819.tif,0.612471,21.8302
val,682.tif,0.528782,21.055
val,6820.tif,0.58716,19.7561
val,6821.tif,0.53752,20.3515
val,6822.tif,0.590088,21.7115
val,6823.tif,0.659354,17.3775
val,6824.tif,0.464857,19.8644
val,6825.tif,0.612325,20.7893
val,6826.tif,0.402922,18.1573
val,6827.tif,0.550502,20.2973
val,6828.tif,0.484397,18.6842
val,6829.tif,0.541666,19.35
val,683.tif,0.535163,18.3065
val,6830.tif,0.394789,18.4629
val,6831.tif,0.54336,21.2561
val,6832.tif,0.437219,19.2786
val,6833.tif,0.584461,19.6376
val,6834.tif,0.58832,21.9974
val,6835.tif,0.603739,22.4212
val,6836.tif,0.616622,21.7162
val,6837.tif,0.514376,19.6448
val,6838.tif,0.545197,18.9926
val,6839.tif,0.572666,22.3884
val,684.tif,0.497157,18.9759
val,6840.tif,0.626021,21.4447
val,6841.tif,0.630806,22.0981
val,6842.tif,0.615712,21.7186
val,6843.tif,0.649839,21.9016
val,6844.tif,0.449991,16.9147
val,6845.tif,0.458974,20.2411
val,6846.tif,0.568044,21.6843
val,6847.tif,0.513951,19.7347
val,6848.tif,0.492379,20.5088
val,6849.tif,0.615217,21.4923
val,685.tif,0.478659,19.2247
val,6850.tif,0.418817,18.419
val,6851.tif,0.63541,21.4914
val,6852.tif,0.598667,21.3907
val,6853.tif,0.608757,20.0244
val,6854.tif,0.576969,19.5502
val,6855.tif,0.489755,20.3734
val,6856.tif,0.526996,20.2596
val,6857.tif,0.510773,20.6138
val,6858.tif,0.582168,20.9078
val,6859.tif,0.542855,19.2544
val,686.tif,0.482726,19.1046
val,6860.tif,0.578003,21.414
val,6861.tif,0.508461,20.2693
val,6862.tif,0.472164,18.4437
val,6863.tif,0.591955,22.3483
val,6864.tif,0.565388,20.1725
val,6865.tif,0.596327,22.6703
val,6866.tif,0.446127,20.0232
val,6867.tif,0.468391,20.19
val,6868.tif,0.515015,21.9577
val,6869.tif,0.462229,19.4444
val,687.tif,0.481334,18.8952
val,6870.tif,0.600524,18.7043
val,6871.tif,0.602011,18.0805
val,6872.tif,0.611663,21.8017
val,6873.tif,0.583137,17.9276
val,6874.tif,0.540905,19.569
val,6875.tif,0.438369,19.0435
val,6876.tif,0.620053,20.3754
val,6877.tif,0.483867,20.1129
val,6878.tif,0.476809,19.0607
val,6879.tif,0.550688,22.3273
val,688.tif,0.508672,19.8569
val,6880.tif,0.602806,19.7291
val,6881.tif,0.531384,19.4107
val,6882.tif,0.513739,18.2199
val,6883.tif,0.497118,19.869
val,6884.tif,0.423337,20.0321
val,6885.tif,0.582803,20.1204
val,6886.tif,0.542343,20.3816
val,6887.tif,0.501629,19.2174
val,6888.tif,0.654477,21.011
val,6889.tif,0.525976,21.1203
val,689.tif,0.520978,18.4262
val,6890.tif,0.530087,21.0984
val,6891.tif,0.558656,20.7772
val,6892.tif,0.511348,19.678
val,6893.tif,0.487162,19.6797
val,6894.tif,0.501439,20.1828
val,6895.tif,0.5753,20.0401
val,6896.tif,0.606389,22.0004
val,6897.tif,0.635272,22.4008
val,6898.tif,0.652351,19.72
val,6899.tif,0.390011,18.6775
val,69.tif,0.540844,19.8969
val,690.tif,0.534921,20.7559
val,6900.tif,0.548987,19.1112
val,6901.tif,0.450642,18.9934
val,6902.tif,0.614755,20.2364
val,6903.tif,0.502192,19.4315
val,6904.tif,0.511938,19.3198
val,6905.tif,0.550598,18.8656
val,6906.tif,0.611819,21.0625
val,6907.tif,0.536136,19.8312
val,6908.tif,0.584661,19.3527
val,6909.tif,0.571495,21.9543
val,691.tif,0.491762,17.656
val,6910.tif,0.456401,19.1883
val,6911.tif,0.541551,19.7884
val,6912.tif,0.482674,18.6842
val,6913.tif,0.482807,20.1129
val,6914.tif,0.620639,21.4436
val,6915.tif,0.468002,19.9628
val,6916.tif,0.569626,20.8486
val,6917.tif,0.46193,20.2419
val,6918.tif,0.428116,18.3734
val,6919.tif,0.545591,21.0722
val,692.tif,0.563268,19.4676
val,6920.tif,0.539733,19.011
val,6921.tif,0.581079,21.9343
val,6922.tif,0.499354,20.7422
val,6923.tif,0.453427,17.6666
val,6924.tif,0.453165,18.7974
val,6925.tif,0.643181,21.7051
val,6926.tif,0.624909,19.7487
val,6927.tif,0.407354,18.6938
val,6928.tif,0.612721,22.3469
val,6929.tif,0.57027,19.6887
val,693.tif,0.482946,18.0745
val,6930.tif,0.424021,19.7243
val,6931.tif,0.544548,20.7907
val,6932.tif,0.58698,22.3611
val,6933.tif,0.548172,19.0893
val,6934.tif,0.567522,21.2648
val,6935.tif,0.590077,22.1843
val,6936.tif,0.509785,20.8289
val,6937.tif,0.495524,19.4315
val,6938.tif,0.563287,21.583
val,6939.tif,0.576217,21.3214
val,694.tif,0.696522,22.5766
val,6940.tif,0.593489,22.2449
val,6941.tif,0.550548,22.1339
val,6942.tif,0.490351,20.2134
val,6943.tif,0.588895,20.414
val,6944.tif,0.566877,20.4923
val,6945.tif,0.491637,18.9024
val,6946.tif,0.46384,18.9962
val,6947.tif,0.568967,20.8254
val,6948.tif,0.55707,20.7331
val,6949.tif,0.520056,21.2922
val,695.tif,0.543801,20.0683
val,6950.tif,0.562957,20.0796
val,6951.tif,0.638239,20.6248
val,6952.tif,0.495084,19.1895
val,6953.tif,0.499187,18.3611
val,6954.tif,0.651742,20.929
val,6955.tif,0.548671,19.6539
val,6956.tif,0.573305,21.235
val,6957.tif,0.533707,19.9415
val,6958.tif,0.485228,18.8962
val,6959.tif,0.669301,22.4086
val,696.tif,0.528745,19.0946
val,6960.tif,0.371049,17.8027
val,6961.tif,0.595734,19.9324
val,6962.tif,0.550458,19.9981
val,6963.tif,0.63787,21.6363
val,6964.tif,0.484846,18.8094
val,6965.tif,0.638125,21.0563
val,6966.tif,0.568823,20.1031
val,6967.tif,0.42575,18.3051
val,6968.tif,0.532169,22.1156
val,6969.tif,0.603173,21.9063
val,697.tif,0.530786,20.4149
val,6970.tif,0.416992,17.3076
val,6971.tif,0.576573,20.4596
val,6972.tif,0.525248,20.7195
val,6973.tif,0.459812,19.324
val,6974.tif,0.554911,19.1409
val,6975.tif,0.597934,21.2584
val,6976.tif,0.557353,20.1885
val,6977.tif,0.547505,21.0283
val,6978.tif,0.587338,20.3736
val,6979.tif,0.497779,19.9024
val,698.tif,0.7627,24.7558
val,6980.tif,0.454991,19.3331
val,6981.tif,0.593768,20.2035
val,6982.tif,0.570934,20.1568
val,6983.tif,0.607046,21.1089
val,6984.tif,0.506117,20.8034
val,6985.tif,0.498636,20.7176
val,6986.tif,0.554313,19.4725
val,6987.tif,0.560856,21.9266
val,6988.tif,0.617449,20.9993
val,6989.tif,0.608435,21.8701
val,699.tif,0.477959,19.116
val,6990.tif,0.491525,19.6301
val,6991.tif,0.424261,17.8456
val,6992.tif,0.541615,21.1835
val,6993.tif,0.406858,18.2762
val,6994.tif,0.610519,22.3116
val,6995.tif,0.465873,19.1322
val,6996.tif,0.500007,21.3613
val,6997.tif,0.569606,21.1668
val,6998.tif,0.577571,20.8315
val,6999.tif,0.7485,21.5875
val,7.tif,0.513213,19.0175
val,70.tif,0.577876,17.849
val,700.tif,0.497912,18.4348
val,7000.tif,0.552953,20.0478
val,7001.tif,0.712661,22.3881
val,7002.tif,0.519254,19.4987
val,7003.tif,0.627435,22.9599
val,7004.tif,0.49165,16.7502
val,7005.tif,0.509502,19.0918
val,7006.tif,0.600694,20.6504
val,7007.tif,0.527524,18.2487
val,7008.tif,0.451245,18.9686
val,7009.tif,0.567323,16.8916
val,701.tif,0.530725,20.8375
val,7010.tif,0.534453,22.0721
val,7011.tif,0.514427,21.2028
val,7012.tif,0.453248,17.0278
val,7013.tif,0.621291,20.6364
val,7014.tif,0.490902,19.3413
val,7015.tif,0.440924,18.1094
val,7016.tif,0.535555,14.1623
val,7017.tif,0.614408,22.1491
val,7018.tif,0.463598,20.447
val,7019.tif,0.519559,21.3627
val,702.tif,0.535735,19.5294
val,7020.tif,0.534754,21.393
val,7021.tif,0.488073,19.1675
val,7022.tif,0.557242,17.8527
val,7023.tif,0.490953,20.5727
val,7024.tif,0.574242,20.8098
val,7025.tif,0.559223,19.0546
val,7026.tif,0.521451,20.0092
val,7027.tif,0.558347,21.2754
val,7028.tif,0.537586,18.3593
val,7029.tif,0.533282,19.3791
val,703.tif,0.540617,20.2564
val,7030.tif,0.518001,22.3185
val,7031.tif,0.527621,21.2544
val,7032.tif,0.556129,20.6042
val,7033.tif,0.524216,20.6326
val,7034.tif,0.615743,21.9855
val,7035.tif,0.628773,21.7919
val,7036.tif,0.544199,20.4763
val,7037.tif,0.439704,18.8387
val,7038.tif,0.601191,19.8488
val,7039.tif,0.472961,19.0965
val,704.tif,0.528905,18.3726
val,7040.tif,0.634479,20.6967
val,7041.tif,0.638418,21.6299
val,7042.tif,0.495782,20.3434
val,7043.tif,0.515595,20.2264
val,7044.tif,0.611014,19.9549
val,7045.tif,0.594712,21.7697
val,7046.tif,0.635327,21.3431
val,7047.tif,0.553643,21.4601
val,7048.tif,0.565583,20.7293
val,7049.tif,0.396092,18.3469
val,705.tif,0.411827,16.5828
val,7050.tif,0.614433,22.0695
val,7051.tif,0.605731,20.9152
val,7052.tif,0.585569,22.5568
val,7053.tif,0.530202,20.6575
val,7054.tif,0.564727,20.826
val,7055.tif,0.581221,20.669
val,7056.tif,0.537837,20.6196
val,7057.tif,0.565729,20.3492
val,7058.tif,0.517307,18.6481
val,7059.tif,0.541653,19.0325
val,706.tif,0.557307,18.7338
val,7060.tif,0.482582,17.7256
val,7061.tif,0.639963,20.5269
val,7062.tif,0.631054,19.6719
val,7063.tif,0.629174,20.179
val,7064.tif,0.614578,21.9548
val,7065.tif,0.463536,19.8563
val,7066.tif,0.435906,19.5998
val,7067.tif,0.63118,22.2305
val,7068.tif,0.507156,20.7301
val,7069.tif,0.427335,18.7063
val,707.tif,0.480345,17.7438
val,7070.tif,0.427909,19.3868
val,7071.tif,0.646519,21.6795
val,7072.tif,0.512177,20.1466
val,7073.tif,0.563736,18.411
val,7074.tif,0.526549,21.6567
val,7075.tif,0.525608,18.3017
val,7076.tif,0.587175,21.7167
val,7077.tif,0.509058,18.209
val,7078.tif,0.637564,21.6545
val,7079.tif,0.600227,20.8996
val,708.tif,0.439515,17.8717
val,7080.tif,0.578419,20.9694
val,7081.tif,0.521753,21.4509
val,7082.tif,0.528844,22.4437
val,7083.tif,0.501446,19.0235
val,7084.tif,0.472992,20.1196
val,7085.tif,0.493293,18.907
val,7086.tif,0.573518,19.1975
val,7087.tif,0.653511,22.9761
val,7088.tif,0.570843,20.7439
val,7089.tif,0.639998,21.4553
val,709.tif,0.478135,18.6625
val,7090.tif,0.472391,20.6915
val,7091.tif,0.553207,21.0212
val,7092.tif,0.514542,18.813
val,7093.tif,0.502452,19.4652
val,7094.tif,0.635849,21.8667
val,7095.tif,0.596005,20.7873
val,7096.tif,0.587437,20.3859
val,7097.tif,0.566864,18.4841
val,7098.tif,0.439739,20.0175
val,7099.tif,0.571135,22.0386
val,71.tif,0.575413,19.5859
val,710.tif,0.462877,19.4654
val,7100.tif,0.486443,18.5311
val,7101.tif,0.49316,18.2905
val,7102.tif,0.683791,21.1646
val,7103.tif,0.513217,19.7762
val,7104.tif,0.592847,23.27
val,7105.tif,0.471111,19.0726
val,7106.tif,0.55133,19.0368
val,7107.tif,0.456947,18.9657
val,7108.tif,0.575816,20.6924
val,7109.tif,0.599369,21.1138
val,711.tif,0.51012,19.3332
val,7110.tif,0.50372,22.9379
val,7111.tif,0.588896,20.1078
val,7112.tif,0.566876,22.1932
val,7113.tif,0.479395,20.5611
val,7114.tif,0.551793,20.9921
val,7115.tif,0.572987,19.4956
val,7116.tif,0.461739,19.8586
val,7117.tif,0.702003,20.9873
val,7118.tif,0.610262,22.7151
val,7119.tif,0.6044,18.0304
val,712.tif,0.509584,19.3235
val,7120.tif,0.536698,22.1138
val,7121.tif,0.561456,20.6781
val,7122.tif,0.420048,19.1679
val,7123.tif,0.423564,18.1567
val,7124.tif,0.489097,20.8064
val,7125.tif,0.61112,21.0916
val,7126.tif,0.464529,19.2273
val,7127.tif,0.513328,20.7513
val,7128.tif,0.67173,20.3702
val,7129.tif,0.611133,17.6514
val,713.tif,0.498809,18.6251
val,7130.tif,0.551408,20.195
val,7131.tif,0.586149,20.7145
val,7132.tif,0.602886,21.5423
val,7133.tif,0.591067,20.8037
val,7134.tif,0.563732,21.907
val,7135.tif,0.558396,19.5705
val,7136.tif,0.61334,22.4227
val,7137.tif,0.586505,20.9553
val,7138.tif,0.603189,21.5163
val,7139.tif,0.477046,18.8352
val,714.tif,0.687593,20.523
val,7140.tif,0.536699,18.9196
val,7141.tif,0.526167,18.7635
val,7142.tif,0.391735,18.4936
val,7143.tif,0.576768,20.7462
val,7144.tif,0.571536,19.4722
val,7145.tif,0.478706,20.4818
val,7146.tif,0.476585,19.4844
val,7147.tif,0.608077,21.456
val,7148.tif,0.603924,22.0984
val,7149.tif,0.489046,20.729
val,715.tif,0.45682,18.728
val,7150.tif,0.476152,19.3923
val,7151.tif,0.481107,19.4939
val,7152.tif,0.662185,20.1312
val,7153.tif,0.485243,20.2597
val,7154.tif,0.589052,20.5189
val,7155.tif,0.550952,19.8881
val,7156.tif,0.528372,18.1035
val,7157.tif,0.456758,19.4105
val,7158.tif,0.610582,20.6669
val,7159.tif,0.577634,21.8312
val,716.tif,0.511488,18.1715
val,7160.tif,0.59627,21.8736
val,7161.tif,0.543968,19.505
val,7162.tif,0.590887,21.9034
val,7163.tif,0.615283,21.3817
val,7164.tif,0.54098,19.1689
val,7165.tif,0.630628,21.1697
val,7166.tif,0.472532,19.3857
val,7167.tif,0.576115,22.128
val,7168.tif,0.592527,21.8089
val,7169.tif,0.737106,20.6056
val,717.tif,0.516649,22.0705
val,7170.tif,0.650347,23.7678
val,7171.tif,0.587608,21.2952
val,7172.tif,0.5508,20.8777
val,7173.tif,0.594132,21.249
val,7174.tif,0.648671,21.0105
val,7175.tif,0.55506,20.5849
val,7176.tif,0.530259,19.0802
val,7177.tif,0.405411,18.8963
val,7178.tif,0.509703,21.9739
val,7179.tif,0.60041,20.7894
val,718.tif,0.753549,22.301
val,7180.tif,0.453327,18.7594
val,7181.tif,0.560013,20.6983
val,7182.tif,0.486616,19.1662
val,7183.tif,0.453572,16.0183
val,7184.tif,0.544878,20.9842
val,7185.tif,0.596269,20.8342
val,7186.tif,0.610399,21.6792
val,7187.tif,0.666387,23.0628
val,7188.tif,0.615703,21.5689
val,7189.tif,0.59979,22.3793
val,719.tif,0.56994,20.924
val,7190.tif,0.468677,20.7664
val,7191.tif,0.621034,21.8721
val,7192.tif,0.552195,20.0844
val,7193.tif,0.533449,23.6314
val,7194.tif,0.551906,21.5295
val,7195.tif,0.76301,23.0636
val,7196.tif,0.583368,20.9559
val,7197.tif,0.45807,20.1198
val,7198.tif,0.557233,20.7915
val,7199.tif,0.489162,19.3803
val,72.tif,0.648114,19.9038
val,720.tif,0.525094,19.5669
val,7200.tif,0.545378,19.5153
val,7201.tif,0.574642,20.5709
val,7202.tif,0.518408,18.8963
val,7203.tif,0.518892,18.7579
val,7204.tif,0.672835,20.1737
val,7205.tif,0.406246,17.6949
val,7206.tif,0.46434,19.1726
val,7207.tif,0.534562,20.376
val,7208.tif,0.648298,21.5356
val,7209.tif,0.528603,21.1952
val,721.tif,0.460062,18.1161
val,7210.tif,0.466494,19.5729
val,7211.tif,0.737414,21.402
val,7212.tif,0.493268,18.8702
val,7213.tif,0.547356,20.4021
val,7214.tif,0.447833,18.5545
val,7215.tif,0.514415,17.7679
val,7216.tif,0.569355,20.8602
val,7217.tif,0.620907,20.0156
val,7218.tif,0.447601,20.3043
val,7219.tif,0.568614,21.2126
val,722.tif,0.475338,18.0164
val,7220.tif,0.615768,22.6125
val,7221.tif,0.512728,20.1909
val,7222.tif,0.442764,18.7824
val,7223.tif,0.779759,21.7537
val,7224.tif,0.457757,19.3979
val,7225.tif,0.638373,22.5455
val,7226.tif,0.728762,20.8706
val,7227.tif,0.503561,18.9204
val,7228.tif,0.493021,21.906
val,7229.tif,0.590146,21.2754
val,723.tif,0.451408,18.6002
val,7230.tif,0.516461,20.5624
val,7231.tif,0.501759,20.5801
val,7232.tif,0.614091,19.9156
val,7233.tif,0.625498,22.7761
val,7234.tif,0.518108,20.8172
val,7235.tif,0.604171,19.6844
val,7236.tif,0.593085,22.2888
val,7237.tif,0.582159,20.4967
val,7238.tif,0.475575,19.7277
val,7239.tif,0.617933,21.0499
val,724.tif,0.528692,17.8341
val,7240.tif,0.54517,20.6549
val,7241.tif,0.594429,18.2987
val,7242.tif,0.628241,20.0117
val,7243.tif,0.626734,22.0538
val,7244.tif,0.577294,20.4739
val,7245.tif,0.566834,21.8536
val,7246.tif,0.644218,21.758
val,7247.tif,0.618679,21.0162
val,7248.tif,0.658701,22.7153
val,7249.tif,0.468657,17.8544
val,725.tif,0.60313,22.0889
val,7250.tif,0.45417,19.01
val,7251.tif,0.528297,20.6514
val,7252.tif,0.613775,21.1348
val,7253.tif,0.545699,18.8023
val,7254.tif,0.486999,19.8999
val,7255.tif,0.570067,21.5147
val,7256.tif,0.537656,21.4535
val,7257.tif,0.601346,21.5475
val,7258.tif,0.412962,17.1773
val,7259.tif,0.543677,20.4741
val,726.tif,0.484732,19.3266
val,7260.tif,0.595309,22.0919
val,7261.tif,0.536384,20.9053
val,7262.tif,0.527001,21.6594
val,7263.tif,0.573735,21.7064
val,7264.tif,0.614759,22.1194
val,7265.tif,0.665647,21.0708
val,7266.tif,0.582207,22.042
val,7267.tif,0.629914,23.3941
val,7268.tif,0.596245,20.8774
val,7269.tif,0.583176,20.0063
val,727.tif,0.543291,20.7132
val,7270.tif,0.522266,19.5959
val,7271.tif,0.602391,20.1962
val,7272.tif,0.547681,22.5788
val,7273.tif,0.574464,22.774
val,7274.tif,0.611133,22.3789
val,7275.tif,0.518876,19.8876
val,7276.tif,0.59701,22.1257
val,7277.tif,0.531291,22.3072
val,7278.tif,0.546111,20.6856
val,7279.tif,0.635792,21.9218
val,728.tif,0.560448,21.3099
val,7280.tif,0.495391,19.6708
val,7281.tif,0.551259,19.2299
val,7282.tif,0.454024,19.9203
val,7283.tif,0.535754,21.2188
val,7284.tif,0.624326,21.7863
val,7285.tif,0.623673,20.186
val,7286.tif,0.507244,20.3706
val,7287.tif,0.489698,20.203
val,7288.tif,0.585511,23.26
val,7289.tif,0.502318,20.8212
val,729.tif,0.552521,19.2648
val,7290.tif,0.516136,21.2452
val,7291.tif,0.543089,19.7812
val,7292.tif,0.66881,21.6748
val,7293.tif,0.604694,22.2147
val,7294.tif,0.564313,21.316
val,7295.tif,0.561864,20.8991
val,7296.tif,0.616869,20.9186
val,7297.tif,0.589541,20.4791
val,7298.tif,0.495807,20.4523
val,7299.tif,0.543866,20.4845
val,73.tif,0.489595,20.1125
val,730.tif,0.563817,20.329
val,7300.tif,0.518935,19.6536
val,7301.tif,0.442674,19.6445
val,7302.tif,0.59467,20.4575
val,7303.tif,0.650234,21.5505
val,7304.tif,0.596602,22.0676
val,7305.tif,0.586022,20.2103
val,7306.tif,0.439198,18.7322
val,7307.tif,0.542348,20.1979
val,7308.tif,0.559397,21.0813
val,7309.tif,0.537855,20.3987
val,731.tif,0.510249,18.5155
val,7310.tif,0.457388,19.9947
val,7311.tif,0.57492,23.0626
val,7312.tif,0.449651,19.6768
val,7313.tif,0.4342,18.9734
val,7314.tif,0.626699,22.5087
val,7315.tif,0.537687,19.7629
val,7316.tif,0.689586,21.6338
val,7317.tif,0.558379,21.2698
val,7318.tif,0.532684,20.6515
val,7319.tif,0.428141,17.82
val,732.tif,0.483459,18.7912
val,7320.tif,0.541617,19.6521
val,7321.tif,0.632797,20.7007
val,7322.tif,0.582965,21.5222
val,7323.tif,0.530392,19.5391
val,7324.tif,0.439019,19.4254
val,7325.tif,0.50121,20.4741
val,7326.tif,0.60135,20.6216
val,7327.tif,0.58218,20.6896
val,7328.tif,0.531534,21.0917
val,7329.tif,0.520265,20.8269
val,733.tif,0.545378,19.2214
val,7330.tif,0.570607,18.854
val,7331.tif,0.522665,18.3918
val,7332.tif,0.651098,22.1377
val,7333.tif,0.572235,20.1274
val,7334.tif,0.523675,21.7802
val,7335.tif,0.529353,20.799
val,7336.tif,0.446605,19.1208
val,7337.tif,0.434585,19.1904
val,7338.tif,0.584868,21.4828
val,7339.tif,0.54483,21.2859
val,734.tif,0.485596,19.21
val,7340.tif,0.563419,20.7598
val,7341.tif,0.620893,20.4251
val,7342.tif,0.647462,20.1654
val,7343.tif,0.609772,19.8948
val,7344.tif,0.598984,21.9734
val,7345.tif,0.607062,21.8001
val,7346.tif,0.518415,19.0043
val,7347.tif,0.614205,21.2866
val,7348.tif,0.451669,20.2932
val,7349.tif,0.480438,19.6124
val,735.tif,0.496134,18.2585
val,7350.tif,0.516934,19.9932
val,7351.tif,0.551102,22.2397
val,7352.tif,0.536392,18.7498
val,7353.tif,0.575794,22.0156
val,7354.tif,0.603986,21.0522
val,7355.tif,0.578953,17.3748
val,7356.tif,0.464619,20.2546
val,7357.tif,0.394079,18.7148
val,7358.tif,0.572128,19.2828
val,7359.tif,0.546098,21.5041
val,736.tif,0.497459,19.0684
val,7360.tif,0.551693,20.1366
val,7361.tif,0.526029,21.0005
val,7362.tif,0.606513,22.7402
val,7363.tif,0.476812,19.7562
val,7364.tif,0.538983,20.7669
val,7365.tif,0.58486,20.5586
val,7366.tif,0.56413,20.3314
val,7367.tif,0.516047,17.2613
val,7368.tif,0.749383,24.8366
val,7369.tif,0.452643,20.0218
val,737.tif,0.444399,18.2423
val,7370.tif,0.482382,20.3904
val,7371.tif,0.436695,19.2731
val,7372.tif,0.550886,20.5278
val,738.tif,0.499239,20.4911
val,739.tif,0.45974,15.2278
val,74.tif,0.451523,18.6974
val,740.tif,0.665849,21.9202
val,741.tif,0.510124,18.6305
val,742.tif,0.588212,20.2457
val,743.tif,0.496443,19.2928
val,744.tif,0.829552,26.4832
val,745.tif,0.54882,18.144
val,746.tif,0.485189,19.6012
val,747.tif,0.501003,14.489
val,748.tif,0.509018,19.3766
val,749.tif,0.49397,15.8705
val,75.tif,0.597929,20.6523
val,750.tif,0.528884,18.4043
val,751.tif,0.690323,20.6127
val,752.tif,0.527761,19.0793
val,753.tif,0.492497,18.7427
val,754.tif,0.493825,19.1409
val,755.tif,0.534273,20.1058
val,756.tif,0.461592,18.6521
val,757.tif,0.629165,21.2076
val,758.tif,0.471744,18.8133
val,759.tif,0.514265,21.0432
val,76.tif,0.562417,18.6048
val,760.tif,0.374662,16.0617
val,761.tif,0.459704,18.3329
val,762.tif,0.503645,17.2675
val,763.tif,0.545298,19.4753
val,764.tif,0.800745,22.9688
val,765.tif,0.785021,24.5022
val,766.tif,0.583073,19.7929
val,767.tif,0.565014,18.2036
val,768.tif,0.564567,19.6181
val,769.tif,0.579064,19.0529
val,77.tif,0.576783,19.2826
val,770.tif,0.512576,19.2673
val,771.tif,0.513605,18.3337
val,772.tif,0.529977,19.9785
val,773.tif,0.513052,19.8544
val,774.tif,0.688106,22.724
val,775.tif,0.487259,20.0543
val,776.tif,0.472188,19.0935
val,777.tif,0.406998,15.2173
val,778.tif,0.607146,16.6522
val,779.tif,0.722383,21.1499
val,78.tif,0.606572,18.7591
val,780.tif,0.47394,17.3516
val,781.tif,0.607657,20.6078
val,782.tif,0.45101,18.8406
val,783.tif,0.473628,20.1591
val,784.tif,0.578767,20.3443
val,785.tif,0.54209,19.2376
val,786.tif,0.581248,19.9179
val,787.tif,0.519199,17.2347
val,788.tif,0.506632,18.2807
val,789.tif,0.549275,19.8888
val,79.tif,0.551661,18.1735
val,790.tif,0.549506,20.9882
val,791.tif,0.429447,17.547
val,792.tif,0.519372,20.8024
val,793.tif,0.592409,20.9696
val,794.tif,0.397995,17.3774
val,795.tif,0.540416,20.6591
val,796.tif,0.468036,19.3518
val,797.tif,0.532868,18.2782
val,798.tif,0.460997,18.5995
val,799.tif,0.546815,19.1318
val,8.tif,0.547899,17.7504
val,80.tif,0.575106,17.1259
val,800.tif,0.536847,17.4734
val,801.tif,0.430887,18.4661
val,802.tif,0.360144,16.2677
val,803.tif,0.491801,18.0979
val,804.tif,0.470359,16.3177
val,805.tif,0.424866,17.538
val,806.tif,0.559298,20.0677
val,807.tif,0.58615,18.8478
val,808.tif,0.525251,18.4288
val,809.tif,0.465569,18.4297
val,81.tif,0.695043,22.8243
val,810.tif,0.55343,20.8116
val,811.tif,0.687073,22.2765
val,812.tif,0.502813,19.0861
val,813.tif,0.71853,18.8588
val,814.tif,0.437223,19.1464
val,815.tif,0.52457,18.5897
val,816.tif,0.576893,20.1545
val,817.tif,0.467098,18.9127
val,818.tif,0.578505,19.746
val,819.tif,0.428186,18.7017
val,82.tif,0.506637,19.1279
val,820.tif,0.647398,17.3705
val,821.tif,0.44866,17.4624
val,822.tif,0.557927,19.7915
val,823.tif,0.50402,15.7344
val,824.tif,0.535115,19.427
val,825.tif,0.528158,18.8704
val,826.tif,0.50179,20.7491
val,827.tif,0.353636,16.4277
val,828.tif,0.551689,21.2218
val,829.tif,0.421043,16.198
val,83.tif,0.574186,20.1806
val,830.tif,0.50014,20.6063
val,831.tif,0.597317,19.3136
val,832.tif,0.548413,22.7622
val,833.tif,0.394975,16.8309
val,834.tif,0.534357,20.7076
val,835.tif,0.552136,21.6869
val,836.tif,0.611941,20.4588
val,837.tif,0.607368,20.6843
val,838.tif,0.481509,18.3799
val,839.tif,0.46314,17.5083
val,84.tif,0.805189,22.8134
val,840.tif,0.527465,20.574
val,841.tif,0.497278,18.1548
val,842.tif,0.504265,15.1391
val,843.tif,0.473907,20.3537
val,844.tif,0.517168,19.6504
val,845.tif,0.551228,19.3236
val,846.tif,0.48722,19.6093
val,847.tif,0.505592,15.6642
val,848.tif,0.55379,21.3908
val,849.tif,0.542286,18.9695
val,85.tif,0.561664,18.4232
val,850.tif,0.516617,16.7554
val,851.tif,0.494507,19.7258
val,852.tif,0.572375,18.9558
val,853.tif,0.472721,19.0418
val,854.tif,0.56386,20.4022
val,855.tif,0.466592,20.2821
val,856.tif,0.635043,19.7996
val,857.tif,0.524191,20.217
val,858.tif,0.612805,18.3574
val,859.tif,0.628063,19.8127
val,86.tif,0.529532,19.4312
val,860.tif,0.480072,18.0973
val,861.tif,0.569431,19.4774
val,862.tif,0.56536,19.6696
val,863.tif,0.496363,17.4364
val,864.tif,0.611204,20.0953
val,865.tif,0.47927,17.8202
val,866.tif,0.469075,19.1233
val,867.tif,0.441353,19.4957
val,868.tif,0.503046,18.8264
val,869.tif,0.597461,19.327
val,87.tif,0.501737,18.9815
val,870.tif,0.432647,15.9369
val,871.tif,0.558057,18.455
val,872.tif,0.443505,19.8388
val,873.tif,0.48679,19.5495
val,874.tif,0.550464,16.6905
val,875.tif,0.460458,18.6134
val,876.tif,0.562758,18.1739
val,877.tif,0.721312,22.4109
val,878.tif,0.486681,16.1892
val,879.tif,0.509227,18.2289
val,88.tif,0.528886,19.2331
val,880.tif,0.501572,20.1493
val,881.tif,0.464156,19.0122
val,882.tif,0.548647,18.6578
val,883.tif,0.514171,18.9274
val,884.tif,0.531526,19.9959
val,885.tif,0.525854,19.0828
val,886.tif,0.468234,19.0949
val,887.tif,0.44913,16.1782
val,888.tif,0.505938,20.7999
val,889.tif,0.536869,21.374
val,89.tif,0.590551,18.9639
val,890.tif,0.510979,19.8039
val,891.tif,0.557389,17.8351
val,892.tif,0.481992,17.2761
val,893.tif,0.506027,18.9368
val,894.tif,0.521422,20.0541
val,895.tif,0.484017,17.3454
val,896.tif,0.512266,19.683
val,897.tif,0.482223,17.3764
val,898.tif,0.71263,21.5187
val,899.tif,0.471169,18.273
val,9.tif,0.535793,19.1297
val,90.tif,0.530201,18.7017
val,900.tif,0.707532,21.6761
val,901.tif,0.531531,18.5531
val,902.tif,0.415112,17.3973
val,903.tif,0.43956,18.3911
val,904.tif,0.564524,21.0223
val,905.tif,0.48255,19.3825
val,906.tif,0.441899,18.095
val,907.tif,0.512358,16.5109
val,908.tif,0.657436,22.7874
val,909.tif,0.444602,18.3263
val,91.tif,0.492512,18.0307
val,910.tif,0.436677,17.0121
val,911.tif,0.539753,18.8134
val,912.tif,0.410926,15.9824
val,913.tif,0.549881,19.7729
val,914.tif,0.653941,18.8669
val,915.tif,0.592083,20.814
val,916.tif,0.500265,16.6775
val,917.tif,0.557534,18.769
val,918.tif,0.602701,19.0197
val,919.tif,0.521684,18.4759
val,92.tif,0.462778,18.9058
val,920.tif,0.548493,19.3415
val,921.tif,0.513611,19.4072
val,922.tif,0.428394,17.76
val,923.tif,0.510902,18.7183
val,924.tif,0.473596,20.0267
val,925.tif,0.526814,19.7633
val,926.tif,0.553457,20.8339
val,927.tif,0.597134,21.6132
val,928.tif,0.723386,23.9373
val,929.tif,0.527911,20.0551
val,93.tif,0.626524,21.7003
val,930.tif,0.497821,19.4878
val,931.tif,0.449316,17.3538
val,932.tif,0.502567,19.5833
val,933.tif,0.491327,18.3469
val,934.tif,0.58585,20.5055
val,935.tif,0.778974,25.6091
val,936.tif,0.521363,12.4223
val,937.tif,0.457181,17.1122
val,938.tif,0.55205,22.2145
val,939.tif,0.676424,20.8387
val,94.tif,0.449347,17.6053
val,940.tif,0.610293,22.0605
val,941.tif,0.447722,18.229
val,942.tif,0.689511,22.3773
val,943.tif,0.575153,19.7565
val,944.tif,0.583185,17.1339
val,945.tif,0.548326,20.2915
val,946.tif,0.573227,20.5087
val,947.tif,0.567063,18.4632
val,948.tif,0.48059,18.0802
val,949.tif,0.553384,20.734
val,95.tif,0.499869,19.2839
val,950.tif,0.481669,18.5378
val,951.tif,0.842293,26.6882
val,952.tif,0.739952,19.8392
val,953.tif,0.468635,17.5995
val,954.tif,0.658634,19.793
val,955.tif,0.286271,17.0757
val,956.tif,0.489991,17.3179
val,957.tif,0.522713,18.6695
val,958.tif,0.457538,18.7819
val,959.tif,0.416813,17.4675
val,96.tif,0.612465,20.9731
val,960.tif,0.576092,20.15
val,961.tif,0.539709,20.283
val,962.tif,0.51282,17.1374
val,963.tif,0.42933,17.5945
val,964.tif,0.554894,17.3973
val,965.tif,0.579655,21.8085
val,966.tif,0.570922,15.9866
val,967.tif,0.550108,15.7517
val,968.tif,0.602926,21.2669
val,969.tif,0.543848,16.9978
val,97.tif,0.549157,19.5286
val,970.tif,0.498503,19.1865
val,971.tif,0.625202,19.4114
val,972.tif,0.577173,19.5785
val,973.tif,0.548725,19.4982
val,974.tif,0.56257,20.4824
val,975.tif,0.569844,21.9315
val,976.tif,0.583042,20.35
val,977.tif,0.621461,20.1143
val,978.tif,0.5999,19.2788
val,979.tif,0.490797,19.4403
val,98.tif,0.481868,18.1049
val,980.tif,0.515021,17.7409
val,981.tif,0.499099,18.7794
val,982.tif,0.454016,20.6868
val,983.tif,0.621416,20.9711
val,984.tif,0.542106,20.4165
val,985.tif,0.626446,20.6334
val,986.tif,0.50265,17.8937
val,987.tif,0.569551,20.9752
val,988.tif,0.557818,14.8749
val,989.tif,0.494306,17.7883
val,99.tif,0.468909,18.7717
val,990.tif,0.504083,19.3519
val,991.tif,0.54812,19.0755
val,992.tif,0.464016,17.7159
val,993.tif,0.619041,18.7086
val,994.tif,0.607192,19.3959
val,995.tif,0.571781,18.3193
val,996.tif,0.520529,21.1096
val,997.tif,0.644161,21.7136
val,998.tif,0.617802,18.6863
val,999.tif,0.503726,20.8239
