split,file,lpips
train,0.tif,0.277982
train,1.tif,0.358674
train,10.tif,0.327254
train,100.tif,0.306746
train,1000.tif,0.320714
train,10000.tif,0.334307
train,10001.tif,0.377806
train,10002.tif,0.34391
train,10003.tif,0.400964
train,10004.tif,0.333871
train,10005.tif,0.334849
train,10006.tif,0.415778
train,10007.tif,0.350281
train,10008.tif,0.675432
train,10009.tif,0.386388
train,1001.tif,0.346091
train,10010.tif,0.515167
train,10011.tif,0.331828
train,10012.tif,0.315673
train,10013.tif,0.387288
train,10014.tif,0.274993
train,10015.tif,0.345404
train,10016.tif,0.329429
train,10017.tif,0.373995
train,10018.tif,0.323371
train,10019.tif,0.307592
train,1002.tif,0.382613
train,10020.tif,0.406946
train,10021.tif,0.365851
train,10022.tif,0.359503
train,10023.tif,0.340383
train,10024.tif,0.390148
train,10025.tif,0.267576
train,10026.tif,0.311865
train,10027.tif,0.364782
train,10028.tif,0.412288
train,10029.tif,0.342648
train,1003.tif,0.406636
train,10030.tif,0.38402
train,10031.tif,0.428549
train,10032.tif,0.403865
train,10033.tif,0.212942
train,10034.tif,0.316388
train,10035.tif,0.358043
train,10036.tif,0.403242
train,10037.tif,0.160082
train,10038.tif,0.38448
train,10039.tif,0.417633
train,1004.tif,0.425025
train,10040.tif,0.358477
train,10041.tif,0.389902
train,10042.tif,0.305517
train,10043.tif,0.338093
train,10044.tif,0.385048
train,10045.tif,0.386802
train,10046.tif,0.308852
train,10047.tif,0.379825
train,10048.tif,0.276589
train,10049.tif,0.407946
train,1005.tif,0.352061
train,10050.tif,0.344945
train,10051.tif,0.335144
train,10052.tif,0.313114
train,10053.tif,0.311628
train,10054.tif,0.226882
train,10055.tif,0.379692
train,10056.tif,0.364837
train,10057.tif,0.363461
train,10058.tif,0.31473
train,10059.tif,0.281544
train,1006.tif,0.393251
train,10060.tif,0.401294
train,10061.tif,0.335793
train,10062.tif,0.381364
train,10063.tif,0.408753
train,10064.tif,0.379918
train,10065.tif,0.356129
train,10066.tif,0.377019
train,10067.tif,0.299769
train,10068.tif,0.401395
train,10069.tif,0.382298
train,1007.tif,0.388672
train,10070.tif,0.361827
train,10071.tif,0.339706
train,10072.tif,0.377893
train,10073.tif,0.343928
train,10074.tif,0.417487
train,10075.tif,0.450177
train,10076.tif,0.330372
train,10077.tif,0.383315
train,10078.tif,0.458571
train,10079.tif,0.384534
train,1008.tif,0.368955
train,10080.tif,0.360513
train,10081.tif,0.127249
train,10082.tif,0.38839
train,10083.tif,0.278352
train,10084.tif,0.356516
train,10085.tif,0.339429
train,10086.tif,0.277147
train,10087.tif,0.416238
train,10088.tif,0.354592
train,10089.tif,0.358797
train,1009.tif,0.258116
train,10090.tif,0.375877
train,10091.tif,0.266533
train,10092.tif,0.269519
train,10093.tif,0.287161
train,10094.tif,0.348053
train,10095.tif,0.338425
train,10096.tif,0.405912
train,10097.tif,0.403863
train,10098.tif,0.351916
train,10099.tif,0.343124
train,101.tif,0.356694
train,1010.tif,0.348382
train,10100.tif,0.289075
train,10101.tif,0.273274
train,10102.tif,0.419143
train,10103.tif,0.397824
train,10104.tif,0.414676
train,10105.tif,0.40646
train,10106.tif,0.349161
train,10107.tif,0.390545
train,10108.tif,0.427892
train,10109.tif,0.418931
train,1011.tif,0.349909
train,10110.tif,0.294912
train,10111.tif,0.279422
train,10112.tif,0.381955
train,10113.tif,0.366827
train,10114.tif,0.257161
train,10115.tif,0.370977
train,10116.tif,0.330203
train,10117.tif,0.376702
train,10118.tif,0.405877
train,10119.tif,0.340754
train,1012.tif,0.337981
train,10120.tif,0.353675
train,10121.tif,0.34611
train,10122.tif,0.321969
train,10123.tif,0.417251
train,10124.tif,0.41296
train,10125.tif,0.283884
train,10126.tif,0.357952
train,10127.tif,0.33274
train,10128.tif,0.243546
train,10129.tif,0.226373
train,1013.tif,0.272306
train,10130.tif,0.448733
train,10131.tif,0.274795
train,10132.tif,0.290108
train,10133.tif,0.268945
train,10134.tif,0.316362
train,10135.tif,0.274832
train,10136.tif,0.410473
train,10137.tif,0.377133
train,10138.tif,0.368424
train,10139.tif,0.343477
train,1014.tif,0.327531
train,10140.tif,0.30158
train,10141.tif,0.325435
train,10142.tif,0.362137
train,10143.tif,0.354274
train,10144.tif,0.449275
train,10145.tif,0.34066
train,10146.tif,0.401007
train,10147.tif,0.41391
train,10148.tif,0.359606
train,10149.tif,0.383865
train,1015.tif,0.363874
train,10150.tif,0.359591
train,10151.tif,0.372743
train,10152.tif,0.390707
train,10153.tif,0.44394
train,10154.tif,0.388403
train,10155.tif,0.33262
train,10156.tif,0.274281
train,10157.tif,0.373104
train,10158.tif,0.384823
train,10159.tif,0.331475
train,1016.tif,0.383741
train,10160.tif,0.320936
train,10161.tif,0.3092
train,10162.tif,0.338948
train,10163.tif,0.279061
train,10164.tif,0.333563
train,10165.tif,0.306594
train,10166.tif,0.366803
train,10167.tif,0.284232
train,10168.tif,0.366889
train,10169.tif,0.41039
train,1017.tif,0.328613
train,10170.tif,0.426442
train,10171.tif,0.414406
train,10172.tif,0.397535
train,10173.tif,0.397987
train,10174.tif,0.297032
train,10175.tif,0.376631
train,10176.tif,0.36664
train,10177.tif,0.302321
train,10178.tif,0.375859
train,10179.tif,0.348179
train,1018.tif,0.425677
train,10180.tif,0.357816
train,10181.tif,0.304303
train,10182.tif,0.393311
train,10183.tif,0.394387
train,10184.tif,0.391711
train,10185.tif,0.447684
train,10186.tif,0.353613
train,10187.tif,0.336336
train,10188.tif,0.314193
train,10189.tif,0.388094
train,1019.tif,0.318445
train,10190.tif,0.368319
train,10191.tif,0.206627
train,10192.tif,0.387949
train,10193.tif,0.172659
train,10194.tif,0.377955
train,10195.tif,0.46534
train,10196.tif,0.233535
train,10197.tif,0.379597
train,10198.tif,0.313058
train,10199.tif,0.356638
train,102.tif,0.371037
train,1020.tif,0.416599
train,10200.tif,0.40148
train,10201.tif,0.43954
train,10202.tif,0.388983
train,10203.tif,0.329121
train,10204.tif,0.291905
train,10205.tif,0.206016
train,10206.tif,0.423367
train,10207.tif,0.309718
train,10208.tif,0.331465
train,10209.tif,0.278314
train,1021.tif,0.352553
train,10210.tif,0.392052
train,10211.tif,0.313365
train,10212.tif,0.365503
train,10213.tif,0.21124
train,10214.tif,0.346669
train,10215.tif,0.407967
train,10216.tif,0.373198
train,10217.tif,0.321959
train,10218.tif,0.39893
train,10219.tif,0.289277
train,1022.tif,0.374781
train,10220.tif,0.376191
train,10221.tif,0.351073
train,10222.tif,0.390643
train,10223.tif,0.203694
train,10224.tif,0.2738
train,10225.tif,0.40185
train,10226.tif,0.288399
train,10227.tif,0.279799
train,10228.tif,0.3427
train,10229.tif,0.272997
train,1023.tif,0.415237
train,10230.tif,0.368939
train,10231.tif,0.305915
train,10232.tif,0.34701
train,10233.tif,0.415309
train,10234.tif,0.454758
train,10235.tif,0.369822
train,10236.tif,0.333288
train,10237.tif,0.394081
train,10238.tif,0.302598
train,10239.tif,0.356756
train,1024.tif,0.421382
train,10240.tif,0.245087
train,10241.tif,0.414233
train,10242.tif,0.418408
train,10243.tif,0.32016
train,10244.tif,0.395483
train,10245.tif,0.42473
train,10246.tif,0.276534
train,10247.tif,0.35206
train,10248.tif,0.407169
train,10249.tif,0.364651
train,1025.tif,0.201677
train,10250.tif,0.375317
train,10251.tif,0.278247
train,10252.tif,0.240309
train,10253.tif,0.294264
train,10254.tif,0.334317
train,10255.tif,0.400568
train,10256.tif,0.293505
train,10257.tif,0.449209
train,10258.tif,0.35848
train,10259.tif,0.355027
train,1026.tif,0.385802
train,10260.tif,0.338026
train,10261.tif,0.334715
train,10262.tif,0.329072
train,10263.tif,0.360498
train,10264.tif,0.38732
train,10265.tif,0.445171
train,10266.tif,0.427812
train,10267.tif,0.366032
train,10268.tif,0.289912
train,10269.tif,0.363918
train,1027.tif,0.326747
train,10270.tif,0.359313
train,10271.tif,0.233214
train,10272.tif,0.303131
train,10273.tif,0.368898
train,10274.tif,0.303687
train,10275.tif,0.372163
train,10276.tif,0.398055
train,10277.tif,0.314675
train,10278.tif,0.343046
train,10279.tif,0.321118
train,1028.tif,0.402072
train,10280.tif,0.432041
train,10281.tif,0.366925
train,10282.tif,0.410111
train,10283.tif,0.323588
train,10284.tif,0.368042
train,10285.tif,0.253009
train,10286.tif,0.321243
train,10287.tif,0.262723
train,10288.tif,0.312015
train,10289.tif,0.341829
train,1029.tif,0.319279
train,10290.tif,0.329409
train,10291.tif,0.358112
train,10292.tif,0.439902
train,10293.tif,0.361063
train,10294.tif,0.270583
train,10295.tif,0.317749
train,10296.tif,0.43853
train,10297.tif,0.340463
train,10298.tif,0.398316
train,10299.tif,0.335558
train,103.tif,0.374916
train,1030.tif,0.332188
train,10300.tif,0.403786
train,10301.tif,0.346988
train,10302.tif,0.384065
train,10303.tif,0.277948
train,10304.tif,0.367203
train,10305.tif,0.312603
train,10306.tif,0.365967
train,10307.tif,0.409083
train,10308.tif,0.286308
train,10309.tif,0.30991
train,1031.tif,0.332432
train,10310.tif,0.316977
train,10311.tif,0.432099
train,10312.tif,0.228968
train,10313.tif,0.286966
train,10314.tif,0.264673
train,10315.tif,0.39158
train,10316.tif,0.357171
train,10317.tif,0.396332
train,10318.tif,0.35597
train,10319.tif,0.399313
train,1032.tif,0.346991
train,10320.tif,0.379311
train,10321.tif,0.323205
train,10322.tif,0.318596
train,10323.tif,0.284153
train,10324.tif,0.405814
train,10325.tif,0.268869
train,10326.tif,0.439436
train,10327.tif,0.367998
train,10328.tif,0.400174
train,10329.tif,0.389623
train,1033.tif,0.349672
train,10330.tif,0.36832
train,10331.tif,0.384812
train,10332.tif,0.254704
train,10333.tif,0.383058
train,10334.tif,0.325707
train,10335.tif,0.326387
train,10336.tif,0.3628
train,10337.tif,0.365346
train,10338.tif,0.322159
train,10339.tif,0.356025
train,1034.tif,0.279934
train,10340.tif,0.321413
train,10341.tif,0.361813
train,10342.tif,0.287045
train,10343.tif,0.393907
train,10344.tif,0.384853
train,10345.tif,0.288435
train,10346.tif,0.367965
train,10347.tif,0.265633
train,10348.tif,0.305261
train,10349.tif,0.331859
train,1035.tif,0.330948
train,10350.tif,0.286116
train,10351.tif,0.333485
train,10352.tif,0.335539
train,10353.tif,0.386775
train,10354.tif,0.614076
train,10355.tif,0.358829
train,10356.tif,0.317981
train,10357.tif,0.252095
train,10358.tif,0.293512
train,10359.tif,0.409019
train,1036.tif,0.347166
train,10360.tif,0.341447
train,10361.tif,0.331922
train,10362.tif,0.288213
train,10363.tif,0.29462
train,10364.tif,0.327659
train,10365.tif,0.297333
train,10366.tif,0.42795
train,10367.tif,0.37343
train,10368.tif,0.378809
train,10369.tif,0.296741
train,1037.tif,0.362829
train,10370.tif,0.282335
train,10371.tif,0.272728
train,10372.tif,0.307102
train,10373.tif,0.274521
train,10374.tif,0.285396
train,10375.tif,0.327361
train,10376.tif,0.308746
train,10377.tif,0.305224
train,10378.tif,0.285589
train,10379.tif,0.382137
train,1038.tif,0.365349
train,10380.tif,0.367004
train,10381.tif,0.313846
train,10382.tif,0.338782
train,10383.tif,0.334393
train,10384.tif,0.300252
train,10385.tif,0.32435
train,10386.tif,0.293643
train,10387.tif,0.360928
train,10388.tif,0.315073
train,10389.tif,0.471848
train,1039.tif,0.32726
train,10390.tif,0.355903
train,10391.tif,0.402149
train,10392.tif,0.335751
train,10393.tif,0.290097
train,10394.tif,0.316023
train,10395.tif,0.34604
train,10396.tif,0.277165
train,10397.tif,0.303464
train,10398.tif,0.313841
train,10399.tif,0.263683
train,104.tif,0.306696
train,1040.tif,0.334854
train,10400.tif,0.325821
train,10401.tif,0.299615
train,10402.tif,0.400058
train,10403.tif,0.322962
train,10404.tif,0.29131
train,10405.tif,0.347593
train,10406.tif,0.313091
train,10407.tif,0.28691
train,10408.tif,0.279245
train,10409.tif,0.307844
train,1041.tif,0.339843
train,10410.tif,0.339391
train,10411.tif,0.256219
train,10412.tif,0.334879
train,10413.tif,0.293899
train,10414.tif,0.293721
train,10415.tif,0.297604
train,10416.tif,0.31847
train,10417.tif,0.312703
train,10418.tif,0.316912
train,10419.tif,0.371458
train,1042.tif,0.416825
train,10420.tif,0.387581
train,10421.tif,0.261543
train,10422.tif,0.309707
train,10423.tif,0.411897
train,10424.tif,0.323376
train,10425.tif,0.373064
train,10426.tif,0.316758
train,10427.tif,0.335227
train,10428.tif,0.294515
train,10429.tif,0.298121
train,1043.tif,0.335902
train,10430.tif,0.300878
train,10431.tif,0.344357
train,10432.tif,0.284451
train,10433.tif,0.329947
train,10434.tif,0.279572
train,10435.tif,0.319284
train,10436.tif,0.391518
train,10437.tif,0.377314
train,10438.tif,0.315942
train,10439.tif,0.305376
train,1044.tif,0.453896
train,10440.tif,0.298704
train,10441.tif,0.40255
train,10442.tif,0.326866
train,10443.tif,0.366316
train,10444.tif,0.331032
train,10445.tif,0.34479
train,10446.tif,0.383828
train,10447.tif,0.288013
train,10448.tif,0.39815
train,10449.tif,0.298841
train,1045.tif,0.368416
train,10450.tif,0.368175
train,10451.tif,0.383175
train,10452.tif,0.310607
train,10453.tif,0.285419
train,10454.tif,0.341714
train,10455.tif,0.342768
train,10456.tif,0.260181
train,10457.tif,0.331325
train,10458.tif,0.343002
train,10459.tif,0.306814
train,1046.tif,0.269202
train,10460.tif,0.314085
train,10461.tif,0.299711
train,10462.tif,0.307216
train,10463.tif,0.310074
train,10464.tif,0.345212
train,10465.tif,0.31719
train,10466.tif,0.335494
train,10467.tif,0.277759
train,10468.tif,0.327124
train,10469.tif,0.29195
train,1047.tif,0.423629
train,10470.tif,0.337547
train,10471.tif,0.379062
train,10472.tif,0.303555
train,10473.tif,0.319959
train,10474.tif,0.34303
train,10475.tif,0.321364
train,10476.tif,0.311943
train,10477.tif,0.309378
train,10478.tif,0.345536
train,10479.tif,0.315637
train,1048.tif,0.350295
train,10480.tif,0.389061
train,10481.tif,0.282688
train,10482.tif,0.294065
train,10483.tif,0.341089
train,10484.tif,0.341291
train,10485.tif,0.300921
train,10486.tif,0.373732
train,10487.tif,0.305046
train,10488.tif,0.318505
train,10489.tif,0.3048
train,1049.tif,0.404661
train,10490.tif,0.361809
train,10491.tif,0.333762
train,10492.tif,0.361695
train,10493.tif,0.29322
train,10494.tif,0.301217
train,10495.tif,0.353038
train,10496.tif,0.3041
train,10497.tif,0.297788
train,10498.tif,0.317043
train,10499.tif,0.288474
train,105.tif,0.359815
train,1050.tif,0.364673
train,10500.tif,0.295964
train,10501.tif,0.295813
train,10502.tif,0.319396
train,10503.tif,0.310507
train,10504.tif,0.341721
train,10505.tif,0.324192
train,10506.tif,0.305218
train,10507.tif,0.308583
train,10508.tif,0.326945
train,10509.tif,0.312151
train,1051.tif,0.376629
train,10510.tif,0.339931
train,10511.tif,0.341756
train,10512.tif,0.322168
train,10513.tif,0.382902
train,10514.tif,0.308679
train,10515.tif,0.310291
train,10516.tif,0.3392
train,10517.tif,0.303445
train,10518.tif,0.31257
train,10519.tif,0.304844
train,1052.tif,0.365976
train,10520.tif,0.273241
train,10521.tif,0.347535
train,10522.tif,0.319278
train,10523.tif,0.319233
train,10524.tif,0.327673
train,10525.tif,0.195546
train,10526.tif,0.291335
train,10527.tif,0.301122
train,10528.tif,0.358184
train,10529.tif,0.485372
train,1053.tif,0.344249
train,10530.tif,0.351861
train,10531.tif,0.36581
train,10532.tif,0.293617
train,10533.tif,0.341159
train,10534.tif,0.351748
train,10535.tif,0.351991
train,10536.tif,0.313929
train,10537.tif,0.370071
train,10538.tif,0.438285
train,10539.tif,0.325962
train,1054.tif,0.28509
train,10540.tif,0.335321
train,10541.tif,0.315868
train,10542.tif,0.317778
train,10543.tif,0.307515
train,10544.tif,0.273742
train,10545.tif,0.249887
train,10546.tif,0.361021
train,10547.tif,0.351859
train,10548.tif,0.302235
train,10549.tif,0.381801
train,1055.tif,0.364265
train,10550.tif,0.295748
train,10551.tif,0.315863
train,10552.tif,0.315904
train,10553.tif,0.323574
train,10554.tif,0.381343
train,10555.tif,0.308623
train,10556.tif,0.267613
train,10557.tif,0.340619
train,10558.tif,0.288607
train,10559.tif,0.339646
train,1056.tif,0.448497
train,10560.tif,0.372448
train,10561.tif,0.32718
train,10562.tif,0.29755
train,10563.tif,0.305502
train,10564.tif,0.302049
train,10565.tif,0.329481
train,10566.tif,0.328892
train,10567.tif,0.26526
train,10568.tif,0.334581
train,10569.tif,0.31551
train,1057.tif,0.384255
train,10570.tif,0.336167
train,10571.tif,0.308654
train,10572.tif,0.279654
train,10573.tif,0.350953
train,10574.tif,0.360305
train,10575.tif,0.280484
train,10576.tif,0.388933
train,10577.tif,0.352319
train,10578.tif,0.308921
train,10579.tif,0.28774
train,1058.tif,0.351127
train,10580.tif,0.3128
train,10581.tif,0.322232
train,10582.tif,0.307648
train,10583.tif,0.327332
train,10584.tif,0.295427
train,10585.tif,0.348711
train,10586.tif,0.28323
train,10587.tif,0.306578
train,10588.tif,0.345874
train,10589.tif,0.373126
train,1059.tif,0.341131
train,10590.tif,0.30244
train,10591.tif,0.43058
train,10592.tif,0.326919
train,10593.tif,0.403541
train,10594.tif,0.28429
train,10595.tif,0.388
train,10596.tif,0.389131
train,10597.tif,0.381997
train,10598.tif,0.375046
train,10599.tif,0.347547
train,106.tif,0.364459
train,1060.tif,0.402221
train,10600.tif,0.322599
train,10601.tif,0.342358
train,10602.tif,0.292241
train,10603.tif,0.335974
train,10604.tif,0.337099
train,10605.tif,0.299127
train,10606.tif,0.306017
train,10607.tif,0.295824
train,10608.tif,0.28078
train,10609.tif,0.336067
train,1061.tif,0.399446
train,10610.tif,0.328047
train,10611.tif,0.431299
train,10612.tif,0.299617
train,10613.tif,0.32948
train,10614.tif,0.314691
train,10615.tif,0.341998
train,10616.tif,0.323674
train,10617.tif,0.302542
train,10618.tif,0.237431
train,10619.tif,0.361911
train,1062.tif,0.426941
train,10620.tif,0.2671
train,10621.tif,0.33162
train,10622.tif,0.353611
train,10623.tif,0.331982
train,10624.tif,0.335214
train,10625.tif,0.328462
train,10626.tif,0.318277
train,10627.tif,0.334939
train,10628.tif,0.289492
train,10629.tif,0.328025
train,1063.tif,0.383642
train,10630.tif,0.322054
train,10631.tif,0.407425
train,10632.tif,0.30967
train,10633.tif,0.386988
train,10634.tif,0.258958
train,10635.tif,0.271672
train,10636.tif,0.271119
train,10637.tif,0.295463
train,10638.tif,0.324482
train,10639.tif,0.33712
train,1064.tif,0.246148
train,10640.tif,0.369314
train,10641.tif,0.257874
train,10642.tif,0.406518
train,10643.tif,0.272168
train,10644.tif,0.398883
train,10645.tif,0.317058
train,10646.tif,0.338777
train,10647.tif,0.317985
train,10648.tif,0.29969
train,10649.tif,0.393734
train,1065.tif,0.395687
train,10650.tif,0.346959
train,10651.tif,0.378978
train,10652.tif,0.301911
train,10653.tif,0.322201
train,10654.tif,0.350075
train,10655.tif,0.352149
train,10656.tif,0.296235
train,10657.tif,0.356852
train,10658.tif,0.372453
train,10659.tif,0.339622
train,1066.tif,0.325118
train,10660.tif,0.316313
train,10661.tif,0.3457
train,10662.tif,0.348573
train,10663.tif,0.341331
train,10664.tif,0.322807
train,10665.tif,0.342096
train,10666.tif,0.334041
train,10667.tif,0.330046
train,10668.tif,0.311247
train,10669.tif,0.315823
train,1067.tif,0.35229
train,10670.tif,0.279532
train,10671.tif,0.283751
train,10672.tif,0.279049
train,10673.tif,0.261134
train,10674.tif,0.308426
train,10675.tif,0.283381
train,10676.tif,0.223941
train,10677.tif,0.303437
train,10678.tif,0.385763
train,10679.tif,0.345278
train,1068.tif,0.369194
train,10680.tif,0.310666
train,10681.tif,0.291166
train,10682.tif,0.270731
train,10683.tif,0.331109
train,10684.tif,0.296781
train,10685.tif,0.372807
train,10686.tif,0.404575
train,10687.tif,0.364082
train,10688.tif,0.301419
train,10689.tif,0.337678
train,1069.tif,0.341801
train,10690.tif,0.379899
train,10691.tif,0.293842
train,10692.tif,0.302972
train,10693.tif,0.320141
train,10694.tif,0.360037
train,10695.tif,0.298636
train,10696.tif,0.306584
train,10697.tif,0.292165
train,10698.tif,0.320598
train,10699.tif,0.310755
train,107.tif,0.426236
train,1070.tif,0.294507
train,10700.tif,0.282747
train,10701.tif,0.330804
train,10702.tif,0.249552
train,10703.tif,0.332466
train,10704.tif,0.290096
train,10705.tif,0.350433
train,10706.tif,0.340319
train,10707.tif,0.330389
train,10708.tif,0.272377
train,10709.tif,0.349641
train,1071.tif,0.356809
train,10710.tif,0.291089
train,10711.tif,0.347141
train,10712.tif,0.410276
train,10713.tif,0.385492
train,10714.tif,0.337011
train,10715.tif,0.323676
train,10716.tif,0.331404
train,10717.tif,0.305283
train,10718.tif,0.320915
train,10719.tif,0.290837
train,1072.tif,0.368475
train,10720.tif,0.282497
train,10721.tif,0.350532
train,10722.tif,0.309082
train,10723.tif,0.31007
train,10724.tif,0.357336
train,10725.tif,0.352647
train,10726.tif,0.377773
train,10727.tif,0.300858
train,10728.tif,0.316903
train,10729.tif,0.308946
train,1073.tif,0.394871
train,10730.tif,0.287511
train,10731.tif,0.282887
train,10732.tif,0.29196
train,10733.tif,0.328557
train,10734.tif,0.345128
train,10735.tif,0.292553
train,10736.tif,0.389541
train,10737.tif,0.291089
train,10738.tif,0.352712
train,10739.tif,0.287753
train,1074.tif,0.285571
train,10740.tif,0.28405
train,10741.tif,0.368174
train,10742.tif,0.404784
train,10743.tif,0.371673
train,10744.tif,0.382918
train,10745.tif,0.332461
train,10746.tif,0.253847
train,10747.tif,0.299011
train,10748.tif,0.323844
train,10749.tif,0.306697
train,1075.tif,0.40652
train,10750.tif,0.305636
train,10751.tif,0.286941
train,10752.tif,0.322587
train,10753.tif,0.329604
train,10754.tif,0.297184
train,10755.tif,0.367528
train,10756.tif,0.367841
train,10757.tif,0.353311
train,10758.tif,0.326352
train,10759.tif,0.266753
train,1076.tif,0.371724
train,10760.tif,0.364993
train,10761.tif,0.338934
train,10762.tif,0.344958
train,10763.tif,0.290387
train,10764.tif,0.366093
train,10765.tif,0.288959
train,10766.tif,0.370079
train,10767.tif,0.451757
train,10768.tif,0.302254
train,10769.tif,0.319782
train,1077.tif,0.409422
train,10770.tif,0.306724
train,10771.tif,0.317371
train,10772.tif,0.331603
train,10773.tif,0.319544
train,10774.tif,0.347543
train,10775.tif,0.318123
train,10776.tif,0.34525
train,10777.tif,0.390867
train,10778.tif,0.357793
train,10779.tif,0.3138
train,1078.tif,0.419332
train,10780.tif,0.352484
train,10781.tif,0.342578
train,10782.tif,0.304198
train,10783.tif,0.346284
train,10784.tif,0.286313
train,10785.tif,0.310143
train,10786.tif,0.405299
train,10787.tif,0.295825
train,10788.tif,0.357253
train,10789.tif,0.331564
train,1079.tif,0.394587
train,10790.tif,0.31139
train,10791.tif,0.346085
train,10792.tif,0.303838
train,10793.tif,0.324372
train,10794.tif,0.305644
train,10795.tif,0.320652
train,10796.tif,0.346678
train,10797.tif,0.331802
train,10798.tif,0.336273
train,10799.tif,0.279663
train,108.tif,0.310437
train,1080.tif,0.313636
train,10800.tif,0.307774
train,10801.tif,0.327539
train,10802.tif,0.347272
train,10803.tif,0.308559
train,10804.tif,0.308318
train,10805.tif,0.323479
train,10806.tif,0.32125
train,10807.tif,0.307604
train,10808.tif,0.380063
train,10809.tif,0.405072
train,1081.tif,0.362778
train,10810.tif,0.271927
train,10811.tif,0.345396
train,10812.tif,0.428803
train,10813.tif,0.364302
train,10814.tif,0.338839
train,10815.tif,0.345065
train,10816.tif,0.343935
train,10817.tif,0.348876
train,10818.tif,0.36977
train,10819.tif,0.360571
train,1082.tif,0.364245
train,10820.tif,0.317637
train,10821.tif,0.403689
train,10822.tif,0.307818
train,10823.tif,0.268577
train,10824.tif,0.41089
train,10825.tif,0.296481
train,10826.tif,0.24372
train,10827.tif,0.386701
train,10828.tif,0.279991
train,10829.tif,0.316711
train,1083.tif,0.400975
train,10830.tif,0.323811
train,10831.tif,0.329889
train,10832.tif,0.304392
train,10833.tif,0.359041
train,10834.tif,0.397016
train,10835.tif,0.277988
train,10836.tif,0.216032
train,10837.tif,0.310289
train,10838.tif,0.363774
train,10839.tif,0.270296
train,1084.tif,0.320153
train,10840.tif,0.287511
train,10841.tif,0.357179
train,10842.tif,0.310133
train,10843.tif,0.323149
train,10844.tif,0.355092
train,10845.tif,0.330601
train,10846.tif,0.364503
train,10847.tif,0.303257
train,10848.tif,0.335168
train,10849.tif,0.26464
train,1085.tif,0.360196
train,10850.tif,0.339104
train,10851.tif,0.31605
train,10852.tif,0.311828
train,10853.tif,0.317393
train,10854.tif,0.282501
train,10855.tif,0.333267
train,10856.tif,0.319076
train,10857.tif,0.304498
train,10858.tif,0.249412
train,10859.tif,0.331351
train,1086.tif,0.3917
train,10860.tif,0.286225
train,10861.tif,0.345606
train,10862.tif,0.32471
train,10863.tif,0.317864
train,10864.tif,0.345916
train,10865.tif,0.403562
train,10866.tif,0.27271
train,10867.tif,0.333628
train,10868.tif,0.26662
train,10869.tif,0.348666
train,1087.tif,0.33332
train,10870.tif,0.303273
train,10871.tif,0.271472
train,10872.tif,0.326081
train,10873.tif,0.331697
train,10874.tif,0.270076
train,10875.tif,0.280176
train,10876.tif,0.342296
train,10877.tif,0.350152
train,10878.tif,0.339577
train,10879.tif,0.282994
train,1088.tif,0.394102
train,10880.tif,0.363
train,10881.tif,0.30526
train,10882.tif,0.324137
train,10883.tif,0.34652
train,10884.tif,0.397263
train,10885.tif,0.369052
train,10886.tif,0.407948
train,10887.tif,0.321372
train,10888.tif,0.331412
train,10889.tif,0.376517
train,1089.tif,0.313471
train,10890.tif,0.262673
train,10891.tif,0.31651
train,10892.tif,0.377347
train,10893.tif,0.337515
train,10894.tif,0.321689
train,10895.tif,0.299699
train,10896.tif,0.281456
train,10897.tif,0.43013
train,10898.tif,0.301981
train,10899.tif,0.322583
train,109.tif,0.427941
train,1090.tif,0.362461
train,10900.tif,0.310985
train,10901.tif,0.371966
train,10902.tif,0.299792
train,10903.tif,0.33269
train,10904.tif,0.295075
train,10905.tif,0.321754
train,10906.tif,0.2658
train,10907.tif,0.297441
train,10908.tif,0.328794
train,10909.tif,0.292363
train,1091.tif,0.410734
train,10910.tif,0.332045
train,10911.tif,0.35246
train,10912.tif,0.294194
train,10913.tif,0.360829
train,10914.tif,0.346617
train,10915.tif,0.338419
train,10916.tif,0.294483
train,10917.tif,0.331303
train,10918.tif,0.317582
train,10919.tif,0.365566
train,1092.tif,0.407318
train,10920.tif,0.355514
train,10921.tif,0.315375
train,10922.tif,0.359647
train,10923.tif,0.318416
train,10924.tif,0.387996
train,10925.tif,0.291686
train,10926.tif,0.320877
train,10927.tif,0.411162
train,10928.tif,0.416576
train,10929.tif,0.440534
train,1093.tif,0.405278
train,10930.tif,0.372527
train,10931.tif,0.324516
train,10932.tif,0.403401
train,10933.tif,0.288803
train,10934.tif,0.389513
train,10935.tif,0.3463
train,10936.tif,0.315704
train,10937.tif,0.33168
train,10938.tif,0.39012
train,10939.tif,0.316802
train,1094.tif,0.391713
train,10940.tif,0.323694
train,10941.tif,0.301356
train,10942.tif,0.302565
train,10943.tif,0.335515
train,10944.tif,0.315468
train,10945.tif,0.409757
train,10946.tif,0.384684
train,10947.tif,0.411342
train,10948.tif,0.307582
train,10949.tif,0.315036
train,1095.tif,0.309796
train,10950.tif,0.334102
train,10951.tif,0.34887
train,10952.tif,0.326152
train,10953.tif,0.332573
train,10954.tif,0.349171
train,10955.tif,0.317748
train,10956.tif,0.386106
train,10957.tif,0.368255
train,10958.tif,0.313688
train,10959.tif,0.278624
train,1096.tif,0.363447
train,10960.tif,0.304513
train,10961.tif,0.320607
train,10962.tif,0.292002
train,10963.tif,0.329407
train,10964.tif,0.312632
train,10965.tif,0.290067
train,10966.tif,0.290068
train,10967.tif,0.308155
train,10968.tif,0.291078
train,10969.tif,0.329136
train,1097.tif,0.346401
train,10970.tif,0.291461
train,10971.tif,0.329853
train,10972.tif,0.273106
train,10973.tif,0.323657
train,10974.tif,0.327173
train,10975.tif,0.315088
train,10976.tif,0.290185
train,10977.tif,0.332491
train,10978.tif,0.410555
train,10979.tif,0.288694
train,1098.tif,0.39496
train,10980.tif,0.375402
train,10981.tif,0.325286
train,10982.tif,0.310139
train,10983.tif,0.314923
train,10984.tif,0.336324
train,10985.tif,0.270914
train,10986.tif,0.353849
train,10987.tif,0.334092
train,10988.tif,0.334513
train,10989.tif,0.400402
train,1099.tif,0.330026
train,10990.tif,0.365867
train,10991.tif,0.274928
train,10992.tif,0.321634
train,10993.tif,0.357677
train,10994.tif,0.29106
train,10995.tif,0.318225
train,10996.tif,0.306905
train,10997.tif,0.310227
train,10998.tif,0.369025
train,10999.tif,0.327329
train,11.tif,0.330406
train,110.tif,0.393194
train,1100.tif,0.39623
train,11000.tif,0.377046
train,11001.tif,0.294617
train,11002.tif,0.31686
train,11003.tif,0.332671
train,11004.tif,0.322337
train,11005.tif,0.376714
train,11006.tif,0.341988
train,11007.tif,0.277887
train,11008.tif,0.306306
train,11009.tif,0.341166
train,1101.tif,0.330906
train,11010.tif,0.275884
train,11011.tif,0.348882
train,11012.tif,0.303259
train,11013.tif,0.296555
train,11014.tif,0.322412
train,11015.tif,0.331786
train,11016.tif,0.357696
train,11017.tif,0.387081
train,11018.tif,0.300551
train,11019.tif,0.297378
train,1102.tif,0.42276
train,11020.tif,0.339123
train,11021.tif,0.336393
train,11022.tif,0.349674
train,11023.tif,0.2918
train,11024.tif,0.297049
train,11025.tif,0.340793
train,11026.tif,0.363855
train,11027.tif,0.314278
train,11028.tif,0.290922
train,11029.tif,0.329386
train,1103.tif,0.356849
train,11030.tif,0.329028
train,11031.tif,0.289951
train,11032.tif,0.304756
train,11033.tif,0.385685
train,11034.tif,0.282814
train,11035.tif,0.333619
train,11036.tif,0.306139
train,11037.tif,0.315214
train,11038.tif,0.307658
train,11039.tif,0.396032
train,1104.tif,0.32012
train,11040.tif,0.342177
train,11041.tif,0.30446
train,11042.tif,0.324538
train,11043.tif,0.344663
train,11044.tif,0.327561
train,11045.tif,0.391962
train,11046.tif,0.29129
train,11047.tif,0.376534
train,11048.tif,0.264275
train,11049.tif,0.318541
train,1105.tif,0.337839
train,11050.tif,0.279833
train,11051.tif,0.305796
train,11052.tif,0.373717
train,11053.tif,0.231008
train,11054.tif,0.352286
train,11055.tif,0.289856
train,11056.tif,0.274137
train,11057.tif,0.312658
train,11058.tif,0.364526
train,11059.tif,0.403638
train,1106.tif,0.36543
train,11060.tif,0.331858
train,11061.tif,0.305815
train,11062.tif,0.319044
train,11063.tif,0.362608
train,11064.tif,0.331785
train,11065.tif,0.316155
train,11066.tif,0.319172
train,11067.tif,0.393816
train,11068.tif,0.357899
train,11069.tif,0.282924
train,1107.tif,0.346672
train,11070.tif,0.36558
train,11071.tif,0.293189
train,11072.tif,0.297935
train,11073.tif,0.283264
train,11074.tif,0.354322
train,11075.tif,0.308565
train,11076.tif,0.368895
train,11077.tif,0.280772
train,11078.tif,0.338239
train,11079.tif,0.329819
train,1108.tif,0.317192
train,11080.tif,0.279415
train,11081.tif,0.41448
train,11082.tif,0.341203
train,11083.tif,0.27407
train,11084.tif,0.316979
train,11085.tif,0.315368
train,11086.tif,0.296052
train,11087.tif,0.277828
train,11088.tif,0.337747
train,11089.tif,0.338318
train,1109.tif,0.331035
train,11090.tif,0.359992
train,11091.tif,0.334369
train,11092.tif,0.308116
train,11093.tif,0.365246
train,11094.tif,0.32572
train,11095.tif,0.292421
train,11096.tif,0.388682
train,11097.tif,0.400758
train,11098.tif,0.371381
train,11099.tif,0.320065
train,111.tif,0.305816
train,1110.tif,0.279305
train,11100.tif,0.382305
train,11101.tif,0.331719
train,11102.tif,0.323498
train,11103.tif,0.459627
train,11104.tif,0.368229
train,11105.tif,0.338925
train,11106.tif,0.310164
train,11107.tif,0.306802
train,11108.tif,0.376812
train,11109.tif,0.331297
train,1111.tif,0.375422
train,11110.tif,0.328287
train,11111.tif,0.353895
train,11112.tif,0.288776
train,11113.tif,0.276016
train,11114.tif,0.299394
train,11115.tif,0.422164
train,11116.tif,0.309098
train,11117.tif,0.440941
train,11118.tif,0.326527
train,11119.tif,0.317865
train,1112.tif,0.304807
train,11120.tif,0.360554
train,11121.tif,0.350891
train,11122.tif,0.296517
train,11123.tif,0.366695
train,11124.tif,0.378645
train,11125.tif,0.321605
train,11126.tif,0.307812
train,11127.tif,0.331446
train,11128.tif,0.508297
train,11129.tif,0.273382
train,1113.tif,0.295329
train,11130.tif,0.30742
train,11131.tif,0.311154
train,11132.tif,0.337266
train,11133.tif,0.302779
train,11134.tif,0.39406
train,11135.tif,0.37854
train,11136.tif,0.367127
train,11137.tif,0.287137
train,11138.tif,0.251187
train,11139.tif,0.319849
train,1114.tif,0.30356
train,11140.tif,0.320114
train,11141.tif,0.285255
train,11142.tif,0.350758
train,11143.tif,0.308958
train,11144.tif,0.32358
train,11145.tif,0.323714
train,11146.tif,0.334032
train,11147.tif,0.369752
train,11148.tif,0.332658
train,11149.tif,0.253572
train,1115.tif,0.371449
train,11150.tif,0.354034
train,11151.tif,0.351802
train,11152.tif,0.292304
train,11153.tif,0.359427
train,11154.tif,0.360648
train,11155.tif,0.376689
train,11156.tif,0.324071
train,11157.tif,0.326374
train,11158.tif,0.262892
train,11159.tif,0.316417
train,1116.tif,0.330358
train,11160.tif,0.371697
train,11161.tif,0.295653
train,11162.tif,0.391466
train,11163.tif,0.329645
train,11164.tif,0.326745
train,11165.tif,0.274028
train,11166.tif,0.353411
train,11167.tif,0.369441
train,11168.tif,0.306289
train,11169.tif,0.343756
train,1117.tif,0.359403
train,11170.tif,0.370958
train,11171.tif,0.319878
train,11172.tif,0.293864
train,11173.tif,0.343724
train,11174.tif,0.274345
train,11175.tif,0.381353
train,11176.tif,0.300045
train,11177.tif,0.309618
train,11178.tif,0.296146
train,11179.tif,0.363085
train,1118.tif,0.420311
train,11180.tif,0.342085
train,11181.tif,0.382492
train,11182.tif,0.321673
train,11183.tif,0.357744
train,11184.tif,0.364403
train,11185.tif,0.374099
train,11186.tif,0.305098
train,11187.tif,0.268518
train,11188.tif,0.302633
train,11189.tif,0.296756
train,1119.tif,0.2981
train,11190.tif,0.323321
train,11191.tif,0.350313
train,11192.tif,0.382093
train,11193.tif,0.380607
train,11194.tif,0.288449
train,11195.tif,0.309756
train,11196.tif,0.336
train,11197.tif,0.391142
train,11198.tif,0.281396
train,11199.tif,0.303205
train,112.tif,0.438112
train,1120.tif,0.259622
train,11200.tif,0.291207
train,11201.tif,0.338317
train,11202.tif,0.329911
train,11203.tif,0.412627
train,11204.tif,0.279129
train,11205.tif,0.347794
train,11206.tif,0.378889
train,11207.tif,0.378752
train,11208.tif,0.379218
train,11209.tif,0.319497
train,1121.tif,0.278431
train,11210.tif,0.306158
train,11211.tif,0.327503
train,11212.tif,0.366092
train,11213.tif,0.221525
train,11214.tif,0.356504
train,11215.tif,0.39782
train,11216.tif,0.295508
train,11217.tif,0.357971
train,11218.tif,0.350289
train,11219.tif,0.310974
train,1122.tif,0.369848
train,11220.tif,0.293869
train,11221.tif,0.315887
train,11222.tif,0.313164
train,11223.tif,0.343244
train,11224.tif,0.310005
train,11225.tif,0.368239
train,11226.tif,0.273967
train,11227.tif,0.309951
train,11228.tif,0.425825
train,11229.tif,0.372371
train,1123.tif,0.305422
train,11230.tif,0.333504
train,11231.tif,0.364667
train,11232.tif,0.405923
train,11233.tif,0.359235
train,11234.tif,0.315709
train,11235.tif,0.366482
train,11236.tif,0.356316
train,11237.tif,0.400094
train,11238.tif,0.357027
train,11239.tif,0.303322
train,1124.tif,0.360006
train,11240.tif,0.493759
train,11241.tif,0.357569
train,11242.tif,0.386276
train,11243.tif,0.3114
train,11244.tif,0.454054
train,11245.tif,0.410914
train,11246.tif,0.332619
train,11247.tif,0.367185
train,11248.tif,0.3248
train,11249.tif,0.336894
train,1125.tif,0.372756
train,11250.tif,0.326774
train,11251.tif,0.355801
train,11252.tif,0.31638
train,11253.tif,0.358225
train,11254.tif,0.254015
train,11255.tif,0.329371
train,11256.tif,0.388444
train,11257.tif,0.333604
train,11258.tif,0.328205
train,11259.tif,0.348716
train,1126.tif,0.392385
train,11260.tif,0.29842
train,11261.tif,0.3037
train,11262.tif,0.230103
train,11263.tif,0.339943
train,11264.tif,0.313769
train,11265.tif,0.305549
train,11266.tif,0.328922
train,11267.tif,0.385422
train,11268.tif,0.381934
train,11269.tif,0.263451
train,1127.tif,0.323812
train,11270.tif,0.33115
train,11271.tif,0.381842
train,11272.tif,0.247291
train,11273.tif,0.239198
train,11274.tif,0.29563
train,11275.tif,0.345273
train,11276.tif,0.35313
train,11277.tif,0.350183
train,11278.tif,0.325644
train,11279.tif,0.37811
train,1128.tif,0.381817
train,11280.tif,0.307811
train,11281.tif,0.295738
train,11282.tif,0.31247
train,11283.tif,0.297299
train,11284.tif,0.387831
train,11285.tif,0.282084
train,11286.tif,0.287457
train,11287.tif,0.315583
train,11288.tif,0.281355
train,11289.tif,0.375395
train,1129.tif,0.372256
train,11290.tif,0.296152
train,11291.tif,0.305586
train,11292.tif,0.375479
train,11293.tif,0.303838
train,11294.tif,0.292395
train,11295.tif,0.298526
train,11296.tif,0.316307
train,11297.tif,0.345427
train,11298.tif,0.336493
train,11299.tif,0.417754
train,113.tif,0.394174
train,1130.tif,0.331281
train,11300.tif,0.328579
train,11301.tif,0.32452
train,11302.tif,0.256668
train,11303.tif,0.338302
train,11304.tif,0.328441
train,11305.tif,0.357756
train,11306.tif,0.308361
train,11307.tif,0.299284
train,11308.tif,0.323127
train,11309.tif,0.316066
train,1131.tif,0.394099
train,11310.tif,0.287898
train,11311.tif,0.268968
train,11312.tif,0.380194
train,11313.tif,0.256798
train,11314.tif,0.343212
train,11315.tif,0.336485
train,11316.tif,0.346212
train,11317.tif,0.248447
train,11318.tif,0.320883
train,11319.tif,0.385892
train,1132.tif,0.387269
train,11320.tif,0.282727
train,11321.tif,0.323179
train,11322.tif,0.391019
train,11323.tif,0.3144
train,11324.tif,0.283005
train,11325.tif,0.310345
train,11326.tif,0.342855
train,11327.tif,0.292951
train,11328.tif,0.351579
train,11329.tif,0.227622
train,1133.tif,0.313463
train,11330.tif,0.308522
train,11331.tif,0.2644
train,11332.tif,0.281359
train,11333.tif,0.366931
train,11334.tif,0.275404
train,11335.tif,0.326176
train,11336.tif,0.301853
train,11337.tif,0.36302
train,11338.tif,0.313424
train,11339.tif,0.305159
train,1134.tif,0.328142
train,11340.tif,0.354122
train,11341.tif,0.320314
train,11342.tif,0.328222
train,11343.tif,0.363593
train,11344.tif,0.373178
train,11345.tif,0.362371
train,11346.tif,0.334022
train,11347.tif,0.364445
train,11348.tif,0.362939
train,11349.tif,0.345884
train,1135.tif,0.409736
train,11350.tif,0.298581
train,11351.tif,0.367373
train,11352.tif,0.330293
train,11353.tif,0.283401
train,11354.tif,0.30983
train,11355.tif,0.322611
train,11356.tif,0.298233
train,11357.tif,0.236676
train,11358.tif,0.31409
train,11359.tif,0.321358
train,1136.tif,0.393974
train,11360.tif,0.383963
train,11361.tif,0.35857
train,11362.tif,0.331899
train,11363.tif,0.372293
train,11364.tif,0.307895
train,11365.tif,0.348998
train,11366.tif,0.351043
train,11367.tif,0.357488
train,11368.tif,0.299384
train,11369.tif,0.327977
train,1137.tif,0.324691
train,11370.tif,0.354382
train,11371.tif,0.378182
train,11372.tif,0.280491
train,11373.tif,0.278813
train,11374.tif,0.333741
train,11375.tif,0.33048
train,11376.tif,0.342138
train,11377.tif,0.312253
train,11378.tif,0.311691
train,11379.tif,0.329038
train,1138.tif,0.397688
train,11380.tif,0.328157
train,11381.tif,0.248001
train,11382.tif,0.300623
train,11383.tif,0.295101
train,11384.tif,0.335691
train,11385.tif,0.291161
train,11386.tif,0.326559
train,11387.tif,0.344384
train,11388.tif,0.268495
train,11389.tif,0.286984
train,1139.tif,0.386419
train,11390.tif,0.288989
train,11391.tif,0.318731
train,11392.tif,0.269731
train,11393.tif,0.352462
train,11394.tif,0.430167
train,11395.tif,0.334154
train,11396.tif,0.323901
train,11397.tif,0.336863
train,11398.tif,0.292006
train,11399.tif,0.287214
train,114.tif,0.345304
train,1140.tif,0.361657
train,11400.tif,0.468229
train,11401.tif,0.357279
train,11402.tif,0.300288
train,11403.tif,0.351652
train,11404.tif,0.304325
train,11405.tif,0.343731
train,11406.tif,0.315831
train,11407.tif,0.386168
train,11408.tif,0.335092
train,11409.tif,0.271399
train,1141.tif,0.396613
train,11410.tif,0.419998
train,11411.tif,0.34166
train,11412.tif,0.276524
train,11413.tif,0.322218
train,11414.tif,0.333772
train,11415.tif,0.421075
train,11416.tif,0.375281
train,11417.tif,0.289269
train,11418.tif,0.341268
train,11419.tif,0.335598
train,1142.tif,0.324373
train,11420.tif,0.411425
train,11421.tif,0.374524
train,11422.tif,0.385571
train,11423.tif,0.268953
train,11424.tif,0.2998
train,11425.tif,0.409936
train,11426.tif,0.297236
train,11427.tif,0.365287
train,11428.tif,0.284832
train,11429.tif,0.350378
train,1143.tif,0.367711
train,11430.tif,0.383173
train,11431.tif,0.374925
train,11432.tif,0.331806
train,11433.tif,0.336851
train,11434.tif,0.279836
train,11435.tif,0.351836
train,11436.tif,0.307032
train,11437.tif,0.355612
train,11438.tif,0.304656
train,11439.tif,0.300291
train,1144.tif,0.32216
train,11440.tif,0.237397
train,11441.tif,0.318016
train,11442.tif,0.203311
train,11443.tif,0.305511
train,11444.tif,0.301856
train,11445.tif,0.297271
train,11446.tif,0.294308
train,11447.tif,0.294711
train,11448.tif,0.280926
train,11449.tif,0.365698
train,1145.tif,0.237875
train,11450.tif,0.34886
train,11451.tif,0.341067
train,11452.tif,0.335134
train,11453.tif,0.318757
train,11454.tif,0.281641
train,11455.tif,0.311729
train,11456.tif,0.323829
train,11457.tif,0.273979
train,11458.tif,0.333403
train,11459.tif,0.307843
train,1146.tif,0.354588
train,11460.tif,0.33231
train,11461.tif,0.265424
train,11462.tif,0.348874
train,11463.tif,0.303569
train,11464.tif,0.314716
train,11465.tif,0.286923
train,11466.tif,0.326843
train,11467.tif,0.379035
train,11468.tif,0.350049
train,11469.tif,0.29175
train,1147.tif,0.323618
train,11470.tif,0.344682
train,11471.tif,0.334703
train,11472.tif,0.331871
train,11473.tif,0.337577
train,11474.tif,0.339803
train,11475.tif,0.414782
train,11476.tif,0.321835
train,11477.tif,0.330403
train,11478.tif,0.257383
train,11479.tif,0.302822
train,1148.tif,0.333699
train,11480.tif,0.322063
train,11481.tif,0.354957
train,11482.tif,0.284456
train,11483.tif,0.361008
train,11484.tif,0.376163
train,11485.tif,0.272954
train,11486.tif,0.298181
train,11487.tif,0.379769
train,11488.tif,0.342132
train,11489.tif,0.282576
train,1149.tif,0.345989
train,11490.tif,0.292064
train,11491.tif,0.362298
train,11492.tif,0.342793
train,11493.tif,0.370662
train,11494.tif,0.250193
train,11495.tif,0.3059
train,11496.tif,0.404123
train,11497.tif,0.347255
train,11498.tif,0.334493
train,11499.tif,0.306758
train,115.tif,0.360533
train,1150.tif,0.396485
train,11500.tif,0.313712
train,11501.tif,0.328369
train,11502.tif,0.305107
train,11503.tif,0.285948
train,11504.tif,0.332718
train,11505.tif,0.363103
train,11506.tif,0.281984
train,11507.tif,0.304348
train,11508.tif,0.358222
train,11509.tif,0.327697
train,1151.tif,0.360575
train,11510.tif,0.327008
train,11511.tif,0.321381
train,11512.tif,0.325528
train,11513.tif,0.314432
train,11514.tif,0.350711
train,11515.tif,0.361084
train,11516.tif,0.315357
train,11517.tif,0.38542
train,11518.tif,0.236417
train,11519.tif,0.319351
train,1152.tif,0.31383
train,11520.tif,0.306343
train,11521.tif,0.339584
train,11522.tif,0.319061
train,11523.tif,0.36328
train,11524.tif,0.371768
train,11525.tif,0.353109
train,11526.tif,0.382389
train,11527.tif,0.446372
train,11528.tif,0.337605
train,11529.tif,0.396086
train,1153.tif,0.323041
train,11530.tif,0.352222
train,11531.tif,0.367806
train,11532.tif,0.286782
train,11533.tif,0.382832
train,11534.tif,0.369224
train,11535.tif,0.377384
train,11536.tif,0.301641
train,11537.tif,0.312544
train,11538.tif,0.277466
train,11539.tif,0.336142
train,1154.tif,0.341416
train,11540.tif,0.318473
train,11541.tif,0.343619
train,11542.tif,0.300112
train,11543.tif,0.395979
train,11544.tif,0.39723
train,11545.tif,0.293431
train,11546.tif,0.38783
train,11547.tif,0.28922
train,11548.tif,0.305662
train,11549.tif,0.272076
train,1155.tif,0.436607
train,11550.tif,0.301824
train,11551.tif,0.338762
train,11552.tif,0.301026
train,11553.tif,0.286605
train,11554.tif,0.346709
train,11555.tif,0.298919
train,11556.tif,0.298911
train,11557.tif,0.336084
train,11558.tif,0.333452
train,11559.tif,0.312224
train,1156.tif,0.327705
train,11560.tif,0.338124
train,11561.tif,0.360664
train,11562.tif,0.308666
train,11563.tif,0.352713
train,11564.tif,0.318179
train,11565.tif,0.353939
train,11566.tif,0.379896
train,11567.tif,0.362928
train,11568.tif,0.330626
train,11569.tif,0.327424
train,1157.tif,0.415455
train,11570.tif,0.421105
train,11571.tif,0.282054
train,11572.tif,0.343022
train,11573.tif,0.261369
train,11574.tif,0.343478
train,11575.tif,0.322248
train,11576.tif,0.317265
train,11577.tif,0.324185
train,11578.tif,0.312544
train,11579.tif,0.366105
train,1158.tif,0.400177
train,11580.tif,0.367802
train,11581.tif,0.327878
train,11582.tif,0.299058
train,11583.tif,0.329133
train,11584.tif,0.391859
train,11585.tif,0.368037
train,11586.tif,0.329467
train,11587.tif,0.316966
train,11588.tif,0.348365
train,11589.tif,0.328082
train,1159.tif,0.342464
train,11590.tif,0.36825
train,11591.tif,0.348114
train,11592.tif,0.305575
train,11593.tif,0.336561
train,11594.tif,0.324451
train,11595.tif,0.304359
train,11596.tif,0.220849
train,11597.tif,0.306504
train,11598.tif,0.31839
train,11599.tif,0.29251
train,116.tif,0.351165
train,1160.tif,0.325199
train,11600.tif,0.222139
train,11601.tif,0.318647
train,11602.tif,0.32597
train,11603.tif,0.361742
train,11604.tif,0.362845
train,11605.tif,0.383395
train,11606.tif,0.29037
train,11607.tif,0.283654
train,11608.tif,0.332367
train,11609.tif,0.279731
train,1161.tif,0.445413
train,11610.tif,0.269624
train,11611.tif,0.265831
train,11612.tif,0.30012
train,11613.tif,0.327358
train,11614.tif,0.350634
train,11615.tif,0.344039
train,11616.tif,0.322547
train,11617.tif,0.362231
train,11618.tif,0.355394
train,11619.tif,0.347022
train,1162.tif,0.352735
train,11620.tif,0.316941
train,11621.tif,0.496395
train,11622.tif,0.276579
train,11623.tif,0.299367
train,11624.tif,0.29247
train,11625.tif,0.298796
train,11626.tif,0.328971
train,11627.tif,0.412021
train,11628.tif,0.273526
train,11629.tif,0.292314
train,1163.tif,0.401704
train,11630.tif,0.304108
train,11631.tif,0.395948
train,11632.tif,0.304194
train,11633.tif,0.30549
train,11634.tif,0.331862
train,11635.tif,0.330196
train,11636.tif,0.308913
train,11637.tif,0.409579
train,11638.tif,0.288924
train,11639.tif,0.394526
train,1164.tif,0.419068
train,11640.tif,0.345678
train,11641.tif,0.376885
train,11642.tif,0.305586
train,11643.tif,0.390443
train,11644.tif,0.353642
train,11645.tif,0.369177
train,11646.tif,0.287431
train,11647.tif,0.303106
train,11648.tif,0.288823
train,11649.tif,0.337386
train,1165.tif,0.304545
train,11650.tif,0.373341
train,11651.tif,0.290788
train,11652.tif,0.315265
train,11653.tif,0.33771
train,11654.tif,0.38081
train,11655.tif,0.344646
train,11656.tif,0.371675
train,11657.tif,0.299618
train,11658.tif,0.276738
train,11659.tif,0.312707
train,1166.tif,0.292834
train,11660.tif,0.368214
train,11661.tif,0.342703
train,11662.tif,0.365378
train,11663.tif,0.350648
train,11664.tif,0.335318
train,11665.tif,0.363974
train,11666.tif,0.340539
train,11667.tif,0.416246
train,11668.tif,0.397017
train,11669.tif,0.315148
train,1167.tif,0.403464
train,11670.tif,0.302452
train,11671.tif,0.363077
train,11672.tif,0.320934
train,11673.tif,0.309189
train,11674.tif,0.367778
train,11675.tif,0.389442
train,11676.tif,0.285154
train,11677.tif,0.269037
train,11678.tif,0.277504
train,11679.tif,0.345779
train,1168.tif,0.392036
train,11680.tif,0.298818
train,11681.tif,0.269256
train,11682.tif,0.344584
train,11683.tif,0.348195
train,11684.tif,0.383556
train,11685.tif,0.348553
train,11686.tif,0.322793
train,11687.tif,0.327637
train,11688.tif,0.298267
train,11689.tif,0.301616
train,1169.tif,0.339525
train,11690.tif,0.362091
train,11691.tif,0.361227
train,11692.tif,0.312983
train,11693.tif,0.182669
train,11694.tif,0.332742
train,11695.tif,0.287357
train,11696.tif,0.337894
train,11697.tif,0.384909
train,11698.tif,0.333387
train,11699.tif,0.358548
train,117.tif,0.31251
train,1170.tif,0.341113
train,11700.tif,0.349605
train,11701.tif,0.236118
train,11702.tif,0.303827
train,11703.tif,0.328626
train,11704.tif,0.387256
train,11705.tif,0.280679
train,11706.tif,0.349721
train,11707.tif,0.30752
train,11708.tif,0.332745
train,11709.tif,0.267162
train,1171.tif,0.353677
train,11710.tif,0.323085
train,11711.tif,0.388708
train,11712.tif,0.38068
train,11713.tif,0.303306
train,11714.tif,0.357931
train,11715.tif,0.295921
train,11716.tif,0.27726
train,11717.tif,0.298575
train,11718.tif,0.391715
train,11719.tif,0.31633
train,1172.tif,0.358855
train,11720.tif,0.383295
train,11721.tif,0.347937
train,11722.tif,0.356644
train,11723.tif,0.317776
train,11724.tif,0.299705
train,11725.tif,0.374854
train,11726.tif,0.315839
train,11727.tif,0.324493
train,11728.tif,0.329099
train,11729.tif,0.291404
train,1173.tif,0.301372
train,11730.tif,0.282145
train,11731.tif,0.282105
train,11732.tif,0.292657
train,11733.tif,0.37105
train,11734.tif,0.359695
train,11735.tif,0.325413
train,11736.tif,0.313294
train,11737.tif,0.318716
train,11738.tif,0.309477
train,11739.tif,0.322935
train,1174.tif,0.40366
train,11740.tif,0.287397
train,11741.tif,0.335538
train,11742.tif,0.276166
train,11743.tif,0.340511
train,11744.tif,0.402743
train,11745.tif,0.341756
train,11746.tif,0.377722
train,11747.tif,0.336443
train,11748.tif,0.371979
train,11749.tif,0.336083
train,1175.tif,0.356691
train,11750.tif,0.377417
train,11751.tif,0.341613
train,11752.tif,0.366914
train,11753.tif,0.264035
train,11754.tif,0.394774
train,11755.tif,0.320353
train,11756.tif,0.399012
train,11757.tif,0.291577
train,11758.tif,0.363781
train,11759.tif,0.325256
train,1176.tif,0.355625
train,11760.tif,0.251865
train,11761.tif,0.402141
train,11762.tif,0.385876
train,11763.tif,0.264278
train,11764.tif,0.291773
train,11765.tif,0.436551
train,11766.tif,0.345463
train,11767.tif,0.290125
train,11768.tif,0.281066
train,11769.tif,0.317118
train,1177.tif,0.454598
train,11770.tif,0.35316
train,11771.tif,0.335911
train,11772.tif,0.333521
train,11773.tif,0.351824
train,11774.tif,0.396197
train,11775.tif,0.344786
train,11776.tif,0.34393
train,11777.tif,0.30735
train,11778.tif,0.273723
train,11779.tif,0.339977
train,1178.tif,0.393567
train,11780.tif,0.283343
train,11781.tif,0.330252
train,11782.tif,0.314873
train,11783.tif,0.382602
train,11784.tif,0.346365
train,11785.tif,0.287699
train,11786.tif,0.321178
train,11787.tif,0.309233
train,11788.tif,0.342838
train,11789.tif,0.358005
train,1179.tif,0.335725
train,11790.tif,0.424778
train,11791.tif,0.373491
train,11792.tif,0.346733
train,11793.tif,0.340081
train,11794.tif,0.290917
train,11795.tif,0.373018
train,11796.tif,0.398724
train,11797.tif,0.241955
train,11798.tif,0.407298
train,11799.tif,0.335981
train,118.tif,0.365647
train,1180.tif,0.394958
train,11800.tif,0.340551
train,11801.tif,0.382798
train,11802.tif,0.313473
train,11803.tif,0.313909
train,11804.tif,0.370188
train,11805.tif,0.320591
train,11806.tif,0.31224
train,11807.tif,0.304224
train,11808.tif,0.378333
train,11809.tif,0.305509
train,1181.tif,0.342526
train,11810.tif,0.382201
train,11811.tif,0.318683
train,11812.tif,0.343507
train,11813.tif,0.389017
train,11814.tif,0.32543
train,11815.tif,0.340505
train,11816.tif,0.320776
train,11817.tif,0.393986
train,11818.tif,0.314254
train,11819.tif,0.266629
train,1182.tif,0.35722
train,11820.tif,0.309664
train,11821.tif,0.30762
train,11822.tif,0.271621
train,11823.tif,0.273858
train,11824.tif,0.286262
train,11825.tif,0.308675
train,11826.tif,0.363656
train,11827.tif,0.343768
train,11828.tif,0.324428
train,11829.tif,0.325662
train,1183.tif,0.406489
train,11830.tif,0.38312
train,11831.tif,0.342941
train,11832.tif,0.355112
train,11833.tif,0.33778
train,11834.tif,0.357586
train,11835.tif,0.322116
train,11836.tif,0.285021
train,11837.tif,0.367517
train,11838.tif,0.357248
train,11839.tif,0.405594
train,1184.tif,0.365285
train,11840.tif,0.296545
train,11841.tif,0.326966
train,11842.tif,0.293875
train,11843.tif,0.32679
train,11844.tif,0.366057
train,11845.tif,0.287252
train,11846.tif,0.31598
train,11847.tif,0.266734
train,11848.tif,0.399016
train,11849.tif,0.379932
train,1185.tif,0.334628
train,11850.tif,0.309245
train,11851.tif,0.291469
train,11852.tif,0.306263
train,11853.tif,0.308101
train,11854.tif,0.312331
train,11855.tif,0.368653
train,11856.tif,0.38923
train,11857.tif,0.37644
train,11858.tif,0.304176
train,11859.tif,0.327054
train,1186.tif,0.451835
train,11860.tif,0.292543
train,11861.tif,0.34859
train,11862.tif,0.396135
train,11863.tif,0.326903
train,11864.tif,0.309561
train,11865.tif,0.356883
train,11866.tif,0.321314
train,11867.tif,0.303208
train,11868.tif,0.391077
train,11869.tif,0.33273
train,1187.tif,0.34301
train,11870.tif,0.270187
train,11871.tif,0.324872
train,11872.tif,0.378541
train,11873.tif,0.322783
train,11874.tif,0.308445
train,11875.tif,0.310657
train,11876.tif,0.365329
train,11877.tif,0.314412
train,11878.tif,0.4198
train,11879.tif,0.404859
train,1188.tif,0.360771
train,11880.tif,0.301436
train,11881.tif,0.273801
train,11882.tif,0.299376
train,11883.tif,0.302596
train,11884.tif,0.288266
train,11885.tif,0.307887
train,11886.tif,0.36268
train,11887.tif,0.434902
train,11888.tif,0.31477
train,11889.tif,0.348548
train,1189.tif,0.360992
train,11890.tif,0.254494
train,11891.tif,0.351848
train,11892.tif,0.325264
train,11893.tif,0.313568
train,11894.tif,0.301888
train,11895.tif,0.342551
train,11896.tif,0.321872
train,11897.tif,0.377576
train,11898.tif,0.316416
train,11899.tif,0.336945
train,119.tif,0.4728
train,1190.tif,0.357799
train,11900.tif,0.266774
train,11901.tif,0.33949
train,11902.tif,0.345782
train,11903.tif,0.375697
train,11904.tif,0.31832
train,11905.tif,0.336082
train,11906.tif,0.309651
train,11907.tif,0.341061
train,11908.tif,0.268217
train,11909.tif,0.321686
train,1191.tif,0.42304
train,11910.tif,0.348911
train,11911.tif,0.311658
train,11912.tif,0.374116
train,11913.tif,0.409244
train,11914.tif,0.297053
train,11915.tif,0.30486
train,11916.tif,0.291276
train,11917.tif,0.284694
train,11918.tif,0.264096
train,11919.tif,0.348534
train,1192.tif,0.387743
train,11920.tif,0.350033
train,11921.tif,0.343324
train,11922.tif,0.33467
train,11923.tif,0.285973
train,11924.tif,0.299129
train,11925.tif,0.338616
train,11926.tif,0.313522
train,11927.tif,0.246893
train,11928.tif,0.306774
train,11929.tif,0.282447
train,1193.tif,0.394579
train,11930.tif,0.322786
train,11931.tif,0.303185
train,11932.tif,0.331985
train,11933.tif,0.406142
train,11934.tif,0.358058
train,11935.tif,0.296412
train,11936.tif,0.297535
train,11937.tif,0.327525
train,11938.tif,0.333434
train,11939.tif,0.350212
train,1194.tif,0.310542
train,11940.tif,0.353188
train,11941.tif,0.302735
train,11942.tif,0.363976
train,11943.tif,0.298674
train,11944.tif,0.364162
train,11945.tif,0.309081
train,11946.tif,0.275705
train,11947.tif,0.344342
train,11948.tif,0.367274
train,11949.tif,0.41451
train,1195.tif,0.343311
train,11950.tif,0.336651
train,11951.tif,0.404435
train,11952.tif,0.304795
train,11953.tif,0.298727
train,11954.tif,0.385523
train,11955.tif,0.321524
train,11956.tif,0.408883
train,11957.tif,0.297171
train,11958.tif,0.341816
train,11959.tif,0.377479
train,1196.tif,0.362896
train,11960.tif,0.299219
train,11961.tif,0.322475
train,11962.tif,0.349172
train,11963.tif,0.317213
train,11964.tif,0.300485
train,11965.tif,0.288926
train,11966.tif,0.35579
train,11967.tif,0.37391
train,11968.tif,0.294856
train,11969.tif,0.289241
train,1197.tif,0.460504
train,11970.tif,0.289319
train,11971.tif,0.377388
train,11972.tif,0.344112
train,11973.tif,0.305993
train,11974.tif,0.43479
train,11975.tif,0.371249
train,11976.tif,0.291867
train,11977.tif,0.280279
train,11978.tif,0.354148
train,11979.tif,0.336573
train,1198.tif,0.438612
train,11980.tif,0.285976
train,11981.tif,0.344394
train,11982.tif,0.320664
train,11983.tif,0.30734
train,11984.tif,0.376748
train,11985.tif,0.370874
train,11986.tif,0.369311
train,11987.tif,0.308069
train,11988.tif,0.386745
train,11989.tif,0.287073
train,1199.tif,0.381769
train,11990.tif,0.287037
train,11991.tif,0.353696
train,11992.tif,0.368917
train,11993.tif,0.339602
train,11994.tif,0.319763
train,11995.tif,0.362482
train,11996.tif,0.298588
train,11997.tif,0.32186
train,11998.tif,0.356674
train,11999.tif,0.295742
train,12.tif,0.371509
train,120.tif,0.450423
train,1200.tif,0.35001
train,12000.tif,0.356225
train,12001.tif,0.339103
train,12002.tif,0.352588
train,12003.tif,0.301855
train,12004.tif,0.285833
train,12005.tif,0.284802
train,12006.tif,0.2606
train,12007.tif,0.265926
train,12008.tif,0.33238
train,12009.tif,0.371203
train,1201.tif,0.351458
train,12010.tif,0.369161
train,12011.tif,0.262858
train,12012.tif,0.287804
train,12013.tif,0.300534
train,12014.tif,0.340966
train,12015.tif,0.305747
train,12016.tif,0.295952
train,12017.tif,0.293921
train,12018.tif,0.322869
train,12019.tif,0.348452
train,1202.tif,0.40105
train,12020.tif,0.302196
train,12021.tif,0.358726
train,12022.tif,0.298866
train,12023.tif,0.340446
train,12024.tif,0.36291
train,12025.tif,0.285581
train,12026.tif,0.374435
train,12027.tif,0.261137
train,12028.tif,0.388296
train,12029.tif,0.333415
train,1203.tif,0.309178
train,12030.tif,0.334685
train,12031.tif,0.408534
train,12032.tif,0.378683
train,12033.tif,0.38704
train,12034.tif,0.245445
train,12035.tif,0.36175
train,12036.tif,0.316678
train,12037.tif,0.306554
train,12038.tif,0.38144
train,12039.tif,0.289606
train,1204.tif,0.338734
train,12040.tif,0.307599
train,12041.tif,0.35061
train,12042.tif,0.28597
train,12043.tif,0.383612
train,12044.tif,0.323482
train,12045.tif,0.335725
train,12046.tif,0.327274
train,12047.tif,0.262997
train,12048.tif,0.304487
train,12049.tif,0.313837
train,1205.tif,0.286934
train,12050.tif,0.367141
train,12051.tif,0.316477
train,12052.tif,0.325415
train,12053.tif,0.313053
train,12054.tif,0.29579
train,12055.tif,0.334621
train,12056.tif,0.353228
train,12057.tif,0.347632
train,12058.tif,0.342545
train,12059.tif,0.297463
train,1206.tif,0.340592
train,12060.tif,0.30847
train,12061.tif,0.301883
train,12062.tif,0.367818
train,12063.tif,0.333207
train,12064.tif,0.311501
train,12065.tif,0.327907
train,12066.tif,0.321782
train,12067.tif,0.389858
train,12068.tif,0.411619
train,12069.tif,0.375646
train,1207.tif,0.299999
train,12070.tif,0.30846
train,12071.tif,0.306849
train,12072.tif,0.383081
train,12073.tif,0.302858
train,12074.tif,0.307118
train,12075.tif,0.303407
train,12076.tif,0.353014
train,12077.tif,0.374484
train,12078.tif,0.283504
train,12079.tif,0.360457
train,1208.tif,0.311653
train,12080.tif,0.365896
train,12081.tif,0.303821
train,12082.tif,0.298867
train,12083.tif,0.3204
train,12084.tif,0.335659
train,12085.tif,0.332392
train,12086.tif,0.302802
train,12087.tif,0.364847
train,12088.tif,0.372239
train,12089.tif,0.316361
train,1209.tif,0.333344
train,12090.tif,0.292277
train,12091.tif,0.293683
train,12092.tif,0.313987
train,12093.tif,0.294959
train,12094.tif,0.332096
train,12095.tif,0.338331
train,12096.tif,0.367425
train,12097.tif,0.308016
train,12098.tif,0.338714
train,12099.tif,0.329386
train,121.tif,0.319121
train,1210.tif,0.382715
train,12100.tif,0.272936
train,12101.tif,0.300369
train,12102.tif,0.418869
train,12103.tif,0.322929
train,12104.tif,0.353953
train,12105.tif,0.38498
train,12106.tif,0.323048
train,12107.tif,0.290197
train,12108.tif,0.274022
train,12109.tif,0.360078
train,1211.tif,0.423499
train,12110.tif,0.285277
train,12111.tif,0.352082
train,12112.tif,0.314466
train,12113.tif,0.356263
train,12114.tif,0.311368
train,12115.tif,0.359657
train,12116.tif,0.361573
train,12117.tif,0.359264
train,12118.tif,0.277845
train,12119.tif,0.31972
train,1212.tif,0.29917
train,12120.tif,0.345745
train,12121.tif,0.342628
train,12122.tif,0.279955
train,12123.tif,0.335317
train,12124.tif,0.273662
train,12125.tif,0.323269
train,12126.tif,0.29734
train,12127.tif,0.295758
train,12128.tif,0.286376
train,12129.tif,0.348533
train,1213.tif,0.31005
train,12130.tif,0.379341
train,12131.tif,0.328808
train,12132.tif,0.354752
train,12133.tif,0.285922
train,12134.tif,0.302593
train,12135.tif,0.291809
train,12136.tif,0.274431
train,12137.tif,0.357522
train,12138.tif,0.313311
train,12139.tif,0.235111
train,1214.tif,0.36257
train,12140.tif,0.300473
train,12141.tif,0.266678
train,12142.tif,0.320493
train,12143.tif,0.398873
train,12144.tif,0.268344
train,12145.tif,0.329452
train,12146.tif,0.33883
train,12147.tif,0.318528
train,12148.tif,0.410333
train,12149.tif,0.276062
train,1215.tif,0.374776
train,12150.tif,0.362262
train,12151.tif,0.359111
train,12152.tif,0.352419
train,12153.tif,0.324934
train,12154.tif,0.325693
train,12155.tif,0.272396
train,12156.tif,0.308844
train,12157.tif,0.352838
train,12158.tif,0.30759
train,12159.tif,0.316463
train,1216.tif,0.355187
train,12160.tif,0.400809
train,12161.tif,0.304802
train,12162.tif,0.390565
train,12163.tif,0.321556
train,12164.tif,0.396095
train,12165.tif,0.388135
train,12166.tif,0.308419
train,12167.tif,0.292275
train,12168.tif,0.30673
train,12169.tif,0.407728
train,1217.tif,0.344237
train,12170.tif,0.288804
train,12171.tif,0.306078
train,12172.tif,0.318221
train,12173.tif,0.295676
train,12174.tif,0.338269
train,12175.tif,0.320029
train,12176.tif,0.360915
train,12177.tif,0.332471
train,12178.tif,0.300524
train,12179.tif,0.3968
train,1218.tif,0.349532
train,12180.tif,0.34176
train,12181.tif,0.287209
train,12182.tif,0.353867
train,12183.tif,0.365866
train,12184.tif,0.332042
train,12185.tif,0.296013
train,12186.tif,0.345513
train,12187.tif,0.377343
train,12188.tif,0.305628
train,12189.tif,0.29413
train,1219.tif,0.439428
train,12190.tif,0.284662
train,12191.tif,0.317248
train,12192.tif,0.257776
train,12193.tif,0.338674
train,12194.tif,0.334933
train,12195.tif,0.326564
train,12196.tif,0.305964
train,12197.tif,0.377263
train,12198.tif,0.296454
train,12199.tif,0.397957
train,122.tif,0.315384
train,1220.tif,0.31435
train,12200.tif,0.365371
train,12201.tif,0.373436
train,12202.tif,0.337058
train,12203.tif,0.355724
train,12204.tif,0.305057
train,12205.tif,0.315672
train,12206.tif,0.298295
train,12207.tif,0.383104
train,12208.tif,0.364322
train,12209.tif,0.252694
train,1221.tif,0.298443
train,12210.tif,0.313323
train,12211.tif,0.350523
train,12212.tif,0.349708
train,12213.tif,0.349693
train,12214.tif,0.276871
train,12215.tif,0.272883
train,12216.tif,0.294401
train,12217.tif,0.364691
train,12218.tif,0.337851
train,12219.tif,0.40282
train,1222.tif,0.362179
train,12220.tif,0.366827
train,12221.tif,0.27196
train,12222.tif,0.290973
train,12223.tif,0.326995
train,12224.tif,0.299232
train,12225.tif,0.390252
train,12226.tif,0.349384
train,12227.tif,0.352532
train,12228.tif,0.32712
train,12229.tif,0.402124
train,1223.tif,0.418332
train,12230.tif,0.333122
train,12231.tif,0.324888
train,12232.tif,0.292585
train,12233.tif,0.317466
train,12234.tif,0.341554
train,12235.tif,0.31866
train,12236.tif,0.324652
train,12237.tif,0.362659
train,12238.tif,0.279192
train,12239.tif,0.298885
train,1224.tif,0.381125
train,12240.tif,0.314283
train,12241.tif,0.295352
train,12242.tif,0.371196
train,12243.tif,0.24664
train,12244.tif,0.346945
train,12245.tif,0.291754
train,12246.tif,0.315327
train,12247.tif,0.306808
train,12248.tif,0.321135
train,12249.tif,0.346689
train,1225.tif,0.398484
train,12250.tif,0.301423
train,12251.tif,0.340165
train,12252.tif,0.327874
train,12253.tif,0.350316
train,12254.tif,0.293487
train,12255.tif,0.340129
train,12256.tif,0.297405
train,12257.tif,0.221645
train,12258.tif,0.342306
train,12259.tif,0.276697
train,1226.tif,0.283623
train,12260.tif,0.360073
train,12261.tif,0.294568
train,12262.tif,0.32327
train,12263.tif,0.277489
train,12264.tif,0.343078
train,12265.tif,0.267267
train,12266.tif,0.333598
train,12267.tif,0.311216
train,12268.tif,0.317475
train,12269.tif,0.312111
train,1227.tif,0.364917
train,12270.tif,0.318056
train,12271.tif,0.347521
train,12272.tif,0.32711
train,12273.tif,0.282485
train,12274.tif,0.338432
train,12275.tif,0.291131
train,12276.tif,0.357927
train,12277.tif,0.400741
train,12278.tif,0.367767
train,12279.tif,0.262405
train,1228.tif,0.300496
train,12280.tif,0.361866
train,12281.tif,0.278539
train,12282.tif,0.412738
train,12283.tif,0.258276
train,12284.tif,0.30218
train,12285.tif,0.357736
train,12286.tif,0.296843
train,12287.tif,0.308833
train,12288.tif,0.316422
train,12289.tif,0.364968
train,1229.tif,0.338711
train,12290.tif,0.348303
train,12291.tif,0.302456
train,12292.tif,0.303148
train,12293.tif,0.357314
train,12294.tif,0.304884
train,12295.tif,0.34949
train,12296.tif,0.399042
train,12297.tif,0.393154
train,12298.tif,0.321788
train,12299.tif,0.368093
train,123.tif,0.322282
train,1230.tif,0.349684
train,12300.tif,0.35708
train,12301.tif,0.394871
train,12302.tif,0.327716
train,12303.tif,0.418269
train,12304.tif,0.305024
train,12305.tif,0.271775
train,12306.tif,0.301917
train,12307.tif,0.354218
train,12308.tif,0.324209
train,12309.tif,0.281997
train,1231.tif,0.34926
train,12310.tif,0.362881
train,12311.tif,0.314092
train,12312.tif,0.343219
train,12313.tif,0.406116
train,12314.tif,0.276847
train,12315.tif,0.287975
train,12316.tif,0.315313
train,12317.tif,0.395921
train,12318.tif,0.32033
train,12319.tif,0.362321
train,1232.tif,0.344231
train,12320.tif,0.272697
train,12321.tif,0.299175
train,12322.tif,0.322488
train,12323.tif,0.410729
train,12324.tif,0.343397
train,12325.tif,0.360746
train,12326.tif,0.411149
train,12327.tif,0.350437
train,12328.tif,0.240654
train,12329.tif,0.322737
train,1233.tif,0.391496
train,12330.tif,0.29868
train,12331.tif,0.330264
train,12332.tif,0.30741
train,12333.tif,0.310176
train,12334.tif,0.317863
train,12335.tif,0.367231
train,12336.tif,0.310353
train,12337.tif,0.26634
train,12338.tif,0.285356
train,12339.tif,0.335328
train,1234.tif,0.358521
train,12340.tif,0.338138
train,12341.tif,0.297614
train,12342.tif,0.348022
train,12343.tif,0.393112
train,12344.tif,0.250551
train,12345.tif,0.277911
train,12346.tif,0.337801
train,12347.tif,0.294424
train,12348.tif,0.307655
train,12349.tif,0.313299
train,1235.tif,0.348676
train,12350.tif,0.357783
train,12351.tif,0.351212
train,12352.tif,0.29942
train,12353.tif,0.322647
train,12354.tif,0.350924
train,12355.tif,0.361471
train,12356.tif,0.289294
train,12357.tif,0.343258
train,12358.tif,0.316657
train,12359.tif,0.315683
train,1236.tif,0.281738
train,12360.tif,0.362279
train,12361.tif,0.318256
train,12362.tif,0.314179
train,12363.tif,0.323616
train,12364.tif,0.350832
train,12365.tif,0.365394
train,12366.tif,0.282711
train,12367.tif,0.335773
train,12368.tif,0.376566
train,12369.tif,0.369253
train,1237.tif,0.301774
train,12370.tif,0.340748
train,12371.tif,0.289307
train,12372.tif,0.308967
train,12373.tif,0.308642
train,12374.tif,0.412155
train,12375.tif,0.337368
train,12376.tif,0.296184
train,12377.tif,0.36134
train,12378.tif,0.344047
train,12379.tif,0.346839
train,1238.tif,0.34969
train,12380.tif,0.168335
train,12381.tif,0.323931
train,12382.tif,0.342203
train,12383.tif,0.274293
train,12384.tif,0.328433
train,12385.tif,0.26584
train,12386.tif,0.325309
train,12387.tif,0.324555
train,12388.tif,0.404182
train,12389.tif,0.294861
train,1239.tif,0.462572
train,12390.tif,0.302648
train,12391.tif,0.369976
train,12392.tif,0.300241
train,12393.tif,0.332294
train,12394.tif,0.311934
train,12395.tif,0.348523
train,12396.tif,0.278191
train,12397.tif,0.301488
train,12398.tif,0.304882
train,12399.tif,0.376631
train,124.tif,0.334303
train,1240.tif,0.349395
train,12400.tif,0.291069
train,12401.tif,0.341265
train,12402.tif,0.351879
train,12403.tif,0.336771
train,12404.tif,0.31192
train,12405.tif,0.297826
train,12406.tif,0.334218
train,12407.tif,0.339922
train,12408.tif,0.315536
train,12409.tif,0.311829
train,1241.tif,0.279846
train,12410.tif,0.291679
train,12411.tif,0.307673
train,12412.tif,0.314275
train,12413.tif,0.334447
train,12414.tif,0.324873
train,12415.tif,0.307692
train,12416.tif,0.343981
train,12417.tif,0.388703
train,12418.tif,0.279616
train,12419.tif,0.338374
train,1242.tif,0.29474
train,12420.tif,0.30785
train,12421.tif,0.321702
train,12422.tif,0.321566
train,12423.tif,0.306431
train,12424.tif,0.338159
train,12425.tif,0.318189
train,12426.tif,0.276639
train,12427.tif,0.329555
train,12428.tif,0.317844
train,12429.tif,0.346984
train,1243.tif,0.277582
train,12430.tif,0.399135
train,12431.tif,0.352285
train,12432.tif,0.317824
train,12433.tif,0.329364
train,12434.tif,0.347356
train,12435.tif,0.303427
train,12436.tif,0.343841
train,12437.tif,0.325351
train,12438.tif,0.31868
train,12439.tif,0.327246
train,1244.tif,0.407397
train,12440.tif,0.359014
train,12441.tif,0.396324
train,12442.tif,0.276278
train,12443.tif,0.349577
train,12444.tif,0.32783
train,12445.tif,0.313028
train,12446.tif,0.296381
train,12447.tif,0.285425
train,12448.tif,0.337027
train,12449.tif,0.31661
train,1245.tif,0.324326
train,12450.tif,0.302626
train,12451.tif,0.363279
train,12452.tif,0.320527
train,12453.tif,0.367862
train,12454.tif,0.38754
train,12455.tif,0.375441
train,12456.tif,0.331004
train,12457.tif,0.375853
train,12458.tif,0.311017
train,12459.tif,0.322454
train,1246.tif,0.291426
train,12460.tif,0.353846
train,12461.tif,0.339354
train,12462.tif,0.315686
train,12463.tif,0.278805
train,12464.tif,0.309307
train,12465.tif,0.357067
train,12466.tif,0.32373
train,12467.tif,0.340601
train,12468.tif,0.365415
train,12469.tif,0.334901
train,1247.tif,0.342734
train,12470.tif,0.347022
train,12471.tif,0.329494
train,12472.tif,0.28091
train,12473.tif,0.296846
train,12474.tif,0.347711
train,12475.tif,0.310619
train,12476.tif,0.309179
train,12477.tif,0.305162
train,12478.tif,0.33027
train,12479.tif,0.329936
train,1248.tif,0.337242
train,12480.tif,0.31823
train,12481.tif,0.347642
train,12482.tif,0.330901
train,12483.tif,0.300838
train,12484.tif,0.309517
train,12485.tif,0.340108
train,12486.tif,0.310049
train,12487.tif,0.331244
train,12488.tif,0.398157
train,12489.tif,0.302869
train,1249.tif,0.373074
train,12490.tif,0.285233
train,12491.tif,0.263277
train,12492.tif,0.397376
train,12493.tif,0.352924
train,12494.tif,0.306032
train,12495.tif,0.343394
train,12496.tif,0.39031
train,12497.tif,0.362247
train,12498.tif,0.345002
train,12499.tif,0.336795
train,125.tif,0.42229
train,1250.tif,0.364153
train,12500.tif,0.302002
train,12501.tif,0.309362
train,12502.tif,0.266681
train,12503.tif,0.317274
train,12504.tif,0.392081
train,12505.tif,0.315687
train,12506.tif,0.368544
train,12507.tif,0.393899
train,12508.tif,0.339683
train,12509.tif,0.327437
train,1251.tif,0.406644
train,12510.tif,0.254527
train,12511.tif,0.29913
train,12512.tif,0.301044
train,12513.tif,0.299424
train,12514.tif,0.309915
train,12515.tif,0.372439
train,12516.tif,0.379125
train,12517.tif,0.324307
train,12518.tif,0.317351
train,12519.tif,0.407499
train,1252.tif,0.383983
train,12520.tif,0.254225
train,12521.tif,0.314582
train,12522.tif,0.298643
train,12523.tif,0.330046
train,12524.tif,0.423207
train,12525.tif,0.315391
train,12526.tif,0.309094
train,12527.tif,0.352273
train,12528.tif,0.396271
train,12529.tif,0.310465
train,1253.tif,0.359806
train,12530.tif,0.357918
train,12531.tif,0.341756
train,12532.tif,0.390074
train,12533.tif,0.292232
train,12534.tif,0.272563
train,12535.tif,0.337883
train,12536.tif,0.342092
train,12537.tif,0.363975
train,12538.tif,0.282829
train,12539.tif,0.339764
train,1254.tif,0.392979
train,12540.tif,0.365587
train,12541.tif,0.30255
train,12542.tif,0.326203
train,12543.tif,0.368525
train,12544.tif,0.399356
train,12545.tif,0.279811
train,12546.tif,0.392061
train,12547.tif,0.39296
train,12548.tif,0.290026
train,12549.tif,0.322678
train,1255.tif,0.323182
train,12550.tif,0.313087
train,12551.tif,0.412095
train,12552.tif,0.389067
train,12553.tif,0.288069
train,12554.tif,0.35571
train,12555.tif,0.471857
train,12556.tif,0.305779
train,12557.tif,0.366354
train,12558.tif,0.330165
train,12559.tif,0.414712
train,1256.tif,0.371665
train,12560.tif,0.345948
train,12561.tif,0.381846
train,12562.tif,0.364003
train,12563.tif,0.33472
train,12564.tif,0.326285
train,12565.tif,0.369571
train,12566.tif,0.315289
train,12567.tif,0.287996
train,12568.tif,0.321027
train,12569.tif,0.337169
train,1257.tif,0.319571
train,12570.tif,0.391192
train,12571.tif,0.398145
train,12572.tif,0.25343
train,12573.tif,0.297784
train,12574.tif,0.293638
train,12575.tif,0.340205
train,12576.tif,0.328688
train,12577.tif,0.433828
train,12578.tif,0.38859
train,12579.tif,0.38527
train,1258.tif,0.457296
train,12580.tif,0.273684
train,12581.tif,0.35165
train,12582.tif,0.362007
train,12583.tif,0.387537
train,12584.tif,0.345414
train,12585.tif,0.302925
train,12586.tif,0.425562
train,12587.tif,0.372905
train,12588.tif,0.382191
train,12589.tif,0.358044
train,1259.tif,0.412212
train,12590.tif,0.27495
train,12591.tif,0.336385
train,12592.tif,0.437934
train,12593.tif,0.308923
train,12594.tif,0.308585
train,12595.tif,0.320192
train,12596.tif,0.294369
train,12597.tif,0.326484
train,12598.tif,0.288729
train,12599.tif,0.270897
train,126.tif,0.347057
train,1260.tif,0.348865
train,12600.tif,0.355245
train,12601.tif,0.371027
train,12602.tif,0.27405
train,12603.tif,0.396816
train,12604.tif,0.379838
train,12605.tif,0.291419
train,12606.tif,0.431241
train,12607.tif,0.302157
train,12608.tif,0.340787
train,12609.tif,0.316311
train,1261.tif,0.36986
train,12610.tif,0.383539
train,12611.tif,0.379353
train,12612.tif,0.330394
train,12613.tif,0.351645
train,12614.tif,0.319712
train,12615.tif,0.317953
train,12616.tif,0.330509
train,12617.tif,0.31115
train,12618.tif,0.288955
train,12619.tif,0.277361
train,1262.tif,0.400074
train,12620.tif,0.311366
train,12621.tif,0.31159
train,12622.tif,0.309407
train,12623.tif,0.303838
train,12624.tif,0.3189
train,12625.tif,0.392152
train,12626.tif,0.363595
train,12627.tif,0.463801
train,12628.tif,0.36422
train,12629.tif,0.380648
train,1263.tif,0.297051
train,12630.tif,0.34054
train,12631.tif,0.304519
train,12632.tif,0.328964
train,12633.tif,0.2838
train,12634.tif,0.396917
train,12635.tif,0.4061
train,12636.tif,0.422564
train,12637.tif,0.353871
train,12638.tif,0.247816
train,12639.tif,0.342367
train,1264.tif,0.306057
train,12640.tif,0.330915
train,12641.tif,0.386759
train,12642.tif,0.32391
train,12643.tif,0.399379
train,12644.tif,0.420295
train,12645.tif,0.301346
train,12646.tif,0.312284
train,12647.tif,0.419508
train,12648.tif,0.299984
train,12649.tif,0.302095
train,1265.tif,0.357342
train,12650.tif,0.303486
train,12651.tif,0.371915
train,12652.tif,0.35314
train,12653.tif,0.380552
train,12654.tif,0.379891
train,12655.tif,0.298112
train,12656.tif,0.302236
train,12657.tif,0.247104
train,12658.tif,0.449294
train,12659.tif,0.390163
train,1266.tif,0.274244
train,12660.tif,0.312932
train,12661.tif,0.387335
train,12662.tif,0.355657
train,12663.tif,0.385751
train,12664.tif,0.312749
train,12665.tif,0.335906
train,12666.tif,0.348924
train,12667.tif,0.315814
train,12668.tif,0.296338
train,12669.tif,0.303122
train,1267.tif,0.39366
train,12670.tif,0.481295
train,12671.tif,0.317328
train,12672.tif,0.33232
train,12673.tif,0.412363
train,12674.tif,0.348307
train,12675.tif,0.340661
train,12676.tif,0.335775
train,12677.tif,0.431003
train,12678.tif,0.316836
train,12679.tif,0.332462
train,1268.tif,0.291326
train,12680.tif,0.282094
train,12681.tif,0.405307
train,12682.tif,0.395503
train,12683.tif,0.368792
train,12684.tif,0.336581
train,12685.tif,0.402004
train,12686.tif,0.325021
train,12687.tif,0.441829
train,12688.tif,0.400127
train,12689.tif,0.294066
train,1269.tif,0.430365
train,12690.tif,0.377642
train,12691.tif,0.351154
train,12692.tif,0.305905
train,12693.tif,0.390941
train,12694.tif,0.322381
train,12695.tif,0.336621
train,12696.tif,0.341074
train,12697.tif,0.340043
train,12698.tif,0.24841
train,12699.tif,0.405472
train,127.tif,0.385142
train,1270.tif,0.379169
train,12700.tif,0.376875
train,12701.tif,0.328263
train,12702.tif,0.300169
train,12703.tif,0.345759
train,12704.tif,0.310441
train,12705.tif,0.396998
train,12706.tif,0.267349
train,12707.tif,0.313472
train,12708.tif,0.311268
train,12709.tif,0.370022
train,1271.tif,0.318305
train,12710.tif,0.316921
train,12711.tif,0.337614
train,12712.tif,0.334607
train,12713.tif,0.404891
train,12714.tif,0.17407
train,12715.tif,0.284028
train,12716.tif,0.387613
train,12717.tif,0.33268
train,12718.tif,0.3756
train,12719.tif,0.28855
train,1272.tif,0.316366
train,12720.tif,0.31621
train,12721.tif,0.331136
train,12722.tif,0.347212
train,12723.tif,0.393054
train,12724.tif,0.323293
train,12725.tif,0.372267
train,12726.tif,0.41709
train,12727.tif,0.423023
train,12728.tif,0.344467
train,12729.tif,0.451161
train,1273.tif,0.295934
train,12730.tif,0.346531
train,12731.tif,0.308409
train,12732.tif,0.402382
train,12733.tif,0.356075
train,12734.tif,0.35219
train,12735.tif,0.378244
train,12736.tif,0.309846
train,12737.tif,0.317177
train,12738.tif,0.318606
train,12739.tif,0.319534
train,1274.tif,0.352369
train,12740.tif,0.415393
train,12741.tif,0.297402
train,12742.tif,0.333769
train,12743.tif,0.311861
train,12744.tif,0.28429
train,12745.tif,0.347849
train,12746.tif,0.407369
train,12747.tif,0.262253
train,12748.tif,0.370411
train,12749.tif,0.351074
train,1275.tif,0.291538
train,12750.tif,0.384301
train,12751.tif,0.401153
train,12752.tif,0.402987
train,12753.tif,0.340302
train,12754.tif,0.373345
train,12755.tif,0.329109
train,12756.tif,0.418442
train,12757.tif,0.344957
train,12758.tif,0.377449
train,12759.tif,0.369631
train,1276.tif,0.316823
train,12760.tif,0.343251
train,12761.tif,0.33936
train,12762.tif,0.290896
train,12763.tif,0.289445
train,12764.tif,0.349618
train,12765.tif,0.392149
train,12766.tif,0.305777
train,12767.tif,0.330875
train,12768.tif,0.331513
train,12769.tif,0.316558
train,1277.tif,0.372153
train,12770.tif,0.329092
train,12771.tif,0.348264
train,12772.tif,0.280516
train,12773.tif,0.276409
train,12774.tif,0.307199
train,12775.tif,0.363606
train,12776.tif,0.355613
train,12777.tif,0.353546
train,12778.tif,0.399036
train,12779.tif,0.318769
train,1278.tif,0.260103
train,12780.tif,0.353623
train,12781.tif,0.330681
train,12782.tif,0.263628
train,12783.tif,0.431513
train,12784.tif,0.35896
train,12785.tif,0.403923
train,12786.tif,0.368876
train,12787.tif,0.353488
train,12788.tif,0.316001
train,12789.tif,0.478215
train,1279.tif,0.357977
train,12790.tif,0.459496
train,12791.tif,0.432793
train,12792.tif,0.361926
train,12793.tif,0.416496
train,12794.tif,0.4038
train,12795.tif,0.377394
train,12796.tif,0.364753
train,12797.tif,0.340591
train,12798.tif,0.323905
train,12799.tif,0.327846
train,128.tif,0.394165
train,1280.tif,0.346684
train,12800.tif,0.381115
train,12801.tif,0.354038
train,12802.tif,0.370444
train,12803.tif,0.272312
train,12804.tif,0.412714
train,12805.tif,0.341591
train,12806.tif,0.358541
train,12807.tif,0.342152
train,12808.tif,0.327579
train,12809.tif,0.342386
train,1281.tif,0.384377
train,12810.tif,0.428715
train,12811.tif,0.395611
train,12812.tif,0.408373
train,12813.tif,0.359961
train,12814.tif,0.344027
train,12815.tif,0.384195
train,12816.tif,0.318461
train,12817.tif,0.33576
train,12818.tif,0.343901
train,12819.tif,0.341818
train,1282.tif,0.221103
train,12820.tif,0.347583
train,12821.tif,0.281941
train,12822.tif,0.321478
train,12823.tif,0.39104
train,12824.tif,0.396735
train,12825.tif,0.286662
train,12826.tif,0.313984
train,12827.tif,0.328387
train,12828.tif,0.352027
train,12829.tif,0.347992
train,1283.tif,0.346795
train,12830.tif,0.284526
train,12831.tif,0.292015
train,12832.tif,0.295208
train,12833.tif,0.32091
train,12834.tif,0.353604
train,12835.tif,0.356306
train,12836.tif,0.345132
train,12837.tif,0.371385
train,12838.tif,0.320291
train,12839.tif,0.330864
train,1284.tif,0.258975
train,12840.tif,0.463205
train,12841.tif,0.406784
train,12842.tif,0.313147
train,12843.tif,0.323888
train,12844.tif,0.424259
train,12845.tif,0.337593
train,12846.tif,0.338642
train,12847.tif,0.293144
train,12848.tif,0.387978
train,12849.tif,0.388641
train,1285.tif,0.402113
train,12850.tif,0.402725
train,12851.tif,0.427718
train,12852.tif,0.298895
train,12853.tif,0.403149
train,12854.tif,0.412716
train,12855.tif,0.311705
train,12856.tif,0.350017
train,12857.tif,0.415092
train,12858.tif,0.353726
train,12859.tif,0.374031
train,1286.tif,0.399471
train,12860.tif,0.348926
train,12861.tif,0.304643
train,12862.tif,0.324924
train,12863.tif,0.349581
train,12864.tif,0.384847
train,12865.tif,0.309938
train,12866.tif,0.358605
train,12867.tif,0.375644
train,12868.tif,0.363664
train,12869.tif,0.358637
train,1287.tif,0.380499
train,12870.tif,0.384751
train,12871.tif,0.440267
train,12872.tif,0.38288
train,12873.tif,0.372147
train,12874.tif,0.303435
train,12875.tif,0.450872
train,12876.tif,0.346907
train,12877.tif,0.345607
train,12878.tif,0.335649
train,12879.tif,0.304933
train,1288.tif,0.338216
train,12880.tif,0.337351
train,12881.tif,0.344329
train,12882.tif,0.268786
train,12883.tif,0.376635
train,12884.tif,0.402093
train,12885.tif,0.304677
train,12886.tif,0.316825
train,12887.tif,0.324866
train,12888.tif,0.396467
train,12889.tif,0.377508
train,1289.tif,0.394079
train,12890.tif,0.288961
train,12891.tif,0.322018
train,12892.tif,0.304561
train,12893.tif,0.380033
train,12894.tif,0.422922
train,12895.tif,0.414408
train,12896.tif,0.336078
train,12897.tif,0.35841
train,12898.tif,0.45909
train,12899.tif,0.503275
train,129.tif,0.4082
train,1290.tif,0.327374
train,12900.tif,0.340531
train,12901.tif,0.282542
train,12902.tif,0.372561
train,12903.tif,0.32566
train,12904.tif,0.30969
train,12905.tif,0.362006
train,12906.tif,0.315138
train,12907.tif,0.319713
train,12908.tif,0.323705
train,12909.tif,0.27642
train,1291.tif,0.320947
train,12910.tif,0.38216
train,12911.tif,0.370173
train,12912.tif,0.342674
train,12913.tif,0.371632
train,12914.tif,0.406925
train,12915.tif,0.342692
train,12916.tif,0.352351
train,12917.tif,0.344287
train,12918.tif,0.279676
train,12919.tif,0.460514
train,1292.tif,0.326743
train,12920.tif,0.386396
train,12921.tif,0.30829
train,12922.tif,0.361141
train,12923.tif,0.364999
train,12924.tif,0.339741
train,12925.tif,0.30854
train,12926.tif,0.351773
train,12927.tif,0.363377
train,12928.tif,0.344112
train,12929.tif,0.315348
train,1293.tif,0.266816
train,12930.tif,0.449847
train,12931.tif,0.431045
train,12932.tif,0.359137
train,12933.tif,0.328916
train,12934.tif,0.274069
train,12935.tif,0.31761
train,12936.tif,0.339866
train,12937.tif,0.26685
train,12938.tif,0.413626
train,12939.tif,0.287942
train,1294.tif,0.393598
train,12940.tif,0.319417
train,12941.tif,0.312935
train,12942.tif,0.402386
train,12943.tif,0.447496
train,12944.tif,0.424244
train,12945.tif,0.299563
train,12946.tif,0.310118
train,12947.tif,0.358265
train,12948.tif,0.384615
train,12949.tif,0.353075
train,1295.tif,0.317566
train,12950.tif,0.311795
train,12951.tif,0.334777
train,12952.tif,0.357143
train,12953.tif,0.290252
train,12954.tif,0.336017
train,12955.tif,0.421793
train,12956.tif,0.378569
train,12957.tif,0.334713
train,12958.tif,0.326788
train,12959.tif,0.311151
train,1296.tif,0.233428
train,12960.tif,0.337674
train,12961.tif,0.330751
train,12962.tif,0.331422
train,12963.tif,0.332998
train,12964.tif,0.422997
train,12965.tif,0.412359
train,12966.tif,0.368647
train,12967.tif,0.378323
train,12968.tif,0.281692
train,12969.tif,0.298021
train,1297.tif,0.421794
train,12970.tif,0.394255
train,12971.tif,0.33753
train,12972.tif,0.370524
train,12973.tif,0.34499
train,12974.tif,0.388513
train,12975.tif,0.309516
train,12976.tif,0.341938
train,12977.tif,0.453398
train,12978.tif,0.383813
train,12979.tif,0.328328
train,1298.tif,0.331157
train,12980.tif,0.330463
train,12981.tif,0.295399
train,12982.tif,0.354045
train,12983.tif,0.333489
train,12984.tif,0.333218
train,12985.tif,0.407934
train,12986.tif,0.359608
train,12987.tif,0.308608
train,12988.tif,0.474031
train,12989.tif,0.268679
train,1299.tif,0.392134
train,12990.tif,0.306366
train,12991.tif,0.334884
train,12992.tif,0.340115
train,12993.tif,0.342044
train,12994.tif,0.35212
train,12995.tif,0.352997
train,12996.tif,0.320278
train,12997.tif,0.363182
train,12998.tif,0.301854
train,12999.tif,0.383534
train,13.tif,0.462522
train,130.tif,0.396845
train,1300.tif,0.256848
train,13000.tif,0.397679
train,13001.tif,0.390675
train,13002.tif,0.361649
train,13003.tif,0.331667
train,13004.tif,0.314203
train,13005.tif,0.36872
train,13006.tif,0.276421
train,13007.tif,0.323673
train,13008.tif,0.388349
train,13009.tif,0.275485
train,1301.tif,0.373622
train,13010.tif,0.302264
train,13011.tif,0.41645
train,13012.tif,0.337344
train,13013.tif,0.311879
train,13014.tif,0.299697
train,13015.tif,0.300359
train,13016.tif,0.284687
train,13017.tif,0.326005
train,13018.tif,0.399914
train,13019.tif,0.33506
train,1302.tif,0.343814
train,13020.tif,0.401236
train,13021.tif,0.324417
train,13022.tif,0.411193
train,13023.tif,0.300965
train,13024.tif,0.293177
train,13025.tif,0.339132
train,13026.tif,0.289647
train,13027.tif,0.396648
train,13028.tif,0.198726
train,13029.tif,0.393037
train,1303.tif,0.319759
train,13030.tif,0.302172
train,13031.tif,0.386961
train,13032.tif,0.379021
train,13033.tif,0.319624
train,13034.tif,0.338494
train,13035.tif,0.389141
train,13036.tif,0.380568
train,13037.tif,0.307599
train,13038.tif,0.340365
train,13039.tif,0.302103
train,1304.tif,0.338665
train,13040.tif,0.314182
train,13041.tif,0.319155
train,13042.tif,0.363725
train,13043.tif,0.392762
train,13044.tif,0.363293
train,13045.tif,0.356245
train,13046.tif,0.287871
train,13047.tif,0.325664
train,13048.tif,0.314558
train,13049.tif,0.323225
train,1305.tif,0.28586
train,13050.tif,0.324579
train,13051.tif,0.258918
train,13052.tif,0.357977
train,13053.tif,0.386117
train,13054.tif,0.36573
train,13055.tif,0.381022
train,13056.tif,0.223783
train,13057.tif,0.323989
train,13058.tif,0.28369
train,13059.tif,0.342574
train,1306.tif,0.417376
train,13060.tif,0.323656
train,13061.tif,0.374305
train,13062.tif,0.326061
train,13063.tif,0.433393
train,13064.tif,0.293776
train,13065.tif,0.317129
train,13066.tif,0.353482
train,13067.tif,0.38602
train,13068.tif,0.327488
train,13069.tif,0.439609
train,1307.tif,0.369395
train,13070.tif,0.393865
train,13071.tif,0.37699
train,13072.tif,0.325655
train,13073.tif,0.341076
train,13074.tif,0.386302
train,13075.tif,0.437252
train,13076.tif,0.316185
train,13077.tif,0.322937
train,13078.tif,0.323322
train,13079.tif,0.347146
train,1308.tif,0.348282
train,13080.tif,0.453202
train,13081.tif,0.370334
train,13082.tif,0.361204
train,13083.tif,0.380377
train,13084.tif,0.419353
train,13085.tif,0.306786
train,13086.tif,0.424105
train,13087.tif,0.290442
train,13088.tif,0.312304
train,13089.tif,0.313753
train,1309.tif,0.385557
train,13090.tif,0.384621
train,13091.tif,0.308192
train,13092.tif,0.359323
train,13093.tif,0.292314
train,13094.tif,0.334222
train,13095.tif,0.442154
train,13096.tif,0.359306
train,13097.tif,0.306466
train,13098.tif,0.289314
train,13099.tif,0.28798
train,131.tif,0.282067
train,1310.tif,0.399909
train,13100.tif,0.275446
train,13101.tif,0.320987
train,13102.tif,0.337256
train,13103.tif,0.334876
train,13104.tif,0.303693
train,13105.tif,0.286592
train,13106.tif,0.313277
train,13107.tif,0.38636
train,13108.tif,0.294407
train,13109.tif,0.332112
train,1311.tif,0.357073
train,13110.tif,0.302133
train,13111.tif,0.348993
train,13112.tif,0.3167
train,13113.tif,0.31009
train,13114.tif,0.414704
train,13115.tif,0.365698
train,13116.tif,0.378708
train,13117.tif,0.329301
train,13118.tif,0.36932
train,13119.tif,0.347877
train,1312.tif,0.392165
train,13120.tif,0.359167
train,13121.tif,0.317446
train,13122.tif,0.336897
train,13123.tif,0.424686
train,13124.tif,0.38545
train,13125.tif,0.324992
train,13126.tif,0.326969
train,13127.tif,0.362106
train,13128.tif,0.323415
train,13129.tif,0.267763
train,1313.tif,0.406514
train,13130.tif,0.340546
train,13131.tif,0.395419
train,13132.tif,0.396887
train,13133.tif,0.357063
train,13134.tif,0.353724
train,13135.tif,0.32499
train,13136.tif,0.347035
train,13137.tif,0.370948
train,13138.tif,0.279872
train,13139.tif,0.350378
train,1314.tif,0.418791
train,13140.tif,0.308221
train,13141.tif,0.39845
train,13142.tif,0.353886
train,13143.tif,0.283159
train,13144.tif,0.376515
train,13145.tif,0.308326
train,13146.tif,0.380921
train,13147.tif,0.388616
train,13148.tif,0.355147
train,13149.tif,0.343902
train,1315.tif,0.281193
train,13150.tif,0.40928
train,13151.tif,0.350754
train,13152.tif,0.344078
train,13153.tif,0.335204
train,13154.tif,0.369058
train,13155.tif,0.295134
train,13156.tif,0.348068
train,13157.tif,0.27244
train,13158.tif,0.271039
train,13159.tif,0.419777
train,1316.tif,0.393539
train,13160.tif,0.321708
train,13161.tif,0.350952
train,13162.tif,0.292389
train,13163.tif,0.304817
train,13164.tif,0.305937
train,13165.tif,0.312834
train,13166.tif,0.298951
train,13167.tif,0.341941
train,13168.tif,0.315889
train,13169.tif,0.392667
train,1317.tif,0.373443
train,13170.tif,0.362013
train,13171.tif,0.279478
train,13172.tif,0.302688
train,13173.tif,0.375163
train,13174.tif,0.293143
train,13175.tif,0.35828
train,13176.tif,0.382935
train,13177.tif,0.344539
train,13178.tif,0.443925
train,13179.tif,0.362652
train,1318.tif,0.415866
train,13180.tif,0.339342
train,13181.tif,0.418913
train,13182.tif,0.372785
train,13183.tif,0.318081
train,13184.tif,0.304039
train,13185.tif,0.413125
train,13186.tif,0.298507
train,13187.tif,0.379923
train,13188.tif,0.330857
train,13189.tif,0.273248
train,1319.tif,0.362279
train,13190.tif,0.358353
train,13191.tif,0.365228
train,13192.tif,0.29334
train,13193.tif,0.315311
train,13194.tif,0.32692
train,13195.tif,0.348751
train,13196.tif,0.393687
train,13197.tif,0.375941
train,13198.tif,0.339553
train,13199.tif,0.367797
train,132.tif,0.3752
train,1320.tif,0.421311
train,13200.tif,0.323623
train,13201.tif,0.417277
train,13202.tif,0.35432
train,13203.tif,0.302792
train,13204.tif,0.330739
train,13205.tif,0.200107
train,13206.tif,0.43344
train,13207.tif,0.349098
train,13208.tif,0.377685
train,13209.tif,0.333054
train,1321.tif,0.350722
train,13210.tif,0.29662
train,13211.tif,0.386018
train,13212.tif,0.41106
train,13213.tif,0.328951
train,13214.tif,0.393632
train,13215.tif,0.428725
train,13216.tif,0.404885
train,13217.tif,0.318189
train,13218.tif,0.32209
train,13219.tif,0.38893
train,1322.tif,0.291497
train,13220.tif,0.324162
train,13221.tif,0.344646
train,13222.tif,0.297513
train,13223.tif,0.403253
train,13224.tif,0.364093
train,13225.tif,0.348564
train,13226.tif,0.309465
train,13227.tif,0.354653
train,13228.tif,0.308585
train,13229.tif,0.357344
train,1323.tif,0.461376
train,13230.tif,0.314529
train,13231.tif,0.375418
train,13232.tif,0.340255
train,13233.tif,0.311677
train,13234.tif,0.363355
train,13235.tif,0.253545
train,13236.tif,0.236816
train,13237.tif,0.248367
train,13238.tif,0.321284
train,13239.tif,0.331869
train,1324.tif,0.333056
train,13240.tif,0.284668
train,13241.tif,0.341103
train,13242.tif,0.330126
train,13243.tif,0.357442
train,13244.tif,0.312144
train,13245.tif,0.27835
train,13246.tif,0.346208
train,13247.tif,0.289401
train,13248.tif,0.291608
train,13249.tif,0.351822
train,1325.tif,0.339058
train,13250.tif,0.276399
train,13251.tif,0.401809
train,13252.tif,0.365061
train,13253.tif,0.281247
train,13254.tif,0.357348
train,13255.tif,0.248668
train,13256.tif,0.383752
train,13257.tif,0.321137
train,13258.tif,0.359619
train,13259.tif,0.356758
train,1326.tif,0.357861
train,13260.tif,0.398693
train,13261.tif,0.322214
train,13262.tif,0.268232
train,13263.tif,0.321179
train,13264.tif,0.302855
train,13265.tif,0.273887
train,13266.tif,0.342214
train,13267.tif,0.411798
train,13268.tif,0.329008
train,13269.tif,0.274665
train,1327.tif,0.408938
train,13270.tif,0.302461
train,13271.tif,0.312673
train,13272.tif,0.294499
train,13273.tif,0.341398
train,13274.tif,0.331065
train,13275.tif,0.303203
train,13276.tif,0.372334
train,13277.tif,0.332969
train,13278.tif,0.356957
train,13279.tif,0.410901
train,1328.tif,0.239767
train,13280.tif,0.382228
train,13281.tif,0.262666
train,13282.tif,0.312859
train,13283.tif,0.364466
train,13284.tif,0.411363
train,13285.tif,0.313874
train,13286.tif,0.391035
train,13287.tif,0.322575
train,13288.tif,0.257858
train,13289.tif,0.33644
train,1329.tif,0.373416
train,13290.tif,0.202465
train,13291.tif,0.377737
train,13292.tif,0.270009
train,13293.tif,0.321954
train,13294.tif,0.27609
train,13295.tif,0.31355
train,13296.tif,0.311505
train,13297.tif,0.245582
train,13298.tif,0.384195
train,13299.tif,0.358309
train,133.tif,0.328445
train,1330.tif,0.343639
train,13300.tif,0.399807
train,13301.tif,0.316902
train,13302.tif,0.335459
train,13303.tif,0.316539
train,13304.tif,0.288655
train,13305.tif,0.234201
train,13306.tif,0.250407
train,13307.tif,0.347217
train,13308.tif,0.382292
train,13309.tif,0.379337
train,1331.tif,0.375525
train,13310.tif,0.320608
train,13311.tif,0.289001
train,13312.tif,0.289043
train,13313.tif,0.369029
train,13314.tif,0.302958
train,13315.tif,0.283294
train,13316.tif,0.30477
train,13317.tif,0.300563
train,13318.tif,0.637833
train,13319.tif,0.313194
train,1332.tif,0.338266
train,13320.tif,0.352239
train,13321.tif,0.362309
train,13322.tif,0.323346
train,13323.tif,0.307556
train,13324.tif,0.319127
train,13325.tif,0.301309
train,13326.tif,0.403662
train,13327.tif,0.304822
train,13328.tif,0.352064
train,13329.tif,0.427082
train,1333.tif,0.311994
train,13330.tif,0.282518
train,13331.tif,0.294572
train,13332.tif,0.409834
train,13333.tif,0.328394
train,13334.tif,0.315417
train,13335.tif,0.291203
train,13336.tif,0.377319
train,13337.tif,0.341352
train,13338.tif,0.29458
train,13339.tif,0.355968
train,1334.tif,0.37606
train,13340.tif,0.32611
train,13341.tif,0.358501
train,13342.tif,0.375234
train,13343.tif,0.343437
train,13344.tif,0.26055
train,13345.tif,0.313713
train,13346.tif,0.300796
train,13347.tif,0.302043
train,13348.tif,0.303167
train,13349.tif,0.344041
train,1335.tif,0.280928
train,13350.tif,0.288629
train,13351.tif,0.340314
train,13352.tif,0.310671
train,13353.tif,0.338585
train,13354.tif,0.267876
train,13355.tif,0.331883
train,13356.tif,0.322002
train,13357.tif,0.305755
train,13358.tif,0.258709
train,13359.tif,0.328383
train,1336.tif,0.438206
train,13360.tif,0.388785
train,13361.tif,0.3848
train,13362.tif,0.324653
train,13363.tif,0.301839
train,13364.tif,0.316214
train,13365.tif,0.327811
train,13366.tif,0.329293
train,13367.tif,0.305038
train,13368.tif,0.302311
train,13369.tif,0.341201
train,1337.tif,0.391232
train,13370.tif,0.343106
train,13371.tif,0.329472
train,13372.tif,0.293202
train,13373.tif,0.285838
train,13374.tif,0.31945
train,13375.tif,0.314866
train,13376.tif,0.231088
train,13377.tif,0.281666
train,13378.tif,0.352241
train,13379.tif,0.333788
train,1338.tif,0.381928
train,13380.tif,0.332128
train,13381.tif,0.351588
train,13382.tif,0.274014
train,13383.tif,0.373693
train,13384.tif,0.240749
train,13385.tif,0.325139
train,13386.tif,0.149834
train,13387.tif,0.310906
train,13388.tif,0.334631
train,13389.tif,0.399406
train,1339.tif,0.401626
train,13390.tif,0.317587
train,13391.tif,0.378587
train,13392.tif,0.370686
train,13393.tif,0.295617
train,13394.tif,0.350499
train,13395.tif,0.339279
train,13396.tif,0.341507
train,13397.tif,0.323613
train,13398.tif,0.299217
train,13399.tif,0.339257
train,134.tif,0.406005
train,1340.tif,0.387803
train,13400.tif,0.25931
train,13401.tif,0.305835
train,13402.tif,0.31997
train,13403.tif,0.330576
train,13404.tif,0.307745
train,13405.tif,0.301755
train,13406.tif,0.279511
train,13407.tif,0.360846
train,13408.tif,0.320801
train,13409.tif,0.333364
train,1341.tif,0.350499
train,13410.tif,0.290208
train,13411.tif,0.289716
train,13412.tif,0.326155
train,13413.tif,0.328793
train,13414.tif,0.310278
train,13415.tif,0.277766
train,13416.tif,0.351915
train,13417.tif,0.292509
train,13418.tif,0.317493
train,13419.tif,0.30395
train,1342.tif,0.459432
train,13420.tif,0.267746
train,13421.tif,0.293432
train,13422.tif,0.297198
train,13423.tif,0.338537
train,13424.tif,0.360948
train,13425.tif,0.298911
train,13426.tif,0.230424
train,13427.tif,0.317312
train,13428.tif,0.37262
train,13429.tif,0.351546
train,1343.tif,0.328384
train,13430.tif,0.279444
train,13431.tif,0.271626
train,13432.tif,0.315994
train,13433.tif,0.230373
train,13434.tif,0.354916
train,13435.tif,0.288817
train,13436.tif,0.359885
train,13437.tif,0.321698
train,13438.tif,0.35325
train,13439.tif,0.341243
train,1344.tif,0.328227
train,13440.tif,0.276662
train,13441.tif,0.281963
train,13442.tif,0.341134
train,13443.tif,0.298804
train,13444.tif,0.355351
train,13445.tif,0.289937
train,13446.tif,0.394705
train,13447.tif,0.278684
train,13448.tif,0.362671
train,13449.tif,0.288923
train,1345.tif,0.382781
train,13450.tif,0.338457
train,13451.tif,0.365195
train,13452.tif,0.311395
train,13453.tif,0.311839
train,13454.tif,0.342475
train,13455.tif,0.403732
train,13456.tif,0.426054
train,13457.tif,0.26799
train,13458.tif,0.307499
train,13459.tif,0.275487
train,1346.tif,0.332502
train,13460.tif,0.334639
train,13461.tif,0.346848
train,13462.tif,0.34137
train,13463.tif,0.356549
train,13464.tif,0.282387
train,13465.tif,0.390409
train,13466.tif,0.335091
train,13467.tif,0.297572
train,13468.tif,0.328318
train,13469.tif,0.30722
train,1347.tif,0.281414
train,13470.tif,0.283665
train,13471.tif,0.320027
train,13472.tif,0.299791
train,13473.tif,0.321469
train,13474.tif,0.339517
train,13475.tif,0.266399
train,13476.tif,0.322388
train,13477.tif,0.305011
train,13478.tif,0.314392
train,13479.tif,0.29141
train,1348.tif,0.457793
train,13480.tif,0.298649
train,13481.tif,0.319326
train,13482.tif,0.276641
train,13483.tif,0.262647
train,13484.tif,0.343865
train,13485.tif,0.293891
train,13486.tif,0.348449
train,13487.tif,0.354587
train,13488.tif,0.310463
train,13489.tif,0.36081
train,1349.tif,0.378672
train,13490.tif,0.29355
train,13491.tif,0.329653
train,13492.tif,0.263502
train,13493.tif,0.325306
train,13494.tif,0.305412
train,13495.tif,0.329272
train,13496.tif,0.377753
train,13497.tif,0.313784
train,13498.tif,0.34763
train,13499.tif,0.315022
train,135.tif,0.390813
train,1350.tif,0.399354
train,13500.tif,0.258471
train,13501.tif,0.336192
train,13502.tif,0.288565
train,13503.tif,0.362517
train,13504.tif,0.291662
train,13505.tif,0.26297
train,13506.tif,0.261894
train,13507.tif,0.379467
train,13508.tif,0.298406
train,13509.tif,0.326324
train,1351.tif,0.320341
train,13510.tif,0.392827
train,13511.tif,0.331326
train,13512.tif,0.250501
train,13513.tif,0.305925
train,13514.tif,0.404144
train,13515.tif,0.426452
train,13516.tif,0.403615
train,13517.tif,0.392709
train,13518.tif,0.388992
train,13519.tif,0.39803
train,1352.tif,0.350492
train,13520.tif,0.314358
train,13521.tif,0.346076
train,13522.tif,0.384875
train,13523.tif,0.217003
train,13524.tif,0.273706
train,13525.tif,0.295702
train,13526.tif,0.279741
train,13527.tif,0.31926
train,13528.tif,0.356831
train,13529.tif,0.263649
train,1353.tif,0.343624
train,13530.tif,0.248611
train,13531.tif,0.273106
train,13532.tif,0.314046
train,13533.tif,0.354251
train,13534.tif,0.347033
train,13535.tif,0.351462
train,13536.tif,0.327759
train,13537.tif,0.328922
train,13538.tif,0.370196
train,13539.tif,0.315773
train,1354.tif,0.303211
train,13540.tif,0.37165
train,13541.tif,0.310511
train,13542.tif,0.29078
train,13543.tif,0.326772
train,13544.tif,0.347654
train,13545.tif,0.344128
train,13546.tif,0.255316
train,13547.tif,0.263619
train,13548.tif,0.351009
train,13549.tif,0.336842
train,1355.tif,0.362529
train,13550.tif,0.259096
train,13551.tif,0.374345
train,13552.tif,0.375594
train,13553.tif,0.385295
train,13554.tif,0.256894
train,13555.tif,0.699858
train,13556.tif,0.303312
train,13557.tif,0.385973
train,13558.tif,0.372402
train,13559.tif,0.400523
train,1356.tif,0.375845
train,13560.tif,0.282155
train,13561.tif,0.320274
train,13562.tif,0.347579
train,13563.tif,0.350974
train,13564.tif,0.283551
train,13565.tif,0.285618
train,13566.tif,0.264669
train,13567.tif,0.324473
train,13568.tif,0.446654
train,13569.tif,0.363349
train,1357.tif,0.351035
train,13570.tif,0.336358
train,13571.tif,0.412259
train,13572.tif,0.327877
train,13573.tif,0.326137
train,13574.tif,0.345778
train,13575.tif,0.326682
train,13576.tif,0.362885
train,13577.tif,0.294925
train,13578.tif,0.318621
train,13579.tif,0.351472
train,1358.tif,0.361198
train,13580.tif,0.427203
train,13581.tif,0.375032
train,13582.tif,0.359536
train,13583.tif,0.297435
train,13584.tif,0.236391
train,13585.tif,0.289411
train,13586.tif,0.264143
train,13587.tif,0.325774
train,13588.tif,0.338285
train,13589.tif,0.416235
train,1359.tif,0.332061
train,13590.tif,0.31768
train,13591.tif,0.315424
train,13592.tif,0.249748
train,13593.tif,0.330771
train,13594.tif,0.342322
train,13595.tif,0.332924
train,13596.tif,0.362716
train,13597.tif,0.261468
train,13598.tif,0.431179
train,13599.tif,0.410978
train,136.tif,0.338532
train,1360.tif,0.43431
train,13600.tif,0.313249
train,13601.tif,0.309889
train,13602.tif,0.273096
train,13603.tif,0.372601
train,13604.tif,0.410194
train,13605.tif,0.335339
train,13606.tif,0.353339
train,13607.tif,0.348488
train,13608.tif,0.28262
train,13609.tif,0.318036
train,1361.tif,0.371524
train,13610.tif,0.298565
train,13611.tif,0.310474
train,13612.tif,0.310669
train,13613.tif,0.328031
train,13614.tif,0.329169
train,13615.tif,0.363702
train,13616.tif,0.333488
train,13617.tif,0.337623
train,13618.tif,0.348918
train,13619.tif,0.330432
train,1362.tif,0.412327
train,13620.tif,0.454618
train,13621.tif,0.29133
train,13622.tif,0.313834
train,13623.tif,0.334913
train,13624.tif,0.291834
train,13625.tif,0.376674
train,13626.tif,0.314305
train,13627.tif,0.29354
train,13628.tif,0.330477
train,13629.tif,0.274512
train,1363.tif,0.379276
train,13630.tif,0.387011
train,13631.tif,0.335698
train,13632.tif,0.309931
train,13633.tif,0.373001
train,13634.tif,0.354048
train,13635.tif,0.307873
train,13636.tif,0.270775
train,13637.tif,0.399287
train,13638.tif,0.285414
train,13639.tif,0.366727
train,1364.tif,0.298242
train,13640.tif,0.338353
train,13641.tif,0.31792
train,13642.tif,0.322529
train,13643.tif,0.407109
train,13644.tif,0.328489
train,13645.tif,0.327438
train,13646.tif,0.324015
train,13647.tif,0.337985
train,13648.tif,0.323067
train,13649.tif,0.379271
train,1365.tif,0.436989
train,13650.tif,0.37893
train,13651.tif,0.319275
train,13652.tif,0.351882
train,13653.tif,0.366866
train,13654.tif,0.335128
train,13655.tif,0.300448
train,13656.tif,0.307997
train,13657.tif,0.357578
train,13658.tif,0.312739
train,13659.tif,0.231559
train,1366.tif,0.401989
train,13660.tif,0.372511
train,13661.tif,0.27794
train,13662.tif,0.30655
train,13663.tif,0.312939
train,13664.tif,0.317663
train,13665.tif,0.352184
train,13666.tif,0.286258
train,13667.tif,0.312337
train,13668.tif,0.353673
train,13669.tif,0.334862
train,1367.tif,0.436041
train,13670.tif,0.316929
train,13671.tif,0.210304
train,13672.tif,0.250658
train,13673.tif,0.363293
train,13674.tif,0.34886
train,13675.tif,0.317432
train,13676.tif,0.298299
train,13677.tif,0.261401
train,13678.tif,0.325995
train,13679.tif,0.313858
train,1368.tif,0.329943
train,13680.tif,0.278145
train,13681.tif,0.351129
train,13682.tif,0.347676
train,13683.tif,0.319981
train,13684.tif,0.35935
train,13685.tif,0.274609
train,13686.tif,0.30512
train,13687.tif,0.300696
train,13688.tif,0.247275
train,13689.tif,0.412224
train,1369.tif,0.301931
train,13690.tif,0.286976
train,13691.tif,0.387608
train,13692.tif,0.344334
train,13693.tif,0.334041
train,13694.tif,0.334902
train,13695.tif,0.424953
train,13696.tif,0.330774
train,13697.tif,0.348373
train,13698.tif,0.319675
train,13699.tif,0.324042
train,137.tif,0.33212
train,1370.tif,0.343579
train,13700.tif,0.333902
train,13701.tif,0.286114
train,13702.tif,0.28793
train,13703.tif,0.39656
train,13704.tif,0.255783
train,13705.tif,0.35184
train,13706.tif,0.302639
train,13707.tif,0.313285
train,13708.tif,0.402909
train,13709.tif,0.438535
train,1371.tif,0.430621
train,13710.tif,0.334713
train,13711.tif,0.378031
train,13712.tif,0.290476
train,13713.tif,0.243154
train,13714.tif,0.372531
train,13715.tif,0.395819
train,13716.tif,0.278826
train,13717.tif,0.434322
train,13718.tif,0.342097
train,13719.tif,0.308044
train,1372.tif,0.349706
train,13720.tif,0.290841
train,13721.tif,0.325147
train,13722.tif,0.341538
train,13723.tif,0.387195
train,13724.tif,0.291695
train,13725.tif,0.348614
train,13726.tif,0.326533
train,13727.tif,0.282838
train,13728.tif,0.378577
train,13729.tif,0.340744
train,1373.tif,0.194744
train,13730.tif,0.394109
train,13731.tif,0.342226
train,13732.tif,0.320749
train,13733.tif,0.279452
train,13734.tif,0.317927
train,13735.tif,0.273632
train,13736.tif,0.302641
train,13737.tif,0.316496
train,13738.tif,0.399396
train,13739.tif,0.295359
train,1374.tif,0.384012
train,13740.tif,0.349506
train,13741.tif,0.378066
train,13742.tif,0.39597
train,13743.tif,0.353555
train,13744.tif,0.265654
train,13745.tif,0.300325
train,13746.tif,0.289214
train,13747.tif,0.263621
train,13748.tif,0.319972
train,13749.tif,0.318791
train,1375.tif,0.415296
train,13750.tif,0.354279
train,13751.tif,0.355465
train,13752.tif,0.294235
train,13753.tif,0.281015
train,13754.tif,0.262942
train,13755.tif,0.308029
train,13756.tif,0.308069
train,13757.tif,0.304432
train,13758.tif,0.309643
train,13759.tif,0.404555
train,1376.tif,0.337339
train,13760.tif,0.32829
train,13761.tif,0.308436
train,13762.tif,0.296934
train,13763.tif,0.313804
train,13764.tif,0.333955
train,13765.tif,0.147632
train,13766.tif,0.349394
train,13767.tif,0.690253
train,13768.tif,0.299703
train,13769.tif,0.3078
train,1377.tif,0.422769
train,13770.tif,0.287672
train,13771.tif,0.312817
train,13772.tif,0.305728
train,13773.tif,0.328241
train,13774.tif,0.352757
train,13775.tif,0.343799
train,13776.tif,0.264722
train,13777.tif,0.282067
train,13778.tif,0.331857
train,13779.tif,0.322628
train,1378.tif,0.471035
train,13780.tif,0.325153
train,13781.tif,0.290357
train,13782.tif,0.393444
train,13783.tif,0.283866
train,13784.tif,0.329801
train,13785.tif,0.339015
train,13786.tif,0.373238
train,13787.tif,0.317111
train,13788.tif,0.343291
train,13789.tif,0.362262
train,1379.tif,0.25676
train,13790.tif,0.341816
train,13791.tif,0.262429
train,13792.tif,0.344799
train,13793.tif,0.447258
train,13794.tif,0.279461
train,13795.tif,0.367559
train,13796.tif,0.380366
train,13797.tif,0.262381
train,13798.tif,0.345488
train,13799.tif,0.388526
train,138.tif,0.403028
train,1380.tif,0.306987
train,13800.tif,0.348603
train,13801.tif,0.2302
train,13802.tif,0.340568
train,13803.tif,0.323918
train,13804.tif,0.253829
train,13805.tif,0.282636
train,13806.tif,0.304936
train,13807.tif,0.281799
train,13808.tif,0.415139
train,13809.tif,0.340617
train,1381.tif,0.327804
train,13810.tif,0.284276
train,13811.tif,0.324837
train,13812.tif,0.301385
train,13813.tif,0.328332
train,13814.tif,0.277174
train,13815.tif,0.310325
train,13816.tif,0.307364
train,13817.tif,0.269917
train,13818.tif,0.348884
train,13819.tif,0.268415
train,1382.tif,0.382348
train,13820.tif,0.320448
train,13821.tif,0.408051
train,13822.tif,0.328518
train,13823.tif,0.317132
train,13824.tif,0.311132
train,13825.tif,0.261837
train,13826.tif,0.350367
train,13827.tif,0.353106
train,13828.tif,0.407067
train,13829.tif,0.286079
train,1383.tif,0.301474
train,13830.tif,0.343487
train,13831.tif,0.322847
train,13832.tif,0.285596
train,13833.tif,0.33348
train,13834.tif,0.348944
train,13835.tif,0.304156
train,13836.tif,0.324337
train,13837.tif,0.36458
train,13838.tif,0.347986
train,13839.tif,0.352693
train,1384.tif,0.382141
train,13840.tif,0.304826
train,13841.tif,0.278914
train,13842.tif,0.28949
train,13843.tif,0.295429
train,13844.tif,0.394816
train,13845.tif,0.314219
train,13846.tif,0.257188
train,13847.tif,0.37609
train,13848.tif,0.360839
train,13849.tif,0.281697
train,1385.tif,0.344408
train,13850.tif,0.304319
train,13851.tif,0.294504
train,13852.tif,0.35289
train,13853.tif,0.28681
train,13854.tif,0.310677
train,13855.tif,0.305357
train,13856.tif,0.339009
train,13857.tif,0.36425
train,13858.tif,0.28607
train,13859.tif,0.315674
train,1386.tif,0.401629
train,13860.tif,0.346343
train,13861.tif,0.31839
train,13862.tif,0.316876
train,13863.tif,0.381083
train,13864.tif,0.255198
train,13865.tif,0.267318
train,13866.tif,0.313043
train,13867.tif,0.30875
train,13868.tif,0.299549
train,13869.tif,0.275169
train,1387.tif,0.345375
train,13870.tif,0.290551
train,13871.tif,0.309974
train,13872.tif,0.34895
train,13873.tif,0.301193
train,13874.tif,0.303521
train,13875.tif,0.297521
train,13876.tif,0.272626
train,13877.tif,0.398809
train,13878.tif,0.352567
train,13879.tif,0.307442
train,1388.tif,0.34725
train,13880.tif,0.350132
train,13881.tif,0.263958
train,13882.tif,0.343046
train,13883.tif,0.332312
train,13884.tif,0.363771
train,13885.tif,0.347402
train,13886.tif,0.332889
train,13887.tif,0.390855
train,13888.tif,0.384471
train,13889.tif,0.35849
train,1389.tif,0.377399
train,13890.tif,0.420065
train,13891.tif,0.389021
train,13892.tif,0.303141
train,13893.tif,0.305435
train,13894.tif,0.287283
train,13895.tif,0.366067
train,13896.tif,0.289724
train,13897.tif,0.253458
train,13898.tif,0.312453
train,13899.tif,0.366966
train,139.tif,0.35597
train,1390.tif,0.321146
train,13900.tif,0.320711
train,13901.tif,0.311858
train,13902.tif,0.338703
train,13903.tif,0.277235
train,13904.tif,0.278063
train,13905.tif,0.317667
train,13906.tif,0.329344
train,13907.tif,0.199706
train,13908.tif,0.352395
train,13909.tif,0.300873
train,1391.tif,0.294587
train,13910.tif,0.340508
train,13911.tif,0.307859
train,13912.tif,0.280279
train,13913.tif,0.346982
train,13914.tif,0.284258
train,13915.tif,0.309858
train,13916.tif,0.399307
train,13917.tif,0.294189
train,13918.tif,0.335914
train,13919.tif,0.308088
train,1392.tif,0.38004
train,13920.tif,0.343094
train,13921.tif,0.382479
train,13922.tif,0.321372
train,13923.tif,0.286539
train,13924.tif,0.3228
train,13925.tif,0.354075
train,13926.tif,0.328207
train,13927.tif,0.270337
train,13928.tif,0.312376
train,13929.tif,0.364604
train,1393.tif,0.325128
train,13930.tif,0.321713
train,13931.tif,0.292661
train,13932.tif,0.315249
train,13933.tif,0.335792
train,13934.tif,0.161076
train,13935.tif,0.344165
train,13936.tif,0.279976
train,13937.tif,0.283734
train,13938.tif,0.331178
train,13939.tif,0.412301
train,1394.tif,0.534648
train,13940.tif,0.315435
train,13941.tif,0.287557
train,13942.tif,0.386686
train,13943.tif,0.374731
train,13944.tif,0.359663
train,13945.tif,0.393074
train,13946.tif,0.349791
train,13947.tif,0.297056
train,13948.tif,0.31222
train,13949.tif,0.371383
train,1395.tif,0.351245
train,13950.tif,0.384246
train,13951.tif,0.330601
train,13952.tif,0.299984
train,13953.tif,0.299322
train,13954.tif,0.311372
train,13955.tif,0.264882
train,13956.tif,0.288647
train,13957.tif,0.301744
train,13958.tif,0.279388
train,13959.tif,0.342613
train,1396.tif,0.3186
train,13960.tif,0.281951
train,13961.tif,0.327119
train,13962.tif,0.300528
train,13963.tif,0.423252
train,13964.tif,0.270992
train,13965.tif,0.3131
train,13966.tif,0.422673
train,13967.tif,0.344149
train,13968.tif,0.270076
train,13969.tif,0.242818
train,1397.tif,0.412355
train,13970.tif,0.395206
train,13971.tif,0.301791
train,13972.tif,0.361388
train,13973.tif,0.411942
train,13974.tif,0.330816
train,13975.tif,0.297776
train,13976.tif,0.35196
train,13977.tif,0.381834
train,13978.tif,0.272672
train,13979.tif,0.337974
train,1398.tif,0.451707
train,13980.tif,0.290844
train,13981.tif,0.303931
train,13982.tif,0.315132
train,13983.tif,0.338084
train,13984.tif,0.259906
train,13985.tif,0.354984
train,13986.tif,0.211287
train,13987.tif,0.365972
train,13988.tif,0.393297
train,13989.tif,0.406652
train,1399.tif,0.281952
train,13990.tif,0.318264
train,13991.tif,0.308837
train,13992.tif,0.344003
train,13993.tif,0.36047
train,13994.tif,0.313157
train,13995.tif,0.297469
train,13996.tif,0.364976
train,13997.tif,0.289202
train,13998.tif,0.33719
train,13999.tif,0.324801
train,14.tif,0.339632
train,140.tif,0.399445
train,1400.tif,0.386464
train,14000.tif,0.297959
train,14001.tif,0.286324
train,14002.tif,0.290372
train,14003.tif,0.376951
train,14004.tif,0.375687
train,14005.tif,0.341791
train,14006.tif,0.255254
train,14007.tif,0.260346
train,14008.tif,0.287523
train,14009.tif,0.311487
train,1401.tif,0.282268
train,14010.tif,0.295484
train,14011.tif,0.327841
train,14012.tif,0.307739
train,14013.tif,0.33262
train,14014.tif,0.29409
train,14015.tif,0.30595
train,14016.tif,0.319702
train,14017.tif,0.275014
train,14018.tif,0.315189
train,14019.tif,0.458929
train,1402.tif,0.312941
train,14020.tif,0.272739
train,14021.tif,0.344507
train,14022.tif,0.310727
train,14023.tif,0.33103
train,14024.tif,0.313488
train,14025.tif,0.457619
train,14026.tif,0.32199
train,14027.tif,0.346452
train,14028.tif,0.24685
train,14029.tif,0.384281
train,1403.tif,0.317438
train,14030.tif,0.349531
train,14031.tif,0.317152
train,14032.tif,0.314817
train,14033.tif,0.424679
train,14034.tif,0.256821
train,14035.tif,0.298256
train,14036.tif,0.282396
train,14037.tif,0.317497
train,14038.tif,0.347871
train,14039.tif,0.352189
train,1404.tif,0.282506
train,14040.tif,0.411829
train,14041.tif,0.360259
train,14042.tif,0.32055
train,14043.tif,0.344584
train,14044.tif,0.346004
train,14045.tif,0.383462
train,14046.tif,0.24179
train,14047.tif,0.344773
train,14048.tif,0.305742
train,14049.tif,0.324956
train,1405.tif,0.338871
train,14050.tif,0.317874
train,14051.tif,0.281464
train,14052.tif,0.296776
train,14053.tif,0.299568
train,14054.tif,0.273661
train,14055.tif,0.292594
train,14056.tif,0.343189
train,14057.tif,0.399607
train,14058.tif,0.323287
train,14059.tif,0.518398
train,1406.tif,0.365038
train,14060.tif,0.309057
train,14061.tif,0.358104
train,14062.tif,0.318877
train,14063.tif,0.310478
train,14064.tif,0.398369
train,14065.tif,0.286819
train,14066.tif,0.305431
train,14067.tif,0.349438
train,14068.tif,0.321307
train,14069.tif,0.25959
train,1407.tif,0.341553
train,14070.tif,0.334082
train,14071.tif,0.301675
train,14072.tif,0.331635
train,14073.tif,0.315296
train,14074.tif,0.288456
train,14075.tif,0.3263
train,14076.tif,0.350026
train,14077.tif,0.295974
train,14078.tif,0.382149
train,14079.tif,0.312525
train,1408.tif,0.387112
train,14080.tif,0.211725
train,14081.tif,0.346598
train,14082.tif,0.382966
train,14083.tif,0.271369
train,14084.tif,0.30148
train,14085.tif,0.34141
train,14086.tif,0.388502
train,14087.tif,0.354016
train,14088.tif,0.321652
train,14089.tif,0.258122
train,1409.tif,0.377072
train,14090.tif,0.347766
train,14091.tif,0.280719
train,14092.tif,0.276754
train,14093.tif,0.284992
train,14094.tif,0.33511
train,14095.tif,0.321641
train,14096.tif,0.35967
train,14097.tif,0.311285
train,14098.tif,0.335789
train,14099.tif,0.299851
train,141.tif,0.411101
train,1410.tif,0.357891
train,14100.tif,0.335209
train,14101.tif,0.329936
train,14102.tif,0.302547
train,14103.tif,0.430513
train,14104.tif,0.321947
train,14105.tif,0.331644
train,14106.tif,0.300615
train,14107.tif,0.327018
train,14108.tif,0.28026
train,14109.tif,0.379144
train,1411.tif,0.342823
train,14110.tif,0.311167
train,14111.tif,0.353954
train,14112.tif,0.338998
train,14113.tif,0.325324
train,14114.tif,0.328424
train,14115.tif,0.323365
train,14116.tif,0.333769
train,14117.tif,0.281809
train,14118.tif,0.314849
train,14119.tif,0.304765
train,1412.tif,0.38833
train,14120.tif,0.332717
train,14121.tif,0.353683
train,14122.tif,0.294433
train,14123.tif,0.341611
train,14124.tif,0.243403
train,14125.tif,0.31984
train,14126.tif,0.391227
train,14127.tif,0.303957
train,14128.tif,0.312137
train,14129.tif,0.397248
train,1413.tif,0.293752
train,14130.tif,0.324925
train,14131.tif,0.296972
train,14132.tif,0.319156
train,14133.tif,0.423705
train,14134.tif,0.287639
train,14135.tif,0.372517
train,14136.tif,0.384022
train,14137.tif,0.316468
train,14138.tif,0.342103
train,14139.tif,0.306605
train,1414.tif,0.359014
train,14140.tif,0.379339
train,14141.tif,0.284494
train,14142.tif,0.228364
train,14143.tif,0.332634
train,14144.tif,0.29522
train,14145.tif,0.332222
train,14146.tif,0.316882
train,14147.tif,0.406538
train,14148.tif,0.356616
train,14149.tif,0.30213
train,1415.tif,0.336137
train,14150.tif,0.272619
train,14151.tif,0.286069
train,14152.tif,0.305557
train,14153.tif,0.38598
train,14154.tif,0.282409
train,14155.tif,0.405202
train,14156.tif,0.378659
train,14157.tif,0.274343
train,14158.tif,0.300053
train,14159.tif,0.27646
train,1416.tif,0.298582
train,14160.tif,0.336048
train,14161.tif,0.286581
train,14162.tif,0.315743
train,14163.tif,0.286314
train,14164.tif,0.310857
train,14165.tif,0.346336
train,14166.tif,0.364403
train,14167.tif,0.300757
train,14168.tif,0.297922
train,14169.tif,0.349355
train,1417.tif,0.311407
train,14170.tif,0.326573
train,14171.tif,0.37558
train,14172.tif,0.296608
train,14173.tif,0.302041
train,14174.tif,0.339045
train,14175.tif,0.42968
train,14176.tif,0.285438
train,14177.tif,0.282434
train,14178.tif,0.311546
train,14179.tif,0.321247
train,1418.tif,0.313792
train,14180.tif,0.323208
train,14181.tif,0.342333
train,14182.tif,0.3053
train,14183.tif,0.360185
train,14184.tif,0.296506
train,14185.tif,0.350717
train,14186.tif,0.385274
train,14187.tif,0.329111
train,14188.tif,0.412659
train,14189.tif,0.297662
train,1419.tif,0.359284
train,14190.tif,0.387528
train,14191.tif,0.355303
train,14192.tif,0.422644
train,14193.tif,0.386278
train,14194.tif,0.311168
train,14195.tif,0.339325
train,14196.tif,0.293619
train,14197.tif,0.22887
train,14198.tif,0.342116
train,14199.tif,0.317908
train,142.tif,0.411304
train,1420.tif,0.33714
train,14200.tif,0.31418
train,14201.tif,0.254052
train,14202.tif,0.364512
train,14203.tif,0.332901
train,14204.tif,0.371562
train,14205.tif,0.308341
train,14206.tif,0.290172
train,14207.tif,0.298574
train,14208.tif,0.289703
train,14209.tif,0.365915
train,1421.tif,0.352474
train,14210.tif,0.373559
train,14211.tif,0.307438
train,14212.tif,0.315342
train,14213.tif,0.341295
train,14214.tif,0.354119
train,14215.tif,0.311273
train,14216.tif,0.284359
train,14217.tif,0.38526
train,14218.tif,0.343793
train,14219.tif,0.575637
train,1422.tif,0.408731
train,14220.tif,0.383141
train,14221.tif,0.374038
train,14222.tif,0.318806
train,14223.tif,0.33888
train,14224.tif,0.413339
train,14225.tif,0.32625
train,14226.tif,0.335415
train,14227.tif,0.369726
train,14228.tif,0.388783
train,14229.tif,0.437013
train,1423.tif,0.432726
train,14230.tif,0.294537
train,14231.tif,0.317162
train,14232.tif,0.28745
train,14233.tif,0.19156
train,14234.tif,0.373179
train,14235.tif,0.264809
train,14236.tif,0.293124
train,14237.tif,0.297204
train,14238.tif,0.363582
train,14239.tif,0.304917
train,1424.tif,0.387633
train,14240.tif,0.301731
train,14241.tif,0.327259
train,14242.tif,0.302951
train,14243.tif,0.319007
train,14244.tif,0.330609
train,14245.tif,0.323357
train,14246.tif,0.291511
train,14247.tif,0.374144
train,14248.tif,0.302956
train,14249.tif,0.385335
train,1425.tif,0.391787
train,14250.tif,0.333186
train,14251.tif,0.336199
train,14252.tif,0.387925
train,14253.tif,0.363602
train,14254.tif,0.31302
train,14255.tif,0.290791
train,14256.tif,0.343163
train,14257.tif,0.238407
train,14258.tif,0.270178
train,14259.tif,0.358031
train,1426.tif,0.316375
train,14260.tif,0.308546
train,14261.tif,0.267109
train,14262.tif,0.332392
train,14263.tif,0.351231
train,14264.tif,0.371019
train,14265.tif,0.302546
train,14266.tif,0.456142
train,14267.tif,0.264136
train,14268.tif,0.285124
train,14269.tif,0.37002
train,1427.tif,0.378766
train,14270.tif,0.352979
train,14271.tif,0.288783
train,14272.tif,0.348073
train,14273.tif,0.289864
train,14274.tif,0.300023
train,14275.tif,0.36108
train,14276.tif,0.573721
train,14277.tif,0.341249
train,14278.tif,0.43424
train,14279.tif,0.353799
train,1428.tif,0.367358
train,14280.tif,0.310548
train,14281.tif,0.288487
train,14282.tif,0.426845
train,14283.tif,0.341608
train,14284.tif,0.338084
train,14285.tif,0.314909
train,14286.tif,0.254196
train,14287.tif,0.316596
train,14288.tif,0.349491
train,14289.tif,0.356686
train,1429.tif,0.297754
train,14290.tif,0.238247
train,14291.tif,0.337142
train,14292.tif,0.333606
train,14293.tif,0.361566
train,14294.tif,0.318771
train,14295.tif,0.319062
train,14296.tif,0.398398
train,14297.tif,0.683305
train,14298.tif,0.269867
train,14299.tif,0.338898
train,143.tif,0.361844
train,1430.tif,0.377035
train,14300.tif,0.276507
train,14301.tif,0.351942
train,14302.tif,0.333109
train,14303.tif,0.316346
train,14304.tif,0.30961
train,14305.tif,0.317785
train,14306.tif,0.422276
train,14307.tif,0.335835
train,14308.tif,0.384133
train,14309.tif,0.332891
train,1431.tif,0.292431
train,14310.tif,0.308492
train,14311.tif,0.337429
train,14312.tif,0.39346
train,14313.tif,0.315195
train,14314.tif,0.274293
train,14315.tif,0.254712
train,14316.tif,0.286329
train,14317.tif,0.427359
train,14318.tif,0.315844
train,14319.tif,0.372829
train,1432.tif,0.367648
train,14320.tif,0.377968
train,14321.tif,0.308244
train,14322.tif,0.333629
train,14323.tif,0.304332
train,14324.tif,0.306732
train,14325.tif,0.352972
train,14326.tif,0.261866
train,14327.tif,0.370527
train,14328.tif,0.337996
train,14329.tif,0.293356
train,1433.tif,0.399844
train,14330.tif,0.321602
train,14331.tif,0.316711
train,14332.tif,0.324408
train,14333.tif,0.376981
train,14334.tif,0.235708
train,14335.tif,0.34207
train,14336.tif,0.309521
train,14337.tif,0.324378
train,14338.tif,0.336946
train,14339.tif,0.291856
train,1434.tif,0.38323
train,14340.tif,0.29418
train,14341.tif,0.332811
train,14342.tif,0.300655
train,14343.tif,0.302458
train,14344.tif,0.280458
train,14345.tif,0.309353
train,14346.tif,0.287803
train,14347.tif,0.283925
train,14348.tif,0.329343
train,14349.tif,0.252669
train,1435.tif,0.369559
train,14350.tif,0.292129
train,14351.tif,0.352584
train,14352.tif,0.365292
train,14353.tif,0.350933
train,14354.tif,0.325633
train,14355.tif,0.346909
train,14356.tif,0.322659
train,14357.tif,0.302048
train,14358.tif,0.355341
train,14359.tif,0.272412
train,1436.tif,0.370319
train,14360.tif,0.391812
train,14361.tif,0.314434
train,14362.tif,0.443547
train,14363.tif,0.315459
train,14364.tif,0.309149
train,14365.tif,0.291108
train,14366.tif,0.357009
train,14367.tif,0.294685
train,14368.tif,0.293542
train,14369.tif,0.266499
train,1437.tif,0.332406
train,14370.tif,0.333055
train,14371.tif,0.360027
train,14372.tif,0.334829
train,14373.tif,0.346869
train,14374.tif,0.357605
train,14375.tif,0.344543
train,14376.tif,0.344643
train,14377.tif,0.198778
train,14378.tif,0.311203
train,14379.tif,0.404422
train,1438.tif,0.34074
train,14380.tif,0.298883
train,14381.tif,0.332026
train,14382.tif,0.24621
train,14383.tif,0.332754
train,14384.tif,0.288791
train,14385.tif,0.27151
train,14386.tif,0.371808
train,14387.tif,0.258732
train,14388.tif,0.40173
train,14389.tif,0.299513
train,1439.tif,0.312112
train,14390.tif,0.261951
train,14391.tif,0.319198
train,14392.tif,0.751553
train,14393.tif,0.239147
train,14394.tif,0.264455
train,14395.tif,0.281998
train,14396.tif,0.421782
train,14397.tif,0.321701
train,14398.tif,0.369136
train,14399.tif,0.283315
train,144.tif,0.39549
train,1440.tif,0.391424
train,14400.tif,0.315991
train,14401.tif,0.328528
train,14402.tif,0.38431
train,14403.tif,0.274471
train,14404.tif,0.317634
train,14405.tif,0.341291
train,14406.tif,0.332186
train,14407.tif,0.297462
train,14408.tif,0.333243
train,14409.tif,0.272702
train,1441.tif,0.310472
train,14410.tif,0.277814
train,14411.tif,0.343145
train,14412.tif,0.352874
train,14413.tif,0.288618
train,14414.tif,0.338194
train,14415.tif,0.376835
train,14416.tif,0.322163
train,14417.tif,0.297615
train,14418.tif,0.386244
train,14419.tif,0.362427
train,1442.tif,0.384514
train,14420.tif,0.365333
train,14421.tif,0.372233
train,14422.tif,0.292313
train,14423.tif,0.344675
train,14424.tif,0.304172
train,14425.tif,0.281029
train,14426.tif,0.323007
train,14427.tif,0.249787
train,14428.tif,0.31703
train,14429.tif,0.275811
train,1443.tif,0.285672
train,14430.tif,0.30924
train,14431.tif,0.311579
train,14432.tif,0.348422
train,14433.tif,0.303657
train,14434.tif,0.302323
train,14435.tif,0.302502
train,14436.tif,0.300516
train,14437.tif,0.243404
train,14438.tif,0.324531
train,14439.tif,0.312666
train,1444.tif,0.396809
train,14440.tif,0.230742
train,14441.tif,0.311636
train,14442.tif,0.277856
train,14443.tif,0.300032
train,14444.tif,0.336386
train,14445.tif,0.334456
train,14446.tif,0.351176
train,14447.tif,0.309418
train,14448.tif,0.265439
train,14449.tif,0.324714
train,1445.tif,0.334892
train,14450.tif,0.37742
train,14451.tif,0.323736
train,14452.tif,0.273734
train,14453.tif,0.360022
train,14454.tif,0.395742
train,14455.tif,0.335473
train,14456.tif,0.368138
train,14457.tif,0.333605
train,14458.tif,0.227472
train,14459.tif,0.304205
train,1446.tif,0.32946
train,14460.tif,0.255637
train,14461.tif,0.310915
train,14462.tif,0.238492
train,14463.tif,0.28193
train,14464.tif,0.328464
train,14465.tif,0.350374
train,14466.tif,0.325367
train,14467.tif,0.333454
train,14468.tif,0.321048
train,14469.tif,0.342009
train,1447.tif,0.345262
train,14470.tif,0.263313
train,14471.tif,0.319856
train,14472.tif,0.346136
train,14473.tif,0.340912
train,14474.tif,0.383622
train,14475.tif,0.402999
train,14476.tif,0.281995
train,14477.tif,0.28212
train,14478.tif,0.283561
train,14479.tif,0.361025
train,1448.tif,0.20578
train,14480.tif,0.319201
train,14481.tif,0.306709
train,14482.tif,0.348589
train,14483.tif,0.324331
train,14484.tif,0.332327
train,14485.tif,0.291045
train,14486.tif,0.287803
train,14487.tif,0.336056
train,14488.tif,0.426296
train,14489.tif,0.294998
train,1449.tif,0.359318
train,14490.tif,0.279898
train,14491.tif,0.237138
train,14492.tif,0.731957
train,14493.tif,0.352311
train,14494.tif,0.292994
train,14495.tif,0.330954
train,14496.tif,0.333107
train,14497.tif,0.349697
train,14498.tif,0.259013
train,14499.tif,0.293333
train,145.tif,0.376376
train,1450.tif,0.301229
train,14500.tif,0.397824
train,14501.tif,0.314424
train,14502.tif,0.391002
train,14503.tif,0.326217
train,14504.tif,0.275801
train,14505.tif,0.356605
train,14506.tif,0.34587
train,14507.tif,0.226383
train,14508.tif,0.291591
train,14509.tif,0.347979
train,1451.tif,0.366768
train,14510.tif,0.322713
train,14511.tif,0.298266
train,14512.tif,0.291358
train,14513.tif,0.271984
train,14514.tif,0.297597
train,14515.tif,0.371396
train,14516.tif,0.327438
train,14517.tif,0.288849
train,14518.tif,0.323519
train,14519.tif,0.355432
train,1452.tif,0.355378
train,14520.tif,0.60233
train,14521.tif,0.287443
train,14522.tif,0.339044
train,14523.tif,0.335332
train,14524.tif,0.304805
train,14525.tif,0.286865
train,14526.tif,0.295595
train,14527.tif,0.340758
train,14528.tif,0.390245
train,14529.tif,0.29186
train,1453.tif,0.329143
train,14530.tif,0.342698
train,14531.tif,0.281959
train,14532.tif,0.434571
train,14533.tif,0.278667
train,14534.tif,0.358792
train,14535.tif,0.411109
train,14536.tif,0.294715
train,14537.tif,0.304174
train,14538.tif,0.314406
train,14539.tif,0.277426
train,1454.tif,0.312641
train,14540.tif,0.317054
train,14541.tif,0.343749
train,14542.tif,0.35572
train,14543.tif,0.341276
train,14544.tif,0.315825
train,14545.tif,0.365831
train,14546.tif,0.30449
train,14547.tif,0.379103
train,14548.tif,0.282394
train,14549.tif,0.333147
train,1455.tif,0.312698
train,14550.tif,0.333325
train,14551.tif,0.196713
train,14552.tif,0.310353
train,14553.tif,0.296942
train,14554.tif,0.343959
train,14555.tif,0.324981
train,14556.tif,0.349446
train,14557.tif,0.310295
train,14558.tif,0.403542
train,14559.tif,0.295012
train,1456.tif,0.353483
train,14560.tif,0.374355
train,14561.tif,0.347309
train,14562.tif,0.339156
train,14563.tif,0.334519
train,14564.tif,0.399516
train,14565.tif,0.334052
train,14566.tif,0.393151
train,14567.tif,0.315023
train,14568.tif,0.29042
train,14569.tif,0.359357
train,1457.tif,0.368011
train,14570.tif,0.377516
train,14571.tif,0.372615
train,14572.tif,0.471768
train,14573.tif,0.416869
train,14574.tif,0.308843
train,14575.tif,0.446611
train,14576.tif,0.307594
train,14577.tif,0.264555
train,14578.tif,0.336149
train,14579.tif,0.317494
train,1458.tif,0.364264
train,14580.tif,0.250942
train,14581.tif,0.389709
train,14582.tif,0.307913
train,14583.tif,0.320757
train,14584.tif,0.309474
train,14585.tif,0.390632
train,14586.tif,0.389871
train,14587.tif,0.288871
train,14588.tif,0.282284
train,14589.tif,0.299932
train,1459.tif,0.301337
train,14590.tif,0.312311
train,14591.tif,0.407506
train,14592.tif,0.257597
train,14593.tif,0.294747
train,14594.tif,0.676963
train,14595.tif,0.349512
train,14596.tif,0.357273
train,14597.tif,0.354056
train,14598.tif,0.375744
train,14599.tif,0.292883
train,146.tif,0.321842
train,1460.tif,0.301151
train,14600.tif,0.335118
train,14601.tif,0.650804
train,14602.tif,0.364686
train,14603.tif,0.313279
train,14604.tif,0.367275
train,14605.tif,0.3327
train,14606.tif,0.375328
train,14607.tif,0.310818
train,14608.tif,0.465545
train,14609.tif,0.363042
train,1461.tif,0.260184
train,14610.tif,0.344083
train,14611.tif,0.318686
train,14612.tif,0.232165
train,14613.tif,0.265935
train,14614.tif,0.235745
train,14615.tif,0.374248
train,14616.tif,0.318142
train,14617.tif,0.323978
train,14618.tif,0.301764
train,14619.tif,0.266677
train,1462.tif,0.378645
train,14620.tif,0.34973
train,14621.tif,0.393475
train,14622.tif,0.296106
train,14623.tif,0.237094
train,14624.tif,0.261317
train,14625.tif,0.317885
train,14626.tif,0.296113
train,14627.tif,0.321349
train,14628.tif,0.39422
train,14629.tif,0.314213
train,1463.tif,0.329343
train,14630.tif,0.369588
train,14631.tif,0.373907
train,14632.tif,0.293089
train,14633.tif,0.319148
train,14634.tif,0.352501
train,14635.tif,0.284859
train,14636.tif,0.306547
train,14637.tif,0.357752
train,14638.tif,0.334826
train,14639.tif,0.403421
train,1464.tif,0.347962
train,14640.tif,0.308248
train,14641.tif,0.333122
train,14642.tif,0.282398
train,14643.tif,0.370939
train,14644.tif,0.300582
train,14645.tif,0.347418
train,14646.tif,0.236458
train,14647.tif,0.275478
train,14648.tif,0.402169
train,14649.tif,0.305895
train,1465.tif,0.375643
train,14650.tif,0.300813
train,14651.tif,0.304354
train,14652.tif,0.332446
train,14653.tif,0.342683
train,14654.tif,0.225386
train,14655.tif,0.316125
train,14656.tif,0.358196
train,14657.tif,0.326526
train,14658.tif,0.336867
train,14659.tif,0.466933
train,1466.tif,0.341385
train,14660.tif,0.22314
train,14661.tif,0.325639
train,14662.tif,0.281278
train,14663.tif,0.277465
train,14664.tif,0.344325
train,14665.tif,0.309533
train,14666.tif,0.302124
train,14667.tif,0.336298
train,14668.tif,0.343684
train,14669.tif,0.269061
train,1467.tif,0.31633
train,14670.tif,0.423773
train,14671.tif,0.238754
train,14672.tif,0.356637
train,14673.tif,0.280784
train,14674.tif,0.336792
train,14675.tif,0.362669
train,14676.tif,0.334165
train,14677.tif,0.230663
train,14678.tif,0.313369
train,14679.tif,0.287867
train,1468.tif,0.385794
train,14680.tif,0.328718
train,14681.tif,0.315154
train,14682.tif,0.340739
train,14683.tif,0.373009
train,14684.tif,0.272365
train,14685.tif,0.316525
train,14686.tif,0.29572
train,14687.tif,0.36342
train,14688.tif,0.331188
train,14689.tif,0.247541
train,1469.tif,0.316624
train,14690.tif,0.287917
train,14691.tif,0.260131
train,14692.tif,0.302509
train,14693.tif,0.298307
train,14694.tif,0.415777
train,14695.tif,0.404807
train,14696.tif,0.33412
train,14697.tif,0.302387
train,14698.tif,0.325081
train,14699.tif,0.304544
train,147.tif,0.389888
train,1470.tif,0.351293
train,14700.tif,0.313079
train,14701.tif,0.361566
train,14702.tif,0.354552
train,14703.tif,0.293394
train,14704.tif,0.325845
train,14705.tif,0.320531
train,14706.tif,0.300948
train,14707.tif,0.372375
train,14708.tif,0.250276
train,14709.tif,0.401623
train,1471.tif,0.352187
train,14710.tif,0.287506
train,14711.tif,0.323911
train,14712.tif,0.406414
train,14713.tif,0.211758
train,14714.tif,0.267638
train,14715.tif,0.319724
train,14716.tif,0.276433
train,14717.tif,0.343914
train,14718.tif,0.333285
train,14719.tif,0.368956
train,1472.tif,0.412478
train,14720.tif,0.368777
train,14721.tif,0.279987
train,14722.tif,0.352638
train,14723.tif,0.351105
train,14724.tif,0.301077
train,14725.tif,0.317402
train,14726.tif,0.289309
train,14727.tif,0.384582
train,14728.tif,0.261327
train,14729.tif,0.417238
train,1473.tif,0.318035
train,14730.tif,0.308979
train,14731.tif,0.301783
train,14732.tif,0.395653
train,14733.tif,0.345291
train,14734.tif,0.233753
train,14735.tif,0.25817
train,14736.tif,0.343928
train,14737.tif,0.344396
train,14738.tif,0.330277
train,14739.tif,0.37091
train,1474.tif,0.316954
train,14740.tif,0.295975
train,14741.tif,0.504025
train,14742.tif,0.277946
train,14743.tif,0.291633
train,14744.tif,0.313087
train,14745.tif,0.348823
train,14746.tif,0.288887
train,14747.tif,0.35747
train,14748.tif,0.302362
train,14749.tif,0.304666
train,1475.tif,0.339942
train,14750.tif,0.325778
train,14751.tif,0.322137
train,14752.tif,0.351566
train,14753.tif,0.323114
train,14754.tif,0.404804
train,14755.tif,0.358398
train,14756.tif,0.397106
train,14757.tif,0.316813
train,14758.tif,0.296193
train,14759.tif,0.399729
train,1476.tif,0.382596
train,14760.tif,0.392087
train,14761.tif,0.399216
train,14762.tif,0.333348
train,14763.tif,0.352754
train,14764.tif,0.365712
train,14765.tif,0.456988
train,14766.tif,0.400208
train,14767.tif,0.302532
train,14768.tif,0.39479
train,14769.tif,0.367334
train,1477.tif,0.349034
train,14770.tif,0.331252
train,14771.tif,0.331072
train,14772.tif,0.294579
train,14773.tif,0.354682
train,14774.tif,0.399103
train,14775.tif,0.286786
train,14776.tif,0.436824
train,14777.tif,0.339451
train,14778.tif,0.386807
train,14779.tif,0.334056
train,1478.tif,0.377015
train,14780.tif,0.375305
train,14781.tif,0.385673
train,14782.tif,0.326819
train,14783.tif,0.383988
train,14784.tif,0.285444
train,14785.tif,0.33615
train,14786.tif,0.428429
train,14787.tif,0.300464
train,14788.tif,0.40859
train,14789.tif,0.43276
train,1479.tif,0.365986
train,14790.tif,0.209241
train,14791.tif,0.363643
train,14792.tif,0.446684
train,14793.tif,0.322911
train,14794.tif,0.239691
train,14795.tif,0.471555
train,14796.tif,0.414759
train,14797.tif,0.462001
train,14798.tif,0.285443
train,14799.tif,0.416572
train,148.tif,0.396935
train,1480.tif,0.338297
train,14800.tif,0.287259
train,14801.tif,0.26226
train,14802.tif,0.341667
train,14803.tif,0.422044
train,14804.tif,0.334424
train,14805.tif,0.271053
train,14806.tif,0.277209
train,14807.tif,0.373802
train,14808.tif,0.348922
train,14809.tif,0.456642
train,1481.tif,0.362824
train,14810.tif,0.328923
train,14811.tif,0.347777
train,14812.tif,0.326113
train,14813.tif,0.249962
train,14814.tif,0.397155
train,14815.tif,0.331339
train,14816.tif,0.359959
train,14817.tif,0.441779
train,14818.tif,0.340542
train,14819.tif,0.307047
train,1482.tif,0.326585
train,14820.tif,0.36812
train,14821.tif,0.356346
train,14822.tif,0.191554
train,14823.tif,0.36741
train,14824.tif,0.354994
train,14825.tif,0.287265
train,14826.tif,0.33678
train,14827.tif,0.441303
train,14828.tif,0.448286
train,14829.tif,0.404627
train,1483.tif,0.305157
train,14830.tif,0.331777
train,14831.tif,0.420468
train,14832.tif,0.325263
train,14833.tif,0.372322
train,14834.tif,0.243296
train,14835.tif,0.377807
train,14836.tif,0.380645
train,14837.tif,0.296321
train,14838.tif,0.298422
train,14839.tif,0.461918
train,1484.tif,0.387007
train,14840.tif,0.380776
train,14841.tif,0.280103
train,14842.tif,0.36997
train,14843.tif,0.38371
train,14844.tif,0.374616
train,14845.tif,0.401082
train,14846.tif,0.224049
train,14847.tif,0.326504
train,14848.tif,0.384113
train,14849.tif,0.329059
train,1485.tif,0.325936
train,14850.tif,0.284365
train,14851.tif,0.405746
train,14852.tif,0.320025
train,14853.tif,0.399027
train,14854.tif,0.288919
train,14855.tif,0.460159
train,14856.tif,0.350636
train,14857.tif,0.382083
train,14858.tif,0.342548
train,14859.tif,0.409204
train,1486.tif,0.303774
train,14860.tif,0.27397
train,14861.tif,0.396066
train,14862.tif,0.329965
train,14863.tif,0.455357
train,14864.tif,0.297052
train,14865.tif,0.36027
train,14866.tif,0.398095
train,14867.tif,0.301683
train,14868.tif,0.419035
train,14869.tif,0.368066
train,1487.tif,0.421651
train,14870.tif,0.387414
train,14871.tif,0.334266
train,14872.tif,0.275078
train,14873.tif,0.272484
train,14874.tif,0.332025
train,14875.tif,0.415503
train,14876.tif,0.36777
train,14877.tif,0.424262
train,14878.tif,0.186022
train,14879.tif,0.370564
train,1488.tif,0.376801
train,14880.tif,0.295351
train,14881.tif,0.255357
train,14882.tif,0.339817
train,14883.tif,0.34695
train,14884.tif,0.260415
train,14885.tif,0.435576
train,14886.tif,0.3175
train,14887.tif,0.419413
train,14888.tif,0.329517
train,14889.tif,0.369939
train,1489.tif,0.309349
train,14890.tif,0.360161
train,14891.tif,0.272248
train,14892.tif,0.306415
train,14893.tif,0.370932
train,14894.tif,0.40254
train,14895.tif,0.317596
train,14896.tif,0.313726
train,14897.tif,0.338284
train,14898.tif,0.206194
train,14899.tif,0.321244
train,149.tif,0.318247
train,1490.tif,0.319973
train,14900.tif,0.280197
train,14901.tif,0.398845
train,14902.tif,0.336315
train,14903.tif,0.351818
train,14904.tif,0.392414
train,14905.tif,0.377878
train,14906.tif,0.359275
train,14907.tif,0.416845
train,14908.tif,0.341711
train,14909.tif,0.39164
train,1491.tif,0.331911
train,14910.tif,0.327263
train,14911.tif,0.175551
train,14912.tif,0.301737
train,14913.tif,0.427104
train,14914.tif,0.275916
train,14915.tif,0.31842
train,14916.tif,0.356237
train,14917.tif,0.276582
train,14918.tif,0.271523
train,14919.tif,0.366089
train,1492.tif,0.370026
train,14920.tif,0.348201
train,14921.tif,0.358141
train,14922.tif,0.374826
train,14923.tif,0.429235
train,14924.tif,0.386304
train,14925.tif,0.419784
train,14926.tif,0.333225
train,14927.tif,0.420446
train,14928.tif,0.359019
train,14929.tif,0.350788
train,1493.tif,0.344296
train,14930.tif,0.347179
train,14931.tif,0.295105
train,14932.tif,0.424587
train,14933.tif,0.360634
train,14934.tif,0.387986
train,14935.tif,0.264504
train,14936.tif,0.328317
train,14937.tif,0.313701
train,14938.tif,0.398791
train,14939.tif,0.275045
train,1494.tif,0.357158
train,14940.tif,0.399564
train,14941.tif,0.25395
train,14942.tif,0.327266
train,14943.tif,0.374057
train,14944.tif,0.310326
train,14945.tif,0.416422
train,14946.tif,0.443422
train,14947.tif,0.374532
train,14948.tif,0.306354
train,14949.tif,0.326392
train,1495.tif,0.393568
train,14950.tif,0.428347
train,14951.tif,0.345648
train,14952.tif,0.411215
train,14953.tif,0.305134
train,14954.tif,0.393718
train,14955.tif,0.410636
train,14956.tif,0.330584
train,14957.tif,0.361748
train,14958.tif,0.332688
train,14959.tif,0.421211
train,1496.tif,0.318543
train,14960.tif,0.416378
train,14961.tif,0.363528
train,14962.tif,0.345418
train,14963.tif,0.377439
train,14964.tif,0.379133
train,14965.tif,0.283028
train,14966.tif,0.333492
train,14967.tif,0.270655
train,14968.tif,0.248503
train,14969.tif,0.290939
train,1497.tif,0.341017
train,14970.tif,0.267304
train,14971.tif,0.423551
train,14972.tif,0.367193
train,14973.tif,0.373344
train,14974.tif,0.453883
train,14975.tif,0.357851
train,14976.tif,0.330266
train,14977.tif,0.385637
train,14978.tif,0.351717
train,14979.tif,0.389533
train,1498.tif,0.383318
train,14980.tif,0.388899
train,14981.tif,0.282691
train,14982.tif,0.314921
train,14983.tif,0.339306
train,14984.tif,0.286531
train,14985.tif,0.241902
train,14986.tif,0.337085
train,14987.tif,0.402842
train,14988.tif,0.30576
train,14989.tif,0.277388
train,1499.tif,0.36082
train,14990.tif,0.346317
train,14991.tif,0.414496
train,14992.tif,0.278076
train,14993.tif,0.367094
train,14994.tif,0.257603
train,14995.tif,0.334449
train,14996.tif,0.338962
train,14997.tif,0.265146
train,14998.tif,0.39418
train,14999.tif,0.317913
train,15.tif,0.320635
train,150.tif,0.356384
train,1500.tif,0.259562
train,15000.tif,0.2559
train,15001.tif,0.406103
train,15002.tif,0.33973
train,15003.tif,0.278074
train,15004.tif,0.419086
train,15005.tif,0.265041
train,15006.tif,0.312853
train,15007.tif,0.379576
train,15008.tif,0.389725
train,15009.tif,0.355062
train,1501.tif,0.340959
train,15010.tif,0.405698
train,15011.tif,0.338448
train,15012.tif,0.359546
train,15013.tif,0.345558
train,15014.tif,0.323578
train,15015.tif,0.312768
train,15016.tif,0.309299
train,15017.tif,0.351675
train,15018.tif,0.309581
train,15019.tif,0.304431
train,1502.tif,0.359358
train,15020.tif,0.330976
train,15021.tif,0.209279
train,15022.tif,0.208841
train,15023.tif,0.319618
train,15024.tif,0.282144
train,15025.tif,0.316908
train,15026.tif,0.335507
train,15027.tif,0.390761
train,15028.tif,0.344709
train,15029.tif,0.412225
train,1503.tif,0.380412
train,15030.tif,0.370973
train,15031.tif,0.317747
train,15032.tif,0.389073
train,15033.tif,0.271581
train,15034.tif,0.399619
train,15035.tif,0.388884
train,15036.tif,0.425321
train,15037.tif,0.26227
train,15038.tif,0.388064
train,15039.tif,0.453012
train,1504.tif,0.421383
train,15040.tif,0.308052
train,15041.tif,0.348867
train,15042.tif,0.397893
train,15043.tif,0.320383
train,15044.tif,0.407461
train,15045.tif,0.280902
train,15046.tif,0.401766
train,15047.tif,0.397208
train,15048.tif,0.33956
train,15049.tif,0.231611
train,1505.tif,0.391497
train,15050.tif,0.296105
train,15051.tif,0.405548
train,15052.tif,0.420893
train,15053.tif,0.36835
train,15054.tif,0.265317
train,15055.tif,0.349261
train,15056.tif,0.480528
train,15057.tif,0.310777
train,15058.tif,0.289628
train,15059.tif,0.340305
train,1506.tif,0.315291
train,15060.tif,0.386874
train,15061.tif,0.280183
train,15062.tif,0.362362
train,15063.tif,0.304524
train,15064.tif,0.444126
train,15065.tif,0.346352
train,15066.tif,0.429044
train,15067.tif,0.448447
train,15068.tif,0.38139
train,15069.tif,0.290127
train,1507.tif,0.323408
train,15070.tif,0.393955
train,15071.tif,0.328946
train,15072.tif,0.369177
train,15073.tif,0.403325
train,15074.tif,0.365042
train,15075.tif,0.38566
train,15076.tif,0.307219
train,15077.tif,0.509924
train,15078.tif,0.394623
train,15079.tif,0.325326
train,1508.tif,0.353601
train,15080.tif,0.273553
train,15081.tif,0.391183
train,15082.tif,0.353669
train,15083.tif,0.342951
train,15084.tif,0.426284
train,15085.tif,0.325894
train,15086.tif,0.341498
train,15087.tif,0.331839
train,15088.tif,0.407408
train,15089.tif,0.399912
train,1509.tif,0.342377
train,15090.tif,0.4077
train,15091.tif,0.290324
train,15092.tif,0.375866
train,15093.tif,0.350207
train,15094.tif,0.421301
train,15095.tif,0.321761
train,15096.tif,0.334379
train,15097.tif,0.317813
train,15098.tif,0.342903
train,15099.tif,0.30876
train,151.tif,0.368234
train,1510.tif,0.233071
train,15100.tif,0.303389
train,15101.tif,0.326904
train,15102.tif,0.319428
train,15103.tif,0.196173
train,15104.tif,0.360534
train,15105.tif,0.341576
train,15106.tif,0.278924
train,15107.tif,0.422035
train,15108.tif,0.30636
train,15109.tif,0.277808
train,1511.tif,0.394227
train,15110.tif,0.409777
train,15111.tif,0.233519
train,15112.tif,0.326456
train,15113.tif,0.283935
train,15114.tif,0.369695
train,15115.tif,0.371153
train,15116.tif,0.331714
train,15117.tif,0.287995
train,15118.tif,0.291923
train,15119.tif,0.342056
train,1512.tif,0.283108
train,15120.tif,0.376149
train,15121.tif,0.389447
train,15122.tif,0.386175
train,15123.tif,0.294456
train,15124.tif,0.32922
train,15125.tif,0.292205
train,15126.tif,0.305135
train,15127.tif,0.304897
train,15128.tif,0.257688
train,15129.tif,0.189207
train,1513.tif,0.391066
train,15130.tif,0.260769
train,15131.tif,0.302891
train,15132.tif,0.351294
train,15133.tif,0.382912
train,15134.tif,0.312527
train,15135.tif,0.298607
train,15136.tif,0.276006
train,15137.tif,0.264234
train,15138.tif,0.338981
train,15139.tif,0.251543
train,1514.tif,0.403789
train,15140.tif,0.307408
train,15141.tif,0.339628
train,15142.tif,0.315921
train,15143.tif,0.324526
train,15144.tif,0.360839
train,15145.tif,0.332625
train,15146.tif,0.278886
train,15147.tif,0.416859
train,15148.tif,0.382791
train,15149.tif,0.282805
train,1515.tif,0.339132
train,15150.tif,0.270474
train,15151.tif,0.329878
train,15152.tif,0.327187
train,15153.tif,0.333526
train,15154.tif,0.303832
train,15155.tif,0.383017
train,15156.tif,0.290454
train,15157.tif,0.30925
train,15158.tif,0.325835
train,15159.tif,0.345708
train,1516.tif,0.426629
train,15160.tif,0.292184
train,15161.tif,0.320023
train,15162.tif,0.29431
train,15163.tif,0.295525
train,15164.tif,0.298343
train,15165.tif,0.278628
train,15166.tif,0.38156
train,15167.tif,0.516087
train,15168.tif,0.298919
train,15169.tif,0.276693
train,1517.tif,0.36076
train,15170.tif,0.341203
train,15171.tif,0.285951
train,15172.tif,0.296043
train,15173.tif,0.38097
train,15174.tif,0.293248
train,15175.tif,0.331372
train,15176.tif,0.294596
train,15177.tif,0.369241
train,15178.tif,0.315474
train,15179.tif,0.357367
train,1518.tif,0.36851
train,15180.tif,0.33659
train,15181.tif,0.280406
train,15182.tif,0.291512
train,15183.tif,0.257374
train,15184.tif,0.297561
train,15185.tif,0.419888
train,15186.tif,0.330464
train,15187.tif,0.354366
train,15188.tif,0.330367
train,15189.tif,0.391254
train,1519.tif,0.410708
train,15190.tif,0.296593
train,15191.tif,0.396188
train,15192.tif,0.297962
train,15193.tif,0.317459
train,15194.tif,0.270277
train,15195.tif,0.327025
train,15196.tif,0.342654
train,15197.tif,0.288853
train,15198.tif,0.357867
train,15199.tif,0.341083
train,152.tif,0.389058
train,1520.tif,0.399206
train,15200.tif,0.275958
train,15201.tif,0.367129
train,15202.tif,0.349129
train,15203.tif,0.22955
train,15204.tif,0.281585
train,15205.tif,0.30299
train,15206.tif,0.309644
train,15207.tif,0.225759
train,15208.tif,0.359856
train,15209.tif,0.395025
train,1521.tif,0.399833
train,15210.tif,0.359316
train,15211.tif,0.331293
train,15212.tif,0.383103
train,15213.tif,0.29633
train,15214.tif,0.308819
train,15215.tif,0.327139
train,15216.tif,0.290565
train,15217.tif,0.403028
train,15218.tif,0.295034
train,15219.tif,0.301404
train,1522.tif,0.381698
train,15220.tif,0.324174
train,15221.tif,0.28339
train,15222.tif,0.319914
train,15223.tif,0.316773
train,15224.tif,0.308294
train,15225.tif,0.334892
train,15226.tif,0.331892
train,15227.tif,0.295375
train,15228.tif,0.354113
train,15229.tif,0.345322
train,1523.tif,0.466577
train,15230.tif,0.281245
train,15231.tif,0.348368
train,15232.tif,0.348808
train,15233.tif,0.254313
train,15234.tif,0.336809
train,15235.tif,0.33068
train,15236.tif,0.348877
train,15237.tif,0.330843
train,15238.tif,0.363683
train,15239.tif,0.396811
train,1524.tif,0.481673
train,15240.tif,0.33071
train,15241.tif,0.337262
train,15242.tif,0.33646
train,15243.tif,0.302949
train,15244.tif,0.326367
train,15245.tif,0.323972
train,15246.tif,0.303309
train,15247.tif,0.311956
train,15248.tif,0.359532
train,15249.tif,0.283657
train,1525.tif,0.312068
train,15250.tif,0.322928
train,15251.tif,0.350478
train,15252.tif,0.384808
train,15253.tif,0.376768
train,15254.tif,0.343166
train,15255.tif,0.30958
train,15256.tif,0.315969
train,15257.tif,0.347986
train,15258.tif,0.286304
train,15259.tif,0.286323
train,1526.tif,0.419561
train,15260.tif,0.294472
train,15261.tif,0.30201
train,15262.tif,0.368718
train,15263.tif,0.307361
train,15264.tif,0.304866
train,15265.tif,0.328162
train,15266.tif,0.365485
train,15267.tif,0.332184
train,15268.tif,0.306944
train,15269.tif,0.242995
train,1527.tif,0.350377
train,15270.tif,0.289883
train,15271.tif,0.42969
train,15272.tif,0.371843
train,15273.tif,0.294925
train,15274.tif,0.343237
train,15275.tif,0.391678
train,15276.tif,0.295708
train,15277.tif,0.286838
train,15278.tif,0.289794
train,15279.tif,0.324576
train,1528.tif,0.370467
train,15280.tif,0.333976
train,15281.tif,0.318266
train,15282.tif,0.385465
train,15283.tif,0.326703
train,15284.tif,0.347421
train,15285.tif,0.283721
train,15286.tif,0.29192
train,15287.tif,0.306997
train,15288.tif,0.30006
train,15289.tif,0.330638
train,1529.tif,0.336436
train,15290.tif,0.344437
train,15291.tif,0.266771
train,15292.tif,0.277841
train,15293.tif,0.268826
train,15294.tif,0.361682
train,15295.tif,0.39611
train,15296.tif,0.424509
train,15297.tif,0.307283
train,15298.tif,0.338431
train,15299.tif,0.336441
train,153.tif,0.330857
train,1530.tif,0.410365
train,15300.tif,0.33803
train,15301.tif,0.350212
train,15302.tif,0.308509
train,15303.tif,0.313659
train,15304.tif,0.283498
train,15305.tif,0.337687
train,15306.tif,0.282013
train,15307.tif,0.307847
train,15308.tif,0.301359
train,15309.tif,0.291938
train,1531.tif,0.425772
train,15310.tif,0.330528
train,15311.tif,0.32063
train,15312.tif,0.309473
train,15313.tif,0.332915
train,15314.tif,0.316298
train,15315.tif,0.294959
train,15316.tif,0.280368
train,15317.tif,0.386993
train,15318.tif,0.289148
train,15319.tif,0.268339
train,1532.tif,0.335953
train,15320.tif,0.331261
train,15321.tif,0.355929
train,15322.tif,0.381502
train,15323.tif,0.323941
train,15324.tif,0.348415
train,15325.tif,0.306501
train,15326.tif,0.345193
train,15327.tif,0.217361
train,15328.tif,0.328245
train,15329.tif,0.412012
train,1533.tif,0.443806
train,15330.tif,0.388304
train,15331.tif,0.305167
train,15332.tif,0.378881
train,15333.tif,0.304871
train,15334.tif,0.343688
train,15335.tif,0.311094
train,15336.tif,0.343029
train,15337.tif,0.254932
train,15338.tif,0.311766
train,15339.tif,0.355992
train,1534.tif,0.328649
train,15340.tif,0.293154
train,15341.tif,0.389896
train,15342.tif,0.370251
train,15343.tif,0.314178
train,15344.tif,0.312319
train,15345.tif,0.294506
train,15346.tif,0.316236
train,15347.tif,0.388605
train,15348.tif,0.30136
train,15349.tif,0.271886
train,1535.tif,0.393727
train,15350.tif,0.27305
train,15351.tif,0.33027
train,15352.tif,0.321701
train,15353.tif,0.30609
train,15354.tif,0.365691
train,15355.tif,0.35851
train,15356.tif,0.348292
train,15357.tif,0.339913
train,15358.tif,0.305416
train,15359.tif,0.349352
train,1536.tif,0.316993
train,15360.tif,0.31334
train,15361.tif,0.391751
train,15362.tif,0.384542
train,15363.tif,0.295533
train,15364.tif,0.299869
train,15365.tif,0.302004
train,15366.tif,0.29761
train,15367.tif,0.327954
train,15368.tif,0.436985
train,15369.tif,0.338461
train,1537.tif,0.337359
train,15370.tif,0.306644
train,15371.tif,0.335379
train,15372.tif,0.295376
train,15373.tif,0.314198
train,15374.tif,0.318536
train,15375.tif,0.286053
train,15376.tif,0.316693
train,15377.tif,0.374338
train,15378.tif,0.303211
train,15379.tif,0.344918
train,1538.tif,0.34715
train,15380.tif,0.257152
train,15381.tif,0.355503
train,15382.tif,0.313101
train,15383.tif,0.292313
train,15384.tif,0.390881
train,15385.tif,0.340993
train,15386.tif,0.294086
train,15387.tif,0.339806
train,15388.tif,0.329122
train,15389.tif,0.345447
train,1539.tif,0.340294
train,15390.tif,0.314709
train,15391.tif,0.382172
train,15392.tif,0.337043
train,15393.tif,0.283671
train,15394.tif,0.318095
train,15395.tif,0.334936
train,15396.tif,0.370992
train,15397.tif,0.263564
train,15398.tif,0.335002
train,15399.tif,0.280209
train,154.tif,0.426386
train,1540.tif,0.344202
train,15400.tif,0.309467
train,15401.tif,0.353573
train,15402.tif,0.347141
train,15403.tif,0.312304
train,15404.tif,0.393724
train,15405.tif,0.329533
train,15406.tif,0.291804
train,15407.tif,0.26847
train,15408.tif,0.32689
train,15409.tif,0.31883
train,1541.tif,0.43764
train,15410.tif,0.334976
train,15411.tif,0.332341
train,15412.tif,0.412699
train,15413.tif,0.347064
train,15414.tif,0.383566
train,15415.tif,0.251173
train,15416.tif,0.308208
train,15417.tif,0.279136
train,15418.tif,0.290318
train,15419.tif,0.321464
train,1542.tif,0.355299
train,15420.tif,0.311264
train,15421.tif,0.335637
train,15422.tif,0.307459
train,15423.tif,0.311304
train,15424.tif,0.266607
train,15425.tif,0.348163
train,15426.tif,0.364942
train,15427.tif,0.31154
train,15428.tif,0.350424
train,15429.tif,0.360422
train,1543.tif,0.377957
train,15430.tif,0.374151
train,15431.tif,0.358558
train,15432.tif,0.318447
train,15433.tif,0.309778
train,15434.tif,0.330909
train,15435.tif,0.286468
train,15436.tif,0.323901
train,15437.tif,0.347787
train,15438.tif,0.283701
train,15439.tif,0.260367
train,1544.tif,0.364297
train,15440.tif,0.367262
train,15441.tif,0.288993
train,15442.tif,0.278473
train,15443.tif,0.28645
train,15444.tif,0.340784
train,15445.tif,0.302184
train,15446.tif,0.298184
train,15447.tif,0.315007
train,15448.tif,0.290426
train,15449.tif,0.33155
train,1545.tif,0.404942
train,15450.tif,0.334433
train,15451.tif,0.33086
train,15452.tif,0.334544
train,15453.tif,0.365257
train,15454.tif,0.332793
train,15455.tif,0.38384
train,15456.tif,0.400019
train,15457.tif,0.358187
train,15458.tif,0.30295
train,15459.tif,0.295804
train,1546.tif,0.360642
train,15460.tif,0.367042
train,15461.tif,0.358591
train,15462.tif,0.244268
train,15463.tif,0.319946
train,15464.tif,0.342736
train,15465.tif,0.264782
train,15466.tif,0.240704
train,15467.tif,0.340662
train,15468.tif,0.301006
train,15469.tif,0.375772
train,1547.tif,0.359653
train,15470.tif,0.303965
train,15471.tif,0.370901
train,15472.tif,0.335624
train,15473.tif,0.305326
train,15474.tif,0.336268
train,15475.tif,0.33349
train,15476.tif,0.32589
train,15477.tif,0.272503
train,15478.tif,0.324765
train,15479.tif,0.30863
train,1548.tif,0.31262
train,15480.tif,0.328818
train,15481.tif,0.321523
train,15482.tif,0.330956
train,15483.tif,0.341672
train,15484.tif,0.395952
train,15485.tif,0.288057
train,15486.tif,0.286394
train,15487.tif,0.3533
train,15488.tif,0.286719
train,15489.tif,0.361492
train,1549.tif,0.39051
train,15490.tif,0.291598
train,15491.tif,0.322473
train,15492.tif,0.284919
train,15493.tif,0.295449
train,15494.tif,0.33292
train,15495.tif,0.329874
train,15496.tif,0.364377
train,15497.tif,0.409188
train,15498.tif,0.307027
train,15499.tif,0.372763
train,155.tif,0.428924
train,1550.tif,0.358446
train,15500.tif,0.284596
train,15501.tif,0.344226
train,15502.tif,0.3445
train,15503.tif,0.368959
train,15504.tif,0.43373
train,15505.tif,0.402548
train,15506.tif,0.35502
train,15507.tif,0.295953
train,15508.tif,0.354197
train,15509.tif,0.369636
train,1551.tif,0.441246
train,15510.tif,0.340712
train,15511.tif,0.352375
train,15512.tif,0.348151
train,15513.tif,0.305882
train,15514.tif,0.315012
train,15515.tif,0.280903
train,15516.tif,0.349057
train,15517.tif,0.28967
train,15518.tif,0.370708
train,15519.tif,0.391085
train,1552.tif,0.443154
train,15520.tif,0.305215
train,15521.tif,0.448827
train,15522.tif,0.410065
train,15523.tif,0.311743
train,15524.tif,0.365055
train,15525.tif,0.324503
train,15526.tif,0.300446
train,15527.tif,0.335706
train,15528.tif,0.320656
train,15529.tif,0.314036
train,1553.tif,0.383131
train,15530.tif,0.294869
train,15531.tif,0.332047
train,15532.tif,0.319429
train,15533.tif,0.385178
train,15534.tif,0.30618
train,15535.tif,0.301342
train,15536.tif,0.352933
train,15537.tif,0.368742
train,15538.tif,0.319158
train,15539.tif,0.264668
train,1554.tif,0.324107
train,15540.tif,0.361597
train,15541.tif,0.330433
train,15542.tif,0.299599
train,15543.tif,0.301864
train,15544.tif,0.328281
train,15545.tif,0.341703
train,15546.tif,0.318557
train,15547.tif,0.332724
train,15548.tif,0.325194
train,15549.tif,0.394459
train,1555.tif,0.426602
train,15550.tif,0.287144
train,15551.tif,0.337191
train,15552.tif,0.38366
train,15553.tif,0.32164
train,15554.tif,0.365205
train,15555.tif,0.307027
train,15556.tif,0.338239
train,15557.tif,0.292775
train,15558.tif,0.417029
train,15559.tif,0.28451
train,1556.tif,0.403244
train,15560.tif,0.298342
train,15561.tif,0.374863
train,15562.tif,0.273131
train,15563.tif,0.297017
train,15564.tif,0.324607
train,15565.tif,0.413028
train,15566.tif,0.344409
train,15567.tif,0.267205
train,15568.tif,0.262099
train,15569.tif,0.374922
train,1557.tif,0.381017
train,15570.tif,0.332058
train,15571.tif,0.314114
train,15572.tif,0.349623
train,15573.tif,0.345763
train,15574.tif,0.317994
train,15575.tif,0.40325
train,15576.tif,0.304336
train,15577.tif,0.321569
train,15578.tif,0.322578
train,15579.tif,0.351538
train,1558.tif,0.351246
train,15580.tif,0.339144
train,15581.tif,0.31922
train,15582.tif,0.364795
train,15583.tif,0.321606
train,15584.tif,0.345571
train,15585.tif,0.23148
train,15586.tif,0.322258
train,15587.tif,0.288824
train,15588.tif,0.361496
train,15589.tif,0.342894
train,1559.tif,0.398254
train,15590.tif,0.259127
train,15591.tif,0.372692
train,15592.tif,0.419123
train,15593.tif,0.249294
train,15594.tif,0.303075
train,15595.tif,0.285128
train,15596.tif,0.30129
train,15597.tif,0.331587
train,15598.tif,0.330546
train,15599.tif,0.3107
train,156.tif,0.362317
train,1560.tif,0.387523
train,15600.tif,0.391118
train,15601.tif,0.296383
train,15602.tif,0.302782
train,15603.tif,0.398667
train,15604.tif,0.294409
train,15605.tif,0.297188
train,15606.tif,0.385939
train,15607.tif,0.290112
train,15608.tif,0.271488
train,15609.tif,0.326729
train,1561.tif,0.418845
train,15610.tif,0.421782
train,15611.tif,0.322414
train,15612.tif,0.324823
train,15613.tif,0.347354
train,15614.tif,0.318512
train,15615.tif,0.303782
train,15616.tif,0.297011
train,15617.tif,0.312811
train,15618.tif,0.38302
train,15619.tif,0.308064
train,1562.tif,0.37173
train,15620.tif,0.3182
train,15621.tif,0.266086
train,15622.tif,0.34142
train,15623.tif,0.358717
train,15624.tif,0.29863
train,15625.tif,0.37925
train,15626.tif,0.296088
train,15627.tif,0.337422
train,15628.tif,0.32628
train,15629.tif,0.443317
train,1563.tif,0.416519
train,15630.tif,0.325823
train,15631.tif,0.291633
train,15632.tif,0.369631
train,15633.tif,0.297103
train,15634.tif,0.295262
train,15635.tif,0.327257
train,15636.tif,0.299783
train,15637.tif,0.317053
train,15638.tif,0.272152
train,15639.tif,0.295028
train,1564.tif,0.392877
train,15640.tif,0.271545
train,15641.tif,0.365157
train,15642.tif,0.338901
train,15643.tif,0.374034
train,15644.tif,0.254527
train,15645.tif,0.256829
train,15646.tif,0.333484
train,15647.tif,0.323993
train,15648.tif,0.38148
train,15649.tif,0.328881
train,1565.tif,0.338522
train,15650.tif,0.290759
train,15651.tif,0.309298
train,15652.tif,0.336041
train,15653.tif,0.270564
train,15654.tif,0.278191
train,15655.tif,0.284897
train,15656.tif,0.28531
train,15657.tif,0.327579
train,15658.tif,0.284521
train,15659.tif,0.378626
train,1566.tif,0.339768
train,15660.tif,0.336919
train,15661.tif,0.341819
train,15662.tif,0.334116
train,15663.tif,0.376749
train,15664.tif,0.301023
train,15665.tif,0.284378
train,15666.tif,0.364251
train,15667.tif,0.353072
train,15668.tif,0.334078
train,15669.tif,0.407079
train,1567.tif,0.302589
train,15670.tif,0.311149
train,15671.tif,0.326994
train,15672.tif,0.324204
train,15673.tif,0.312192
train,15674.tif,0.319708
train,15675.tif,0.316013
train,15676.tif,0.296982
train,15677.tif,0.300874
train,15678.tif,0.338658
train,15679.tif,0.353781
train,1568.tif,0.422222
train,15680.tif,0.285096
train,15681.tif,0.355118
train,15682.tif,0.339658
train,15683.tif,0.220028
train,15684.tif,0.341388
train,15685.tif,0.358658
train,15686.tif,0.281017
train,15687.tif,0.323693
train,15688.tif,0.388791
train,15689.tif,0.341762
train,1569.tif,0.370131
train,15690.tif,0.242668
train,15691.tif,0.301659
train,15692.tif,0.305672
train,15693.tif,0.348712
train,15694.tif,0.307937
train,15695.tif,0.298726
train,15696.tif,0.25296
train,15697.tif,0.325034
train,15698.tif,0.327552
train,15699.tif,0.369876
train,157.tif,0.323163
train,1570.tif,0.453163
train,15700.tif,0.281277
train,15701.tif,0.297791
train,15702.tif,0.297638
train,15703.tif,0.280877
train,15704.tif,0.391238
train,15705.tif,0.324777
train,15706.tif,0.385618
train,15707.tif,0.312794
train,15708.tif,0.287826
train,15709.tif,0.364027
train,1571.tif,0.297138
train,15710.tif,0.34841
train,15711.tif,0.332512
train,15712.tif,0.357438
train,15713.tif,0.313441
train,15714.tif,0.320935
train,15715.tif,0.361254
train,15716.tif,0.322174
train,15717.tif,0.314136
train,15718.tif,0.403144
train,15719.tif,0.333523
train,1572.tif,0.40978
train,15720.tif,0.393531
train,15721.tif,0.314805
train,15722.tif,0.350148
train,15723.tif,0.28173
train,15724.tif,0.290734
train,15725.tif,0.374424
train,15726.tif,0.276122
train,15727.tif,0.331819
train,15728.tif,0.30884
train,15729.tif,0.325619
train,1573.tif,0.355581
train,15730.tif,0.26966
train,15731.tif,0.292697
train,15732.tif,0.373871
train,15733.tif,0.331293
train,15734.tif,0.378831
train,15735.tif,0.287129
train,15736.tif,0.327509
train,15737.tif,0.312624
train,15738.tif,0.364229
train,15739.tif,0.382508
train,1574.tif,0.487673
train,15740.tif,0.363024
train,15741.tif,0.346444
train,15742.tif,0.312744
train,15743.tif,0.289302
train,15744.tif,0.330724
train,15745.tif,0.44165
train,15746.tif,0.350483
train,15747.tif,0.266171
train,15748.tif,0.404275
train,15749.tif,0.31617
train,1575.tif,0.441039
train,15750.tif,0.361122
train,15751.tif,0.343479
train,15752.tif,0.401125
train,15753.tif,0.300717
train,15754.tif,0.354935
train,15755.tif,0.30441
train,15756.tif,0.393047
train,15757.tif,0.349465
train,15758.tif,0.366385
train,15759.tif,0.34853
train,1576.tif,0.378719
train,15760.tif,0.36814
train,15761.tif,0.392529
train,15762.tif,0.459433
train,15763.tif,0.289816
train,15764.tif,0.378345
train,15765.tif,0.396007
train,15766.tif,0.37679
train,15767.tif,0.350024
train,15768.tif,0.309895
train,15769.tif,0.363573
train,1577.tif,0.36325
train,15770.tif,0.367412
train,15771.tif,0.348424
train,15772.tif,0.376289
train,15773.tif,0.35324
train,15774.tif,0.372049
train,15775.tif,0.363777
train,15776.tif,0.369889
train,15777.tif,0.25209
train,15778.tif,0.3951
train,15779.tif,0.307574
train,1578.tif,0.38821
train,15780.tif,0.352413
train,15781.tif,0.331874
train,15782.tif,0.382992
train,15783.tif,0.290767
train,15784.tif,0.320868
train,15785.tif,0.332283
train,15786.tif,0.301805
train,15787.tif,0.321253
train,15788.tif,0.379188
train,15789.tif,0.332325
train,1579.tif,0.393736
train,15790.tif,0.325259
train,15791.tif,0.291359
train,15792.tif,0.332582
train,15793.tif,0.381169
train,15794.tif,0.348421
train,15795.tif,0.416716
train,15796.tif,0.413487
train,15797.tif,0.31206
train,15798.tif,0.330317
train,15799.tif,0.327394
train,158.tif,0.358458
train,1580.tif,0.460682
train,15800.tif,0.340133
train,15801.tif,0.310774
train,15802.tif,0.397454
train,15803.tif,0.283364
train,15804.tif,0.388284
train,15805.tif,0.402714
train,15806.tif,0.280836
train,15807.tif,0.320608
train,15808.tif,0.326637
train,15809.tif,0.297423
train,1581.tif,0.41478
train,15810.tif,0.304072
train,15811.tif,0.283684
train,15812.tif,0.364261
train,15813.tif,0.311446
train,15814.tif,0.403862
train,15815.tif,0.336461
train,15816.tif,0.282247
train,15817.tif,0.284997
train,15818.tif,0.376954
train,15819.tif,0.396107
train,1582.tif,0.370054
train,15820.tif,0.360855
train,15821.tif,0.392081
train,15822.tif,0.375317
train,15823.tif,0.327512
train,15824.tif,0.358226
train,15825.tif,0.317424
train,15826.tif,0.359214
train,15827.tif,0.321836
train,15828.tif,0.350998
train,15829.tif,0.316706
train,1583.tif,0.374372
train,15830.tif,0.349383
train,15831.tif,0.391828
train,15832.tif,0.451122
train,15833.tif,0.382413
train,15834.tif,0.395012
train,15835.tif,0.403348
train,15836.tif,0.406018
train,15837.tif,0.379543
train,15838.tif,0.345203
train,15839.tif,0.268991
train,1584.tif,0.336665
train,15840.tif,0.315275
train,15841.tif,0.190491
train,15842.tif,0.312481
train,15843.tif,0.418062
train,15844.tif,0.296592
train,15845.tif,0.379426
train,15846.tif,0.278263
train,15847.tif,0.407698
train,15848.tif,0.344269
train,15849.tif,0.325848
train,1585.tif,0.385784
train,15850.tif,0.343132
train,15851.tif,0.304003
train,15852.tif,0.364205
train,15853.tif,0.34488
train,15854.tif,0.407715
train,15855.tif,0.357283
train,15856.tif,0.339312
train,15857.tif,0.316382
train,15858.tif,0.297611
train,15859.tif,0.400784
train,1586.tif,0.414479
train,15860.tif,0.307192
train,15861.tif,0.301709
train,15862.tif,0.249105
train,15863.tif,0.361125
train,15864.tif,0.288076
train,15865.tif,0.245511
train,15866.tif,0.560254
train,15867.tif,0.398135
train,15868.tif,0.30377
train,15869.tif,0.36069
train,1587.tif,0.374267
train,15870.tif,0.297995
train,15871.tif,0.372333
train,15872.tif,0.351545
train,15873.tif,0.360984
train,15874.tif,0.334075
train,15875.tif,0.35908
train,15876.tif,0.26775
train,15877.tif,0.415607
train,15878.tif,0.406831
train,15879.tif,0.31839
train,1588.tif,0.344094
train,15880.tif,0.355855
train,15881.tif,0.347575
train,15882.tif,0.387196
train,15883.tif,0.341071
train,15884.tif,0.331886
train,15885.tif,0.349097
train,15886.tif,0.338434
train,15887.tif,0.405112
train,15888.tif,0.296166
train,15889.tif,0.308909
train,1589.tif,0.370729
train,15890.tif,0.355786
train,15891.tif,0.299458
train,15892.tif,0.324355
train,15893.tif,0.324209
train,15894.tif,0.405559
train,15895.tif,0.317614
train,15896.tif,0.312508
train,15897.tif,0.322463
train,15898.tif,0.349863
train,15899.tif,0.30706
train,159.tif,0.43535
train,1590.tif,0.365118
train,15900.tif,0.319991
train,15901.tif,0.360827
train,15902.tif,0.335002
train,15903.tif,0.32645
train,15904.tif,0.377361
train,15905.tif,0.330798
train,15906.tif,0.308931
train,15907.tif,0.40569
train,15908.tif,0.29804
train,15909.tif,0.33879
train,1591.tif,0.345121
train,15910.tif,0.351026
train,15911.tif,0.382186
train,15912.tif,0.44672
train,15913.tif,0.341869
train,15914.tif,0.332904
train,15915.tif,0.308951
train,15916.tif,0.333424
train,15917.tif,0.260197
train,15918.tif,0.296687
train,15919.tif,0.36415
train,1592.tif,0.379247
train,15920.tif,0.324633
train,15921.tif,0.331946
train,15922.tif,0.393928
train,15923.tif,0.339511
train,15924.tif,0.370716
train,15925.tif,0.318331
train,15926.tif,0.313357
train,15927.tif,0.345758
train,15928.tif,0.325544
train,15929.tif,0.407925
train,1593.tif,0.320434
train,15930.tif,0.360623
train,15931.tif,0.38675
train,15932.tif,0.30131
train,15933.tif,0.379378
train,15934.tif,0.346372
train,15935.tif,0.366733
train,15936.tif,0.35085
train,15937.tif,0.304513
train,15938.tif,0.290239
train,15939.tif,0.306457
train,1594.tif,0.393892
train,15940.tif,0.398606
train,15941.tif,0.355428
train,15942.tif,0.357622
train,15943.tif,0.403469
train,15944.tif,0.358963
train,15945.tif,0.361623
train,15946.tif,0.362259
train,15947.tif,0.381175
train,15948.tif,0.320039
train,15949.tif,0.349824
train,1595.tif,0.394595
train,15950.tif,0.355885
train,15951.tif,0.340263
train,15952.tif,0.34696
train,15953.tif,0.349376
train,15954.tif,0.251845
train,15955.tif,0.320685
train,15956.tif,0.324387
train,15957.tif,0.339829
train,15958.tif,0.352041
train,15959.tif,0.452949
train,1596.tif,0.432287
train,15960.tif,0.316798
train,15961.tif,0.361467
train,15962.tif,0.311299
train,15963.tif,0.337167
train,15964.tif,0.327992
train,15965.tif,0.293813
train,15966.tif,0.389982
train,15967.tif,0.356549
train,15968.tif,0.351118
train,15969.tif,0.395259
train,1597.tif,0.372141
train,15970.tif,0.279094
train,15971.tif,0.319929
train,15972.tif,0.3833
train,15973.tif,0.362449
train,15974.tif,0.409514
train,15975.tif,0.274339
train,15976.tif,0.327234
train,15977.tif,0.533934
train,15978.tif,0.328449
train,15979.tif,0.350558
train,1598.tif,0.410124
train,15980.tif,0.318403
train,15981.tif,0.31274
train,15982.tif,0.313887
train,15983.tif,0.301232
train,15984.tif,0.400929
train,15985.tif,0.325565
train,15986.tif,0.286175
train,15987.tif,0.353378
train,15988.tif,0.365605
train,15989.tif,0.289581
train,1599.tif,0.330271
train,15990.tif,0.349175
train,15991.tif,0.351412
train,15992.tif,0.33167
train,15993.tif,0.385825
train,15994.tif,0.37
train,15995.tif,0.364664
train,15996.tif,0.367738
train,15997.tif,0.491408
train,15998.tif,0.358449
train,15999.tif,0.298032
train,16.tif,0.303528
train,160.tif,0.365453
train,1600.tif,0.321134
train,16000.tif,0.4
train,16001.tif,0.412734
train,16002.tif,0.364005
train,16003.tif,0.410158
train,16004.tif,0.3876
train,16005.tif,0.387594
train,16006.tif,0.349813
train,16007.tif,0.334633
train,16008.tif,0.380258
train,16009.tif,0.335828
train,1601.tif,0.330339
train,16010.tif,0.47857
train,16011.tif,0.284791
train,16012.tif,0.352156
train,16013.tif,0.362791
train,16014.tif,0.312304
train,16015.tif,0.343686
train,16016.tif,0.313369
train,16017.tif,0.358788
train,16018.tif,0.342388
train,16019.tif,0.313452
train,1602.tif,0.372273
train,16020.tif,0.329157
train,16021.tif,0.333079
train,16022.tif,0.363846
train,16023.tif,0.349556
train,16024.tif,0.375521
train,16025.tif,0.290504
train,16026.tif,0.308392
train,16027.tif,0.335286
train,16028.tif,0.30799
train,16029.tif,0.333073
train,1603.tif,0.417272
train,16030.tif,0.278416
train,16031.tif,0.436063
train,16032.tif,0.302019
train,16033.tif,0.350701
train,16034.tif,0.276455
train,16035.tif,0.25883
train,16036.tif,0.321253
train,16037.tif,0.334656
train,16038.tif,0.367085
train,16039.tif,0.262746
train,1604.tif,0.416409
train,16040.tif,0.367537
train,16041.tif,0.297778
train,16042.tif,0.291584
train,16043.tif,0.279622
train,16044.tif,0.337459
train,16045.tif,0.323123
train,16046.tif,0.298971
train,16047.tif,0.350858
train,16048.tif,0.362762
train,16049.tif,0.272435
train,1605.tif,0.383246
train,16050.tif,0.353354
train,16051.tif,0.308377
train,16052.tif,0.366545
train,16053.tif,0.358888
train,16054.tif,0.473418
train,16055.tif,0.30874
train,16056.tif,0.385424
train,16057.tif,0.274334
train,16058.tif,0.292878
train,16059.tif,0.301472
train,1606.tif,0.300011
train,16060.tif,0.376999
train,16061.tif,0.274976
train,16062.tif,0.385036
train,16063.tif,0.388174
train,16064.tif,0.300919
train,16065.tif,0.308229
train,16066.tif,0.329921
train,16067.tif,0.313138
train,16068.tif,0.315308
train,16069.tif,0.373463
train,1607.tif,0.381205
train,16070.tif,0.411312
train,16071.tif,0.418437
train,16072.tif,0.337181
train,16073.tif,0.393548
train,16074.tif,0.409234
train,16075.tif,0.361566
train,16076.tif,0.365257
train,16077.tif,0.324496
train,16078.tif,0.325465
train,16079.tif,0.401549
train,1608.tif,0.368574
train,16080.tif,0.319031
train,16081.tif,0.343678
train,16082.tif,0.301331
train,16083.tif,0.333141
train,16084.tif,0.315528
train,16085.tif,0.308505
train,16086.tif,0.307703
train,16087.tif,0.337008
train,16088.tif,0.325725
train,16089.tif,0.372863
train,1609.tif,0.440573
train,16090.tif,0.294272
train,16091.tif,0.350821
train,16092.tif,0.362435
train,16093.tif,0.318835
train,16094.tif,0.363923
train,16095.tif,0.243171
train,16096.tif,0.368241
train,16097.tif,0.352748
train,16098.tif,0.34483
train,16099.tif,0.361154
train,161.tif,0.300101
train,1610.tif,0.372089
train,16100.tif,0.277269
train,16101.tif,0.320608
train,16102.tif,0.324648
train,16103.tif,0.378446
train,16104.tif,0.357176
train,16105.tif,0.329941
train,16106.tif,0.296751
train,16107.tif,0.453291
train,16108.tif,0.356537
train,16109.tif,0.40216
train,1611.tif,0.410566
train,16110.tif,0.41116
train,16111.tif,0.413326
train,16112.tif,0.364243
train,16113.tif,0.394242
train,16114.tif,0.291052
train,16115.tif,0.362556
train,16116.tif,0.308741
train,16117.tif,0.344715
train,16118.tif,0.384547
train,16119.tif,0.401879
train,1612.tif,0.367781
train,16120.tif,0.343127
train,16121.tif,0.368872
train,16122.tif,0.399109
train,16123.tif,0.363531
train,16124.tif,0.396371
train,16125.tif,0.333526
train,16126.tif,0.311175
train,16127.tif,0.367421
train,16128.tif,0.310665
train,16129.tif,0.401547
train,1613.tif,0.330793
train,16130.tif,0.363506
train,16131.tif,0.337786
train,16132.tif,0.348065
train,16133.tif,0.330594
train,16134.tif,0.416965
train,16135.tif,0.349548
train,16136.tif,0.240445
train,16137.tif,0.332233
train,16138.tif,0.357269
train,16139.tif,0.38485
train,1614.tif,0.440829
train,16140.tif,0.322571
train,16141.tif,0.304187
train,16142.tif,0.433284
train,16143.tif,0.416323
train,16144.tif,0.339309
train,16145.tif,0.36218
train,16146.tif,0.407107
train,16147.tif,0.277434
train,16148.tif,0.273028
train,16149.tif,0.259075
train,1615.tif,0.349924
train,16150.tif,0.310969
train,16151.tif,0.312071
train,16152.tif,0.396118
train,16153.tif,0.375267
train,16154.tif,0.383241
train,16155.tif,0.333812
train,16156.tif,0.361308
train,16157.tif,0.341828
train,16158.tif,0.26362
train,16159.tif,0.32118
train,1616.tif,0.391421
train,16160.tif,0.292714
train,16161.tif,0.353213
train,16162.tif,0.326982
train,16163.tif,0.302524
train,16164.tif,0.317635
train,16165.tif,0.283088
train,16166.tif,0.406041
train,16167.tif,0.383095
train,16168.tif,0.337889
train,16169.tif,0.317043
train,1617.tif,0.343813
train,16170.tif,0.280963
train,16171.tif,0.361597
train,16172.tif,0.379988
train,16173.tif,0.25901
train,16174.tif,0.346473
train,16175.tif,0.356064
train,16176.tif,0.363999
train,16177.tif,0.352708
train,16178.tif,0.307142
train,16179.tif,0.334584
train,1618.tif,0.402693
train,16180.tif,0.317796
train,16181.tif,0.339921
train,16182.tif,0.268161
train,16183.tif,0.40035
train,16184.tif,0.325508
train,16185.tif,0.318591
train,16186.tif,0.312808
train,16187.tif,0.374857
train,16188.tif,0.332145
train,16189.tif,0.331532
train,1619.tif,0.38039
train,16190.tif,0.391252
train,16191.tif,0.367602
train,16192.tif,0.33103
train,16193.tif,0.332511
train,16194.tif,0.404979
train,16195.tif,0.377724
train,16196.tif,0.317821
train,16197.tif,0.334227
train,16198.tif,0.342875
train,16199.tif,0.288803
train,162.tif,0.405853
train,1620.tif,0.414196
train,16200.tif,0.303109
train,16201.tif,0.392179
train,16202.tif,0.402027
train,16203.tif,0.30466
train,16204.tif,0.292829
train,16205.tif,0.343233
train,16206.tif,0.398075
train,16207.tif,0.364699
train,16208.tif,0.352061
train,16209.tif,0.371786
train,1621.tif,0.387513
train,16210.tif,0.375533
train,16211.tif,0.280671
train,16212.tif,0.27068
train,16213.tif,0.351879
train,16214.tif,0.326893
train,16215.tif,0.399474
train,16216.tif,0.311143
train,16217.tif,0.341284
train,16218.tif,0.366622
train,16219.tif,0.267108
train,1622.tif,0.371112
train,16220.tif,0.395073
train,16221.tif,0.356975
train,16222.tif,0.365176
train,16223.tif,0.383808
train,16224.tif,0.369923
train,16225.tif,0.304532
train,16226.tif,0.330868
train,16227.tif,0.413478
train,16228.tif,0.31486
train,16229.tif,0.390045
train,1623.tif,0.463941
train,16230.tif,0.344992
train,16231.tif,0.342647
train,16232.tif,0.390412
train,16233.tif,0.417253
train,16234.tif,0.338793
train,16235.tif,0.343204
train,16236.tif,0.484464
train,16237.tif,0.382952
train,16238.tif,0.318762
train,16239.tif,0.322779
train,1624.tif,0.339775
train,16240.tif,0.314458
train,16241.tif,0.371064
train,16242.tif,0.333734
train,16243.tif,0.344071
train,16244.tif,0.329535
train,16245.tif,0.362752
train,16246.tif,0.230556
train,16247.tif,0.27475
train,16248.tif,0.294243
train,16249.tif,0.322694
train,1625.tif,0.405656
train,16250.tif,0.423428
train,16251.tif,0.336312
train,16252.tif,0.335197
train,16253.tif,0.306461
train,16254.tif,0.408784
train,16255.tif,0.283948
train,16256.tif,0.331375
train,16257.tif,0.445543
train,16258.tif,0.295648
train,16259.tif,0.270397
train,1626.tif,0.384424
train,16260.tif,0.372406
train,16261.tif,0.311125
train,16262.tif,0.296978
train,16263.tif,0.35187
train,16264.tif,0.279521
train,16265.tif,0.352731
train,16266.tif,0.350627
train,16267.tif,0.434978
train,16268.tif,0.470693
train,16269.tif,0.314338
train,1627.tif,0.390139
train,16270.tif,0.301946
train,16271.tif,0.34353
train,16272.tif,0.405607
train,16273.tif,0.312725
train,16274.tif,0.287323
train,16275.tif,0.31395
train,16276.tif,0.374841
train,16277.tif,0.38085
train,16278.tif,0.363031
train,16279.tif,0.361294
train,1628.tif,0.376054
train,16280.tif,0.310781
train,16281.tif,0.324162
train,16282.tif,0.3293
train,16283.tif,0.318593
train,16284.tif,0.338335
train,16285.tif,0.330471
train,16286.tif,0.50615
train,16287.tif,0.345038
train,16288.tif,0.420623
train,16289.tif,0.401865
train,1629.tif,0.392716
train,16290.tif,0.287769
train,16291.tif,0.357469
train,16292.tif,0.422223
train,16293.tif,0.39528
train,16294.tif,0.381884
train,16295.tif,0.344215
train,16296.tif,0.322208
train,16297.tif,0.384745
train,16298.tif,0.285718
train,16299.tif,0.31879
train,163.tif,0.350384
train,1630.tif,0.38931
train,16300.tif,0.357372
train,16301.tif,0.35856
train,16302.tif,0.303162
train,16303.tif,0.381493
train,16304.tif,0.342974
train,16305.tif,0.289189
train,16306.tif,0.378971
train,16307.tif,0.334443
train,16308.tif,0.33086
train,16309.tif,0.446077
train,1631.tif,0.366395
train,16310.tif,0.355789
train,16311.tif,0.376687
train,16312.tif,0.357832
train,16313.tif,0.399039
train,16314.tif,0.373502
train,16315.tif,0.400963
train,16316.tif,0.401297
train,16317.tif,0.316684
train,16318.tif,0.373567
train,16319.tif,0.425653
train,1632.tif,0.359361
train,16320.tif,0.385274
train,16321.tif,0.408667
train,16322.tif,0.335374
train,16323.tif,0.281997
train,16324.tif,0.293863
train,16325.tif,0.368357
train,16326.tif,0.306252
train,16327.tif,0.320023
train,16328.tif,0.291249
train,16329.tif,0.442278
train,1633.tif,0.409625
train,16330.tif,0.361388
train,16331.tif,0.380137
train,16332.tif,0.416371
train,16333.tif,0.320143
train,16334.tif,0.267691
train,16335.tif,0.338373
train,16336.tif,0.365079
train,16337.tif,0.341627
train,16338.tif,0.353253
train,16339.tif,0.409795
train,1634.tif,0.353369
train,16340.tif,0.283939
train,16341.tif,0.29989
train,16342.tif,0.43772
train,16343.tif,0.414004
train,16344.tif,0.431374
train,16345.tif,0.343466
train,16346.tif,0.302058
train,16347.tif,0.414682
train,16348.tif,0.477291
train,16349.tif,0.360832
train,1635.tif,0.406396
train,16350.tif,0.304816
train,16351.tif,0.354996
train,16352.tif,0.389252
train,16353.tif,0.329544
train,16354.tif,0.358793
train,16355.tif,0.375485
train,16356.tif,0.384882
train,16357.tif,0.438699
train,16358.tif,0.473234
train,16359.tif,0.437877
train,1636.tif,0.389946
train,16360.tif,0.340252
train,16361.tif,0.293646
train,16362.tif,0.373211
train,16363.tif,0.339827
train,16364.tif,0.311207
train,16365.tif,0.366155
train,16366.tif,0.258573
train,16367.tif,0.295711
train,16368.tif,0.367014
train,16369.tif,0.351314
train,1637.tif,0.33574
train,16370.tif,0.407073
train,16371.tif,0.351138
train,16372.tif,0.299496
train,16373.tif,0.370847
train,16374.tif,0.294468
train,16375.tif,0.320256
train,16376.tif,0.356962
train,16377.tif,0.287116
train,16378.tif,0.293328
train,16379.tif,0.382692
train,1638.tif,0.356176
train,16380.tif,0.358124
train,16381.tif,0.348517
train,16382.tif,0.295374
train,16383.tif,0.317411
train,16384.tif,0.435859
train,16385.tif,0.393595
train,16386.tif,0.297262
train,16387.tif,0.380362
train,16388.tif,0.320758
train,16389.tif,0.314517
train,1639.tif,0.346194
train,16390.tif,0.462226
train,16391.tif,0.374482
train,16392.tif,0.404807
train,16393.tif,0.299053
train,16394.tif,0.418611
train,16395.tif,0.329284
train,16396.tif,0.398703
train,16397.tif,0.341353
train,16398.tif,0.394626
train,16399.tif,0.333168
train,164.tif,0.363768
train,1640.tif,0.424905
train,16400.tif,0.331599
train,16401.tif,0.323701
train,16402.tif,0.330606
train,16403.tif,0.331312
train,16404.tif,0.300002
train,16405.tif,0.324546
train,16406.tif,0.558879
train,16407.tif,0.29893
train,16408.tif,0.375823
train,16409.tif,0.312065
train,1641.tif,0.410203
train,16410.tif,0.347729
train,16411.tif,0.309026
train,16412.tif,0.338879
train,16413.tif,0.353774
train,16414.tif,0.301197
train,16415.tif,0.390375
train,16416.tif,0.334215
train,16417.tif,0.291509
train,16418.tif,0.302117
train,16419.tif,0.343635
train,1642.tif,0.34106
train,16420.tif,0.331228
train,16421.tif,0.418322
train,16422.tif,0.298958
train,16423.tif,0.283923
train,16424.tif,0.370748
train,16425.tif,0.333839
train,16426.tif,0.236501
train,16427.tif,0.325956
train,16428.tif,0.451733
train,16429.tif,0.317059
train,1643.tif,0.413708
train,16430.tif,0.39838
train,16431.tif,0.314751
train,16432.tif,0.317119
train,16433.tif,0.318309
train,16434.tif,0.270321
train,16435.tif,0.327123
train,16436.tif,0.377441
train,16437.tif,0.379892
train,16438.tif,0.313675
train,16439.tif,0.426744
train,1644.tif,0.428571
train,16440.tif,0.314245
train,16441.tif,0.315869
train,16442.tif,0.340485
train,16443.tif,0.325918
train,16444.tif,0.357952
train,16445.tif,0.281186
train,16446.tif,0.423414
train,16447.tif,0.346214
train,16448.tif,0.310684
train,16449.tif,0.395606
train,1645.tif,0.385559
train,16450.tif,0.365832
train,16451.tif,0.328062
train,16452.tif,0.345027
train,16453.tif,0.344303
train,16454.tif,0.298255
train,16455.tif,0.320885
train,16456.tif,0.406341
train,16457.tif,0.388765
train,16458.tif,0.34971
train,16459.tif,0.353529
train,1646.tif,0.368712
train,16460.tif,0.382039
train,16461.tif,0.298859
train,16462.tif,0.32264
train,16463.tif,0.310947
train,16464.tif,0.388932
train,16465.tif,0.368661
train,16466.tif,0.325099
train,16467.tif,0.290472
train,16468.tif,0.34433
train,16469.tif,0.436009
train,1647.tif,0.349499
train,16470.tif,0.27716
train,16471.tif,0.432334
train,16472.tif,0.358699
train,16473.tif,0.38184
train,16474.tif,0.27447
train,16475.tif,0.446159
train,16476.tif,0.315155
train,16477.tif,0.283849
train,16478.tif,0.353009
train,16479.tif,0.438403
train,1648.tif,0.377985
train,16480.tif,0.431595
train,16481.tif,0.364685
train,16482.tif,0.297304
train,16483.tif,0.322914
train,16484.tif,0.374632
train,16485.tif,0.334126
train,16486.tif,0.295624
train,16487.tif,0.338143
train,16488.tif,0.288783
train,16489.tif,0.250792
train,1649.tif,0.307359
train,16490.tif,0.392732
train,16491.tif,0.41979
train,16492.tif,0.311078
train,16493.tif,0.323852
train,16494.tif,0.376651
train,16495.tif,0.432925
train,16496.tif,0.428606
train,16497.tif,0.328048
train,16498.tif,0.334029
train,16499.tif,0.323063
train,165.tif,0.345654
train,1650.tif,0.393364
train,16500.tif,0.305336
train,16501.tif,0.336648
train,16502.tif,0.3163
train,16503.tif,0.382653
train,16504.tif,0.295942
train,16505.tif,0.385053
train,16506.tif,0.301516
train,16507.tif,0.315627
train,16508.tif,0.38372
train,16509.tif,0.334299
train,1651.tif,0.363388
train,16510.tif,0.285115
train,16511.tif,0.354977
train,16512.tif,0.297565
train,16513.tif,0.361322
train,16514.tif,0.361389
train,16515.tif,0.383138
train,16516.tif,0.357657
train,16517.tif,0.294712
train,16518.tif,0.359542
train,16519.tif,0.323485
train,1652.tif,0.368463
train,16520.tif,0.324151
train,16521.tif,0.382581
train,16522.tif,0.362344
train,16523.tif,0.300822
train,16524.tif,0.32192
train,16525.tif,0.346488
train,16526.tif,0.348938
train,16527.tif,0.269295
train,16528.tif,0.383128
train,16529.tif,0.375083
train,1653.tif,0.305957
train,16530.tif,0.359581
train,16531.tif,0.343634
train,16532.tif,0.397652
train,16533.tif,0.285277
train,16534.tif,0.380406
train,16535.tif,0.331498
train,16536.tif,0.36565
train,16537.tif,0.379461
train,16538.tif,0.321521
train,16539.tif,0.412811
train,1654.tif,0.335825
train,16540.tif,0.357797
train,16541.tif,0.417526
train,16542.tif,0.316499
train,16543.tif,0.2818
train,16544.tif,0.445685
train,16545.tif,0.383875
train,16546.tif,0.369291
train,16547.tif,0.326578
train,16548.tif,0.373211
train,16549.tif,0.378564
train,1655.tif,0.366991
train,16550.tif,0.299326
train,16551.tif,0.317508
train,16552.tif,0.345096
train,16553.tif,0.351749
train,16554.tif,0.338966
train,16555.tif,0.315184
train,16556.tif,0.396388
train,16557.tif,0.348475
train,16558.tif,0.296148
train,16559.tif,0.324058
train,1656.tif,0.377917
train,16560.tif,0.342871
train,16561.tif,0.350916
train,16562.tif,0.304117
train,16563.tif,0.379038
train,16564.tif,0.29255
train,16565.tif,0.323134
train,16566.tif,0.330142
train,16567.tif,0.371897
train,16568.tif,0.358837
train,16569.tif,0.343179
train,1657.tif,0.437279
train,16570.tif,0.292294
train,16571.tif,0.367251
train,16572.tif,0.32202
train,16573.tif,0.360213
train,16574.tif,0.341497
train,16575.tif,0.284647
train,16576.tif,0.34381
train,16577.tif,0.304479
train,16578.tif,0.393165
train,16579.tif,0.248418
train,1658.tif,0.404935
train,16580.tif,0.402174
train,16581.tif,0.316345
train,16582.tif,0.35618
train,16583.tif,0.40401
train,16584.tif,0.323158
train,16585.tif,0.321748
train,16586.tif,0.381369
train,16587.tif,0.359637
train,16588.tif,0.345258
train,16589.tif,0.329436
train,1659.tif,0.387281
train,16590.tif,0.352819
train,16591.tif,0.290617
train,16592.tif,0.363739
train,16593.tif,0.29476
train,16594.tif,0.281616
train,16595.tif,0.345557
train,16596.tif,0.426319
train,16597.tif,0.308141
train,16598.tif,0.386364
train,16599.tif,0.340724
train,166.tif,0.347678
train,1660.tif,0.347039
train,16600.tif,0.357099
train,16601.tif,0.317557
train,16602.tif,0.299042
train,16603.tif,0.332378
train,16604.tif,0.321498
train,16605.tif,0.412379
train,16606.tif,0.409036
train,16607.tif,0.373321
train,16608.tif,0.329288
train,16609.tif,0.320044
train,1661.tif,0.286717
train,16610.tif,0.315029
train,16611.tif,0.338842
train,16612.tif,0.292184
train,16613.tif,0.28461
train,16614.tif,0.333866
train,16615.tif,0.37637
train,16616.tif,0.386237
train,16617.tif,0.296505
train,16618.tif,0.298947
train,16619.tif,0.346856
train,1662.tif,0.351059
train,16620.tif,0.301933
train,16621.tif,0.295053
train,16622.tif,0.439208
train,16623.tif,0.324764
train,16624.tif,0.368436
train,16625.tif,0.365086
train,16626.tif,0.269556
train,16627.tif,0.332894
train,16628.tif,0.221354
train,16629.tif,0.316741
train,1663.tif,0.371656
train,16630.tif,0.308261
train,16631.tif,0.289795
train,16632.tif,0.375385
train,16633.tif,0.284559
train,16634.tif,0.407008
train,16635.tif,0.326067
train,16636.tif,0.364096
train,16637.tif,0.25729
train,16638.tif,0.288764
train,16639.tif,0.388843
train,1664.tif,0.400444
train,16640.tif,0.356372
train,16641.tif,0.36662
train,16642.tif,0.392749
train,16643.tif,0.333853
train,16644.tif,0.361698
train,16645.tif,0.350522
train,16646.tif,0.297904
train,16647.tif,0.335513
train,16648.tif,0.353929
train,16649.tif,0.369355
train,1665.tif,0.414902
train,16650.tif,0.322751
train,16651.tif,0.344237
train,16652.tif,0.347944
train,16653.tif,0.425745
train,16654.tif,0.307508
train,16655.tif,0.328791
train,16656.tif,0.37634
train,16657.tif,0.31524
train,16658.tif,0.344838
train,16659.tif,0.30341
train,1666.tif,0.381347
train,16660.tif,0.449901
train,16661.tif,0.310606
train,16662.tif,0.296443
train,16663.tif,0.371803
train,16664.tif,0.311962
train,16665.tif,0.324428
train,16666.tif,0.367791
train,16667.tif,0.300243
train,16668.tif,0.34968
train,16669.tif,0.451297
train,1667.tif,0.367351
train,16670.tif,0.297797
train,16671.tif,0.388435
train,16672.tif,0.257325
train,16673.tif,0.461918
train,16674.tif,0.31071
train,16675.tif,0.322016
train,16676.tif,0.326645
train,16677.tif,0.343732
train,16678.tif,0.327363
train,16679.tif,0.326818
train,1668.tif,0.346019
train,16680.tif,0.302073
train,16681.tif,0.250897
train,16682.tif,0.301607
train,16683.tif,0.326793
train,16684.tif,0.335301
train,16685.tif,0.400691
train,16686.tif,0.275954
train,16687.tif,0.332506
train,16688.tif,0.350516
train,16689.tif,0.325885
train,1669.tif,0.439368
train,16690.tif,0.354082
train,16691.tif,0.36055
train,16692.tif,0.318745
train,16693.tif,0.285511
train,16694.tif,0.337489
train,16695.tif,0.332066
train,16696.tif,0.311235
train,16697.tif,0.328097
train,16698.tif,0.322768
train,16699.tif,0.393301
train,167.tif,0.350842
train,1670.tif,0.447609
train,16700.tif,0.298921
train,16701.tif,0.339067
train,16702.tif,0.330206
train,16703.tif,0.296654
train,16704.tif,0.302635
train,16705.tif,0.320342
train,16706.tif,0.315937
train,16707.tif,0.343735
train,16708.tif,0.296397
train,16709.tif,0.364646
train,1671.tif,0.404513
train,16710.tif,0.373233
train,16711.tif,0.351348
train,16712.tif,0.293356
train,16713.tif,0.304178
train,16714.tif,0.271021
train,16715.tif,0.25374
train,16716.tif,0.387213
train,16717.tif,0.309874
train,16718.tif,0.290052
train,16719.tif,0.374589
train,1672.tif,0.391449
train,16720.tif,0.373298
train,16721.tif,0.365441
train,16722.tif,0.401413
train,16723.tif,0.313691
train,16724.tif,0.375831
train,16725.tif,0.309756
train,16726.tif,0.3345
train,16727.tif,0.354447
train,16728.tif,0.42871
train,16729.tif,0.351012
train,1673.tif,0.377732
train,16730.tif,0.341909
train,16731.tif,0.364042
train,16732.tif,0.423911
train,16733.tif,0.300219
train,16734.tif,0.351538
train,16735.tif,0.379947
train,16736.tif,0.396574
train,16737.tif,0.356567
train,16738.tif,0.34903
train,16739.tif,0.278325
train,1674.tif,0.383573
train,16740.tif,0.29334
train,16741.tif,0.387016
train,16742.tif,0.315812
train,16743.tif,0.322347
train,16744.tif,0.393225
train,16745.tif,0.383711
train,16746.tif,0.351476
train,16747.tif,0.335218
train,16748.tif,0.355759
train,16749.tif,0.379259
train,1675.tif,0.313099
train,16750.tif,0.318294
train,16751.tif,0.336964
train,16752.tif,0.313216
train,16753.tif,0.34101
train,16754.tif,0.303221
train,16755.tif,0.348939
train,16756.tif,0.307976
train,16757.tif,0.283514
train,16758.tif,0.284907
train,16759.tif,0.436935
train,1676.tif,0.382018
train,16760.tif,0.320869
train,16761.tif,0.342742
train,16762.tif,0.300368
train,16763.tif,0.403098
train,16764.tif,0.324221
train,16765.tif,0.269686
train,16766.tif,0.378064
train,16767.tif,0.34321
train,16768.tif,0.333716
train,16769.tif,0.376281
train,1677.tif,0.417023
train,16770.tif,0.316162
train,16771.tif,0.317666
train,16772.tif,0.325426
train,16773.tif,0.377386
train,16774.tif,0.363311
train,16775.tif,0.26033
train,16776.tif,0.366859
train,16777.tif,0.384465
train,16778.tif,0.328216
train,16779.tif,0.377429
train,1678.tif,0.36415
train,16780.tif,0.296564
train,16781.tif,0.351175
train,16782.tif,0.386963
train,16783.tif,0.404922
train,16784.tif,0.461508
train,16785.tif,0.31471
train,16786.tif,0.312509
train,16787.tif,0.317812
train,16788.tif,0.320581
train,16789.tif,0.306096
train,1679.tif,0.406565
train,16790.tif,0.341996
train,16791.tif,0.312323
train,16792.tif,0.321913
train,16793.tif,0.325958
train,16794.tif,0.322017
train,16795.tif,0.350598
train,16796.tif,0.286532
train,16797.tif,0.344829
train,16798.tif,0.368924
train,16799.tif,0.364397
train,168.tif,0.347352
train,1680.tif,0.355554
train,16800.tif,0.299592
train,16801.tif,0.333192
train,16802.tif,0.343454
train,16803.tif,0.335756
train,16804.tif,0.226008
train,16805.tif,0.287903
train,16806.tif,0.351461
train,16807.tif,0.418939
train,16808.tif,0.352167
train,16809.tif,0.333048
train,1681.tif,0.327522
train,16810.tif,0.308678
train,16811.tif,0.342549
train,16812.tif,0.341918
train,16813.tif,0.391041
train,16814.tif,0.383143
train,16815.tif,0.34125
train,16816.tif,0.348934
train,16817.tif,0.346089
train,16818.tif,0.298086
train,16819.tif,0.342498
train,1682.tif,0.438487
train,16820.tif,0.346793
train,16821.tif,0.283998
train,16822.tif,0.374808
train,16823.tif,0.418053
train,16824.tif,0.378597
train,16825.tif,0.321747
train,16826.tif,0.330745
train,16827.tif,0.389168
train,16828.tif,0.329662
train,16829.tif,0.36322
train,1683.tif,0.376325
train,16830.tif,0.306302
train,16831.tif,0.375139
train,16832.tif,0.37646
train,16833.tif,0.348586
train,16834.tif,0.333941
train,16835.tif,0.445915
train,16836.tif,0.297424
train,16837.tif,0.350355
train,16838.tif,0.357545
train,16839.tif,0.392638
train,1684.tif,0.384774
train,16840.tif,0.345078
train,16841.tif,0.373912
train,16842.tif,0.362632
train,16843.tif,0.374182
train,16844.tif,0.337678
train,16845.tif,0.327459
train,16846.tif,0.297654
train,16847.tif,0.309545
train,16848.tif,0.29274
train,16849.tif,0.360218
train,1685.tif,0.480276
train,16850.tif,0.340928
train,16851.tif,0.326622
train,16852.tif,0.313131
train,16853.tif,0.320305
train,16854.tif,0.331185
train,16855.tif,0.277181
train,16856.tif,0.383654
train,16857.tif,0.359483
train,16858.tif,0.332541
train,16859.tif,0.386063
train,1686.tif,0.387056
train,16860.tif,0.310489
train,16861.tif,0.31311
train,16862.tif,0.289382
train,16863.tif,0.374661
train,16864.tif,0.430234
train,16865.tif,0.361378
train,16866.tif,0.284639
train,16867.tif,0.306299
train,16868.tif,0.269234
train,16869.tif,0.300105
train,1687.tif,0.41771
train,16870.tif,0.3121
train,16871.tif,0.375196
train,16872.tif,0.336039
train,16873.tif,0.334687
train,16874.tif,0.301738
train,16875.tif,0.296511
train,16876.tif,0.289327
train,16877.tif,0.296513
train,16878.tif,0.311929
train,16879.tif,0.332241
train,1688.tif,0.34685
train,16880.tif,0.396949
train,16881.tif,0.342349
train,16882.tif,0.287996
train,16883.tif,0.352005
train,16884.tif,0.370187
train,16885.tif,0.309412
train,16886.tif,0.328671
train,16887.tif,0.394438
train,16888.tif,0.309154
train,16889.tif,0.509873
train,1689.tif,0.409696
train,16890.tif,0.329656
train,16891.tif,0.348528
train,16892.tif,0.315689
train,16893.tif,0.32208
train,16894.tif,0.376155
train,16895.tif,0.379701
train,16896.tif,0.339006
train,16897.tif,0.318599
train,16898.tif,0.31696
train,16899.tif,0.374919
train,169.tif,0.394396
train,1690.tif,0.33755
train,16900.tif,0.378938
train,16901.tif,0.324775
train,16902.tif,0.417236
train,16903.tif,0.29273
train,16904.tif,0.332522
train,16905.tif,0.339165
train,16906.tif,0.328359
train,16907.tif,0.312182
train,16908.tif,0.38034
train,16909.tif,0.299885
train,1691.tif,0.326692
train,16910.tif,0.284134
train,16911.tif,0.366127
train,16912.tif,0.355569
train,16913.tif,0.378818
train,16914.tif,0.330641
train,16915.tif,0.260282
train,16916.tif,0.36229
train,16917.tif,0.304854
train,16918.tif,0.359479
train,16919.tif,0.384455
train,1692.tif,0.36099
train,16920.tif,0.309822
train,16921.tif,0.331454
train,16922.tif,0.344554
train,16923.tif,0.310948
train,16924.tif,0.357565
train,16925.tif,0.313039
train,16926.tif,0.317779
train,16927.tif,0.290864
train,16928.tif,0.371371
train,16929.tif,0.337711
train,1693.tif,0.316483
train,16930.tif,0.246068
train,16931.tif,0.351865
train,16932.tif,0.296359
train,16933.tif,0.290667
train,16934.tif,0.317353
train,16935.tif,0.308255
train,16936.tif,0.314557
train,16937.tif,0.318545
train,16938.tif,0.384991
train,16939.tif,0.279948
train,1694.tif,0.388942
train,16940.tif,0.318014
train,16941.tif,0.308244
train,16942.tif,0.340174
train,16943.tif,0.398967
train,16944.tif,0.343028
train,16945.tif,0.325413
train,16946.tif,0.311951
train,16947.tif,0.402028
train,16948.tif,0.322053
train,16949.tif,0.346925
train,1695.tif,0.42347
train,16950.tif,0.377176
train,16951.tif,0.454422
train,16952.tif,0.318255
train,16953.tif,0.301883
train,16954.tif,0.37848
train,16955.tif,0.324563
train,16956.tif,0.484543
train,16957.tif,0.319191
train,16958.tif,0.33427
train,16959.tif,0.356853
train,1696.tif,0.36761
train,16960.tif,0.334223
train,16961.tif,0.347212
train,16962.tif,0.331987
train,16963.tif,0.358754
train,16964.tif,0.267875
train,16965.tif,0.374492
train,16966.tif,0.294769
train,16967.tif,0.344481
train,16968.tif,0.347922
train,16969.tif,0.414577
train,1697.tif,0.451251
train,16970.tif,0.350601
train,16971.tif,0.353368
train,16972.tif,0.295891
train,16973.tif,0.32196
train,16974.tif,0.336287
train,16975.tif,0.304516
train,16976.tif,0.298624
train,16977.tif,0.379221
train,16978.tif,0.328649
train,16979.tif,0.342732
train,1698.tif,0.357429
train,16980.tif,0.385518
train,16981.tif,0.368014
train,16982.tif,0.376103
train,16983.tif,0.34702
train,16984.tif,0.391285
train,16985.tif,0.345105
train,16986.tif,0.335935
train,16987.tif,0.345496
train,16988.tif,0.377277
train,16989.tif,0.409693
train,1699.tif,0.353565
train,16990.tif,0.328327
train,16991.tif,0.323223
train,16992.tif,0.314471
train,16993.tif,0.326283
train,16994.tif,0.302818
train,16995.tif,0.282173
train,16996.tif,0.347691
train,16997.tif,0.358595
train,16998.tif,0.324187
train,16999.tif,0.313828
train,17.tif,0.357389
train,170.tif,0.340259
train,1700.tif,0.341117
train,17000.tif,0.324168
train,17001.tif,0.305836
train,17002.tif,0.381086
train,17003.tif,0.318998
train,17004.tif,0.341628
train,17005.tif,0.319616
train,17006.tif,0.298068
train,17007.tif,0.303254
train,17008.tif,0.379118
train,17009.tif,0.360643
train,1701.tif,0.405863
train,17010.tif,0.422098
train,17011.tif,0.290237
train,17012.tif,0.307686
train,17013.tif,0.368197
train,17014.tif,0.305048
train,17015.tif,0.367915
train,17016.tif,0.329859
train,17017.tif,0.325422
train,17018.tif,0.340481
train,17019.tif,0.276244
train,1702.tif,0.446604
train,17020.tif,0.324229
train,17021.tif,0.353712
train,17022.tif,0.377713
train,17023.tif,0.322513
train,17024.tif,0.278508
train,17025.tif,0.293953
train,17026.tif,0.32291
train,17027.tif,0.347789
train,17028.tif,0.29954
train,17029.tif,0.340011
train,1703.tif,0.322998
train,17030.tif,0.427207
train,17031.tif,0.391681
train,17032.tif,0.286403
train,17033.tif,0.293644
train,17034.tif,0.35563
train,17035.tif,0.347723
train,17036.tif,0.324467
train,17037.tif,0.382223
train,17038.tif,0.353516
train,17039.tif,0.36191
train,1704.tif,0.423224
train,17040.tif,0.323992
train,17041.tif,0.281996
train,17042.tif,0.331692
train,17043.tif,0.341349
train,17044.tif,0.316637
train,17045.tif,0.353205
train,17046.tif,0.348054
train,17047.tif,0.310269
train,17048.tif,0.337111
train,17049.tif,0.426789
train,1705.tif,0.400615
train,17050.tif,0.331267
train,17051.tif,0.366969
train,17052.tif,0.279328
train,17053.tif,0.354687
train,17054.tif,0.311683
train,17055.tif,0.304166
train,17056.tif,0.373571
train,17057.tif,0.325817
train,17058.tif,0.40632
train,17059.tif,0.395613
train,1706.tif,0.355273
train,17060.tif,0.320226
train,17061.tif,0.340781
train,17062.tif,0.334047
train,17063.tif,0.408913
train,17064.tif,0.423667
train,17065.tif,0.356586
train,17066.tif,0.281236
train,17067.tif,0.357428
train,17068.tif,0.307007
train,17069.tif,0.340609
train,1707.tif,0.367501
train,17070.tif,0.26096
train,17071.tif,0.366063
train,17072.tif,0.356161
train,17073.tif,0.321424
train,17074.tif,0.322515
train,17075.tif,0.369712
train,17076.tif,0.353152
train,17077.tif,0.317188
train,17078.tif,0.303789
train,17079.tif,0.270304
train,1708.tif,0.389825
train,17080.tif,0.376375
train,17081.tif,0.321879
train,17082.tif,0.358332
train,17083.tif,0.419585
train,17084.tif,0.376146
train,17085.tif,0.359494
train,17086.tif,0.287529
train,17087.tif,0.359775
train,17088.tif,0.234313
train,17089.tif,0.254008
train,1709.tif,0.391896
train,17090.tif,0.370282
train,17091.tif,0.302871
train,17092.tif,0.340868
train,17093.tif,0.329527
train,17094.tif,0.336269
train,17095.tif,0.358556
train,17096.tif,0.306587
train,17097.tif,0.361483
train,17098.tif,0.212321
train,17099.tif,0.307599
train,171.tif,0.389828
train,1710.tif,0.337154
train,17100.tif,0.335363
train,17101.tif,0.29744
train,17102.tif,0.359985
train,17103.tif,0.296648
train,17104.tif,0.360209
train,17105.tif,0.33245
train,17106.tif,0.370707
train,17107.tif,0.287751
train,17108.tif,0.370611
train,17109.tif,0.385495
train,1711.tif,0.370006
train,17110.tif,0.320135
train,17111.tif,0.44254
train,17112.tif,0.399283
train,17113.tif,0.329686
train,17114.tif,0.375725
train,17115.tif,0.345726
train,17116.tif,0.430956
train,17117.tif,0.384402
train,17118.tif,0.2973
train,17119.tif,0.314617
train,1712.tif,0.416673
train,17120.tif,0.352248
train,17121.tif,0.320626
train,17122.tif,0.276823
train,17123.tif,0.317005
train,17124.tif,0.313875
train,17125.tif,0.368723
train,17126.tif,0.277623
train,17127.tif,0.383182
train,17128.tif,0.271282
train,17129.tif,0.291405
train,1713.tif,0.366362
train,17130.tif,0.341362
train,17131.tif,0.341754
train,17132.tif,0.335043
train,17133.tif,0.286844
train,17134.tif,0.395396
train,17135.tif,0.319807
train,17136.tif,0.305357
train,17137.tif,0.364575
train,17138.tif,0.331725
train,17139.tif,0.313449
train,1714.tif,0.330997
train,17140.tif,0.387321
train,17141.tif,0.335815
train,17142.tif,0.328463
train,17143.tif,0.336379
train,17144.tif,0.303032
train,17145.tif,0.354343
train,17146.tif,0.278873
train,17147.tif,0.298937
train,17148.tif,0.359289
train,17149.tif,0.370516
train,1715.tif,0.420045
train,17150.tif,0.398438
train,17151.tif,0.403827
train,17152.tif,0.344519
train,17153.tif,0.294783
train,17154.tif,0.32318
train,17155.tif,0.291182
train,17156.tif,0.32797
train,17157.tif,0.237307
train,17158.tif,0.356497
train,17159.tif,0.33798
train,1716.tif,0.372519
train,17160.tif,0.265615
train,17161.tif,0.356304
train,17162.tif,0.323406
train,17163.tif,0.371729
train,17164.tif,0.402847
train,17165.tif,0.343735
train,17166.tif,0.404463
train,17167.tif,0.408545
train,17168.tif,0.297238
train,17169.tif,0.317225
train,1717.tif,0.306412
train,17170.tif,0.315284
train,17171.tif,0.370028
train,17172.tif,0.363011
train,17173.tif,0.348322
train,17174.tif,0.342963
train,17175.tif,0.314838
train,17176.tif,0.323313
train,17177.tif,0.375904
train,17178.tif,0.330554
train,17179.tif,0.352471
train,1718.tif,0.425436
train,17180.tif,0.355051
train,17181.tif,0.310775
train,17182.tif,0.418317
train,17183.tif,0.328358
train,17184.tif,0.317802
train,17185.tif,0.395384
train,17186.tif,0.329408
train,17187.tif,0.349427
train,17188.tif,0.366448
train,17189.tif,0.335691
train,1719.tif,0.36004
train,17190.tif,0.425429
train,17191.tif,0.395654
train,17192.tif,0.399938
train,17193.tif,0.384096
train,17194.tif,0.350257
train,17195.tif,0.374919
train,17196.tif,0.326396
train,17197.tif,0.401911
train,17198.tif,0.299781
train,172.tif,0.38618
train,1720.tif,0.439876
train,1721.tif,0.342685
train,1722.tif,0.330346
train,1723.tif,0.370001
train,1724.tif,0.357863
train,1725.tif,0.339323
train,1726.tif,0.438385
train,1727.tif,0.418139
train,1728.tif,0.330811
train,1729.tif,0.375777
train,173.tif,0.376778
train,1730.tif,0.340819
train,1731.tif,0.390094
train,1732.tif,0.399232
train,1733.tif,0.380476
train,1734.tif,0.371229
train,1735.tif,0.456108
train,1736.tif,0.428482
train,1737.tif,0.344139
train,1738.tif,0.307607
train,1739.tif,0.433171
train,174.tif,0.423339
train,1740.tif,0.450927
train,1741.tif,0.386995
train,1742.tif,0.373864
train,1743.tif,0.337124
train,1744.tif,0.355028
train,1745.tif,0.3729
train,1746.tif,0.341285
train,1747.tif,0.406653
train,1748.tif,0.413809
train,1749.tif,0.395037
train,175.tif,0.46395
train,1750.tif,0.455503
train,1751.tif,0.37196
train,1752.tif,0.369101
train,1753.tif,0.412572
train,1754.tif,0.370191
train,1755.tif,0.410051
train,1756.tif,0.392217
train,1757.tif,0.365094
train,1758.tif,0.409471
train,1759.tif,0.290148
train,176.tif,0.411945
train,1760.tif,0.365629
train,1761.tif,0.379396
train,1762.tif,0.364059
train,1763.tif,0.388015
train,1764.tif,0.401523
train,1765.tif,0.323543
train,1766.tif,0.359182
train,1767.tif,0.354389
train,1768.tif,0.403306
train,1769.tif,0.343129
train,177.tif,0.361294
train,1770.tif,0.396646
train,1771.tif,0.443729
train,1772.tif,0.371212
train,1773.tif,0.346428
train,1774.tif,0.450379
train,1775.tif,0.442365
train,1776.tif,0.407524
train,1777.tif,0.342362
train,1778.tif,0.315306
train,1779.tif,0.376421
train,178.tif,0.385927
train,1780.tif,0.421291
train,1781.tif,0.3463
train,1782.tif,0.338653
train,1783.tif,0.381668
train,1784.tif,0.276922
train,1785.tif,0.381298
train,1786.tif,0.425615
train,1787.tif,0.398501
train,1788.tif,0.414494
train,1789.tif,0.3195
train,179.tif,0.394731
train,1790.tif,0.322738
train,1791.tif,0.384843
train,1792.tif,0.371413
train,1793.tif,0.39728
train,1794.tif,0.38855
train,1795.tif,0.332817
train,1796.tif,0.371999
train,1797.tif,0.350342
train,1798.tif,0.366048
train,1799.tif,0.389788
train,18.tif,0.399377
train,180.tif,0.301957
train,1800.tif,0.417981
train,1801.tif,0.410902
train,1802.tif,0.327197
train,1803.tif,0.356913
train,1804.tif,0.335949
train,1805.tif,0.438206
train,1806.tif,0.402639
train,1807.tif,0.401743
train,1808.tif,0.355759
train,1809.tif,0.335922
train,181.tif,0.397722
train,1810.tif,0.379692
train,1811.tif,0.364154
train,1812.tif,0.367507
train,1813.tif,0.363324
train,1814.tif,0.359478
train,1815.tif,0.44314
train,1816.tif,0.330828
train,1817.tif,0.425953
train,1818.tif,0.336119
train,1819.tif,0.326459
train,182.tif,0.468116
train,1820.tif,0.337055
train,1821.tif,0.372383
train,1822.tif,0.399195
train,1823.tif,0.379587
train,1824.tif,0.347702
train,1825.tif,0.412453
train,1826.tif,0.404601
train,1827.tif,0.445016
train,1828.tif,0.347619
train,1829.tif,0.431436
train,183.tif,0.362929
train,1830.tif,0.385805
train,1831.tif,0.419608
train,1832.tif,0.328216
train,1833.tif,0.366234
train,1834.tif,0.373924
train,1835.tif,0.353569
train,1836.tif,0.389867
train,1837.tif,0.395817
train,1838.tif,0.354663
train,1839.tif,0.383522
train,184.tif,0.391666
train,1840.tif,0.339933
train,1841.tif,0.368679
train,1842.tif,0.356804
train,1843.tif,0.387253
train,1844.tif,0.408973
train,1845.tif,0.365363
train,1846.tif,0.375067
train,1847.tif,0.321972
train,1848.tif,0.351937
train,1849.tif,0.439971
train,185.tif,0.388573
train,1850.tif,0.34634
train,1851.tif,0.433918
train,1852.tif,0.334756
train,1853.tif,0.42931
train,1854.tif,0.273634
train,1855.tif,0.301696
train,1856.tif,0.365766
train,1857.tif,0.354414
train,1858.tif,0.406145
train,1859.tif,0.39633
train,186.tif,0.328851
train,1860.tif,0.364114
train,1861.tif,0.407499
train,1862.tif,0.39542
train,1863.tif,0.491183
train,1864.tif,0.344001
train,1865.tif,0.350604
train,1866.tif,0.393574
train,1867.tif,0.31807
train,1868.tif,0.366641
train,1869.tif,0.326935
train,187.tif,0.426588
train,1870.tif,0.319883
train,1871.tif,0.371518
train,1872.tif,0.326524
train,1873.tif,0.378419
train,1874.tif,0.358105
train,1875.tif,0.37286
train,1876.tif,0.363299
train,1877.tif,0.357156
train,1878.tif,0.356526
train,1879.tif,0.326394
train,188.tif,0.291516
train,1880.tif,0.364235
train,1881.tif,0.349734
train,1882.tif,0.388862
train,1883.tif,0.377942
train,1884.tif,0.431287
train,1885.tif,0.366158
train,1886.tif,0.458939
train,1887.tif,0.400045
train,1888.tif,0.320835
train,1889.tif,0.384146
train,189.tif,0.36856
train,1890.tif,0.370804
train,1891.tif,0.360375
train,1892.tif,0.329102
train,1893.tif,0.4498
train,1894.tif,0.451641
train,1895.tif,0.369162
train,1896.tif,0.368381
train,1897.tif,0.354186
train,1898.tif,0.397602
train,1899.tif,0.364855
train,19.tif,0.407333
train,190.tif,0.373557
train,1900.tif,0.355444
train,1901.tif,0.352784
train,1902.tif,0.382402
train,1903.tif,0.375563
train,1904.tif,0.315047
train,1905.tif,0.36169
train,1906.tif,0.37603
train,1907.tif,0.397451
train,1908.tif,0.380045
train,1909.tif,0.340877
train,191.tif,0.383759
train,1910.tif,0.406731
train,1911.tif,0.423449
train,1912.tif,0.399575
train,1913.tif,0.311659
train,1914.tif,0.365326
train,1915.tif,0.390515
train,1916.tif,0.383192
train,1917.tif,0.364039
train,1918.tif,0.302355
train,1919.tif,0.374922
train,192.tif,0.349467
train,1920.tif,0.410655
train,1921.tif,0.390464
train,1922.tif,0.290592
train,1923.tif,0.338364
train,1924.tif,0.448601
train,1925.tif,0.379315
train,1926.tif,0.385461
train,1927.tif,0.475827
train,1928.tif,0.392321
train,1929.tif,0.347477
train,193.tif,0.36319
train,1930.tif,0.343015
train,1931.tif,0.394656
train,1932.tif,0.341379
train,1933.tif,0.330707
train,1934.tif,0.446867
train,1935.tif,0.373207
train,1936.tif,0.380125
train,1937.tif,0.38937
train,1938.tif,0.455044
train,1939.tif,0.326044
train,194.tif,0.367128
train,1940.tif,0.390225
train,1941.tif,0.357082
train,1942.tif,0.416403
train,1943.tif,0.360477
train,1944.tif,0.356623
train,1945.tif,0.295325
train,1946.tif,0.351315
train,1947.tif,0.36316
train,1948.tif,0.357821
train,1949.tif,0.364834
train,195.tif,0.355437
train,1950.tif,0.396232
train,1951.tif,0.326387
train,1952.tif,0.426616
train,1953.tif,0.41193
train,1954.tif,0.393553
train,1955.tif,0.386623
train,1956.tif,0.414105
train,1957.tif,0.406934
train,1958.tif,0.477548
train,1959.tif,0.396834
train,196.tif,0.410973
train,1960.tif,0.416236
train,1961.tif,0.448163
train,1962.tif,0.433797
train,1963.tif,0.37169
train,1964.tif,0.444888
train,1965.tif,0.441376
train,1966.tif,0.434104
train,1967.tif,0.356239
train,1968.tif,0.395342
train,1969.tif,0.333532
train,197.tif,0.380707
train,1970.tif,0.416327
train,1971.tif,0.383352
train,1972.tif,0.327092
train,1973.tif,0.402152
train,1974.tif,0.446956
train,1975.tif,0.386006
train,1976.tif,0.393452
train,1977.tif,0.389701
train,1978.tif,0.351845
train,1979.tif,0.356657
train,198.tif,0.354989
train,1980.tif,0.351029
train,1981.tif,0.368244
train,1982.tif,0.339128
train,1983.tif,0.374645
train,1984.tif,0.469598
train,1985.tif,0.314919
train,1986.tif,0.364828
train,1987.tif,0.377172
train,1988.tif,0.425889
train,1989.tif,0.403265
train,199.tif,0.358797
train,1990.tif,0.39032
train,1991.tif,0.368247
train,1992.tif,0.330141
train,1993.tif,0.383835
train,1994.tif,0.40704
train,1995.tif,0.344199
train,1996.tif,0.383942
train,1997.tif,0.422742
train,1998.tif,0.428912
train,1999.tif,0.358526
train,2.tif,0.428996
train,20.tif,0.395021
train,200.tif,0.336253
train,2000.tif,0.365361
train,2001.tif,0.482327
train,2002.tif,0.420545
train,2003.tif,0.365995
train,2004.tif,0.353434
train,2005.tif,0.401912
train,2006.tif,0.402195
train,2007.tif,0.364635
train,2008.tif,0.424263
train,2009.tif,0.380762
train,201.tif,0.431884
train,2010.tif,0.372277
train,2011.tif,0.361384
train,2012.tif,0.347916
train,2013.tif,0.395207
train,2014.tif,0.374482
train,2015.tif,0.375974
train,2016.tif,0.338588
train,2017.tif,0.369764
train,2018.tif,0.399113
train,2019.tif,0.43115
train,202.tif,0.373337
train,2020.tif,0.41125
train,2021.tif,0.369045
train,2022.tif,0.333422
train,2023.tif,0.426286
train,2024.tif,0.317579
train,2025.tif,0.448105
train,2026.tif,0.426168
train,2027.tif,0.362779
train,2028.tif,0.336045
train,2029.tif,0.377055
train,203.tif,0.408627
train,2030.tif,0.331274
train,2031.tif,0.392099
train,2032.tif,0.376863
train,2033.tif,0.334674
train,2034.tif,0.307959
train,2035.tif,0.353441
train,2036.tif,0.401525
train,2037.tif,0.418132
train,2038.tif,0.399999
train,2039.tif,0.356263
train,204.tif,0.337194
train,2040.tif,0.425158
train,2041.tif,0.412044
train,2042.tif,0.337661
train,2043.tif,0.370361
train,2044.tif,0.392038
train,2045.tif,0.368106
train,2046.tif,0.383697
train,2047.tif,0.387859
train,2048.tif,0.396243
train,2049.tif,0.416217
train,205.tif,0.348211
train,2050.tif,0.383773
train,2051.tif,0.38613
train,2052.tif,0.380967
train,2053.tif,0.333824
train,2054.tif,0.393035
train,2055.tif,0.416118
train,2056.tif,0.473066
train,2057.tif,0.319936
train,2058.tif,0.279893
train,2059.tif,0.387719
train,206.tif,0.406624
train,2060.tif,0.36288
train,2061.tif,0.355019
train,2062.tif,0.410522
train,2063.tif,0.452073
train,2064.tif,0.373743
train,2065.tif,0.338342
train,2066.tif,0.349388
train,2067.tif,0.412132
train,2068.tif,0.420559
train,2069.tif,0.450816
train,207.tif,0.364782
train,2070.tif,0.356114
train,2071.tif,0.307547
train,2072.tif,0.425916
train,2073.tif,0.337999
train,2074.tif,0.491839
train,2075.tif,0.456604
train,2076.tif,0.3569
train,2077.tif,0.39445
train,2078.tif,0.324879
train,2079.tif,0.41974
train,208.tif,0.328326
train,2080.tif,0.361123
train,2081.tif,0.401927
train,2082.tif,0.358862
train,2083.tif,0.374044
train,2084.tif,0.358391
train,2085.tif,0.346552
train,2086.tif,0.412717
train,2087.tif,0.345762
train,2088.tif,0.153911
train,2089.tif,0.360003
train,209.tif,0.364556
train,2090.tif,0.323905
train,2091.tif,0.349994
train,2092.tif,0.397507
train,2093.tif,0.385535
train,2094.tif,0.455183
train,2095.tif,0.37083
train,2096.tif,0.389332
train,2097.tif,0.418915
train,2098.tif,0.401168
train,2099.tif,0.307041
train,21.tif,0.413587
train,210.tif,0.421203
train,2100.tif,0.434649
train,2101.tif,0.264037
train,2102.tif,0.395259
train,2103.tif,0.365514
train,2104.tif,0.385919
train,2105.tif,0.257645
train,2106.tif,0.358934
train,2107.tif,0.376623
train,2108.tif,0.350958
train,2109.tif,0.351978
train,211.tif,0.365238
train,2110.tif,0.379619
train,2111.tif,0.171107
train,2112.tif,0.350172
train,2113.tif,0.411603
train,2114.tif,0.365939
train,2115.tif,0.393264
train,2116.tif,0.408688
train,2117.tif,0.371995
train,2118.tif,0.369842
train,2119.tif,0.388402
train,212.tif,0.341039
train,2120.tif,0.383173
train,2121.tif,0.359717
train,2122.tif,0.320043
train,2123.tif,0.316529
train,2124.tif,0.400766
train,2125.tif,0.320841
train,2126.tif,0.373583
train,2127.tif,0.376487
train,2128.tif,0.432204
train,2129.tif,0.376094
train,213.tif,0.354726
train,2130.tif,0.401847
train,2131.tif,0.313263
train,2132.tif,0.385557
train,2133.tif,0.440276
train,2134.tif,0.35919
train,2135.tif,0.395101
train,2136.tif,0.422194
train,2137.tif,0.29039
train,2138.tif,0.413915
train,2139.tif,0.360493
train,214.tif,0.440225
train,2140.tif,0.324053
train,2141.tif,0.393266
train,2142.tif,0.289605
train,2143.tif,0.426325
train,2144.tif,0.534271
train,2145.tif,0.485814
train,2146.tif,0.350548
train,2147.tif,0.334481
train,2148.tif,0.341342
train,2149.tif,0.365185
train,215.tif,0.363147
train,2150.tif,0.39962
train,2151.tif,0.40195
train,2152.tif,0.333426
train,2153.tif,0.299818
train,2154.tif,0.360197
train,2155.tif,0.394348
train,2156.tif,0.32243
train,2157.tif,0.360843
train,2158.tif,0.367439
train,2159.tif,0.389533
train,216.tif,0.480115
train,2160.tif,0.345955
train,2161.tif,0.448832
train,2162.tif,0.38963
train,2163.tif,0.467335
train,2164.tif,0.35884
train,2165.tif,0.299598
train,2166.tif,0.37385
train,2167.tif,0.405855
train,2168.tif,0.340384
train,2169.tif,0.441963
train,217.tif,0.342115
train,2170.tif,0.37957
train,2171.tif,0.398479
train,2172.tif,0.399905
train,2173.tif,0.339052
train,2174.tif,0.321943
train,2175.tif,0.364462
train,2176.tif,0.405792
train,2177.tif,0.382105
train,2178.tif,0.394749
train,2179.tif,0.479631
train,218.tif,0.465778
train,2180.tif,0.331783
train,2181.tif,0.351534
train,2182.tif,0.329563
train,2183.tif,0.403903
train,2184.tif,0.384223
train,2185.tif,0.420686
train,2186.tif,0.419446
train,2187.tif,0.417397
train,2188.tif,0.399136
train,2189.tif,0.392508
train,219.tif,0.37888
train,2190.tif,0.339727
train,2191.tif,0.429294
train,2192.tif,0.298862
train,2193.tif,0.382798
train,2194.tif,0.400002
train,2195.tif,0.332034
train,2196.tif,0.339341
train,2197.tif,0.31846
train,2198.tif,0.330451
train,2199.tif,0.307249
train,22.tif,0.389434
train,220.tif,0.38379
train,2200.tif,0.355571
train,2201.tif,0.37432
train,2202.tif,0.395089
train,2203.tif,0.37556
train,2204.tif,0.404917
train,2205.tif,0.361847
train,2206.tif,0.22821
train,2207.tif,0.362033
train,2208.tif,0.361857
train,2209.tif,0.490715
train,221.tif,0.393386
train,2210.tif,0.39629
train,2211.tif,0.456409
train,2212.tif,0.308464
train,2213.tif,0.396788
train,2214.tif,0.423027
train,2215.tif,0.428216
train,2216.tif,0.395604
train,2217.tif,0.430317
train,2218.tif,0.358852
train,2219.tif,0.411815
train,222.tif,0.346072
train,2220.tif,0.365634
train,2221.tif,0.405917
train,2222.tif,0.34708
train,2223.tif,0.378295
train,2224.tif,0.423634
train,2225.tif,0.381144
train,2226.tif,0.313586
train,2227.tif,0.358734
train,2228.tif,0.320411
train,2229.tif,0.390925
train,223.tif,0.356011
train,2230.tif,0.306045
train,2231.tif,0.394582
train,2232.tif,0.338757
train,2233.tif,0.408922
train,2234.tif,0.314685
train,2235.tif,0.426087
train,2236.tif,0.371771
train,2237.tif,0.2653
train,2238.tif,0.37647
train,2239.tif,0.393162
train,224.tif,0.257024
train,2240.tif,0.320009
train,2241.tif,0.432898
train,2242.tif,0.453259
train,2243.tif,0.38024
train,2244.tif,0.390371
train,2245.tif,0.429314
train,2246.tif,0.423167
train,2247.tif,0.46523
train,2248.tif,0.412538
train,2249.tif,0.467648
train,225.tif,0.42189
train,2250.tif,0.310684
train,2251.tif,0.474682
train,2252.tif,0.380903
train,2253.tif,0.417803
train,2254.tif,0.376846
train,2255.tif,0.383541
train,2256.tif,0.325835
train,2257.tif,0.360712
train,2258.tif,0.334175
train,2259.tif,0.434328
train,226.tif,0.328772
train,2260.tif,0.414171
train,2261.tif,0.376593
train,2262.tif,0.3069
train,2263.tif,0.360014
train,2264.tif,0.258451
train,2265.tif,0.334661
train,2266.tif,0.393635
train,2267.tif,0.370169
train,2268.tif,0.287038
train,2269.tif,0.353141
train,227.tif,0.339232
train,2270.tif,0.350834
train,2271.tif,0.372836
train,2272.tif,0.329011
train,2273.tif,0.34024
train,2274.tif,0.396641
train,2275.tif,0.31512
train,2276.tif,0.339407
train,2277.tif,0.430687
train,2278.tif,0.291018
train,2279.tif,0.374927
train,228.tif,0.345516
train,2280.tif,0.357215
train,2281.tif,0.361782
train,2282.tif,0.28585
train,2283.tif,0.334712
train,2284.tif,0.453257
train,2285.tif,0.394305
train,2286.tif,0.423418
train,2287.tif,0.377126
train,2288.tif,0.417521
train,2289.tif,0.496641
train,229.tif,0.409821
train,2290.tif,0.387119
train,2291.tif,0.349619
train,2292.tif,0.364668
train,2293.tif,0.423816
train,2294.tif,0.4163
train,2295.tif,0.381682
train,2296.tif,0.444237
train,2297.tif,0.362867
train,2298.tif,0.413661
train,2299.tif,0.364421
train,23.tif,0.377752
train,230.tif,0.356229
train,2300.tif,0.323878
train,2301.tif,0.324125
train,2302.tif,0.357466
train,2303.tif,0.4352
train,2304.tif,0.351893
train,2305.tif,0.356187
train,2306.tif,0.283872
train,2307.tif,0.348697
train,2308.tif,0.379985
train,2309.tif,0.367123
train,231.tif,0.284433
train,2310.tif,0.326176
train,2311.tif,0.329695
train,2312.tif,0.308282
train,2313.tif,0.31635
train,2314.tif,0.345049
train,2315.tif,0.447378
train,2316.tif,0.499128
train,2317.tif,0.324664
train,2318.tif,0.306025
train,2319.tif,0.343118
train,232.tif,0.348319
train,2320.tif,0.5014
train,2321.tif,0.423695
train,2322.tif,0.327948
train,2323.tif,0.409345
train,2324.tif,0.29948
train,2325.tif,0.351987
train,2326.tif,0.31087
train,2327.tif,0.37026
train,2328.tif,0.377531
train,2329.tif,0.323249
train,233.tif,0.339347
train,2330.tif,0.349501
train,2331.tif,0.312231
train,2332.tif,0.393246
train,2333.tif,0.39722
train,2334.tif,0.306453
train,2335.tif,0.391857
train,2336.tif,0.383982
train,2337.tif,0.285853
train,2338.tif,0.390275
train,2339.tif,0.318865
train,234.tif,0.377576
train,2340.tif,0.35602
train,2341.tif,0.335482
train,2342.tif,0.409843
train,2343.tif,0.382882
train,2344.tif,0.331908
train,2345.tif,0.253656
train,2346.tif,0.316482
train,2347.tif,0.323688
train,2348.tif,0.384427
train,2349.tif,0.32514
train,235.tif,0.319114
train,2350.tif,0.320716
train,2351.tif,0.348165
train,2352.tif,0.305526
train,2353.tif,0.350638
train,2354.tif,0.277547
train,2355.tif,0.415099
train,2356.tif,0.326201
train,2357.tif,0.303094
train,2358.tif,0.413149
train,2359.tif,0.347012
train,236.tif,0.333199
train,2360.tif,0.43593
train,2361.tif,0.366741
train,2362.tif,0.302508
train,2363.tif,0.362589
train,2364.tif,0.350862
train,2365.tif,0.408743
train,2366.tif,0.359322
train,2367.tif,0.399558
train,2368.tif,0.363478
train,2369.tif,0.382389
train,237.tif,0.331027
train,2370.tif,0.424947
train,2371.tif,0.373125
train,2372.tif,0.389827
train,2373.tif,0.352065
train,2374.tif,0.385044
train,2375.tif,0.279587
train,2376.tif,0.404747
train,2377.tif,0.400729
train,2378.tif,0.278592
train,2379.tif,0.291396
train,238.tif,0.365526
train,2380.tif,0.347368
train,2381.tif,0.40658
train,2382.tif,0.393076
train,2383.tif,0.372264
train,2384.tif,0.426794
train,2385.tif,0.412454
train,2386.tif,0.409338
train,2387.tif,0.426544
train,2388.tif,0.38475
train,2389.tif,0.402261
train,239.tif,0.42559
train,2390.tif,0.362096
train,2391.tif,0.348835
train,2392.tif,0.399388
train,2393.tif,0.351222
train,2394.tif,0.372586
train,2395.tif,0.327334
train,2396.tif,0.328352
train,2397.tif,0.356569
train,2398.tif,0.367994
train,2399.tif,0.399956
train,24.tif,0.331243
train,240.tif,0.357485
train,2400.tif,0.336885
train,2401.tif,0.356252
train,2402.tif,0.349244
train,2403.tif,0.377557
train,2404.tif,0.357009
train,2405.tif,0.366469
train,2406.tif,0.392299
train,2407.tif,0.357025
train,2408.tif,0.287391
train,2409.tif,0.380823
train,241.tif,0.355362
train,2410.tif,0.439309
train,2411.tif,0.323816
train,2412.tif,0.370067
train,2413.tif,0.344303
train,2414.tif,0.330298
train,2415.tif,0.491854
train,2416.tif,0.346884
train,2417.tif,0.348191
train,2418.tif,0.347732
train,2419.tif,0.274517
train,242.tif,0.315796
train,2420.tif,0.36694
train,2421.tif,0.426859
train,2422.tif,0.277166
train,2423.tif,0.337595
train,2424.tif,0.410077
train,2425.tif,0.267264
train,2426.tif,0.384353
train,2427.tif,0.433437
train,2428.tif,0.299439
train,2429.tif,0.313097
train,243.tif,0.397397
train,2430.tif,0.362963
train,2431.tif,0.402837
train,2432.tif,0.379793
train,2433.tif,0.373565
train,2434.tif,0.373358
train,2435.tif,0.424065
train,2436.tif,0.404495
train,2437.tif,0.336402
train,2438.tif,0.387827
train,2439.tif,0.417145
train,244.tif,0.411963
train,2440.tif,0.372711
train,2441.tif,0.364766
train,2442.tif,0.453333
train,2443.tif,0.28393
train,2444.tif,0.404064
train,2445.tif,0.305007
train,2446.tif,0.350725
train,2447.tif,0.366747
train,2448.tif,0.358285
train,2449.tif,0.394639
train,245.tif,0.380447
train,2450.tif,0.364978
train,2451.tif,0.3618
train,2452.tif,0.400926
train,2453.tif,0.409512
train,2454.tif,0.416092
train,2455.tif,0.304979
train,2456.tif,0.333682
train,2457.tif,0.360328
train,2458.tif,0.310024
train,2459.tif,0.174001
train,246.tif,0.346637
train,2460.tif,0.403225
train,2461.tif,0.431204
train,2462.tif,0.446806
train,2463.tif,0.388341
train,2464.tif,0.388301
train,2465.tif,0.421637
train,2466.tif,0.41731
train,2467.tif,0.363757
train,2468.tif,0.326536
train,2469.tif,0.423229
train,247.tif,0.431776
train,2470.tif,0.371306
train,2471.tif,0.331551
train,2472.tif,0.460378
train,2473.tif,0.383586
train,2474.tif,0.324452
train,2475.tif,0.285797
train,2476.tif,0.416861
train,2477.tif,0.457725
train,2478.tif,0.381071
train,2479.tif,0.346132
train,248.tif,0.325301
train,2480.tif,0.401931
train,2481.tif,0.359815
train,2482.tif,0.422833
train,2483.tif,0.402249
train,2484.tif,0.3676
train,2485.tif,0.351203
train,2486.tif,0.365094
train,2487.tif,0.365098
train,2488.tif,0.347119
train,2489.tif,0.280735
train,249.tif,0.338781
train,2490.tif,0.452714
train,2491.tif,0.428861
train,2492.tif,0.422623
train,2493.tif,0.381223
train,2494.tif,0.290718
train,2495.tif,0.457245
train,2496.tif,0.330111
train,2497.tif,0.343436
train,2498.tif,0.345165
train,2499.tif,0.252299
train,25.tif,0.343682
train,250.tif,0.373621
train,2500.tif,0.35909
train,2501.tif,0.402226
train,2502.tif,0.361723
train,2503.tif,0.330271
train,2504.tif,0.379495
train,2505.tif,0.337699
train,2506.tif,0.361669
train,2507.tif,0.296609
train,2508.tif,0.359043
train,2509.tif,0.426287
train,251.tif,0.299348
train,2510.tif,0.368642
train,2511.tif,0.322137
train,2512.tif,0.315703
train,2513.tif,0.350664
train,2514.tif,0.337329
train,2515.tif,0.302326
train,2516.tif,0.38717
train,2517.tif,0.339173
train,2518.tif,0.497387
train,2519.tif,0.407181
train,252.tif,0.395012
train,2520.tif,0.429385
train,2521.tif,0.371731
train,2522.tif,0.383031
train,2523.tif,0.355977
train,2524.tif,0.313736
train,2525.tif,0.303904
train,2526.tif,0.340205
train,2527.tif,0.339063
train,2528.tif,0.345041
train,2529.tif,0.369961
train,253.tif,0.32873
train,2530.tif,0.349669
train,2531.tif,0.449527
train,2532.tif,0.325853
train,2533.tif,0.361312
train,2534.tif,0.381228
train,2535.tif,0.402752
train,2536.tif,0.387358
train,2537.tif,0.36648
train,2538.tif,0.321952
train,2539.tif,0.374026
train,254.tif,0.372984
train,2540.tif,0.335411
train,2541.tif,0.295811
train,2542.tif,0.2571
train,2543.tif,0.417868
train,2544.tif,0.346715
train,2545.tif,0.296625
train,2546.tif,0.354366
train,2547.tif,0.30555
train,2548.tif,0.353662
train,2549.tif,0.368653
train,255.tif,0.388698
train,2550.tif,0.288121
train,2551.tif,0.419471
train,2552.tif,0.361429
train,2553.tif,0.363099
train,2554.tif,0.435872
train,2555.tif,0.335934
train,2556.tif,0.377893
train,2557.tif,0.388796
train,2558.tif,0.360133
train,2559.tif,0.347716
train,256.tif,0.386209
train,2560.tif,0.361653
train,2561.tif,0.375015
train,2562.tif,0.292638
train,2563.tif,0.504726
train,2564.tif,0.356738
train,2565.tif,0.359898
train,2566.tif,0.367643
train,2567.tif,0.414352
train,2568.tif,0.320453
train,2569.tif,0.460288
train,257.tif,0.198235
train,2570.tif,0.337604
train,2571.tif,0.372651
train,2572.tif,0.413097
train,2573.tif,0.411543
train,2574.tif,0.424828
train,2575.tif,0.409605
train,2576.tif,0.385311
train,2577.tif,0.324207
train,2578.tif,0.348125
train,2579.tif,0.438591
train,258.tif,0.340562
train,2580.tif,0.374024
train,2581.tif,0.373135
train,2582.tif,0.316396
train,2583.tif,0.329687
train,2584.tif,0.331176
train,2585.tif,0.297502
train,2586.tif,0.432201
train,2587.tif,0.395858
train,2588.tif,0.414295
train,2589.tif,0.344216
train,259.tif,0.363366
train,2590.tif,0.301895
train,2591.tif,0.427563
train,2592.tif,0.353596
train,2593.tif,0.381933
train,2594.tif,0.368822
train,2595.tif,0.374876
train,2596.tif,0.335285
train,2597.tif,0.391451
train,2598.tif,0.381933
train,2599.tif,0.415196
train,26.tif,0.32717
train,260.tif,0.348495
train,2600.tif,0.456149
train,2601.tif,0.477347
train,2602.tif,0.307517
train,2603.tif,0.377661
train,2604.tif,0.364004
train,2605.tif,0.400707
train,2606.tif,0.33672
train,2607.tif,0.342473
train,2608.tif,0.293196
train,2609.tif,0.406167
train,261.tif,0.388654
train,2610.tif,0.369868
train,2611.tif,0.374409
train,2612.tif,0.385019
train,2613.tif,0.393295
train,2614.tif,0.383492
train,2615.tif,0.356767
train,2616.tif,0.365268
train,2617.tif,0.379117
train,2618.tif,0.372967
train,2619.tif,0.342447
train,262.tif,0.344161
train,2620.tif,0.286798
train,2621.tif,0.387468
train,2622.tif,0.25525
train,2623.tif,0.321278
train,2624.tif,0.388687
train,2625.tif,0.395287
train,2626.tif,0.334255
train,2627.tif,0.379634
train,2628.tif,0.37163
train,2629.tif,0.364195
train,263.tif,0.313416
train,2630.tif,0.395432
train,2631.tif,0.347627
train,2632.tif,0.427516
train,2633.tif,0.266938
train,2634.tif,0.377344
train,2635.tif,0.304042
train,2636.tif,0.308004
train,2637.tif,0.417474
train,2638.tif,0.443142
train,2639.tif,0.363862
train,264.tif,0.373968
train,2640.tif,0.418497
train,2641.tif,0.367668
train,2642.tif,0.360225
train,2643.tif,0.302054
train,2644.tif,0.31948
train,2645.tif,0.405594
train,2646.tif,0.309611
train,2647.tif,0.401097
train,2648.tif,0.294632
train,2649.tif,0.320185
train,265.tif,0.44691
train,2650.tif,0.289766
train,2651.tif,0.388564
train,2652.tif,0.34126
train,2653.tif,0.2749
train,2654.tif,0.288864
train,2655.tif,0.433783
train,2656.tif,0.363646
train,2657.tif,0.350195
train,2658.tif,0.416553
train,2659.tif,0.382242
train,266.tif,0.396886
train,2660.tif,0.336144
train,2661.tif,0.387648
train,2662.tif,0.43729
train,2663.tif,0.3926
train,2664.tif,0.334465
train,2665.tif,0.385728
train,2666.tif,0.366062
train,2667.tif,0.342711
train,2668.tif,0.366843
train,2669.tif,0.354217
train,267.tif,0.376786
train,2670.tif,0.332342
train,2671.tif,0.404439
train,2672.tif,0.381627
train,2673.tif,0.333127
train,2674.tif,0.304495
train,2675.tif,0.387627
train,2676.tif,0.416788
train,2677.tif,0.323158
train,2678.tif,0.401769
train,2679.tif,0.402343
train,268.tif,0.375756
train,2680.tif,0.341267
train,2681.tif,0.324559
train,2682.tif,0.330447
train,2683.tif,0.35006
train,2684.tif,0.366265
train,2685.tif,0.327449
train,2686.tif,0.383895
train,2687.tif,0.376444
train,2688.tif,0.427166
train,2689.tif,0.396015
train,269.tif,0.336988
train,2690.tif,0.399812
train,2691.tif,0.375124
train,2692.tif,0.351137
train,2693.tif,0.340812
train,2694.tif,0.370486
train,2695.tif,0.377149
train,2696.tif,0.460576
train,2697.tif,0.34773
train,2698.tif,0.369114
train,2699.tif,0.378614
train,27.tif,0.374305
train,270.tif,0.363834
train,2700.tif,0.41629
train,2701.tif,0.33157
train,2702.tif,0.401319
train,2703.tif,0.391384
train,2704.tif,0.24585
train,2705.tif,0.403028
train,2706.tif,0.393194
train,2707.tif,0.299741
train,2708.tif,0.237731
train,2709.tif,0.467713
train,271.tif,0.365551
train,2710.tif,0.363145
train,2711.tif,0.425881
train,2712.tif,0.438697
train,2713.tif,0.276887
train,2714.tif,0.353229
train,2715.tif,0.300491
train,2716.tif,0.31445
train,2717.tif,0.370008
train,2718.tif,0.352177
train,2719.tif,0.368869
train,272.tif,0.376416
train,2720.tif,0.369548
train,2721.tif,0.539284
train,2722.tif,0.41602
train,2723.tif,0.348
train,2724.tif,0.455921
train,2725.tif,0.392128
train,2726.tif,0.419974
train,2727.tif,0.400414
train,2728.tif,0.397528
train,2729.tif,0.439268
train,273.tif,0.359227
train,2730.tif,0.331779
train,2731.tif,0.373204
train,2732.tif,0.360833
train,2733.tif,0.409408
train,2734.tif,0.360271
train,2735.tif,0.345654
train,2736.tif,0.297689
train,2737.tif,0.446241
train,2738.tif,0.508473
train,2739.tif,0.34369
train,274.tif,0.314819
train,2740.tif,0.343876
train,2741.tif,0.368965
train,2742.tif,0.362531
train,2743.tif,0.39272
train,2744.tif,0.388164
train,2745.tif,0.355229
train,2746.tif,0.407436
train,2747.tif,0.3422
train,2748.tif,0.440057
train,2749.tif,0.369714
train,275.tif,0.368062
train,2750.tif,0.389701
train,2751.tif,0.414593
train,2752.tif,0.395401
train,2753.tif,0.338734
train,2754.tif,0.355718
train,2755.tif,0.326093
train,2756.tif,0.354291
train,2757.tif,0.372252
train,2758.tif,0.420962
train,2759.tif,0.377308
train,276.tif,0.44287
train,2760.tif,0.411673
train,2761.tif,0.260152
train,2762.tif,0.317795
train,2763.tif,0.332795
train,2764.tif,0.347531
train,2765.tif,0.390071
train,2766.tif,0.391329
train,2767.tif,0.312829
train,2768.tif,0.337417
train,2769.tif,0.337426
train,277.tif,0.336214
train,2770.tif,0.415557
train,2771.tif,0.479859
train,2772.tif,0.343719
train,2773.tif,0.379667
train,2774.tif,0.353458
train,2775.tif,0.302304
train,2776.tif,0.355016
train,2777.tif,0.384322
train,2778.tif,0.392624
train,2779.tif,0.394976
train,278.tif,0.422571
train,2780.tif,0.393805
train,2781.tif,0.49445
train,2782.tif,0.289367
train,2783.tif,0.394888
train,2784.tif,0.471591
train,2785.tif,0.244429
train,2786.tif,0.408131
train,2787.tif,0.526285
train,2788.tif,0.305386
train,2789.tif,0.277016
train,279.tif,0.459588
train,2790.tif,0.344297
train,2791.tif,0.367292
train,2792.tif,0.342805
train,2793.tif,0.358445
train,2794.tif,0.399632
train,2795.tif,0.406991
train,2796.tif,0.341365
train,2797.tif,0.272063
train,2798.tif,0.356646
train,2799.tif,0.3973
train,28.tif,0.399117
train,280.tif,0.357951
train,2800.tif,0.420276
train,2801.tif,0.38747
train,2802.tif,0.378878
train,2803.tif,0.342431
train,2804.tif,0.431337
train,2805.tif,0.352814
train,2806.tif,0.319875
train,2807.tif,0.359864
train,2808.tif,0.360099
train,2809.tif,0.371053
train,281.tif,0.453122
train,2810.tif,0.368362
train,2811.tif,0.437174
train,2812.tif,0.366045
train,2813.tif,0.365591
train,2814.tif,0.384333
train,2815.tif,0.356555
train,2816.tif,0.413577
train,2817.tif,0.31319
train,2818.tif,0.37191
train,2819.tif,0.349052
train,282.tif,0.358826
train,2820.tif,0.436607
train,2821.tif,0.41582
train,2822.tif,0.392753
train,2823.tif,0.385426
train,2824.tif,0.408789
train,2825.tif,0.387683
train,2826.tif,0.356941
train,2827.tif,0.346901
train,2828.tif,0.3191
train,2829.tif,0.311387
train,283.tif,0.357643
train,2830.tif,0.426337
train,2831.tif,0.428841
train,2832.tif,0.424085
train,2833.tif,0.402871
train,2834.tif,0.336648
train,2835.tif,0.34328
train,2836.tif,0.372088
train,2837.tif,0.308537
train,2838.tif,0.428869
train,2839.tif,0.345604
train,284.tif,0.379085
train,2840.tif,0.414013
train,2841.tif,0.377777
train,2842.tif,0.387724
train,2843.tif,0.333965
train,2844.tif,0.330492
train,2845.tif,0.356686
train,2846.tif,0.442998
train,2847.tif,0.350653
train,2848.tif,0.516722
train,2849.tif,0.37542
train,285.tif,0.39554
train,2850.tif,0.352654
train,2851.tif,0.412516
train,2852.tif,0.372425
train,2853.tif,0.383096
train,2854.tif,0.45189
train,2855.tif,0.359473
train,2856.tif,0.388793
train,2857.tif,0.306165
train,2858.tif,0.400423
train,2859.tif,0.355982
train,286.tif,0.331145
train,2860.tif,0.331935
train,2861.tif,0.369995
train,2862.tif,0.356742
train,2863.tif,0.380107
train,2864.tif,0.393847
train,2865.tif,0.321633
train,2866.tif,0.372862
train,2867.tif,0.358639
train,2868.tif,0.383163
train,2869.tif,0.336842
train,287.tif,0.299418
train,2870.tif,0.36161
train,2871.tif,0.354801
train,2872.tif,0.432984
train,2873.tif,0.393166
train,2874.tif,0.396004
train,2875.tif,0.386835
train,2876.tif,0.334665
train,2877.tif,0.425905
train,2878.tif,0.337359
train,2879.tif,0.412502
train,288.tif,0.356416
train,2880.tif,0.370804
train,2881.tif,0.365507
train,2882.tif,0.39466
train,2883.tif,0.332657
train,2884.tif,0.371874
train,2885.tif,0.371211
train,2886.tif,0.434098
train,2887.tif,0.446633
train,2888.tif,0.365276
train,2889.tif,0.443024
train,289.tif,0.375638
train,2890.tif,0.368275
train,2891.tif,0.304683
train,2892.tif,0.426883
train,2893.tif,0.354764
train,2894.tif,0.411028
train,2895.tif,0.400585
train,2896.tif,0.510486
train,2897.tif,0.416039
train,2898.tif,0.404881
train,2899.tif,0.370174
train,29.tif,0.382162
train,290.tif,0.361538
train,2900.tif,0.414848
train,2901.tif,0.399974
train,2902.tif,0.347307
train,2903.tif,0.461652
train,2904.tif,0.40711
train,2905.tif,0.419027
train,2906.tif,0.432165
train,2907.tif,0.387556
train,2908.tif,0.410338
train,2909.tif,0.386878
train,291.tif,0.414685
train,2910.tif,0.356248
train,2911.tif,0.221715
train,2912.tif,0.367889
train,2913.tif,0.301016
train,2914.tif,0.352577
train,2915.tif,0.343741
train,2916.tif,0.398446
train,2917.tif,0.396454
train,2918.tif,0.406642
train,2919.tif,0.385671
train,292.tif,0.473934
train,2920.tif,0.441878
train,2921.tif,0.411509
train,2922.tif,0.422834
train,2923.tif,0.330759
train,2924.tif,0.392559
train,2925.tif,0.362842
train,2926.tif,0.349471
train,2927.tif,0.35204
train,2928.tif,0.308554
train,2929.tif,0.354329
train,293.tif,0.307363
train,2930.tif,0.382234
train,2931.tif,0.403538
train,2932.tif,0.422898
train,2933.tif,0.325581
train,2934.tif,0.37496
train,2935.tif,0.309415
train,2936.tif,0.365625
train,2937.tif,0.401764
train,2938.tif,0.359766
train,2939.tif,0.361774
train,294.tif,0.384468
train,2940.tif,0.388708
train,2941.tif,0.396094
train,2942.tif,0.343848
train,2943.tif,0.366416
train,2944.tif,0.48561
train,2945.tif,0.392349
train,2946.tif,0.34463
train,2947.tif,0.473567
train,2948.tif,0.378434
train,2949.tif,0.402205
train,295.tif,0.39199
train,2950.tif,0.367994
train,2951.tif,0.432589
train,2952.tif,0.42814
train,2953.tif,0.374791
train,2954.tif,0.3304
train,2955.tif,0.451679
train,2956.tif,0.416739
train,2957.tif,0.402054
train,2958.tif,0.34563
train,2959.tif,0.381773
train,296.tif,0.375578
train,2960.tif,0.387265
train,2961.tif,0.287633
train,2962.tif,0.329249
train,2963.tif,0.423679
train,2964.tif,0.423246
train,2965.tif,0.427368
train,2966.tif,0.363305
train,2967.tif,0.348832
train,2968.tif,0.393387
train,2969.tif,0.405034
train,297.tif,0.337508
train,2970.tif,0.358073
train,2971.tif,0.380073
train,2972.tif,0.386516
train,2973.tif,0.323286
train,2974.tif,0.414288
train,2975.tif,0.334301
train,2976.tif,0.37046
train,2977.tif,0.420616
train,2978.tif,0.387155
train,2979.tif,0.353905
train,298.tif,0.318848
train,2980.tif,0.339669
train,2981.tif,0.382132
train,2982.tif,0.395141
train,2983.tif,0.506067
train,2984.tif,0.333185
train,2985.tif,0.371848
train,2986.tif,0.413729
train,2987.tif,0.440287
train,2988.tif,0.350351
train,2989.tif,0.440643
train,299.tif,0.331165
train,2990.tif,0.345345
train,2991.tif,0.455456
train,2992.tif,0.339562
train,2993.tif,0.37031
train,2994.tif,0.398535
train,2995.tif,0.362637
train,2996.tif,0.409322
train,2997.tif,0.345679
train,2998.tif,0.358202
train,2999.tif,0.39151
train,3.tif,0.320764
train,30.tif,0.347238
train,300.tif,0.463382
train,3000.tif,0.272171
train,3001.tif,0.357793
train,3002.tif,0.414493
train,3003.tif,0.375817
train,3004.tif,0.504405
train,3005.tif,0.430275
train,3006.tif,0.33017
train,3007.tif,0.339245
train,3008.tif,0.353184
train,3009.tif,0.351111
train,301.tif,0.368914
train,3010.tif,0.333325
train,3011.tif,0.487332
train,3012.tif,0.378591
train,3013.tif,0.389232
train,3014.tif,0.411608
train,3015.tif,0.427738
train,3016.tif,0.272781
train,3017.tif,0.373892
train,3018.tif,0.317316
train,3019.tif,0.359607
train,302.tif,0.363636
train,3020.tif,0.349573
train,3021.tif,0.336315
train,3022.tif,0.379969
train,3023.tif,0.34837
train,3024.tif,0.36142
train,3025.tif,0.384882
train,3026.tif,0.385475
train,3027.tif,0.383713
train,3028.tif,0.386875
train,3029.tif,0.374651
train,303.tif,0.389699
train,3030.tif,0.330518
train,3031.tif,0.423275
train,3032.tif,0.379714
train,3033.tif,0.401975
train,3034.tif,0.351839
train,3035.tif,0.45189
train,3036.tif,0.365477
train,3037.tif,0.418012
train,3038.tif,0.343087
train,3039.tif,0.327197
train,304.tif,0.358645
train,3040.tif,0.384942
train,3041.tif,0.376332
train,3042.tif,0.380734
train,3043.tif,0.423435
train,3044.tif,0.33668
train,3045.tif,0.32569
train,3046.tif,0.33974
train,3047.tif,0.371156
train,3048.tif,0.39658
train,3049.tif,0.379775
train,305.tif,0.414121
train,3050.tif,0.400273
train,3051.tif,0.434892
train,3052.tif,0.491185
train,3053.tif,0.370955
train,3054.tif,0.329141
train,3055.tif,0.468652
train,3056.tif,0.343035
train,3057.tif,0.360713
train,3058.tif,0.471766
train,3059.tif,0.285431
train,306.tif,0.364891
train,3060.tif,0.418723
train,3061.tif,0.390151
train,3062.tif,0.396753
train,3063.tif,0.39627
train,3064.tif,0.343858
train,3065.tif,0.362311
train,3066.tif,0.330992
train,3067.tif,0.370616
train,3068.tif,0.416674
train,3069.tif,0.312393
train,307.tif,0.335046
train,3070.tif,0.356129
train,3071.tif,0.428217
train,3072.tif,0.340572
train,3073.tif,0.44338
train,3074.tif,0.359293
train,3075.tif,0.395465
train,3076.tif,0.368769
train,3077.tif,0.352895
train,3078.tif,0.377995
train,3079.tif,0.392802
train,308.tif,0.342952
train,3080.tif,0.341042
train,3081.tif,0.357577
train,3082.tif,0.412002
train,3083.tif,0.308343
train,3084.tif,0.317575
train,3085.tif,0.443671
train,3086.tif,0.439137
train,3087.tif,0.446146
train,3088.tif,0.377985
train,3089.tif,0.320832
train,309.tif,0.324836
train,3090.tif,0.425048
train,3091.tif,0.395882
train,3092.tif,0.397442
train,3093.tif,0.428703
train,3094.tif,0.377895
train,3095.tif,0.343117
train,3096.tif,0.354375
train,3097.tif,0.341698
train,3098.tif,0.376977
train,3099.tif,0.398445
train,31.tif,0.315487
train,310.tif,0.358591
train,3100.tif,0.360658
train,3101.tif,0.417686
train,3102.tif,0.430947
train,3103.tif,0.358157
train,3104.tif,0.3415
train,3105.tif,0.40498
train,3106.tif,0.375955
train,3107.tif,0.334511
train,3108.tif,0.382116
train,3109.tif,0.393001
train,311.tif,0.408952
train,3110.tif,0.444086
train,3111.tif,0.373374
train,3112.tif,0.358773
train,3113.tif,0.38039
train,3114.tif,0.458682
train,3115.tif,0.374885
train,3116.tif,0.358505
train,3117.tif,0.42154
train,3118.tif,0.408048
train,3119.tif,0.348489
train,312.tif,0.445008
train,3120.tif,0.342119
train,3121.tif,0.379314
train,3122.tif,0.32171
train,3123.tif,0.325181
train,3124.tif,0.373746
train,3125.tif,0.339321
train,3126.tif,0.371494
train,3127.tif,0.299672
train,3128.tif,0.368845
train,3129.tif,0.361558
train,313.tif,0.320743
train,3130.tif,0.410432
train,3131.tif,0.367177
train,3132.tif,0.365998
train,3133.tif,0.379632
train,3134.tif,0.334832
train,3135.tif,0.399178
train,3136.tif,0.303032
train,3137.tif,0.465797
train,3138.tif,0.377401
train,3139.tif,0.423336
train,314.tif,0.434503
train,3140.tif,0.403035
train,3141.tif,0.398329
train,3142.tif,0.33688
train,3143.tif,0.346364
train,3144.tif,0.380083
train,3145.tif,0.372787
train,3146.tif,0.388596
train,3147.tif,0.348938
train,3148.tif,0.383742
train,3149.tif,0.341067
train,315.tif,0.391714
train,3150.tif,0.422886
train,3151.tif,0.386929
train,3152.tif,0.369379
train,3153.tif,0.375474
train,3154.tif,0.303857
train,3155.tif,0.338312
train,3156.tif,0.360054
train,3157.tif,0.340196
train,3158.tif,0.34279
train,3159.tif,0.459299
train,316.tif,0.421654
train,3160.tif,0.326344
train,3161.tif,0.478351
train,3162.tif,0.369851
train,3163.tif,0.400588
train,3164.tif,0.35999
train,3165.tif,0.349961
train,3166.tif,0.436636
train,3167.tif,0.367535
train,3168.tif,0.360853
train,3169.tif,0.434035
train,317.tif,0.349463
train,3170.tif,0.368164
train,3171.tif,0.340223
train,3172.tif,0.400787
train,3173.tif,0.38184
train,3174.tif,0.408959
train,3175.tif,0.323478
train,3176.tif,0.467781
train,3177.tif,0.402958
train,3178.tif,0.372093
train,3179.tif,0.41498
train,318.tif,0.359067
train,3180.tif,0.43661
train,3181.tif,0.34635
train,3182.tif,0.405183
train,3183.tif,0.307935
train,3184.tif,0.415876
train,3185.tif,0.417737
train,3186.tif,0.317815
train,3187.tif,0.331566
train,3188.tif,0.346125
train,3189.tif,0.410866
train,319.tif,0.391166
train,3190.tif,0.432552
train,3191.tif,0.393731
train,3192.tif,0.419744
train,3193.tif,0.341461
train,3194.tif,0.387557
train,3195.tif,0.351406
train,3196.tif,0.329926
train,3197.tif,0.34643
train,3198.tif,0.330804
train,3199.tif,0.347187
train,32.tif,0.342006
train,320.tif,0.394071
train,3200.tif,0.391274
train,3201.tif,0.392131
train,3202.tif,0.379407
train,3203.tif,0.355681
train,3204.tif,0.396895
train,3205.tif,0.437209
train,3206.tif,0.358008
train,3207.tif,0.428031
train,3208.tif,0.457361
train,3209.tif,0.344471
train,321.tif,0.420206
train,3210.tif,0.386791
train,3211.tif,0.418483
train,3212.tif,0.378905
train,3213.tif,0.340645
train,3214.tif,0.43013
train,3215.tif,0.429375
train,3216.tif,0.394314
train,3217.tif,0.355164
train,3218.tif,0.290479
train,3219.tif,0.408204
train,322.tif,0.42934
train,3220.tif,0.354364
train,3221.tif,0.361498
train,3222.tif,0.399203
train,3223.tif,0.473772
train,3224.tif,0.476255
train,3225.tif,0.446272
train,3226.tif,0.359848
train,3227.tif,0.436402
train,3228.tif,0.373595
train,3229.tif,0.381598
train,323.tif,0.343468
train,3230.tif,0.364574
train,3231.tif,0.350509
train,3232.tif,0.336778
train,3233.tif,0.369372
train,3234.tif,0.38489
train,3235.tif,0.329568
train,3236.tif,0.414646
train,3237.tif,0.335644
train,3238.tif,0.335903
train,3239.tif,0.380863
train,324.tif,0.340578
train,3240.tif,0.38065
train,3241.tif,0.381954
train,3242.tif,0.328758
train,3243.tif,0.380332
train,3244.tif,0.358541
train,3245.tif,0.383612
train,3246.tif,0.305963
train,3247.tif,0.454747
train,3248.tif,0.351188
train,3249.tif,0.361469
train,325.tif,0.315486
train,3250.tif,0.416453
train,3251.tif,0.339
train,3252.tif,0.404769
train,3253.tif,0.477979
train,3254.tif,0.426924
train,3255.tif,0.381086
train,3256.tif,0.376769
train,3257.tif,0.373864
train,3258.tif,0.345695
train,3259.tif,0.335499
train,326.tif,0.341936
train,3260.tif,0.366264
train,3261.tif,0.376758
train,3262.tif,0.394297
train,3263.tif,0.383977
train,3264.tif,0.409281
train,3265.tif,0.393297
train,3266.tif,0.36356
train,3267.tif,0.411745
train,3268.tif,0.309718
train,3269.tif,0.330549
train,327.tif,0.462463
train,3270.tif,0.360351
train,3271.tif,0.342646
train,3272.tif,0.365348
train,3273.tif,0.336681
train,3274.tif,0.32283
train,3275.tif,0.342511
train,3276.tif,0.376034
train,3277.tif,0.500399
train,3278.tif,0.410223
train,3279.tif,0.351398
train,328.tif,0.294559
train,3280.tif,0.355778
train,3281.tif,0.293306
train,3282.tif,0.394385
train,3283.tif,0.335356
train,3284.tif,0.383625
train,3285.tif,0.418859
train,3286.tif,0.359226
train,3287.tif,0.359942
train,3288.tif,0.389617
train,3289.tif,0.388916
train,329.tif,0.417733
train,3290.tif,0.357967
train,3291.tif,0.387883
train,3292.tif,0.357642
train,3293.tif,0.327042
train,3294.tif,0.376061
train,3295.tif,0.363759
train,3296.tif,0.373568
train,3297.tif,0.432019
train,3298.tif,0.362081
train,3299.tif,0.343686
train,33.tif,0.339437
train,330.tif,0.357732
train,3300.tif,0.369647
train,3301.tif,0.422979
train,3302.tif,0.375221
train,3303.tif,0.374481
train,3304.tif,0.35073
train,3305.tif,0.392044
train,3306.tif,0.343258
train,3307.tif,0.311102
train,3308.tif,0.383005
train,3309.tif,0.313768
train,331.tif,0.392166
train,3310.tif,0.347938
train,3311.tif,0.439145
train,3312.tif,0.320869
train,3313.tif,0.408253
train,3314.tif,0.381074
train,3315.tif,0.386333
train,3316.tif,0.388829
train,3317.tif,0.373645
train,3318.tif,0.328089
train,3319.tif,0.407506
train,332.tif,0.375832
train,3320.tif,0.318121
train,3321.tif,0.367256
train,3322.tif,0.399594
train,3323.tif,0.412636
train,3324.tif,0.452853
train,3325.tif,0.365411
train,3326.tif,0.403715
train,3327.tif,0.412594
train,3328.tif,0.453391
train,3329.tif,0.396358
train,333.tif,0.522293
train,3330.tif,0.337709
train,3331.tif,0.401953
train,3332.tif,0.408097
train,3333.tif,0.343869
train,3334.tif,0.456511
train,3335.tif,0.394924
train,3336.tif,0.396222
train,3337.tif,0.381107
train,3338.tif,0.346265
train,3339.tif,0.440897
train,334.tif,0.415575
train,3340.tif,0.380912
train,3341.tif,0.402473
train,3342.tif,0.337353
train,3343.tif,0.34705
train,3344.tif,0.43076
train,3345.tif,0.347301
train,3346.tif,0.396038
train,3347.tif,0.415207
train,3348.tif,0.385884
train,3349.tif,0.364908
train,335.tif,0.395368
train,3350.tif,0.376746
train,3351.tif,0.369736
train,3352.tif,0.348313
train,3353.tif,0.38886
train,3354.tif,0.411883
train,3355.tif,0.387915
train,3356.tif,0.387881
train,3357.tif,0.358953
train,3358.tif,0.365067
train,3359.tif,0.35289
train,336.tif,0.246488
train,3360.tif,0.357066
train,3361.tif,0.35076
train,3362.tif,0.361089
train,3363.tif,0.359507
train,3364.tif,0.297895
train,3365.tif,0.346169
train,3366.tif,0.392978
train,3367.tif,0.367947
train,3368.tif,0.372182
train,3369.tif,0.384793
train,337.tif,0.328859
train,3370.tif,0.396061
train,3371.tif,0.368952
train,3372.tif,0.435361
train,3373.tif,0.425775
train,3374.tif,0.368279
train,3375.tif,0.399877
train,3376.tif,0.26658
train,3377.tif,0.381258
train,3378.tif,0.356661
train,3379.tif,0.401603
train,338.tif,0.373351
train,3380.tif,0.406614
train,3381.tif,0.35831
train,3382.tif,0.362606
train,3383.tif,0.379586
train,3384.tif,0.397542
train,3385.tif,0.352773
train,3386.tif,0.378417
train,3387.tif,0.422846
train,3388.tif,0.391689
train,3389.tif,0.322713
train,339.tif,0.30726
train,3390.tif,0.431853
train,3391.tif,0.319994
train,3392.tif,0.383275
train,3393.tif,0.359314
train,3394.tif,0.35673
train,3395.tif,0.411036
train,3396.tif,0.472999
train,3397.tif,0.357384
train,3398.tif,0.360467
train,3399.tif,0.390976
train,34.tif,0.391096
train,340.tif,0.28897
train,3400.tif,0.400751
train,3401.tif,0.342919
train,3402.tif,0.343788
train,3403.tif,0.345357
train,3404.tif,0.4192
train,3405.tif,0.355603
train,3406.tif,0.38791
train,3407.tif,0.410909
train,3408.tif,0.364219
train,3409.tif,0.365306
train,341.tif,0.390041
train,3410.tif,0.366141
train,3411.tif,0.344222
train,3412.tif,0.372018
train,3413.tif,0.405405
train,3414.tif,0.392224
train,3415.tif,0.405493
train,3416.tif,0.3838
train,3417.tif,0.396905
train,3418.tif,0.401181
train,3419.tif,0.370423
train,342.tif,0.249715
train,3420.tif,0.337753
train,3421.tif,0.382087
train,3422.tif,0.378318
train,3423.tif,0.348085
train,3424.tif,0.41897
train,3425.tif,0.355093
train,3426.tif,0.381273
train,3427.tif,0.424264
train,3428.tif,0.35634
train,3429.tif,0.338658
train,343.tif,0.422748
train,3430.tif,0.374142
train,3431.tif,0.328817
train,3432.tif,0.332453
train,3433.tif,0.341459
train,3434.tif,0.313435
train,3435.tif,0.32784
train,3436.tif,0.32979
train,3437.tif,0.348707
train,3438.tif,0.354599
train,3439.tif,0.421553
train,344.tif,0.337528
train,3440.tif,0.317703
train,3441.tif,0.380234
train,3442.tif,0.407161
train,3443.tif,0.42795
train,3444.tif,0.35515
train,3445.tif,0.362525
train,3446.tif,0.320366
train,3447.tif,0.376745
train,3448.tif,0.425867
train,3449.tif,0.382344
train,345.tif,0.384931
train,3450.tif,0.338455
train,3451.tif,0.387461
train,3452.tif,0.341145
train,3453.tif,0.375307
train,3454.tif,0.265457
train,3455.tif,0.364236
train,3456.tif,0.369486
train,3457.tif,0.388739
train,3458.tif,0.393756
train,3459.tif,0.361996
train,346.tif,0.301289
train,3460.tif,0.340086
train,3461.tif,0.382224
train,3462.tif,0.384879
train,3463.tif,0.400936
train,3464.tif,0.35112
train,3465.tif,0.374699
train,3466.tif,0.400912
train,3467.tif,0.363135
train,3468.tif,0.404498
train,3469.tif,0.364019
train,347.tif,0.375793
train,3470.tif,0.376402
train,3471.tif,0.368994
train,3472.tif,0.359606
train,3473.tif,0.43155
train,3474.tif,0.321719
train,3475.tif,0.322503
train,3476.tif,0.350567
train,3477.tif,0.395212
train,3478.tif,0.444408
train,3479.tif,0.375227
train,348.tif,0.333379
train,3480.tif,0.389836
train,3481.tif,0.40977
train,3482.tif,0.327309
train,3483.tif,0.461058
train,3484.tif,0.390029
train,3485.tif,0.373171
train,3486.tif,0.316271
train,3487.tif,0.33518
train,3488.tif,0.374166
train,3489.tif,0.333873
train,349.tif,0.423148
train,3490.tif,0.412254
train,3491.tif,0.400986
train,3492.tif,0.383732
train,3493.tif,0.388246
train,3494.tif,0.398589
train,3495.tif,0.429919
train,3496.tif,0.397899
train,3497.tif,0.345998
train,3498.tif,0.382726
train,3499.tif,0.383049
train,35.tif,0.399885
train,350.tif,0.360406
train,3500.tif,0.447027
train,3501.tif,0.419201
train,3502.tif,0.383376
train,3503.tif,0.317589
train,3504.tif,0.363457
train,3505.tif,0.395298
train,3506.tif,0.390527
train,3507.tif,0.363149
train,3508.tif,0.336606
train,3509.tif,0.346288
train,351.tif,0.391701
train,3510.tif,0.414514
train,3511.tif,0.315461
train,3512.tif,0.402512
train,3513.tif,0.434112
train,3514.tif,0.37273
train,3515.tif,0.408212
train,3516.tif,0.316354
train,3517.tif,0.364181
train,3518.tif,0.329651
train,3519.tif,0.383751
train,352.tif,0.352355
train,3520.tif,0.285857
train,3521.tif,0.388319
train,3522.tif,0.362803
train,3523.tif,0.354472
train,3524.tif,0.378303
train,3525.tif,0.415182
train,3526.tif,0.314414
train,3527.tif,0.425148
train,3528.tif,0.365556
train,3529.tif,0.367362
train,353.tif,0.338142
train,3530.tif,0.41194
train,3531.tif,0.379867
train,3532.tif,0.34375
train,3533.tif,0.345926
train,3534.tif,0.372694
train,3535.tif,0.413378
train,3536.tif,0.347582
train,3537.tif,0.387895
train,3538.tif,0.394309
train,3539.tif,0.356304
train,354.tif,0.406691
train,3540.tif,0.36956
train,3541.tif,0.371899
train,3542.tif,0.374869
train,3543.tif,0.404606
train,3544.tif,0.374919
train,3545.tif,0.358158
train,3546.tif,0.398364
train,3547.tif,0.415527
train,3548.tif,0.356153
train,3549.tif,0.331555
train,355.tif,0.396363
train,3550.tif,0.375488
train,3551.tif,0.361729
train,3552.tif,0.393326
train,3553.tif,0.329713
train,3554.tif,0.345494
train,3555.tif,0.357866
train,3556.tif,0.302043
train,3557.tif,0.353583
train,3558.tif,0.404689
train,3559.tif,0.298597
train,356.tif,0.387647
train,3560.tif,0.364757
train,3561.tif,0.33296
train,3562.tif,0.364668
train,3563.tif,0.389619
train,3564.tif,0.304299
train,3565.tif,0.411381
train,3566.tif,0.434963
train,3567.tif,0.398937
train,3568.tif,0.406941
train,3569.tif,0.422886
train,357.tif,0.380202
train,3570.tif,0.394926
train,3571.tif,0.362259
train,3572.tif,0.385077
train,3573.tif,0.357252
train,3574.tif,0.381151
train,3575.tif,0.395148
train,3576.tif,0.340195
train,3577.tif,0.391871
train,3578.tif,0.397486
train,3579.tif,0.424017
train,358.tif,0.441263
train,3580.tif,0.364287
train,3581.tif,0.440809
train,3582.tif,0.369481
train,3583.tif,0.316746
train,3584.tif,0.378072
train,3585.tif,0.360163
train,3586.tif,0.367292
train,3587.tif,0.44445
train,3588.tif,0.349062
train,3589.tif,0.315859
train,359.tif,0.363244
train,3590.tif,0.383629
train,3591.tif,0.410562
train,3592.tif,0.378826
train,3593.tif,0.387793
train,3594.tif,0.384932
train,3595.tif,0.369849
train,3596.tif,0.359487
train,3597.tif,0.352217
train,3598.tif,0.407663
train,3599.tif,0.33888
train,36.tif,0.381527
train,360.tif,0.258863
train,3600.tif,0.37203
train,3601.tif,0.378079
train,3602.tif,0.399628
train,3603.tif,0.349188
train,3604.tif,0.472956
train,3605.tif,0.406465
train,3606.tif,0.489564
train,3607.tif,0.372017
train,3608.tif,0.448417
train,3609.tif,0.352735
train,361.tif,0.347294
train,3610.tif,0.376419
train,3611.tif,0.385436
train,3612.tif,0.337914
train,3613.tif,0.392856
train,3614.tif,0.352637
train,3615.tif,0.410529
train,3616.tif,0.378049
train,3617.tif,0.375626
train,3618.tif,0.432177
train,3619.tif,0.227367
train,362.tif,0.356658
train,3620.tif,0.478363
train,3621.tif,0.333136
train,3622.tif,0.384797
train,3623.tif,0.380656
train,3624.tif,0.38911
train,3625.tif,0.336449
train,3626.tif,0.396913
train,3627.tif,0.414358
train,3628.tif,0.441388
train,3629.tif,0.359854
train,363.tif,0.363085
train,3630.tif,0.386902
train,3631.tif,0.378406
train,3632.tif,0.347875
train,3633.tif,0.428106
train,3634.tif,0.367826
train,3635.tif,0.340321
train,3636.tif,0.375346
train,3637.tif,0.413355
train,3638.tif,0.410395
train,3639.tif,0.459391
train,364.tif,0.41059
train,3640.tif,0.358708
train,3641.tif,0.350603
train,3642.tif,0.360682
train,3643.tif,0.397134
train,3644.tif,0.338458
train,3645.tif,0.400097
train,3646.tif,0.341032
train,3647.tif,0.369827
train,3648.tif,0.376992
train,3649.tif,0.442259
train,365.tif,0.37573
train,3650.tif,0.411163
train,3651.tif,0.374765
train,3652.tif,0.394705
train,3653.tif,0.41593
train,3654.tif,0.272544
train,3655.tif,0.337538
train,3656.tif,0.393144
train,3657.tif,0.368437
train,3658.tif,0.333382
train,3659.tif,0.356793
train,366.tif,0.381835
train,3660.tif,0.397947
train,3661.tif,0.371084
train,3662.tif,0.363708
train,3663.tif,0.404989
train,3664.tif,0.334818
train,3665.tif,0.321253
train,3666.tif,0.317048
train,3667.tif,0.421922
train,3668.tif,0.37828
train,3669.tif,0.390687
train,367.tif,0.346341
train,3670.tif,0.385295
train,3671.tif,0.416494
train,3672.tif,0.367838
train,3673.tif,0.318223
train,3674.tif,0.355055
train,3675.tif,0.370791
train,3676.tif,0.359155
train,3677.tif,0.3589
train,3678.tif,0.454498
train,3679.tif,0.365329
train,368.tif,0.382669
train,3680.tif,0.386291
train,3681.tif,0.348636
train,3682.tif,0.348405
train,3683.tif,0.410468
train,3684.tif,0.396779
train,3685.tif,0.403413
train,3686.tif,0.361669
train,3687.tif,0.383161
train,3688.tif,0.382379
train,3689.tif,0.372991
train,369.tif,0.33918
train,3690.tif,0.387779
train,3691.tif,0.363361
train,3692.tif,0.329513
train,3693.tif,0.341851
train,3694.tif,0.351018
train,3695.tif,0.37339
train,3696.tif,0.35315
train,3697.tif,0.409469
train,3698.tif,0.379361
train,3699.tif,0.4064
train,37.tif,0.351986
train,370.tif,0.345352
train,3700.tif,0.418285
train,3701.tif,0.404154
train,3702.tif,0.346958
train,3703.tif,0.363373
train,3704.tif,0.412659
train,3705.tif,0.398918
train,3706.tif,0.392144
train,3707.tif,0.407393
train,3708.tif,0.352081
train,3709.tif,0.377834
train,371.tif,0.39324
train,3710.tif,0.345694
train,3711.tif,0.415131
train,3712.tif,0.34332
train,3713.tif,0.351661
train,3714.tif,0.359632
train,3715.tif,0.417799
train,3716.tif,0.379928
train,3717.tif,0.319595
train,3718.tif,0.407984
train,3719.tif,0.391218
train,372.tif,0.375396
train,3720.tif,0.289542
train,3721.tif,0.346444
train,3722.tif,0.353403
train,3723.tif,0.349419
train,3724.tif,0.351642
train,3725.tif,0.372934
train,3726.tif,0.373885
train,3727.tif,0.357456
train,3728.tif,0.326127
train,3729.tif,0.37355
train,373.tif,0.370032
train,3730.tif,0.361335
train,3731.tif,0.401293
train,3732.tif,0.364553
train,3733.tif,0.386284
train,3734.tif,0.366223
train,3735.tif,0.268593
train,3736.tif,0.375088
train,3737.tif,0.386975
train,3738.tif,0.395765
train,3739.tif,0.357426
train,374.tif,0.352303
train,3740.tif,0.401171
train,3741.tif,0.375728
train,3742.tif,0.366755
train,3743.tif,0.375877
train,3744.tif,0.423166
train,3745.tif,0.324109
train,3746.tif,0.298038
train,3747.tif,0.315523
train,3748.tif,0.410336
train,3749.tif,0.410682
train,375.tif,0.33137
train,3750.tif,0.440349
train,3751.tif,0.421585
train,3752.tif,0.406835
train,3753.tif,0.428857
train,3754.tif,0.291696
train,3755.tif,0.404056
train,3756.tif,0.41992
train,3757.tif,0.420859
train,3758.tif,0.391166
train,3759.tif,0.342531
train,376.tif,0.338656
train,3760.tif,0.349515
train,3761.tif,0.340174
train,3762.tif,0.286458
train,3763.tif,0.253974
train,3764.tif,0.433873
train,3765.tif,0.478969
train,3766.tif,0.342842
train,3767.tif,0.479222
train,3768.tif,0.280304
train,3769.tif,0.369765
train,377.tif,0.411609
train,3770.tif,0.278919
train,3771.tif,0.443146
train,3772.tif,0.32845
train,3773.tif,0.395166
train,3774.tif,0.327955
train,3775.tif,0.413487
train,3776.tif,0.324501
train,3777.tif,0.369067
train,3778.tif,0.30057
train,3779.tif,0.389116
train,378.tif,0.368411
train,3780.tif,0.315904
train,3781.tif,0.293823
train,3782.tif,0.397873
train,3783.tif,0.369832
train,3784.tif,0.409976
train,3785.tif,0.441625
train,3786.tif,0.34112
train,3787.tif,0.324592
train,3788.tif,0.387649
train,3789.tif,0.336147
train,379.tif,0.339753
train,3790.tif,0.360999
train,3791.tif,0.326484
train,3792.tif,0.299933
train,3793.tif,0.325848
train,3794.tif,0.270548
train,3795.tif,0.294978
train,3796.tif,0.401657
train,3797.tif,0.364266
train,3798.tif,0.50142
train,3799.tif,0.331477
train,38.tif,0.392627
train,380.tif,0.387913
train,3800.tif,0.340961
train,3801.tif,0.341249
train,3802.tif,0.300779
train,3803.tif,0.358085
train,3804.tif,0.367558
train,3805.tif,0.405912
train,3806.tif,0.461603
train,3807.tif,0.375744
train,3808.tif,0.328571
train,3809.tif,0.277826
train,381.tif,0.379728
train,3810.tif,0.380522
train,3811.tif,0.347906
train,3812.tif,0.343661
train,3813.tif,0.403746
train,3814.tif,0.312765
train,3815.tif,0.400983
train,3816.tif,0.282972
train,3817.tif,0.399054
train,3818.tif,0.398074
train,3819.tif,0.292606
train,382.tif,0.292716
train,3820.tif,0.29616
train,3821.tif,0.39548
train,3822.tif,0.348648
train,3823.tif,0.439526
train,3824.tif,0.327941
train,3825.tif,0.332105
train,3826.tif,0.430945
train,3827.tif,0.359461
train,3828.tif,0.368072
train,3829.tif,0.304996
train,383.tif,0.39799
train,3830.tif,0.257382
train,3831.tif,0.298523
train,3832.tif,0.376733
train,3833.tif,0.389074
train,3834.tif,0.3477
train,3835.tif,0.374986
train,3836.tif,0.394012
train,3837.tif,0.343712
train,3838.tif,0.364142
train,3839.tif,0.383672
train,384.tif,0.352984
train,3840.tif,0.349221
train,3841.tif,0.306373
train,3842.tif,0.404394
train,3843.tif,0.352767
train,3844.tif,0.393822
train,3845.tif,0.326033
train,3846.tif,0.38404
train,3847.tif,0.229627
train,3848.tif,0.424125
train,3849.tif,0.348694
train,385.tif,0.420603
train,3850.tif,0.360192
train,3851.tif,0.413607
train,3852.tif,0.35827
train,3853.tif,0.320117
train,3854.tif,0.397864
train,3855.tif,0.413324
train,3856.tif,0.377986
train,3857.tif,0.280867
train,3858.tif,0.331463
train,3859.tif,0.377058
train,386.tif,0.31991
train,3860.tif,0.493687
train,3861.tif,0.399603
train,3862.tif,0.392594
train,3863.tif,0.373528
train,3864.tif,0.318567
train,3865.tif,0.336592
train,3866.tif,0.372608
train,3867.tif,0.3212
train,3868.tif,0.337624
train,3869.tif,0.348826
train,387.tif,0.343528
train,3870.tif,0.405661
train,3871.tif,0.397083
train,3872.tif,0.294541
train,3873.tif,0.400297
train,3874.tif,0.375835
train,3875.tif,0.335338
train,3876.tif,0.317417
train,3877.tif,0.443377
train,3878.tif,0.441009
train,3879.tif,0.440299
train,388.tif,0.276823
train,3880.tif,0.380251
train,3881.tif,0.447091
train,3882.tif,0.395473
train,3883.tif,0.412093
train,3884.tif,0.322777
train,3885.tif,0.463075
train,3886.tif,0.318826
train,3887.tif,0.297919
train,3888.tif,0.501713
train,3889.tif,0.336975
train,389.tif,0.323235
train,3890.tif,0.396659
train,3891.tif,0.35894
train,3892.tif,0.419806
train,3893.tif,0.326941
train,3894.tif,0.365842
train,3895.tif,0.398982
train,3896.tif,0.331127
train,3897.tif,0.443544
train,3898.tif,0.374444
train,3899.tif,0.302886
train,39.tif,0.354256
train,390.tif,0.357732
train,3900.tif,0.412812
train,3901.tif,0.393452
train,3902.tif,0.270387
train,3903.tif,0.411697
train,3904.tif,0.365148
train,3905.tif,0.309483
train,3906.tif,0.396954
train,3907.tif,0.367244
train,3908.tif,0.287445
train,3909.tif,0.430071
train,391.tif,0.35071
train,3910.tif,0.352262
train,3911.tif,0.366439
train,3912.tif,0.414483
train,3913.tif,0.24891
train,3914.tif,0.287258
train,3915.tif,0.351284
train,3916.tif,0.378857
train,3917.tif,0.367125
train,3918.tif,0.378592
train,3919.tif,0.346505
train,392.tif,0.357691
train,3920.tif,0.354521
train,3921.tif,0.335574
train,3922.tif,0.453665
train,3923.tif,0.34204
train,3924.tif,0.427409
train,3925.tif,0.38656
train,3926.tif,0.366007
train,3927.tif,0.360489
train,3928.tif,0.408646
train,3929.tif,0.365685
train,393.tif,0.379155
train,3930.tif,0.429358
train,3931.tif,0.351235
train,3932.tif,0.358104
train,3933.tif,0.280127
train,3934.tif,0.448307
train,3935.tif,0.352983
train,3936.tif,0.3346
train,3937.tif,0.398185
train,3938.tif,0.488275
train,3939.tif,0.286553
train,394.tif,0.453899
train,3940.tif,0.302744
train,3941.tif,0.383155
train,3942.tif,0.371717
train,3943.tif,0.376126
train,3944.tif,0.377632
train,3945.tif,0.350037
train,3946.tif,0.407559
train,3947.tif,0.375278
train,3948.tif,0.337915
train,3949.tif,0.320658
train,395.tif,0.37001
train,3950.tif,0.395546
train,3951.tif,0.27572
train,3952.tif,0.284563
train,3953.tif,0.336363
train,3954.tif,0.415036
train,3955.tif,0.32618
train,3956.tif,0.362762
train,3957.tif,0.287122
train,3958.tif,0.340396
train,3959.tif,0.420817
train,396.tif,0.37987
train,3960.tif,0.402431
train,3961.tif,0.317412
train,3962.tif,0.361276
train,3963.tif,0.406894
train,3964.tif,0.408886
train,3965.tif,0.39023
train,3966.tif,0.367668
train,3967.tif,0.316446
train,3968.tif,0.39556
train,3969.tif,0.316425
train,397.tif,0.369406
train,3970.tif,0.403425
train,3971.tif,0.447776
train,3972.tif,0.348882
train,3973.tif,0.375064
train,3974.tif,0.280579
train,3975.tif,0.343507
train,3976.tif,0.345609
train,3977.tif,0.381979
train,3978.tif,0.331658
train,3979.tif,0.39635
train,398.tif,0.360354
train,3980.tif,0.311547
train,3981.tif,0.426215
train,3982.tif,0.297908
train,3983.tif,0.417527
train,3984.tif,0.378729
train,3985.tif,0.272877
train,3986.tif,0.361451
train,3987.tif,0.365604
train,3988.tif,0.338015
train,3989.tif,0.402567
train,399.tif,0.359083
train,3990.tif,0.37554
train,3991.tif,0.300865
train,3992.tif,0.331433
train,3993.tif,0.366983
train,3994.tif,0.345517
train,3995.tif,0.394268
train,3996.tif,0.373151
train,3997.tif,0.269625
train,3998.tif,0.467568
train,3999.tif,0.411264
train,4.tif,0.434414
train,40.tif,0.334876
train,400.tif,0.407569
train,4000.tif,0.330224
train,4001.tif,0.273907
train,4002.tif,0.439318
train,4003.tif,0.363051
train,4004.tif,0.346173
train,4005.tif,0.314286
train,4006.tif,0.344363
train,4007.tif,0.395768
train,4008.tif,0.382985
train,4009.tif,0.34693
train,401.tif,0.36977
train,4010.tif,0.396829
train,4011.tif,0.361355
train,4012.tif,0.385574
train,4013.tif,0.324913
train,4014.tif,0.352463
train,4015.tif,0.392983
train,4016.tif,0.385089
train,4017.tif,0.39784
train,4018.tif,0.297839
train,4019.tif,0.411467
train,402.tif,0.331119
train,4020.tif,0.353892
train,4021.tif,0.373025
train,4022.tif,0.388396
train,4023.tif,0.31327
train,4024.tif,0.308206
train,4025.tif,0.318509
train,4026.tif,0.404416
train,4027.tif,0.384338
train,4028.tif,0.436582
train,4029.tif,0.39116
train,403.tif,0.379548
train,4030.tif,0.340697
train,4031.tif,0.405533
train,4032.tif,0.266377
train,4033.tif,0.333655
train,4034.tif,0.390852
train,4035.tif,0.351346
train,4036.tif,0.311056
train,4037.tif,0.345865
train,4038.tif,0.400706
train,4039.tif,0.38501
train,404.tif,0.36228
train,4040.tif,0.413355
train,4041.tif,0.380898
train,4042.tif,0.407695
train,4043.tif,0.297046
train,4044.tif,0.542948
train,4045.tif,0.423508
train,4046.tif,0.436765
train,4047.tif,0.438182
train,4048.tif,0.322091
train,4049.tif,0.421892
train,405.tif,0.372728
train,4050.tif,0.351505
train,4051.tif,0.361041
train,4052.tif,0.440141
train,4053.tif,0.363502
train,4054.tif,0.370715
train,4055.tif,0.33613
train,4056.tif,0.322927
train,4057.tif,0.360157
train,4058.tif,0.428923
train,4059.tif,0.303758
train,406.tif,0.35634
train,4060.tif,0.327243
train,4061.tif,0.295237
train,4062.tif,0.378001
train,4063.tif,0.389739
train,4064.tif,0.407802
train,4065.tif,0.411931
train,4066.tif,0.410839
train,4067.tif,0.384796
train,4068.tif,0.324212
train,4069.tif,0.441779
train,407.tif,0.408565
train,4070.tif,0.355169
train,4071.tif,0.341289
train,4072.tif,0.381797
train,4073.tif,0.342319
train,4074.tif,0.342206
train,4075.tif,0.410791
train,4076.tif,0.347413
train,4077.tif,0.370834
train,4078.tif,0.405567
train,4079.tif,0.370125
train,408.tif,0.369348
train,4080.tif,0.408846
train,4081.tif,0.371846
train,4082.tif,0.402842
train,4083.tif,0.453454
train,4084.tif,0.348719
train,4085.tif,0.297378
train,4086.tif,0.444316
train,4087.tif,0.359309
train,4088.tif,0.410913
train,4089.tif,0.422478
train,409.tif,0.369057
train,4090.tif,0.444251
train,4091.tif,0.38727
train,4092.tif,0.464863
train,4093.tif,0.391378
train,4094.tif,0.406125
train,4095.tif,0.427701
train,4096.tif,0.403192
train,4097.tif,0.320708
train,4098.tif,0.367116
train,4099.tif,0.401557
train,41.tif,0.299774
train,410.tif,0.425378
train,4100.tif,0.355057
train,4101.tif,0.28392
train,4102.tif,0.336331
train,4103.tif,0.365695
train,4104.tif,0.229374
train,4105.tif,0.408003
train,4106.tif,0.466853
train,4107.tif,0.396455
train,4108.tif,0.410696
train,4109.tif,0.31913
train,411.tif,0.343522
train,4110.tif,0.310556
train,4111.tif,0.439865
train,4112.tif,0.306832
train,4113.tif,0.385882
train,4114.tif,0.402984
train,4115.tif,0.338451
train,4116.tif,0.399527
train,4117.tif,0.328793
train,4118.tif,0.430563
train,4119.tif,0.320181
train,412.tif,0.388965
train,4120.tif,0.39827
train,4121.tif,0.362212
train,4122.tif,0.393682
train,4123.tif,0.445188
train,4124.tif,0.378526
train,4125.tif,0.311122
train,4126.tif,0.363171
train,4127.tif,0.373541
train,4128.tif,0.288857
train,4129.tif,0.375754
train,413.tif,0.480343
train,4130.tif,0.310862
train,4131.tif,0.341959
train,4132.tif,0.547205
train,4133.tif,0.359285
train,4134.tif,0.317917
train,4135.tif,0.388053
train,4136.tif,0.437945
train,4137.tif,0.407336
train,4138.tif,0.369733
train,4139.tif,0.301681
train,414.tif,0.452802
train,4140.tif,0.354995
train,4141.tif,0.307204
train,4142.tif,0.415144
train,4143.tif,0.337859
train,4144.tif,0.367663
train,4145.tif,0.384768
train,4146.tif,0.333976
train,4147.tif,0.309074
train,4148.tif,0.293653
train,4149.tif,0.24382
train,415.tif,0.443079
train,4150.tif,0.380916
train,4151.tif,0.404873
train,4152.tif,0.405313
train,4153.tif,0.378473
train,4154.tif,0.356997
train,4155.tif,0.326736
train,4156.tif,0.371946
train,4157.tif,0.462181
train,4158.tif,0.386312
train,4159.tif,0.398749
train,416.tif,0.405497
train,4160.tif,0.461417
train,4161.tif,0.346373
train,4162.tif,0.421527
train,4163.tif,0.395735
train,4164.tif,0.406972
train,4165.tif,0.262885
train,4166.tif,0.44844
train,4167.tif,0.481197
train,4168.tif,0.377004
train,4169.tif,0.389696
train,417.tif,0.408866
train,4170.tif,0.374107
train,4171.tif,0.313158
train,4172.tif,0.424027
train,4173.tif,0.318653
train,4174.tif,0.350059
train,4175.tif,0.34618
train,4176.tif,0.382766
train,4177.tif,0.398092
train,4178.tif,0.432791
train,4179.tif,0.419595
train,418.tif,0.482729
train,4180.tif,0.361964
train,4181.tif,0.412079
train,4182.tif,0.428419
train,4183.tif,0.314906
train,4184.tif,0.221236
train,4185.tif,0.454205
train,4186.tif,0.389438
train,4187.tif,0.402121
train,4188.tif,0.39256
train,4189.tif,0.395903
train,419.tif,0.31109
train,4190.tif,0.276996
train,4191.tif,0.36241
train,4192.tif,0.381599
train,4193.tif,0.381681
train,4194.tif,0.335039
train,4195.tif,0.378968
train,4196.tif,0.456066
train,4197.tif,0.419825
train,4198.tif,0.355057
train,4199.tif,0.338031
train,42.tif,0.381685
train,420.tif,0.34031
train,4200.tif,0.459257
train,4201.tif,0.404604
train,4202.tif,0.51408
train,4203.tif,0.405914
train,4204.tif,0.359801
train,4205.tif,0.428553
train,4206.tif,0.400531
train,4207.tif,0.412373
train,4208.tif,0.301129
train,4209.tif,0.303082
train,421.tif,0.342995
train,4210.tif,0.37451
train,4211.tif,0.359693
train,4212.tif,0.444394
train,4213.tif,0.416794
train,4214.tif,0.323431
train,4215.tif,0.348956
train,4216.tif,0.420514
train,4217.tif,0.417345
train,4218.tif,0.399116
train,4219.tif,0.36562
train,422.tif,0.341523
train,4220.tif,0.351054
train,4221.tif,0.439747
train,4222.tif,0.446357
train,4223.tif,0.221191
train,4224.tif,0.372274
train,4225.tif,0.38311
train,4226.tif,0.369209
train,4227.tif,0.420289
train,4228.tif,0.307118
train,4229.tif,0.287935
train,423.tif,0.36763
train,4230.tif,0.361264
train,4231.tif,0.36105
train,4232.tif,0.441294
train,4233.tif,0.336202
train,4234.tif,0.348411
train,4235.tif,0.37683
train,4236.tif,0.300866
train,4237.tif,0.355569
train,4238.tif,0.37648
train,4239.tif,0.417019
train,424.tif,0.383949
train,4240.tif,0.273569
train,4241.tif,0.365866
train,4242.tif,0.407926
train,4243.tif,0.3966
train,4244.tif,0.35272
train,4245.tif,0.281983
train,4246.tif,0.46547
train,4247.tif,0.414092
train,4248.tif,0.360011
train,4249.tif,0.419977
train,425.tif,0.368532
train,4250.tif,0.532936
train,4251.tif,0.381999
train,4252.tif,0.310476
train,4253.tif,0.338849
train,4254.tif,0.295344
train,4255.tif,0.340757
train,4256.tif,0.359051
train,4257.tif,0.307969
train,4258.tif,0.408368
train,4259.tif,0.373509
train,426.tif,0.405156
train,4260.tif,0.378973
train,4261.tif,0.309401
train,4262.tif,0.368218
train,4263.tif,0.357766
train,4264.tif,0.318164
train,4265.tif,0.354243
train,4266.tif,0.432034
train,4267.tif,0.417092
train,4268.tif,0.342809
train,4269.tif,0.314192
train,427.tif,0.359031
train,4270.tif,0.383706
train,4271.tif,0.358836
train,4272.tif,0.330829
train,4273.tif,0.37363
train,4274.tif,0.410977
train,4275.tif,0.359994
train,4276.tif,0.288769
train,4277.tif,0.374233
train,4278.tif,0.308079
train,4279.tif,0.298692
train,428.tif,0.380538
train,4280.tif,0.314596
train,4281.tif,0.352998
train,4282.tif,0.353145
train,4283.tif,0.318975
train,4284.tif,0.411169
train,4285.tif,0.353195
train,4286.tif,0.345031
train,4287.tif,0.34588
train,4288.tif,0.406917
train,4289.tif,0.335019
train,429.tif,0.308058
train,4290.tif,0.363447
train,4291.tif,0.3763
train,4292.tif,0.310427
train,4293.tif,0.332411
train,4294.tif,0.334481
train,4295.tif,0.485668
train,4296.tif,0.362497
train,4297.tif,0.372829
train,4298.tif,0.330426
train,4299.tif,0.369041
train,43.tif,0.366449
train,430.tif,0.326696
train,4300.tif,0.412667
train,4301.tif,0.325553
train,4302.tif,0.31956
train,4303.tif,0.35433
train,4304.tif,0.423253
train,4305.tif,0.340249
train,4306.tif,0.382142
train,4307.tif,0.363614
train,4308.tif,0.376607
train,4309.tif,0.295607
train,431.tif,0.356603
train,4310.tif,0.371298
train,4311.tif,0.321531
train,4312.tif,0.506836
train,4313.tif,0.311424
train,4314.tif,0.377546
train,4315.tif,0.37852
train,4316.tif,0.43515
train,4317.tif,0.348145
train,4318.tif,0.376155
train,4319.tif,0.370956
train,432.tif,0.363098
train,4320.tif,0.37546
train,4321.tif,0.389696
train,4322.tif,0.373894
train,4323.tif,0.388204
train,4324.tif,0.397185
train,4325.tif,0.290959
train,4326.tif,0.466511
train,4327.tif,0.353821
train,4328.tif,0.398095
train,4329.tif,0.353003
train,433.tif,0.340941
train,4330.tif,0.379255
train,4331.tif,0.439456
train,4332.tif,0.40843
train,4333.tif,0.316736
train,4334.tif,0.365536
train,4335.tif,0.375711
train,4336.tif,0.346517
train,4337.tif,0.382612
train,4338.tif,0.368915
train,4339.tif,0.438245
train,434.tif,0.466028
train,4340.tif,0.398875
train,4341.tif,0.435883
train,4342.tif,0.390576
train,4343.tif,0.323137
train,4344.tif,0.356415
train,4345.tif,0.374739
train,4346.tif,0.456964
train,4347.tif,0.527678
train,4348.tif,0.471749
train,4349.tif,0.347178
train,435.tif,0.383108
train,4350.tif,0.396824
train,4351.tif,0.321022
train,4352.tif,0.353846
train,4353.tif,0.358527
train,4354.tif,0.427631
train,4355.tif,0.301557
train,4356.tif,0.364177
train,4357.tif,0.400928
train,4358.tif,0.422269
train,4359.tif,0.362409
train,436.tif,0.444898
train,4360.tif,0.353019
train,4361.tif,0.374025
train,4362.tif,0.375722
train,4363.tif,0.378869
train,4364.tif,0.331362
train,4365.tif,0.351779
train,4366.tif,0.347405
train,4367.tif,0.333453
train,4368.tif,0.373687
train,4369.tif,0.385291
train,437.tif,0.359245
train,4370.tif,0.326239
train,4371.tif,0.34
train,4372.tif,0.343989
train,4373.tif,0.361357
train,4374.tif,0.336132
train,4375.tif,0.439858
train,4376.tif,0.340903
train,4377.tif,0.427388
train,4378.tif,0.438111
train,4379.tif,0.371127
train,438.tif,0.338097
train,4380.tif,0.388506
train,4381.tif,0.35202
train,4382.tif,0.370141
train,4383.tif,0.331251
train,4384.tif,0.260676
train,4385.tif,0.368282
train,4386.tif,0.396691
train,4387.tif,0.37475
train,4388.tif,0.347415
train,4389.tif,0.380232
train,439.tif,0.521385
train,4390.tif,0.383571
train,4391.tif,0.374434
train,4392.tif,0.421749
train,4393.tif,0.316932
train,4394.tif,0.331156
train,4395.tif,0.334031
train,4396.tif,0.452931
train,4397.tif,0.295343
train,4398.tif,0.369751
train,4399.tif,0.337156
train,44.tif,0.401166
train,440.tif,0.262523
train,4400.tif,0.426749
train,4401.tif,0.340036
train,4402.tif,0.402989
train,4403.tif,0.445763
train,4404.tif,0.319837
train,4405.tif,0.423013
train,4406.tif,0.390619
train,4407.tif,0.410628
train,4408.tif,0.329232
train,4409.tif,0.295494
train,441.tif,0.363998
train,4410.tif,0.3552
train,4411.tif,0.525118
train,4412.tif,0.324843
train,4413.tif,0.388176
train,4414.tif,0.35003
train,4415.tif,0.31115
train,4416.tif,0.385901
train,4417.tif,0.336265
train,4418.tif,0.393643
train,4419.tif,0.334464
train,442.tif,0.392198
train,4420.tif,0.363496
train,4421.tif,0.361873
train,4422.tif,0.307527
train,4423.tif,0.314775
train,4424.tif,0.310785
train,4425.tif,0.338675
train,4426.tif,0.289593
train,4427.tif,0.289285
train,4428.tif,0.41697
train,4429.tif,0.377926
train,443.tif,0.371521
train,4430.tif,0.386349
train,4431.tif,0.366108
train,4432.tif,0.373579
train,4433.tif,0.309256
train,4434.tif,0.316446
train,4435.tif,0.301552
train,4436.tif,0.333747
train,4437.tif,0.381839
train,4438.tif,0.415282
train,4439.tif,0.322916
train,444.tif,0.325935
train,4440.tif,0.316871
train,4441.tif,0.315845
train,4442.tif,0.311047
train,4443.tif,0.371908
train,4444.tif,0.350753
train,4445.tif,0.343769
train,4446.tif,0.345782
train,4447.tif,0.342223
train,4448.tif,0.313129
train,4449.tif,0.282568
train,445.tif,0.40332
train,4450.tif,0.281528
train,4451.tif,0.240145
train,4452.tif,0.309867
train,4453.tif,0.307909
train,4454.tif,0.298623
train,4455.tif,0.367504
train,4456.tif,0.28774
train,4457.tif,0.313385
train,4458.tif,0.314945
train,4459.tif,0.340659
train,446.tif,0.427156
train,4460.tif,0.416455
train,4461.tif,0.381157
train,4462.tif,0.32548
train,4463.tif,0.341644
train,4464.tif,0.388217
train,4465.tif,0.310481
train,4466.tif,0.315152
train,4467.tif,0.339655
train,4468.tif,0.307439
train,4469.tif,0.36906
train,447.tif,0.376974
train,4470.tif,0.306306
train,4471.tif,0.33379
train,4472.tif,0.315995
train,4473.tif,0.337304
train,4474.tif,0.455277
train,4475.tif,0.295093
train,4476.tif,0.331858
train,4477.tif,0.392644
train,4478.tif,0.293496
train,4479.tif,0.326803
train,448.tif,0.393698
train,4480.tif,0.363393
train,4481.tif,0.322978
train,4482.tif,0.32676
train,4483.tif,0.32167
train,4484.tif,0.28171
train,4485.tif,0.340034
train,4486.tif,0.417519
train,4487.tif,0.312626
train,4488.tif,0.311481
train,4489.tif,0.320015
train,449.tif,0.323574
train,4490.tif,0.384602
train,4491.tif,0.376189
train,4492.tif,0.324382
train,4493.tif,0.299992
train,4494.tif,0.303639
train,4495.tif,0.374357
train,4496.tif,0.322037
train,4497.tif,0.335392
train,4498.tif,0.403177
train,4499.tif,0.391117
train,45.tif,0.328721
train,450.tif,0.341923
train,4500.tif,0.312024
train,4501.tif,0.246165
train,4502.tif,0.338269
train,4503.tif,0.295176
train,4504.tif,0.366927
train,4505.tif,0.362411
train,4506.tif,0.323906
train,4507.tif,0.293176
train,4508.tif,0.326633
train,4509.tif,0.300603
train,451.tif,0.41991
train,4510.tif,0.339083
train,4511.tif,0.365448
train,4512.tif,0.307765
train,4513.tif,0.350391
train,4514.tif,0.328661
train,4515.tif,0.314008
train,4516.tif,0.398991
train,4517.tif,0.311996
train,4518.tif,0.268394
train,4519.tif,0.387349
train,452.tif,0.340541
train,4520.tif,0.324839
train,4521.tif,0.311471
train,4522.tif,0.353114
train,4523.tif,0.338533
train,4524.tif,0.337443
train,4525.tif,0.31241
train,4526.tif,0.384777
train,4527.tif,0.318244
train,4528.tif,0.314707
train,4529.tif,0.401839
train,453.tif,0.414747
train,4530.tif,0.363656
train,4531.tif,0.338684
train,4532.tif,0.379862
train,4533.tif,0.375261
train,4534.tif,0.307656
train,4535.tif,0.371517
train,4536.tif,0.274537
train,4537.tif,0.315777
train,4538.tif,0.313536
train,4539.tif,0.342646
train,454.tif,0.387294
train,4540.tif,0.327615
train,4541.tif,0.314656
train,4542.tif,0.407832
train,4543.tif,0.338122
train,4544.tif,0.315225
train,4545.tif,0.303481
train,4546.tif,0.289757
train,4547.tif,0.379462
train,4548.tif,0.3437
train,4549.tif,0.356534
train,455.tif,0.341931
train,4550.tif,0.323961
train,4551.tif,0.360132
train,4552.tif,0.291286
train,4553.tif,0.2502
train,4554.tif,0.352826
train,4555.tif,0.340765
train,4556.tif,0.291562
train,4557.tif,0.325644
train,4558.tif,0.305346
train,4559.tif,0.415755
train,456.tif,0.382083
train,4560.tif,0.325228
train,4561.tif,0.280963
train,4562.tif,0.326479
train,4563.tif,0.373886
train,4564.tif,0.359036
train,4565.tif,0.333238
train,4566.tif,0.388946
train,4567.tif,0.360634
train,4568.tif,0.37687
train,4569.tif,0.352708
train,457.tif,0.41392
train,4570.tif,0.349787
train,4571.tif,0.320316
train,4572.tif,0.341241
train,4573.tif,0.322891
train,4574.tif,0.429455
train,4575.tif,0.298013
train,4576.tif,0.37492
train,4577.tif,0.366904
train,4578.tif,0.363571
train,4579.tif,0.370652
train,458.tif,0.432792
train,4580.tif,0.252963
train,4581.tif,0.312559
train,4582.tif,0.339656
train,4583.tif,0.34409
train,4584.tif,0.38041
train,4585.tif,0.380038
train,4586.tif,0.367587
train,4587.tif,0.282501
train,4588.tif,0.345518
train,4589.tif,0.328385
train,459.tif,0.367108
train,4590.tif,0.287293
train,4591.tif,0.300029
train,4592.tif,0.444524
train,4593.tif,0.34798
train,4594.tif,0.306985
train,4595.tif,0.309221
train,4596.tif,0.341488
train,4597.tif,0.312894
train,4598.tif,0.356822
train,4599.tif,0.29731
train,46.tif,0.339491
train,460.tif,0.370337
train,4600.tif,0.365475
train,4601.tif,0.323604
train,4602.tif,0.314895
train,4603.tif,0.334257
train,4604.tif,0.361056
train,4605.tif,0.269511
train,4606.tif,0.393864
train,4607.tif,0.365017
train,4608.tif,0.426308
train,4609.tif,0.299872
train,461.tif,0.336957
train,4610.tif,0.346804
train,4611.tif,0.343263
train,4612.tif,0.348483
train,4613.tif,0.438092
train,4614.tif,0.305485
train,4615.tif,0.411335
train,4616.tif,0.34508
train,4617.tif,0.368597
train,4618.tif,0.299502
train,4619.tif,0.321859
train,462.tif,0.357208
train,4620.tif,0.294644
train,4621.tif,0.351685
train,4622.tif,0.329026
train,4623.tif,0.31171
train,4624.tif,0.320766
train,4625.tif,0.260679
train,4626.tif,0.327133
train,4627.tif,0.357472
train,4628.tif,0.319344
train,4629.tif,0.309571
train,463.tif,0.330629
train,4630.tif,0.308285
train,4631.tif,0.350779
train,4632.tif,0.35978
train,4633.tif,0.265839
train,4634.tif,0.32499
train,4635.tif,0.376329
train,4636.tif,0.357749
train,4637.tif,0.269785
train,4638.tif,0.330331
train,4639.tif,0.370632
train,464.tif,0.446175
train,4640.tif,0.326205
train,4641.tif,0.371332
train,4642.tif,0.337954
train,4643.tif,0.329741
train,4644.tif,0.338394
train,4645.tif,0.407659
train,4646.tif,0.33894
train,4647.tif,0.433784
train,4648.tif,0.343187
train,4649.tif,0.241154
train,465.tif,0.238028
train,4650.tif,0.350199
train,4651.tif,0.326482
train,4652.tif,0.32082
train,4653.tif,0.300509
train,4654.tif,0.391172
train,4655.tif,0.289231
train,4656.tif,0.255886
train,4657.tif,0.298351
train,4658.tif,0.452177
train,4659.tif,0.435321
train,466.tif,0.323856
train,4660.tif,0.293931
train,4661.tif,0.347143
train,4662.tif,0.399542
train,4663.tif,0.393377
train,4664.tif,0.309473
train,4665.tif,0.359882
train,4666.tif,0.421133
train,4667.tif,0.356645
train,4668.tif,0.410622
train,4669.tif,0.350355
train,467.tif,0.356748
train,4670.tif,0.309594
train,4671.tif,0.357858
train,4672.tif,0.363038
train,4673.tif,0.280297
train,4674.tif,0.277418
train,4675.tif,0.403679
train,4676.tif,0.326677
train,4677.tif,0.410353
train,4678.tif,0.408052
train,4679.tif,0.319507
train,468.tif,0.399501
train,4680.tif,0.280801
train,4681.tif,0.435825
train,4682.tif,0.288403
train,4683.tif,0.349931
train,4684.tif,0.331681
train,4685.tif,0.372005
train,4686.tif,0.333775
train,4687.tif,0.285815
train,4688.tif,0.376894
train,4689.tif,0.380942
train,469.tif,0.468334
train,4690.tif,0.320707
train,4691.tif,0.354837
train,4692.tif,0.356598
train,4693.tif,0.353288
train,4694.tif,0.343475
train,4695.tif,0.390031
train,4696.tif,0.308245
train,4697.tif,0.342241
train,4698.tif,0.331174
train,4699.tif,0.270695
train,47.tif,0.409675
train,470.tif,0.386596
train,4700.tif,0.338208
train,4701.tif,0.293244
train,4702.tif,0.282622
train,4703.tif,0.31271
train,4704.tif,0.324582
train,4705.tif,0.331375
train,4706.tif,0.373721
train,4707.tif,0.397018
train,4708.tif,0.361368
train,4709.tif,0.384864
train,471.tif,0.344229
train,4710.tif,0.271603
train,4711.tif,0.329992
train,4712.tif,0.293461
train,4713.tif,0.31165
train,4714.tif,0.310077
train,4715.tif,0.321835
train,4716.tif,0.336731
train,4717.tif,0.423093
train,4718.tif,0.391524
train,4719.tif,0.288055
train,472.tif,0.375152
train,4720.tif,0.341345
train,4721.tif,0.402352
train,4722.tif,0.307298
train,4723.tif,0.335342
train,4724.tif,0.376627
train,4725.tif,0.297483
train,4726.tif,0.345161
train,4727.tif,0.311291
train,4728.tif,0.292395
train,4729.tif,0.343779
train,473.tif,0.331894
train,4730.tif,0.298589
train,4731.tif,0.416118
train,4732.tif,0.326922
train,4733.tif,0.28132
train,4734.tif,0.331042
train,4735.tif,0.317058
train,4736.tif,0.284443
train,4737.tif,0.338939
train,4738.tif,0.323638
train,4739.tif,0.319758
train,474.tif,0.347843
train,4740.tif,0.280837
train,4741.tif,0.401929
train,4742.tif,0.365981
train,4743.tif,0.291842
train,4744.tif,0.354057
train,4745.tif,0.456386
train,4746.tif,0.321277
train,4747.tif,0.350889
train,4748.tif,0.271229
train,4749.tif,0.325038
train,475.tif,0.372982
train,4750.tif,0.375156
train,4751.tif,0.323257
train,4752.tif,0.373656
train,4753.tif,0.3315
train,4754.tif,0.321877
train,4755.tif,0.321919
train,4756.tif,0.361892
train,4757.tif,0.327847
train,4758.tif,0.37892
train,4759.tif,0.339792
train,476.tif,0.377094
train,4760.tif,0.299646
train,4761.tif,0.269145
train,4762.tif,0.366178
train,4763.tif,0.34991
train,4764.tif,0.463019
train,4765.tif,0.407001
train,4766.tif,0.33402
train,4767.tif,0.317134
train,4768.tif,0.329836
train,4769.tif,0.309692
train,477.tif,0.375006
train,4770.tif,0.312672
train,4771.tif,0.275938
train,4772.tif,0.398382
train,4773.tif,0.35152
train,4774.tif,0.323436
train,4775.tif,0.448141
train,4776.tif,0.371588
train,4777.tif,0.314755
train,4778.tif,0.279777
train,4779.tif,0.41355
train,478.tif,0.364901
train,4780.tif,0.352328
train,4781.tif,0.298535
train,4782.tif,0.364526
train,4783.tif,0.327859
train,4784.tif,0.282034
train,4785.tif,0.34736
train,4786.tif,0.40646
train,4787.tif,0.289104
train,4788.tif,0.310835
train,4789.tif,0.305088
train,479.tif,0.326207
train,4790.tif,0.417821
train,4791.tif,0.414644
train,4792.tif,0.325643
train,4793.tif,0.348011
train,4794.tif,0.323496
train,4795.tif,0.314864
train,4796.tif,0.356293
train,4797.tif,0.32121
train,4798.tif,0.32968
train,4799.tif,0.284059
train,48.tif,0.340512
train,480.tif,0.374557
train,4800.tif,0.288396
train,4801.tif,0.379635
train,4802.tif,0.27841
train,4803.tif,0.326802
train,4804.tif,0.325082
train,4805.tif,0.383747
train,4806.tif,0.362265
train,4807.tif,0.308846
train,4808.tif,0.434068
train,4809.tif,0.328827
train,481.tif,0.392645
train,4810.tif,0.433809
train,4811.tif,0.299558
train,4812.tif,0.381411
train,4813.tif,0.370841
train,4814.tif,0.423827
train,4815.tif,0.318173
train,4816.tif,0.300714
train,4817.tif,0.290171
train,4818.tif,0.371026
train,4819.tif,0.314962
train,482.tif,0.380025
train,4820.tif,0.273754
train,4821.tif,0.339762
train,4822.tif,0.363791
train,4823.tif,0.405747
train,4824.tif,0.344022
train,4825.tif,0.293043
train,4826.tif,0.351003
train,4827.tif,0.33744
train,4828.tif,0.436196
train,4829.tif,0.411575
train,483.tif,0.377699
train,4830.tif,0.312523
train,4831.tif,0.29015
train,4832.tif,0.369488
train,4833.tif,0.391328
train,4834.tif,0.341443
train,4835.tif,0.374164
train,4836.tif,0.312814
train,4837.tif,0.298945
train,4838.tif,0.404207
train,4839.tif,0.229677
train,484.tif,0.446587
train,4840.tif,0.364518
train,4841.tif,0.287142
train,4842.tif,0.512732
train,4843.tif,0.348206
train,4844.tif,0.32042
train,4845.tif,0.358894
train,4846.tif,0.314817
train,4847.tif,0.324196
train,4848.tif,0.248003
train,4849.tif,0.343353
train,485.tif,0.238484
train,4850.tif,0.282938
train,4851.tif,0.329228
train,4852.tif,0.36304
train,4853.tif,0.314177
train,4854.tif,0.373225
train,4855.tif,0.319849
train,4856.tif,0.339973
train,4857.tif,0.340135
train,4858.tif,0.290737
train,4859.tif,0.311852
train,486.tif,0.403575
train,4860.tif,0.379753
train,4861.tif,0.374077
train,4862.tif,0.373144
train,4863.tif,0.281308
train,4864.tif,0.368854
train,4865.tif,0.32125
train,4866.tif,0.296335
train,4867.tif,0.388134
train,4868.tif,0.330704
train,4869.tif,0.303748
train,487.tif,0.352586
train,4870.tif,0.344939
train,4871.tif,0.388334
train,4872.tif,0.356185
train,4873.tif,0.364825
train,4874.tif,0.343949
train,4875.tif,0.290536
train,4876.tif,0.343883
train,4877.tif,0.351139
train,4878.tif,0.391694
train,4879.tif,0.299277
train,488.tif,0.355218
train,4880.tif,0.342806
train,4881.tif,0.411779
train,4882.tif,0.34256
train,4883.tif,0.327891
train,4884.tif,0.343099
train,4885.tif,0.337036
train,4886.tif,0.373303
train,4887.tif,0.314323
train,4888.tif,0.374543
train,4889.tif,0.332914
train,489.tif,0.419842
train,4890.tif,0.313213
train,4891.tif,0.311177
train,4892.tif,0.403661
train,4893.tif,0.308081
train,4894.tif,0.439236
train,4895.tif,0.317431
train,4896.tif,0.284441
train,4897.tif,0.347381
train,4898.tif,0.320778
train,4899.tif,0.300055
train,49.tif,0.366355
train,490.tif,0.36579
train,4900.tif,0.418509
train,4901.tif,0.311956
train,4902.tif,0.360983
train,4903.tif,0.312547
train,4904.tif,0.354685
train,4905.tif,0.342727
train,4906.tif,0.295388
train,4907.tif,0.36296
train,4908.tif,0.406866
train,4909.tif,0.323753
train,491.tif,0.403099
train,4910.tif,0.381428
train,4911.tif,0.366877
train,4912.tif,0.373683
train,4913.tif,0.291455
train,4914.tif,0.317898
train,4915.tif,0.43334
train,4916.tif,0.440558
train,4917.tif,0.349853
train,4918.tif,0.349361
train,4919.tif,0.32599
train,492.tif,0.372117
train,4920.tif,0.292961
train,4921.tif,0.340921
train,4922.tif,0.35013
train,4923.tif,0.393017
train,4924.tif,0.305331
train,4925.tif,0.30848
train,4926.tif,0.30197
train,4927.tif,0.306375
train,4928.tif,0.328017
train,4929.tif,0.294053
train,493.tif,0.397249
train,4930.tif,0.357772
train,4931.tif,0.3309
train,4932.tif,0.328722
train,4933.tif,0.356594
train,4934.tif,0.33661
train,4935.tif,0.303042
train,4936.tif,0.322912
train,4937.tif,0.364116
train,4938.tif,0.373874
train,4939.tif,0.357677
train,494.tif,0.406084
train,4940.tif,0.309301
train,4941.tif,0.335189
train,4942.tif,0.409862
train,4943.tif,0.351785
train,4944.tif,0.345518
train,4945.tif,0.343035
train,4946.tif,0.2996
train,4947.tif,0.397655
train,4948.tif,0.308203
train,4949.tif,0.420918
train,495.tif,0.388066
train,4950.tif,0.305411
train,4951.tif,0.333747
train,4952.tif,0.31094
train,4953.tif,0.379412
train,4954.tif,0.397583
train,4955.tif,0.356443
train,4956.tif,0.452956
train,4957.tif,0.326461
train,4958.tif,0.350175
train,4959.tif,0.362627
train,496.tif,0.402121
train,4960.tif,0.340865
train,4961.tif,0.344088
train,4962.tif,0.325253
train,4963.tif,0.292871
train,4964.tif,0.353262
train,4965.tif,0.28698
train,4966.tif,0.353175
train,4967.tif,0.321313
train,4968.tif,0.334687
train,4969.tif,0.403607
train,497.tif,0.397043
train,4970.tif,0.350273
train,4971.tif,0.336848
train,4972.tif,0.355407
train,4973.tif,0.400194
train,4974.tif,0.325713
train,4975.tif,0.334029
train,4976.tif,0.32782
train,4977.tif,0.307347
train,4978.tif,0.349884
train,4979.tif,0.333803
train,498.tif,0.391729
train,4980.tif,0.380218
train,4981.tif,0.322338
train,4982.tif,0.342406
train,4983.tif,0.293039
train,4984.tif,0.368653
train,4985.tif,0.288486
train,4986.tif,0.321845
train,4987.tif,0.364095
train,4988.tif,0.340699
train,4989.tif,0.301778
train,499.tif,0.399133
train,4990.tif,0.380319
train,4991.tif,0.316637
train,4992.tif,0.438503
train,4993.tif,0.357255
train,4994.tif,0.367497
train,4995.tif,0.321375
train,4996.tif,0.338308
train,4997.tif,0.302955
train,4998.tif,0.329571
train,4999.tif,0.27294
train,5.tif,0.330276
train,50.tif,0.350419
train,500.tif,0.389628
train,5000.tif,0.388
train,5001.tif,0.319274
train,5002.tif,0.243627
train,5003.tif,0.376359
train,5004.tif,0.319615
train,5005.tif,0.327032
train,5006.tif,0.27399
train,5007.tif,0.349469
train,5008.tif,0.369204
train,5009.tif,0.304195
train,501.tif,0.321959
train,5010.tif,0.356548
train,5011.tif,0.333233
train,5012.tif,0.421909
train,5013.tif,0.342439
train,5014.tif,0.27215
train,5015.tif,0.312458
train,5016.tif,0.34343
train,5017.tif,0.419417
train,5018.tif,0.363292
train,5019.tif,0.336488
train,502.tif,0.400899
train,5020.tif,0.301245
train,5021.tif,0.259247
train,5022.tif,0.330716
train,5023.tif,0.332129
train,5024.tif,0.306736
train,5025.tif,0.360673
train,5026.tif,0.279633
train,5027.tif,0.336507
train,5028.tif,0.343399
train,5029.tif,0.298521
train,503.tif,0.356501
train,5030.tif,0.383265
train,5031.tif,0.348925
train,5032.tif,0.322977
train,5033.tif,0.430362
train,5034.tif,0.404893
train,5035.tif,0.343835
train,5036.tif,0.384304
train,5037.tif,0.387064
train,5038.tif,0.319338
train,5039.tif,0.370608
train,504.tif,0.404837
train,5040.tif,0.337377
train,5041.tif,0.346776
train,5042.tif,0.357855
train,5043.tif,0.282899
train,5044.tif,0.33211
train,5045.tif,0.382635
train,5046.tif,0.384363
train,5047.tif,0.288942
train,5048.tif,0.297126
train,5049.tif,0.378918
train,505.tif,0.382616
train,5050.tif,0.304863
train,5051.tif,0.390704
train,5052.tif,0.362767
train,5053.tif,0.357383
train,5054.tif,0.368425
train,5055.tif,0.306198
train,5056.tif,0.477385
train,5057.tif,0.419921
train,5058.tif,0.472293
train,5059.tif,0.332342
train,506.tif,0.38233
train,5060.tif,0.379622
train,5061.tif,0.31158
train,5062.tif,0.38591
train,5063.tif,0.317935
train,5064.tif,0.357753
train,5065.tif,0.323966
train,5066.tif,0.382704
train,5067.tif,0.260533
train,5068.tif,0.74734
train,5069.tif,0.313159
train,507.tif,0.354652
train,5070.tif,0.361252
train,5071.tif,0.405872
train,5072.tif,0.297864
train,5073.tif,0.322871
train,5074.tif,0.366439
train,5075.tif,0.366821
train,5076.tif,0.359865
train,5077.tif,0.39402
train,5078.tif,0.34371
train,5079.tif,0.369889
train,508.tif,0.383834
train,5080.tif,0.342629
train,5081.tif,0.310642
train,5082.tif,0.318237
train,5083.tif,0.293499
train,5084.tif,0.288716
train,5085.tif,0.323177
train,5086.tif,0.386107
train,5087.tif,0.316394
train,5088.tif,0.288477
train,5089.tif,0.295042
train,509.tif,0.488768
train,5090.tif,0.20631
train,5091.tif,0.330461
train,5092.tif,0.367843
train,5093.tif,0.31069
train,5094.tif,0.348572
train,5095.tif,0.328841
train,5096.tif,0.284265
train,5097.tif,0.417482
train,5098.tif,0.318805
train,5099.tif,0.304195
train,51.tif,0.378537
train,510.tif,0.425214
train,5100.tif,0.343591
train,5101.tif,0.279699
train,5102.tif,0.360865
train,5103.tif,0.329313
train,5104.tif,0.37953
train,5105.tif,0.321883
train,5106.tif,0.340039
train,5107.tif,0.463951
train,5108.tif,0.374992
train,5109.tif,0.389816
train,511.tif,0.383031
train,5110.tif,0.321718
train,5111.tif,0.467415
train,5112.tif,0.424635
train,5113.tif,0.272661
train,5114.tif,0.294505
train,5115.tif,0.313541
train,5116.tif,0.355186
train,5117.tif,0.285729
train,5118.tif,0.327004
train,5119.tif,0.2663
train,512.tif,0.381564
train,5120.tif,0.324262
train,5121.tif,0.25095
train,5122.tif,0.395632
train,5123.tif,0.357653
train,5124.tif,0.341066
train,5125.tif,0.340062
train,5126.tif,0.322531
train,5127.tif,0.372241
train,5128.tif,0.386809
train,5129.tif,0.261028
train,513.tif,0.388779
train,5130.tif,0.297956
train,5131.tif,0.32446
train,5132.tif,0.293608
train,5133.tif,0.399416
train,5134.tif,0.321529
train,5135.tif,0.294642
train,5136.tif,0.318265
train,5137.tif,0.289441
train,5138.tif,0.307528
train,5139.tif,0.373595
train,514.tif,0.36261
train,5140.tif,0.301009
train,5141.tif,0.428538
train,5142.tif,0.250854
train,5143.tif,0.308695
train,5144.tif,0.250257
train,5145.tif,0.384176
train,5146.tif,0.31373
train,5147.tif,0.295344
train,5148.tif,0.265045
train,5149.tif,0.313398
train,515.tif,0.322214
train,5150.tif,0.373293
train,5151.tif,0.343141
train,5152.tif,0.282599
train,5153.tif,0.272739
train,5154.tif,0.349211
train,5155.tif,0.403111
train,5156.tif,0.436236
train,5157.tif,0.305518
train,5158.tif,0.295368
train,5159.tif,0.382005
train,516.tif,0.363985
train,5160.tif,0.322343
train,5161.tif,0.335833
train,5162.tif,0.315525
train,5163.tif,0.227714
train,5164.tif,0.377342
train,5165.tif,0.335313
train,5166.tif,0.316168
train,5167.tif,0.289827
train,5168.tif,0.372029
train,5169.tif,0.358807
train,517.tif,0.34488
train,5170.tif,0.300476
train,5171.tif,0.34672
train,5172.tif,0.2707
train,5173.tif,0.288565
train,5174.tif,0.312942
train,5175.tif,0.319179
train,5176.tif,0.326191
train,5177.tif,0.288431
train,5178.tif,0.348842
train,5179.tif,0.372177
train,518.tif,0.342627
train,5180.tif,0.275257
train,5181.tif,0.404179
train,5182.tif,0.364115
train,5183.tif,0.34481
train,5184.tif,0.288086
train,5185.tif,0.465011
train,5186.tif,0.309077
train,5187.tif,0.318756
train,5188.tif,0.300057
train,5189.tif,0.273159
train,519.tif,0.425356
train,5190.tif,0.287773
train,5191.tif,0.370792
train,5192.tif,0.3033
train,5193.tif,0.323124
train,5194.tif,0.294022
train,5195.tif,0.408302
train,5196.tif,0.377736
train,5197.tif,0.365326
train,5198.tif,0.337771
train,5199.tif,0.348182
train,52.tif,0.341303
train,520.tif,0.416056
train,5200.tif,0.246122
train,5201.tif,0.391739
train,5202.tif,0.318352
train,5203.tif,0.392117
train,5204.tif,0.311379
train,5205.tif,0.286609
train,5206.tif,0.366054
train,5207.tif,0.410338
train,5208.tif,0.249124
train,5209.tif,0.301883
train,521.tif,0.374614
train,5210.tif,0.293986
train,5211.tif,0.27831
train,5212.tif,0.323307
train,5213.tif,0.369435
train,5214.tif,0.339714
train,5215.tif,0.357933
train,5216.tif,0.399668
train,5217.tif,0.265296
train,5218.tif,0.238872
train,5219.tif,0.258245
train,522.tif,0.367736
train,5220.tif,0.365165
train,5221.tif,0.30474
train,5222.tif,0.297779
train,5223.tif,0.298906
train,5224.tif,0.296382
train,5225.tif,0.274247
train,5226.tif,0.310661
train,5227.tif,0.254129
train,5228.tif,0.372784
train,5229.tif,0.317769
train,523.tif,0.334938
train,5230.tif,0.267318
train,5231.tif,0.366457
train,5232.tif,0.33115
train,5233.tif,0.342823
train,5234.tif,0.565888
train,5235.tif,0.320386
train,5236.tif,0.39161
train,5237.tif,0.262965
train,5238.tif,0.310342
train,5239.tif,0.386046
train,524.tif,0.364998
train,5240.tif,0.298355
train,5241.tif,0.325607
train,5242.tif,0.346403
train,5243.tif,0.298923
train,5244.tif,0.264008
train,5245.tif,0.299155
train,5246.tif,0.360034
train,5247.tif,0.333061
train,5248.tif,0.418976
train,5249.tif,0.273745
train,525.tif,0.369147
train,5250.tif,0.273814
train,5251.tif,0.274379
train,5252.tif,0.272444
train,5253.tif,0.358994
train,5254.tif,0.290521
train,5255.tif,0.335817
train,5256.tif,0.358906
train,5257.tif,0.398051
train,5258.tif,0.309095
train,5259.tif,0.288096
train,526.tif,0.372087
train,5260.tif,0.28888
train,5261.tif,0.324435
train,5262.tif,0.309707
train,5263.tif,0.4071
train,5264.tif,0.255667
train,5265.tif,0.294405
train,5266.tif,0.344037
train,5267.tif,0.267132
train,5268.tif,0.309533
train,5269.tif,0.247652
train,527.tif,0.361836
train,5270.tif,0.35185
train,5271.tif,0.379128
train,5272.tif,0.330679
train,5273.tif,0.346864
train,5274.tif,0.330649
train,5275.tif,0.349968
train,5276.tif,0.358577
train,5277.tif,0.364253
train,5278.tif,0.315429
train,5279.tif,0.340725
train,528.tif,0.350444
train,5280.tif,0.307573
train,5281.tif,0.345452
train,5282.tif,0.2996
train,5283.tif,0.302149
train,5284.tif,0.335292
train,5285.tif,0.363253
train,5286.tif,0.325063
train,5287.tif,0.282491
train,5288.tif,0.380631
train,5289.tif,0.35364
train,529.tif,0.277272
train,5290.tif,0.337885
train,5291.tif,0.347875
train,5292.tif,0.385332
train,5293.tif,0.364471
train,5294.tif,0.321339
train,5295.tif,0.339767
train,5296.tif,0.363997
train,5297.tif,0.340689
train,5298.tif,0.331839
train,5299.tif,0.311187
train,53.tif,0.437882
train,530.tif,0.371929
train,5300.tif,0.365073
train,5301.tif,0.371671
train,5302.tif,0.408959
train,5303.tif,0.315175
train,5304.tif,0.341433
train,5305.tif,0.302345
train,5306.tif,0.370574
train,5307.tif,0.350297
train,5308.tif,0.270822
train,5309.tif,0.309086
train,531.tif,0.303576
train,5310.tif,0.335828
train,5311.tif,0.329541
train,5312.tif,0.312575
train,5313.tif,0.44505
train,5314.tif,0.253088
train,5315.tif,0.309481
train,5316.tif,0.285978
train,5317.tif,0.319812
train,5318.tif,0.355353
train,5319.tif,0.33811
train,532.tif,0.389744
train,5320.tif,0.381449
train,5321.tif,0.320651
train,5322.tif,0.310933
train,5323.tif,0.356075
train,5324.tif,0.336723
train,5325.tif,0.39504
train,5326.tif,0.334674
train,5327.tif,0.318527
train,5328.tif,0.356022
train,5329.tif,0.367136
train,533.tif,0.370833
train,5330.tif,0.380441
train,5331.tif,0.321175
train,5332.tif,0.326111
train,5333.tif,0.342737
train,5334.tif,0.322344
train,5335.tif,0.320084
train,5336.tif,0.344455
train,5337.tif,0.300775
train,5338.tif,0.39089
train,5339.tif,0.333488
train,534.tif,0.415693
train,5340.tif,0.279128
train,5341.tif,0.343511
train,5342.tif,0.3715
train,5343.tif,0.306547
train,5344.tif,0.285576
train,5345.tif,0.301729
train,5346.tif,0.296276
train,5347.tif,0.338442
train,5348.tif,0.328355
train,5349.tif,0.266788
train,535.tif,0.406018
train,5350.tif,0.305735
train,5351.tif,0.297736
train,5352.tif,0.412001
train,5353.tif,0.358671
train,5354.tif,0.289527
train,5355.tif,0.272682
train,5356.tif,0.317914
train,5357.tif,0.339139
train,5358.tif,0.337068
train,5359.tif,0.380198
train,536.tif,0.386865
train,5360.tif,0.254565
train,5361.tif,0.332086
train,5362.tif,0.363334
train,5363.tif,0.289822
train,5364.tif,0.29428
train,5365.tif,0.341831
train,5366.tif,0.300533
train,5367.tif,0.366855
train,5368.tif,0.428967
train,5369.tif,0.287802
train,537.tif,0.339876
train,5370.tif,0.268789
train,5371.tif,0.375952
train,5372.tif,0.332551
train,5373.tif,0.360887
train,5374.tif,0.30279
train,5375.tif,0.350056
train,5376.tif,0.281069
train,5377.tif,0.381034
train,5378.tif,0.276334
train,5379.tif,0.312123
train,538.tif,0.339618
train,5380.tif,0.316419
train,5381.tif,0.40263
train,5382.tif,0.427019
train,5383.tif,0.333423
train,5384.tif,0.346022
train,5385.tif,0.358808
train,5386.tif,0.366145
train,5387.tif,0.377509
train,5388.tif,0.440216
train,5389.tif,0.318254
train,539.tif,0.37665
train,5390.tif,0.380677
train,5391.tif,0.395217
train,5392.tif,0.279458
train,5393.tif,0.362189
train,5394.tif,0.329721
train,5395.tif,0.287407
train,5396.tif,0.283317
train,5397.tif,0.299463
train,5398.tif,0.353062
train,5399.tif,0.266867
train,54.tif,0.331519
train,540.tif,0.404916
train,5400.tif,0.283514
train,5401.tif,0.309506
train,5402.tif,0.274244
train,5403.tif,0.282605
train,5404.tif,0.347485
train,5405.tif,0.398401
train,5406.tif,0.380616
train,5407.tif,0.30649
train,5408.tif,0.339502
train,5409.tif,0.414318
train,541.tif,0.380133
train,5410.tif,0.306963
train,5411.tif,0.40956
train,5412.tif,0.364448
train,5413.tif,0.311314
train,5414.tif,0.638733
train,5415.tif,0.273502
train,5416.tif,0.331845
train,5417.tif,0.345561
train,5418.tif,0.314861
train,5419.tif,0.303329
train,542.tif,0.395082
train,5420.tif,0.338043
train,5421.tif,0.466921
train,5422.tif,0.271878
train,5423.tif,0.308933
train,5424.tif,0.390843
train,5425.tif,0.310153
train,5426.tif,0.346159
train,5427.tif,0.293017
train,5428.tif,0.274909
train,5429.tif,0.327543
train,543.tif,0.407806
train,5430.tif,0.371693
train,5431.tif,0.273828
train,5432.tif,0.360841
train,5433.tif,0.245314
train,5434.tif,0.319626
train,5435.tif,0.318081
train,5436.tif,0.296378
train,5437.tif,0.345271
train,5438.tif,0.283029
train,5439.tif,0.39397
train,544.tif,0.428702
train,5440.tif,0.316166
train,5441.tif,0.367858
train,5442.tif,0.381736
train,5443.tif,0.42658
train,5444.tif,0.268485
train,5445.tif,0.32624
train,5446.tif,0.327114
train,5447.tif,0.280168
train,5448.tif,0.346879
train,5449.tif,0.299481
train,545.tif,0.338368
train,5450.tif,0.365144
train,5451.tif,0.348493
train,5452.tif,0.283167
train,5453.tif,0.298187
train,5454.tif,0.272152
train,5455.tif,0.316164
train,5456.tif,0.336642
train,5457.tif,0.351041
train,5458.tif,0.338263
train,5459.tif,0.32035
train,546.tif,0.423745
train,5460.tif,0.336951
train,5461.tif,0.323207
train,5462.tif,0.36886
train,5463.tif,0.465807
train,5464.tif,0.212879
train,5465.tif,0.385514
train,5466.tif,0.288658
train,5467.tif,0.335969
train,5468.tif,0.344095
train,5469.tif,0.403114
train,547.tif,0.333265
train,5470.tif,0.391051
train,5471.tif,0.360067
train,5472.tif,0.293652
train,5473.tif,0.311613
train,5474.tif,0.305239
train,5475.tif,0.311547
train,5476.tif,0.371991
train,5477.tif,0.299365
train,5478.tif,0.297338
train,5479.tif,0.277953
train,548.tif,0.385386
train,5480.tif,0.298113
train,5481.tif,0.337565
train,5482.tif,0.273851
train,5483.tif,0.301834
train,5484.tif,0.368115
train,5485.tif,0.275047
train,5486.tif,0.378975
train,5487.tif,0.427438
train,5488.tif,0.408922
train,5489.tif,0.319219
train,549.tif,0.274488
train,5490.tif,0.30345
train,5491.tif,0.349085
train,5492.tif,0.326522
train,5493.tif,0.384558
train,5494.tif,0.268526
train,5495.tif,0.3258
train,5496.tif,0.343097
train,5497.tif,0.294054
train,5498.tif,0.342705
train,5499.tif,0.354511
train,55.tif,0.393945
train,550.tif,0.400324
train,5500.tif,0.34513
train,5501.tif,0.278966
train,5502.tif,0.279612
train,5503.tif,0.31432
train,5504.tif,0.285276
train,5505.tif,0.285011
train,5506.tif,0.261106
train,5507.tif,0.315126
train,5508.tif,0.316269
train,5509.tif,0.377819
train,551.tif,0.314882
train,5510.tif,0.3868
train,5511.tif,0.31538
train,5512.tif,0.299172
train,5513.tif,0.28846
train,5514.tif,0.256314
train,5515.tif,0.333682
train,5516.tif,0.320851
train,5517.tif,0.361765
train,5518.tif,0.360448
train,5519.tif,0.285252
train,552.tif,0.444619
train,5520.tif,0.317409
train,5521.tif,0.277975
train,5522.tif,0.270548
train,5523.tif,0.331443
train,5524.tif,0.30016
train,5525.tif,0.316858
train,5526.tif,0.319563
train,5527.tif,0.31846
train,5528.tif,0.331615
train,5529.tif,0.37027
train,553.tif,0.364832
train,5530.tif,0.312052
train,5531.tif,0.266619
train,5532.tif,0.325086
train,5533.tif,0.303388
train,5534.tif,0.305507
train,5535.tif,0.308815
train,5536.tif,0.347957
train,5537.tif,0.363928
train,5538.tif,0.390218
train,5539.tif,0.457632
train,554.tif,0.371107
train,5540.tif,0.302132
train,5541.tif,0.297121
train,5542.tif,0.333098
train,5543.tif,0.412381
train,5544.tif,0.386665
train,5545.tif,0.290804
train,5546.tif,0.298996
train,5547.tif,0.291147
train,5548.tif,0.27202
train,5549.tif,0.33194
train,555.tif,0.323781
train,5550.tif,0.317753
train,5551.tif,0.372707
train,5552.tif,0.318131
train,5553.tif,0.299026
train,5554.tif,0.295638
train,5555.tif,0.29738
train,5556.tif,0.32916
train,5557.tif,0.338328
train,5558.tif,0.293151
train,5559.tif,0.272957
train,556.tif,0.314005
train,5560.tif,0.441852
train,5561.tif,0.405816
train,5562.tif,0.337514
train,5563.tif,0.278571
train,5564.tif,0.278558
train,5565.tif,0.361419
train,5566.tif,0.404882
train,5567.tif,0.221742
train,5568.tif,0.342355
train,5569.tif,0.305164
train,557.tif,0.345478
train,5570.tif,0.263609
train,5571.tif,0.361011
train,5572.tif,0.387481
train,5573.tif,0.360527
train,5574.tif,0.31152
train,5575.tif,0.400363
train,5576.tif,0.371681
train,5577.tif,0.393596
train,5578.tif,0.293963
train,5579.tif,0.263854
train,558.tif,0.382554
train,5580.tif,0.707041
train,5581.tif,0.304978
train,5582.tif,0.353909
train,5583.tif,0.409371
train,5584.tif,0.27874
train,5585.tif,0.283113
train,5586.tif,0.339823
train,5587.tif,0.312411
train,5588.tif,0.333409
train,5589.tif,0.328849
train,559.tif,0.33191
train,5590.tif,0.375589
train,5591.tif,0.301231
train,5592.tif,0.230643
train,5593.tif,0.298623
train,5594.tif,0.391593
train,5595.tif,0.276104
train,5596.tif,0.286113
train,5597.tif,0.372705
train,5598.tif,0.344937
train,5599.tif,0.322675
train,56.tif,0.394372
train,560.tif,0.38377
train,5600.tif,0.609792
train,5601.tif,0.287179
train,5602.tif,0.319835
train,5603.tif,0.285922
train,5604.tif,0.507057
train,5605.tif,0.324872
train,5606.tif,0.304199
train,5607.tif,0.372257
train,5608.tif,0.339923
train,5609.tif,0.347931
train,561.tif,0.432955
train,5610.tif,0.365833
train,5611.tif,0.310649
train,5612.tif,0.308657
train,5613.tif,0.320252
train,5614.tif,0.43158
train,5615.tif,0.364625
train,5616.tif,0.413055
train,5617.tif,0.288638
train,5618.tif,0.375058
train,5619.tif,0.341566
train,562.tif,0.354433
train,5620.tif,0.250617
train,5621.tif,0.31921
train,5622.tif,0.296499
train,5623.tif,0.339062
train,5624.tif,0.410782
train,5625.tif,0.334037
train,5626.tif,0.302238
train,5627.tif,0.290931
train,5628.tif,0.308248
train,5629.tif,0.326915
train,563.tif,0.377169
train,5630.tif,0.280921
train,5631.tif,0.342429
train,5632.tif,0.367793
train,5633.tif,0.301193
train,5634.tif,0.35132
train,5635.tif,0.389072
train,5636.tif,0.357982
train,5637.tif,0.662916
train,5638.tif,0.30673
train,5639.tif,0.336702
train,564.tif,0.454849
train,5640.tif,0.379064
train,5641.tif,0.388115
train,5642.tif,0.393678
train,5643.tif,0.424328
train,5644.tif,0.37711
train,5645.tif,0.290092
train,5646.tif,0.289252
train,5647.tif,0.574021
train,5648.tif,0.31569
train,5649.tif,0.222734
train,565.tif,0.401459
train,5650.tif,0.286447
train,5651.tif,0.748414
train,5652.tif,0.30608
train,5653.tif,0.338447
train,5654.tif,0.301383
train,5655.tif,0.321405
train,5656.tif,0.430102
train,5657.tif,0.35692
train,5658.tif,0.327821
train,5659.tif,0.323607
train,566.tif,0.358035
train,5660.tif,0.382927
train,5661.tif,0.306898
train,5662.tif,0.278028
train,5663.tif,0.299208
train,5664.tif,0.301875
train,5665.tif,0.294273
train,5666.tif,0.305295
train,5667.tif,0.358596
train,5668.tif,0.317107
train,5669.tif,0.286251
train,567.tif,0.333125
train,5670.tif,0.34104
train,5671.tif,0.320485
train,5672.tif,0.305586
train,5673.tif,0.307465
train,5674.tif,0.274258
train,5675.tif,0.337171
train,5676.tif,0.346704
train,5677.tif,0.266607
train,5678.tif,0.35877
train,5679.tif,0.253632
train,568.tif,0.437165
train,5680.tif,0.303943
train,5681.tif,0.303901
train,5682.tif,0.335288
train,5683.tif,0.358355
train,5684.tif,0.393024
train,5685.tif,0.445384
train,5686.tif,0.336079
train,5687.tif,0.377071
train,5688.tif,0.255585
train,5689.tif,0.344088
train,569.tif,0.36664
train,5690.tif,0.378491
train,5691.tif,0.339921
train,5692.tif,0.325703
train,5693.tif,0.357914
train,5694.tif,0.304228
train,5695.tif,0.3174
train,5696.tif,0.362771
train,5697.tif,0.362624
train,5698.tif,0.333713
train,5699.tif,0.263671
train,57.tif,0.423167
train,570.tif,0.393455
train,5700.tif,0.27573
train,5701.tif,0.318625
train,5702.tif,0.283423
train,5703.tif,0.265227
train,5704.tif,0.352312
train,5705.tif,0.349024
train,5706.tif,0.285333
train,5707.tif,0.314026
train,5708.tif,0.331133
train,5709.tif,0.251163
train,571.tif,0.377513
train,5710.tif,0.326599
train,5711.tif,0.27273
train,5712.tif,0.335357
train,5713.tif,0.290408
train,5714.tif,0.299162
train,5715.tif,0.330797
train,5716.tif,0.273908
train,5717.tif,0.341762
train,5718.tif,0.283121
train,5719.tif,0.314548
train,572.tif,0.347353
train,5720.tif,0.241288
train,5721.tif,0.401824
train,5722.tif,0.277939
train,5723.tif,0.300823
train,5724.tif,0.337142
train,5725.tif,0.339723
train,5726.tif,0.350804
train,5727.tif,0.359421
train,5728.tif,0.353131
train,5729.tif,0.283405
train,573.tif,0.378141
train,5730.tif,0.366072
train,5731.tif,0.41216
train,5732.tif,0.317494
train,5733.tif,0.2941
train,5734.tif,0.333308
train,5735.tif,0.35253
train,5736.tif,0.332338
train,5737.tif,0.384113
train,5738.tif,0.37163
train,5739.tif,0.32519
train,574.tif,0.403681
train,5740.tif,0.304805
train,5741.tif,0.262308
train,5742.tif,0.302307
train,5743.tif,0.339903
train,5744.tif,0.385087
train,5745.tif,0.283625
train,5746.tif,0.364615
train,5747.tif,0.319729
train,5748.tif,0.277072
train,5749.tif,0.301991
train,575.tif,0.431073
train,5750.tif,0.347355
train,5751.tif,0.298074
train,5752.tif,0.307054
train,5753.tif,0.290819
train,5754.tif,0.340203
train,5755.tif,0.26641
train,5756.tif,0.38477
train,5757.tif,0.383907
train,5758.tif,0.368465
train,5759.tif,0.354268
train,576.tif,0.35293
train,5760.tif,0.310822
train,5761.tif,0.405723
train,5762.tif,0.361245
train,5763.tif,0.309352
train,5764.tif,0.289978
train,5765.tif,0.380255
train,5766.tif,0.329128
train,5767.tif,0.361938
train,5768.tif,0.369225
train,5769.tif,0.279729
train,577.tif,0.255464
train,5770.tif,0.30155
train,5771.tif,0.365067
train,5772.tif,0.365762
train,5773.tif,0.36798
train,5774.tif,0.339195
train,5775.tif,0.395049
train,5776.tif,0.329427
train,5777.tif,0.397071
train,5778.tif,0.288891
train,5779.tif,0.288218
train,578.tif,0.336245
train,5780.tif,0.23853
train,5781.tif,0.380419
train,5782.tif,0.313356
train,5783.tif,0.31254
train,5784.tif,0.384711
train,5785.tif,0.358602
train,5786.tif,0.360224
train,5787.tif,0.254268
train,5788.tif,0.312759
train,5789.tif,0.366016
train,579.tif,0.358192
train,5790.tif,0.285398
train,5791.tif,0.28997
train,5792.tif,0.412024
train,5793.tif,0.340057
train,5794.tif,0.299154
train,5795.tif,0.287376
train,5796.tif,0.445811
train,5797.tif,0.297935
train,5798.tif,0.329526
train,5799.tif,0.321142
train,58.tif,0.338933
train,580.tif,0.346697
train,5800.tif,0.281211
train,5801.tif,0.302076
train,5802.tif,0.303245
train,5803.tif,0.380298
train,5804.tif,0.307252
train,5805.tif,0.28926
train,5806.tif,0.311779
train,5807.tif,0.313835
train,5808.tif,0.332111
train,5809.tif,0.385477
train,581.tif,0.353704
train,5810.tif,0.331168
train,5811.tif,0.366338
train,5812.tif,0.329052
train,5813.tif,0.317279
train,5814.tif,0.298825
train,5815.tif,0.268162
train,5816.tif,0.372459
train,5817.tif,0.415233
train,5818.tif,0.339031
train,5819.tif,0.3638
train,582.tif,0.398214
train,5820.tif,0.312767
train,5821.tif,0.213254
train,5822.tif,0.323961
train,5823.tif,0.310694
train,5824.tif,0.293959
train,5825.tif,0.389843
train,5826.tif,0.281248
train,5827.tif,0.318116
train,5828.tif,0.33638
train,5829.tif,0.25663
train,583.tif,0.435231
train,5830.tif,0.269409
train,5831.tif,0.284304
train,5832.tif,0.270783
train,5833.tif,0.253309
train,5834.tif,0.319266
train,5835.tif,0.255207
train,5836.tif,0.274781
train,5837.tif,0.325441
train,5838.tif,0.285071
train,5839.tif,0.256997
train,584.tif,0.344728
train,5840.tif,0.309003
train,5841.tif,0.25667
train,5842.tif,0.37867
train,5843.tif,0.374669
train,5844.tif,0.314883
train,5845.tif,0.392744
train,5846.tif,0.319418
train,5847.tif,0.32504
train,5848.tif,0.302554
train,5849.tif,0.233247
train,585.tif,0.378654
train,5850.tif,0.409353
train,5851.tif,0.298961
train,5852.tif,0.304175
train,5853.tif,0.28813
train,5854.tif,0.290044
train,5855.tif,0.350342
train,5856.tif,0.288397
train,5857.tif,0.315323
train,5858.tif,0.287089
train,5859.tif,0.229888
train,586.tif,0.49058
train,5860.tif,0.303883
train,5861.tif,0.362232
train,5862.tif,0.287958
train,5863.tif,0.378188
train,5864.tif,0.310832
train,5865.tif,0.303589
train,5866.tif,0.384167
train,5867.tif,0.297182
train,5868.tif,0.381656
train,5869.tif,0.378572
train,587.tif,0.325621
train,5870.tif,0.240798
train,5871.tif,0.327396
train,5872.tif,0.292849
train,5873.tif,0.308231
train,5874.tif,0.287662
train,5875.tif,0.280667
train,5876.tif,0.282095
train,5877.tif,0.33603
train,5878.tif,0.286803
train,5879.tif,0.361063
train,588.tif,0.404401
train,5880.tif,0.286422
train,5881.tif,0.282322
train,5882.tif,0.369089
train,5883.tif,0.232217
train,5884.tif,0.335369
train,5885.tif,0.31222
train,5886.tif,0.298178
train,5887.tif,0.362297
train,5888.tif,0.370352
train,5889.tif,0.34189
train,589.tif,0.370458
train,5890.tif,0.333867
train,5891.tif,0.415713
train,5892.tif,0.315131
train,5893.tif,0.343655
train,5894.tif,0.402517
train,5895.tif,0.304681
train,5896.tif,0.292132
train,5897.tif,0.301012
train,5898.tif,0.299252
train,5899.tif,0.276378
train,59.tif,0.414662
train,590.tif,0.362624
train,5900.tif,0.318732
train,5901.tif,0.356469
train,5902.tif,0.346552
train,5903.tif,0.352736
train,5904.tif,0.328939
train,5905.tif,0.368546
train,5906.tif,0.391526
train,5907.tif,0.349878
train,5908.tif,0.267387
train,5909.tif,0.366856
train,591.tif,0.258955
train,5910.tif,0.248184
train,5911.tif,0.372554
train,5912.tif,0.310711
train,5913.tif,0.441025
train,5914.tif,0.280976
train,5915.tif,0.321263
train,5916.tif,0.337419
train,5917.tif,0.317245
train,5918.tif,0.3068
train,5919.tif,0.426924
train,592.tif,0.352588
train,5920.tif,0.289345
train,5921.tif,0.332153
train,5922.tif,0.396532
train,5923.tif,0.285717
train,5924.tif,0.326832
train,5925.tif,0.358226
train,5926.tif,0.309932
train,5927.tif,0.35162
train,5928.tif,0.310262
train,5929.tif,0.302953
train,593.tif,0.449243
train,5930.tif,0.334487
train,5931.tif,0.317511
train,5932.tif,0.351343
train,5933.tif,0.311729
train,5934.tif,0.292159
train,5935.tif,0.279086
train,5936.tif,0.341081
train,5937.tif,0.365721
train,5938.tif,0.346004
train,5939.tif,0.300328
train,594.tif,0.479887
train,5940.tif,0.321076
train,5941.tif,0.40442
train,5942.tif,0.350686
train,5943.tif,0.299325
train,5944.tif,0.299287
train,5945.tif,0.397799
train,5946.tif,0.344611
train,5947.tif,0.314446
train,5948.tif,0.377307
train,5949.tif,0.401262
train,595.tif,0.327152
train,5950.tif,0.274571
train,5951.tif,0.307801
train,5952.tif,0.31911
train,5953.tif,0.333895
train,5954.tif,0.392241
train,5955.tif,0.359103
train,5956.tif,0.305043
train,5957.tif,0.30451
train,5958.tif,0.290503
train,5959.tif,0.305582
train,596.tif,0.347993
train,5960.tif,0.334293
train,5961.tif,0.31242
train,5962.tif,0.258256
train,5963.tif,0.289495
train,5964.tif,0.317877
train,5965.tif,0.313054
train,5966.tif,0.324702
train,5967.tif,0.271418
train,5968.tif,0.271282
train,5969.tif,0.316633
train,597.tif,0.375638
train,5970.tif,0.378726
train,5971.tif,0.302347
train,5972.tif,0.331166
train,5973.tif,0.267481
train,5974.tif,0.359003
train,5975.tif,0.416063
train,5976.tif,0.353045
train,5977.tif,0.276667
train,5978.tif,0.369736
train,5979.tif,0.407105
train,598.tif,0.331704
train,5980.tif,0.428858
train,5981.tif,0.315654
train,5982.tif,0.366342
train,5983.tif,0.289086
train,5984.tif,0.392226
train,5985.tif,0.362794
train,5986.tif,0.311302
train,5987.tif,0.278072
train,5988.tif,0.389776
train,5989.tif,0.395015
train,599.tif,0.346959
train,5990.tif,0.275657
train,5991.tif,0.271599
train,5992.tif,0.341255
train,5993.tif,0.341039
train,5994.tif,0.376713
train,5995.tif,0.26001
train,5996.tif,0.339184
train,5997.tif,0.294093
train,5998.tif,0.312017
train,5999.tif,0.323099
train,6.tif,0.382885
train,60.tif,0.297604
train,600.tif,0.351906
train,6000.tif,0.402163
train,6001.tif,0.308606
train,6002.tif,0.338978
train,6003.tif,0.30756
train,6004.tif,0.35289
train,6005.tif,0.36207
train,6006.tif,0.310494
train,6007.tif,0.313962
train,6008.tif,0.336438
train,6009.tif,0.393853
train,601.tif,0.334901
train,6010.tif,0.307943
train,6011.tif,0.359618
train,6012.tif,0.308712
train,6013.tif,0.322586
train,6014.tif,0.313117
train,6015.tif,0.302159
train,6016.tif,0.419818
train,6017.tif,0.279526
train,6018.tif,0.16924
train,6019.tif,0.344028
train,602.tif,0.37257
train,6020.tif,0.315844
train,6021.tif,0.266958
train,6022.tif,0.339776
train,6023.tif,0.316963
train,6024.tif,0.305923
train,6025.tif,0.329557
train,6026.tif,0.402811
train,6027.tif,0.2912
train,6028.tif,0.25517
train,6029.tif,0.265482
train,603.tif,0.346789
train,6030.tif,0.322375
train,6031.tif,0.334721
train,6032.tif,0.332581
train,6033.tif,0.319353
train,6034.tif,0.325142
train,6035.tif,0.300294
train,6036.tif,0.323862
train,6037.tif,0.317603
train,6038.tif,0.325554
train,6039.tif,0.345318
train,604.tif,0.382377
train,6040.tif,0.324132
train,6041.tif,0.26629
train,6042.tif,0.279255
train,6043.tif,0.304233
train,6044.tif,0.345547
train,6045.tif,0.323513
train,6046.tif,0.309027
train,6047.tif,0.318622
train,6048.tif,0.314146
train,6049.tif,0.357565
train,605.tif,0.398919
train,6050.tif,0.341441
train,6051.tif,0.255881
train,6052.tif,0.356678
train,6053.tif,0.28871
train,6054.tif,0.362673
train,6055.tif,0.371059
train,6056.tif,0.383958
train,6057.tif,0.294656
train,6058.tif,0.315409
train,6059.tif,0.378195
train,606.tif,0.424247
train,6060.tif,0.332099
train,6061.tif,0.315849
train,6062.tif,0.31398
train,6063.tif,0.285546
train,6064.tif,0.36065
train,6065.tif,0.335974
train,6066.tif,0.309983
train,6067.tif,0.363901
train,6068.tif,0.363123
train,6069.tif,0.361345
train,607.tif,0.3666
train,6070.tif,0.41626
train,6071.tif,0.343812
train,6072.tif,0.27601
train,6073.tif,0.311443
train,6074.tif,0.364571
train,6075.tif,0.255693
train,6076.tif,0.4596
train,6077.tif,0.298962
train,6078.tif,0.326849
train,6079.tif,0.397375
train,608.tif,0.35826
train,6080.tif,0.342803
train,6081.tif,0.254105
train,6082.tif,0.284654
train,6083.tif,0.413437
train,6084.tif,0.378587
train,6085.tif,0.321955
train,6086.tif,0.330382
train,6087.tif,0.301667
train,6088.tif,0.301758
train,6089.tif,0.280835
train,609.tif,0.378226
train,6090.tif,0.254596
train,6091.tif,0.242182
train,6092.tif,0.288697
train,6093.tif,0.342478
train,6094.tif,0.278705
train,6095.tif,0.37935
train,6096.tif,0.303241
train,6097.tif,0.392637
train,6098.tif,0.343355
train,6099.tif,0.43287
train,61.tif,0.416185
train,610.tif,0.357201
train,6100.tif,0.317053
train,6101.tif,0.323999
train,6102.tif,0.400595
train,6103.tif,0.354131
train,6104.tif,0.351364
train,6105.tif,0.311034
train,6106.tif,0.296544
train,6107.tif,0.391483
train,6108.tif,0.281515
train,6109.tif,0.276384
train,611.tif,0.336812
train,6110.tif,0.375319
train,6111.tif,0.33772
train,6112.tif,0.27419
train,6113.tif,0.279019
train,6114.tif,0.308778
train,6115.tif,0.312916
train,6116.tif,0.295784
train,6117.tif,0.412439
train,6118.tif,0.382475
train,6119.tif,0.31078
train,612.tif,0.386548
train,6120.tif,0.446375
train,6121.tif,0.349907
train,6122.tif,0.329512
train,6123.tif,0.288333
train,6124.tif,0.360126
train,6125.tif,0.31815
train,6126.tif,0.310559
train,6127.tif,0.317341
train,6128.tif,0.268883
train,6129.tif,0.325665
train,613.tif,0.342197
train,6130.tif,0.481337
train,6131.tif,0.398313
train,6132.tif,0.36302
train,6133.tif,0.325382
train,6134.tif,0.248176
train,6135.tif,0.319534
train,6136.tif,0.375558
train,6137.tif,0.468809
train,6138.tif,0.261156
train,6139.tif,0.353896
train,614.tif,0.339312
train,6140.tif,0.469635
train,6141.tif,0.321563
train,6142.tif,0.335141
train,6143.tif,0.363916
train,6144.tif,0.312183
train,6145.tif,0.321927
train,6146.tif,0.312669
train,6147.tif,0.394631
train,6148.tif,0.354213
train,6149.tif,0.374824
train,615.tif,0.337017
train,6150.tif,0.377607
train,6151.tif,0.339108
train,6152.tif,0.274706
train,6153.tif,0.31909
train,6154.tif,0.358036
train,6155.tif,0.317227
train,6156.tif,0.31876
train,6157.tif,0.243688
train,6158.tif,0.393051
train,6159.tif,0.373179
train,616.tif,0.471518
train,6160.tif,0.399815
train,6161.tif,0.289633
train,6162.tif,0.39359
train,6163.tif,0.298887
train,6164.tif,0.302177
train,6165.tif,0.37542
train,6166.tif,0.322834
train,6167.tif,0.317725
train,6168.tif,0.359622
train,6169.tif,0.288244
train,617.tif,0.323261
train,6170.tif,0.419215
train,6171.tif,0.338752
train,6172.tif,0.321898
train,6173.tif,0.37024
train,6174.tif,0.362588
train,6175.tif,0.346738
train,6176.tif,0.366661
train,6177.tif,0.313918
train,6178.tif,0.331255
train,6179.tif,0.380782
train,618.tif,0.327479
train,6180.tif,0.326143
train,6181.tif,0.274207
train,6182.tif,0.317164
train,6183.tif,0.545984
train,6184.tif,0.440369
train,6185.tif,0.388737
train,6186.tif,0.280875
train,6187.tif,0.325963
train,6188.tif,0.346232
train,6189.tif,0.377253
train,619.tif,0.375344
train,6190.tif,0.399955
train,6191.tif,0.325805
train,6192.tif,0.521032
train,6193.tif,0.296872
train,6194.tif,0.341531
train,6195.tif,0.311467
train,6196.tif,0.286447
train,6197.tif,0.384638
train,6198.tif,0.384446
train,6199.tif,0.246036
train,62.tif,0.30031
train,620.tif,0.411173
train,6200.tif,0.304474
train,6201.tif,0.384449
train,6202.tif,0.265983
train,6203.tif,0.347554
train,6204.tif,0.319449
train,6205.tif,0.310037
train,6206.tif,0.320672
train,6207.tif,0.421259
train,6208.tif,0.366744
train,6209.tif,0.316118
train,621.tif,0.353299
train,6210.tif,0.316288
train,6211.tif,0.298186
train,6212.tif,0.292236
train,6213.tif,0.341732
train,6214.tif,0.305313
train,6215.tif,0.314379
train,6216.tif,0.2779
train,6217.tif,0.236767
train,6218.tif,0.294512
train,6219.tif,0.327424
train,622.tif,0.382782
train,6220.tif,0.318968
train,6221.tif,0.331921
train,6222.tif,0.309923
train,6223.tif,0.262348
train,6224.tif,0.452155
train,6225.tif,0.32943
train,6226.tif,0.319451
train,6227.tif,0.314702
train,6228.tif,0.295654
train,6229.tif,0.283195
train,623.tif,0.294797
train,6230.tif,0.257247
train,6231.tif,0.280197
train,6232.tif,0.369647
train,6233.tif,0.27145
train,6234.tif,0.347061
train,6235.tif,0.270272
train,6236.tif,0.37851
train,6237.tif,0.334272
train,6238.tif,0.27279
train,6239.tif,0.286051
train,624.tif,0.385582
train,6240.tif,0.382066
train,6241.tif,0.379562
train,6242.tif,0.301645
train,6243.tif,0.30601
train,6244.tif,0.363476
train,6245.tif,0.283302
train,6246.tif,0.291385
train,6247.tif,0.346331
train,6248.tif,0.362383
train,6249.tif,0.380864
train,625.tif,0.355732
train,6250.tif,0.281144
train,6251.tif,0.272666
train,6252.tif,0.386233
train,6253.tif,0.419855
train,6254.tif,0.213225
train,6255.tif,0.22572
train,6256.tif,0.31291
train,6257.tif,0.376149
train,6258.tif,0.34479
train,6259.tif,0.28837
train,626.tif,0.349856
train,6260.tif,0.295577
train,6261.tif,0.475417
train,6262.tif,0.286499
train,6263.tif,0.352219
train,6264.tif,0.283363
train,6265.tif,0.263888
train,6266.tif,0.356966
train,6267.tif,0.343661
train,6268.tif,0.316483
train,6269.tif,0.315132
train,627.tif,0.349963
train,6270.tif,0.389014
train,6271.tif,0.285177
train,6272.tif,0.240284
train,6273.tif,0.426479
train,6274.tif,0.344712
train,6275.tif,0.264044
train,6276.tif,0.28712
train,6277.tif,0.317759
train,6278.tif,0.295946
train,6279.tif,0.338585
train,628.tif,0.421004
train,6280.tif,0.352909
train,6281.tif,0.318325
train,6282.tif,0.293424
train,6283.tif,0.285565
train,6284.tif,0.353277
train,6285.tif,0.69926
train,6286.tif,0.275765
train,6287.tif,0.366402
train,6288.tif,0.338139
train,6289.tif,0.348126
train,629.tif,0.421372
train,6290.tif,0.270124
train,6291.tif,0.308472
train,6292.tif,0.313036
train,6293.tif,0.368902
train,6294.tif,0.305117
train,6295.tif,0.378676
train,6296.tif,0.321133
train,6297.tif,0.318224
train,6298.tif,0.40154
train,6299.tif,0.279534
train,63.tif,0.356628
train,630.tif,0.413744
train,6300.tif,0.25201
train,6301.tif,0.301782
train,6302.tif,0.385437
train,6303.tif,0.305336
train,6304.tif,0.271008
train,6305.tif,0.328252
train,6306.tif,0.329321
train,6307.tif,0.256384
train,6308.tif,0.2644
train,6309.tif,0.282511
train,631.tif,0.361046
train,6310.tif,0.398706
train,6311.tif,0.307472
train,6312.tif,0.421209
train,6313.tif,0.337976
train,6314.tif,0.280739
train,6315.tif,0.365289
train,6316.tif,0.232779
train,6317.tif,0.62436
train,6318.tif,0.351128
train,6319.tif,0.28272
train,632.tif,0.37679
train,6320.tif,0.2758
train,6321.tif,0.267498
train,6322.tif,0.724421
train,6323.tif,0.236521
train,6324.tif,0.358095
train,6325.tif,0.338001
train,6326.tif,0.320011
train,6327.tif,0.30951
train,6328.tif,0.325831
train,6329.tif,0.372764
train,633.tif,0.349983
train,6330.tif,0.283948
train,6331.tif,0.314103
train,6332.tif,0.358166
train,6333.tif,0.321392
train,6334.tif,0.325525
train,6335.tif,0.368076
train,6336.tif,0.383763
train,6337.tif,0.345567
train,6338.tif,0.33866
train,6339.tif,0.376045
train,634.tif,0.384028
train,6340.tif,0.312051
train,6341.tif,0.339804
train,6342.tif,0.386859
train,6343.tif,0.301337
train,6344.tif,0.339555
train,6345.tif,0.358319
train,6346.tif,0.390154
train,6347.tif,0.464615
train,6348.tif,0.476975
train,6349.tif,0.339908
train,635.tif,0.360076
train,6350.tif,0.417554
train,6351.tif,0.331818
train,6352.tif,0.39166
train,6353.tif,0.273224
train,6354.tif,0.314864
train,6355.tif,0.347272
train,6356.tif,0.273913
train,6357.tif,0.379807
train,6358.tif,0.257521
train,6359.tif,0.291703
train,636.tif,0.389534
train,6360.tif,0.35117
train,6361.tif,0.308513
train,6362.tif,0.341989
train,6363.tif,0.401007
train,6364.tif,0.293373
train,6365.tif,0.310407
train,6366.tif,0.275193
train,6367.tif,0.276485
train,6368.tif,0.285702
train,6369.tif,0.32714
train,637.tif,0.373459
train,6370.tif,0.34419
train,6371.tif,0.406733
train,6372.tif,0.371876
train,6373.tif,0.270958
train,6374.tif,0.256283
train,6375.tif,0.290045
train,6376.tif,0.322879
train,6377.tif,0.28281
train,6378.tif,0.290129
train,6379.tif,0.27581
train,638.tif,0.351791
train,6380.tif,0.297375
train,6381.tif,0.369795
train,6382.tif,0.381938
train,6383.tif,0.315751
train,6384.tif,0.2737
train,6385.tif,0.311202
train,6386.tif,0.417767
train,6387.tif,0.313396
train,6388.tif,0.389468
train,6389.tif,0.312889
train,639.tif,0.360215
train,6390.tif,0.272475
train,6391.tif,0.38034
train,6392.tif,0.316295
train,6393.tif,0.291649
train,6394.tif,0.345891
train,6395.tif,0.362031
train,6396.tif,0.301261
train,6397.tif,0.369243
train,6398.tif,0.260309
train,6399.tif,0.360086
train,64.tif,0.421805
train,640.tif,0.378765
train,6400.tif,0.374239
train,6401.tif,0.334965
train,6402.tif,0.344814
train,6403.tif,0.296352
train,6404.tif,0.340735
train,6405.tif,0.349756
train,6406.tif,0.295936
train,6407.tif,0.336884
train,6408.tif,0.293403
train,6409.tif,0.408509
train,641.tif,0.376458
train,6410.tif,0.436515
train,6411.tif,0.27182
train,6412.tif,0.298783
train,6413.tif,0.31728
train,6414.tif,0.320588
train,6415.tif,0.607364
train,6416.tif,0.417308
train,6417.tif,0.453874
train,6418.tif,0.361279
train,6419.tif,0.290452
train,642.tif,0.380831
train,6420.tif,0.2428
train,6421.tif,0.331059
train,6422.tif,0.327747
train,6423.tif,0.291127
train,6424.tif,0.402533
train,6425.tif,0.34491
train,6426.tif,0.415882
train,6427.tif,0.376703
train,6428.tif,0.288743
train,6429.tif,0.353883
train,643.tif,0.382403
train,6430.tif,0.295044
train,6431.tif,0.312523
train,6432.tif,0.222564
train,6433.tif,0.328505
train,6434.tif,0.297
train,6435.tif,0.237962
train,6436.tif,0.358475
train,6437.tif,0.292759
train,6438.tif,0.358042
train,6439.tif,0.346732
train,644.tif,0.322166
train,6440.tif,0.371248
train,6441.tif,0.317089
train,6442.tif,0.368656
train,6443.tif,0.354751
train,6444.tif,0.316538
train,6445.tif,0.300649
train,6446.tif,0.387795
train,6447.tif,0.365048
train,6448.tif,0.31947
train,6449.tif,0.370084
train,645.tif,0.358011
train,6450.tif,0.384357
train,6451.tif,0.429891
train,6452.tif,0.318927
train,6453.tif,0.304511
train,6454.tif,0.258612
train,6455.tif,0.340852
train,6456.tif,0.328419
train,6457.tif,0.401147
train,6458.tif,0.379406
train,6459.tif,0.451272
train,646.tif,0.350057
train,6460.tif,0.41965
train,6461.tif,0.475614
train,6462.tif,0.246942
train,6463.tif,0.453545
train,6464.tif,0.376355
train,6465.tif,0.385545
train,6466.tif,0.357379
train,6467.tif,0.319069
train,6468.tif,0.436657
train,6469.tif,0.359573
train,647.tif,0.350624
train,6470.tif,0.281806
train,6471.tif,0.427846
train,6472.tif,0.397748
train,6473.tif,0.36924
train,6474.tif,0.363035
train,6475.tif,0.307971
train,6476.tif,0.292608
train,6477.tif,0.357022
train,6478.tif,0.405211
train,6479.tif,0.363483
train,648.tif,0.371386
train,6480.tif,0.32963
train,6481.tif,0.412176
train,6482.tif,0.389617
train,6483.tif,0.335698
train,6484.tif,0.345175
train,6485.tif,0.339135
train,6486.tif,0.307658
train,6487.tif,0.367255
train,6488.tif,0.331497
train,6489.tif,0.2891
train,649.tif,0.326062
train,6490.tif,0.334278
train,6491.tif,0.253184
train,6492.tif,0.41897
train,6493.tif,0.357764
train,6494.tif,0.422459
train,6495.tif,0.309401
train,6496.tif,0.323377
train,6497.tif,0.323564
train,6498.tif,0.314662
train,6499.tif,0.329536
train,65.tif,0.392714
train,650.tif,0.358486
train,6500.tif,0.330386
train,6501.tif,0.362221
train,6502.tif,0.353627
train,6503.tif,0.421296
train,6504.tif,0.363688
train,6505.tif,0.315255
train,6506.tif,0.424091
train,6507.tif,0.349963
train,6508.tif,0.353406
train,6509.tif,0.348876
train,651.tif,0.376805
train,6510.tif,0.372017
train,6511.tif,0.361953
train,6512.tif,0.408104
train,6513.tif,0.390948
train,6514.tif,0.318542
train,6515.tif,0.278018
train,6516.tif,0.485393
train,6517.tif,0.416866
train,6518.tif,0.299746
train,6519.tif,0.297271
train,652.tif,0.431871
train,6520.tif,0.273737
train,6521.tif,0.380721
train,6522.tif,0.351553
train,6523.tif,0.349388
train,6524.tif,0.301844
train,6525.tif,0.436734
train,6526.tif,0.395356
train,6527.tif,0.391925
train,6528.tif,0.38632
train,6529.tif,0.372557
train,653.tif,0.408135
train,6530.tif,0.369234
train,6531.tif,0.314707
train,6532.tif,0.332732
train,6533.tif,0.359319
train,6534.tif,0.387476
train,6535.tif,0.37843
train,6536.tif,0.63391
train,6537.tif,0.319383
train,6538.tif,0.258249
train,6539.tif,0.350895
train,654.tif,0.321456
train,6540.tif,0.261573
train,6541.tif,0.312095
train,6542.tif,0.170739
train,6543.tif,0.402882
train,6544.tif,0.393683
train,6545.tif,0.290767
train,6546.tif,0.372367
train,6547.tif,0.279847
train,6548.tif,0.338661
train,6549.tif,0.303518
train,655.tif,0.368549
train,6550.tif,0.341273
train,6551.tif,0.357492
train,6552.tif,0.351997
train,6553.tif,0.283431
train,6554.tif,0.277209
train,6555.tif,0.36071
train,6556.tif,0.332748
train,6557.tif,0.312319
train,6558.tif,0.406984
train,6559.tif,0.275832
train,656.tif,0.328196
train,6560.tif,0.374912
train,6561.tif,0.338849
train,6562.tif,0.252332
train,6563.tif,0.35449
train,6564.tif,0.309232
train,6565.tif,0.327039
train,6566.tif,0.386872
train,6567.tif,0.396603
train,6568.tif,0.452662
train,6569.tif,0.260816
train,657.tif,0.353091
train,6570.tif,0.372299
train,6571.tif,0.369479
train,6572.tif,0.397052
train,6573.tif,0.309587
train,6574.tif,0.356554
train,6575.tif,0.347998
train,6576.tif,0.331782
train,6577.tif,0.340899
train,6578.tif,0.299534
train,6579.tif,0.370893
train,658.tif,0.362283
train,6580.tif,0.405457
train,6581.tif,0.304113
train,6582.tif,0.461366
train,6583.tif,0.386746
train,6584.tif,0.279678
train,6585.tif,0.391222
train,6586.tif,0.287811
train,6587.tif,0.329795
train,6588.tif,0.364805
train,6589.tif,0.40697
train,659.tif,0.387158
train,6590.tif,0.40606
train,6591.tif,0.416076
train,6592.tif,0.305277
train,6593.tif,0.443026
train,6594.tif,0.412999
train,6595.tif,0.325727
train,6596.tif,0.332997
train,6597.tif,0.303489
train,6598.tif,0.335215
train,6599.tif,0.314749
train,66.tif,0.324715
train,660.tif,0.349908
train,6600.tif,0.416144
train,6601.tif,0.347706
train,6602.tif,0.336307
train,6603.tif,0.355531
train,6604.tif,0.295318
train,6605.tif,0.421879
train,6606.tif,0.336248
train,6607.tif,0.344018
train,6608.tif,0.427019
train,6609.tif,0.30453
train,661.tif,0.411784
train,6610.tif,0.351578
train,6611.tif,0.267824
train,6612.tif,0.309272
train,6613.tif,0.394967
train,6614.tif,0.387385
train,6615.tif,0.232315
train,6616.tif,0.36747
train,6617.tif,0.220619
train,6618.tif,0.343546
train,6619.tif,0.453628
train,662.tif,0.360221
train,6620.tif,0.324164
train,6621.tif,0.341469
train,6622.tif,0.349832
train,6623.tif,0.318283
train,6624.tif,0.320648
train,6625.tif,0.326059
train,6626.tif,0.374963
train,6627.tif,0.398242
train,6628.tif,0.321399
train,6629.tif,0.35385
train,663.tif,0.471548
train,6630.tif,0.380666
train,6631.tif,0.445817
train,6632.tif,0.336271
train,6633.tif,0.278934
train,6634.tif,0.415904
train,6635.tif,0.30504
train,6636.tif,0.385589
train,6637.tif,0.348263
train,6638.tif,0.390134
train,6639.tif,0.372642
train,664.tif,0.427265
train,6640.tif,0.432118
train,6641.tif,0.352709
train,6642.tif,0.301201
train,6643.tif,0.248909
train,6644.tif,0.288171
train,6645.tif,0.315819
train,6646.tif,0.361454
train,6647.tif,0.377225
train,6648.tif,0.389874
train,6649.tif,0.309663
train,665.tif,0.355056
train,6650.tif,0.291365
train,6651.tif,0.449996
train,6652.tif,0.406565
train,6653.tif,0.40486
train,6654.tif,0.327309
train,6655.tif,0.363312
train,6656.tif,0.290231
train,6657.tif,0.229595
train,6658.tif,0.358313
train,6659.tif,0.403439
train,666.tif,0.354606
train,6660.tif,0.364456
train,6661.tif,0.382871
train,6662.tif,0.339306
train,6663.tif,0.262717
train,6664.tif,0.403362
train,6665.tif,0.257564
train,6666.tif,0.347768
train,6667.tif,0.375798
train,6668.tif,0.304552
train,6669.tif,0.37849
train,667.tif,0.39032
train,6670.tif,0.342543
train,6671.tif,0.383385
train,6672.tif,0.451602
train,6673.tif,0.364339
train,6674.tif,0.404638
train,6675.tif,0.330552
train,6676.tif,0.381736
train,6677.tif,0.321388
train,6678.tif,0.414255
train,6679.tif,0.326847
train,668.tif,0.349105
train,6680.tif,0.415442
train,6681.tif,0.303198
train,6682.tif,0.391996
train,6683.tif,0.37363
train,6684.tif,0.373114
train,6685.tif,0.407099
train,6686.tif,0.356331
train,6687.tif,0.345858
train,6688.tif,0.369972
train,6689.tif,0.344774
train,669.tif,0.36476
train,6690.tif,0.354673
train,6691.tif,0.401884
train,6692.tif,0.402951
train,6693.tif,0.33531
train,6694.tif,0.286554
train,6695.tif,0.364834
train,6696.tif,0.392949
train,6697.tif,0.423181
train,6698.tif,0.25987
train,6699.tif,0.245116
train,67.tif,0.439274
train,670.tif,0.406856
train,6700.tif,0.29053
train,6701.tif,0.412131
train,6702.tif,0.360124
train,6703.tif,0.246601
train,6704.tif,0.388822
train,6705.tif,0.390173
train,6706.tif,0.376791
train,6707.tif,0.373117
train,6708.tif,0.349788
train,6709.tif,0.293073
train,671.tif,0.370999
train,6710.tif,0.322154
train,6711.tif,0.378523
train,6712.tif,0.251438
train,6713.tif,0.339936
train,6714.tif,0.404529
train,6715.tif,0.322327
train,6716.tif,0.36185
train,6717.tif,0.395412
train,6718.tif,0.226423
train,6719.tif,0.339603
train,672.tif,0.411724
train,6720.tif,0.352997
train,6721.tif,0.299325
train,6722.tif,0.295175
train,6723.tif,0.418289
train,6724.tif,0.403246
train,6725.tif,0.352908
train,6726.tif,0.349879
train,6727.tif,0.386629
train,6728.tif,0.394574
train,6729.tif,0.321035
train,673.tif,0.423973
train,6730.tif,0.272002
train,6731.tif,0.368302
train,6732.tif,0.302313
train,6733.tif,0.271428
train,6734.tif,0.33657
train,6735.tif,0.283026
train,6736.tif,0.263265
train,6737.tif,0.328523
train,6738.tif,0.337733
train,6739.tif,0.297572
train,674.tif,0.309826
train,6740.tif,0.275475
train,6741.tif,0.351596
train,6742.tif,0.379724
train,6743.tif,0.314145
train,6744.tif,0.365282
train,6745.tif,0.366893
train,6746.tif,0.363709
train,6747.tif,0.354693
train,6748.tif,0.4258
train,6749.tif,0.376895
train,675.tif,0.444937
train,6750.tif,0.497889
train,6751.tif,0.278494
train,6752.tif,0.345162
train,6753.tif,0.347152
train,6754.tif,0.372203
train,6755.tif,0.362169
train,6756.tif,0.243089
train,6757.tif,0.377118
train,6758.tif,0.266
train,6759.tif,0.415265
train,676.tif,0.350755
train,6760.tif,0.287069
train,6761.tif,0.326446
train,6762.tif,0.346894
train,6763.tif,0.341551
train,6764.tif,0.361339
train,6765.tif,0.370552
train,6766.tif,0.35912
train,6767.tif,0.323613
train,6768.tif,0.390526
train,6769.tif,0.389065
train,677.tif,0.330929
train,6770.tif,0.298483
train,6771.tif,0.375075
train,6772.tif,0.339769
train,6773.tif,0.334619
train,6774.tif,0.425318
train,6775.tif,0.315112
train,6776.tif,0.357884
train,6777.tif,0.403487
train,6778.tif,0.37651
train,6779.tif,0.20669
train,678.tif,0.37316
train,6780.tif,0.326839
train,6781.tif,0.414998
train,6782.tif,0.328572
train,6783.tif,0.328679
train,6784.tif,0.373082
train,6785.tif,0.34663
train,6786.tif,0.416579
train,6787.tif,0.337693
train,6788.tif,0.402787
train,6789.tif,0.363243
train,679.tif,0.357696
train,6790.tif,0.384083
train,6791.tif,0.373118
train,6792.tif,0.346964
train,6793.tif,0.304989
train,6794.tif,0.349099
train,6795.tif,0.374664
train,6796.tif,0.382878
train,6797.tif,0.289313
train,6798.tif,0.362453
train,6799.tif,0.368007
train,68.tif,0.324116
train,680.tif,0.360037
train,6800.tif,0.328456
train,6801.tif,0.384476
train,6802.tif,0.34766
train,6803.tif,0.335927
train,6804.tif,0.401146
train,6805.tif,0.359549
train,6806.tif,0.337942
train,6807.tif,0.367162
train,6808.tif,0.38677
train,6809.tif,0.282711
train,681.tif,0.381159
train,6810.tif,0.329119
train,6811.tif,0.29727
train,6812.tif,0.143419
train,6813.tif,0.299445
train,6814.tif,0.316521
train,6815.tif,0.39096
train,6816.tif,0.299003
train,6817.tif,0.39132
train,6818.tif,0.324185
train,6819.tif,0.408796
train,682.tif,0.418915
train,6820.tif,0.299245
train,6821.tif,0.380331
train,6822.tif,0.383331
train,6823.tif,0.375676
train,6824.tif,0.451486
train,6825.tif,0.39746
train,6826.tif,0.266537
train,6827.tif,0.252054
train,6828.tif,0.438481
train,6829.tif,0.34248
train,683.tif,0.362886
train,6830.tif,0.450958
train,6831.tif,0.379894
train,6832.tif,0.349391
train,6833.tif,0.384091
train,6834.tif,0.350771
train,6835.tif,0.428584
train,6836.tif,0.402081
train,6837.tif,0.433582
train,6838.tif,0.370996
train,6839.tif,0.407548
train,684.tif,0.398808
train,6840.tif,0.333334
train,6841.tif,0.408339
train,6842.tif,0.369322
train,6843.tif,0.355601
train,6844.tif,0.35078
train,6845.tif,0.427554
train,6846.tif,0.468538
train,6847.tif,0.500489
train,6848.tif,0.341846
train,6849.tif,0.388436
train,685.tif,0.384601
train,6850.tif,0.22006
train,6851.tif,0.443935
train,6852.tif,0.365415
train,6853.tif,0.367691
train,6854.tif,0.38179
train,6855.tif,0.309955
train,6856.tif,0.334165
train,6857.tif,0.315974
train,6858.tif,0.328491
train,6859.tif,0.354117
train,686.tif,0.398901
train,6860.tif,0.383216
train,6861.tif,0.292682
train,6862.tif,0.328767
train,6863.tif,0.224974
train,6864.tif,0.300476
train,6865.tif,0.284644
train,6866.tif,0.274158
train,6867.tif,0.381539
train,6868.tif,0.289462
train,6869.tif,0.338565
train,687.tif,0.380353
train,6870.tif,0.300414
train,6871.tif,0.298305
train,6872.tif,0.300634
train,6873.tif,0.381931
train,6874.tif,0.246758
train,6875.tif,0.371297
train,6876.tif,0.338722
train,6877.tif,0.266535
train,6878.tif,0.366776
train,6879.tif,0.329157
train,688.tif,0.418753
train,6880.tif,0.366075
train,6881.tif,0.260192
train,6882.tif,0.335919
train,6883.tif,0.382046
train,6884.tif,0.314327
train,6885.tif,0.269142
train,6886.tif,0.359222
train,6887.tif,0.298069
train,6888.tif,0.351898
train,6889.tif,0.33948
train,689.tif,0.363082
train,6890.tif,0.289157
train,6891.tif,0.29627
train,6892.tif,0.370859
train,6893.tif,0.298285
train,6894.tif,0.526224
train,6895.tif,0.351118
train,6896.tif,0.345425
train,6897.tif,0.445858
train,6898.tif,0.385886
train,6899.tif,0.310883
train,69.tif,0.406252
train,690.tif,0.405232
train,6900.tif,0.302897
train,6901.tif,0.42628
train,6902.tif,0.344722
train,6903.tif,0.385105
train,6904.tif,0.394212
train,6905.tif,0.386482
train,6906.tif,0.275867
train,6907.tif,0.34876
train,6908.tif,0.290612
train,6909.tif,0.320436
train,691.tif,0.332201
train,6910.tif,0.381113
train,6911.tif,0.366095
train,6912.tif,0.282796
train,6913.tif,0.305359
train,6914.tif,0.355338
train,6915.tif,0.323035
train,6916.tif,0.302513
train,6917.tif,0.34027
train,6918.tif,0.339636
train,6919.tif,0.361592
train,692.tif,0.35883
train,6920.tif,0.303692
train,6921.tif,0.396014
train,6922.tif,0.266719
train,6923.tif,0.336344
train,6924.tif,0.334958
train,6925.tif,0.340709
train,6926.tif,0.26718
train,6927.tif,0.330714
train,6928.tif,0.309946
train,6929.tif,0.336498
train,693.tif,0.366788
train,6930.tif,0.386324
train,6931.tif,0.334937
train,6932.tif,0.321213
train,6933.tif,0.329766
train,6934.tif,0.265643
train,6935.tif,0.284938
train,6936.tif,0.310576
train,6937.tif,0.358106
train,6938.tif,0.297142
train,6939.tif,0.324644
train,694.tif,0.338975
train,6940.tif,0.283195
train,6941.tif,0.294487
train,6942.tif,0.323982
train,6943.tif,0.282368
train,6944.tif,0.292167
train,6945.tif,0.361043
train,6946.tif,0.31828
train,6947.tif,0.274908
train,6948.tif,0.37663
train,6949.tif,0.363867
train,695.tif,0.360658
train,6950.tif,0.349083
train,6951.tif,0.35305
train,6952.tif,0.394064
train,6953.tif,0.383544
train,6954.tif,0.313894
train,6955.tif,0.250029
train,6956.tif,0.35163
train,6957.tif,0.321658
train,6958.tif,0.359659
train,6959.tif,0.327507
train,696.tif,0.359878
train,6960.tif,0.376636
train,6961.tif,0.371226
train,6962.tif,0.312134
train,6963.tif,0.25889
train,6964.tif,0.292309
train,6965.tif,0.298521
train,6966.tif,0.30796
train,6967.tif,0.393679
train,6968.tif,0.403004
train,6969.tif,0.304869
train,697.tif,0.34553
train,6970.tif,0.308751
train,6971.tif,0.308293
train,6972.tif,0.443034
train,6973.tif,0.319135
train,6974.tif,0.345438
train,6975.tif,0.330821
train,6976.tif,0.313023
train,6977.tif,0.292179
train,6978.tif,0.288031
train,6979.tif,0.445198
train,698.tif,0.33264
train,6980.tif,0.374654
train,6981.tif,0.365301
train,6982.tif,0.349765
train,6983.tif,0.34251
train,6984.tif,0.299864
train,6985.tif,0.328819
train,6986.tif,0.408293
train,6987.tif,0.239185
train,6988.tif,0.197918
train,6989.tif,0.304858
train,699.tif,0.387767
train,6990.tif,0.53249
train,6991.tif,0.346305
train,6992.tif,0.324899
train,6993.tif,0.35719
train,6994.tif,0.308726
train,6995.tif,0.289931
train,6996.tif,0.292456
train,6997.tif,0.307416
train,6998.tif,0.301556
train,6999.tif,0.300879
train,7.tif,0.390343
train,70.tif,0.358253
train,700.tif,0.370932
train,7000.tif,0.356175
train,7001.tif,0.296702
train,7002.tif,0.281627
train,7003.tif,0.418444
train,7004.tif,0.287079
train,7005.tif,0.361082
train,7006.tif,0.264732
train,7007.tif,0.290722
train,7008.tif,0.338627
train,7009.tif,0.369805
train,701.tif,0.401538
train,7010.tif,0.297209
train,7011.tif,0.378162
train,7012.tif,0.37903
train,7013.tif,0.244694
train,7014.tif,0.299546
train,7015.tif,0.310247
train,7016.tif,0.296673
train,7017.tif,0.337334
train,7018.tif,0.275365
train,7019.tif,0.285092
train,702.tif,0.367643
train,7020.tif,0.307572
train,7021.tif,0.408577
train,7022.tif,0.326677
train,7023.tif,0.357763
train,7024.tif,0.320924
train,7025.tif,0.327425
train,7026.tif,0.434677
train,7027.tif,0.362196
train,7028.tif,0.325588
train,7029.tif,0.33364
train,703.tif,0.438564
train,7030.tif,0.416946
train,7031.tif,0.266342
train,7032.tif,0.253128
train,7033.tif,0.301344
train,7034.tif,0.348002
train,7035.tif,0.334068
train,7036.tif,0.300876
train,7037.tif,0.293879
train,7038.tif,0.293487
train,7039.tif,0.329009
train,704.tif,0.423946
train,7040.tif,0.344855
train,7041.tif,0.335809
train,7042.tif,0.270843
train,7043.tif,0.356976
train,7044.tif,0.263516
train,7045.tif,0.369886
train,7046.tif,0.333159
train,7047.tif,0.382972
train,7048.tif,0.312507
train,7049.tif,0.412622
train,705.tif,0.352134
train,7050.tif,0.308465
train,7051.tif,0.295518
train,7052.tif,0.300966
train,7053.tif,0.322925
train,7054.tif,0.308288
train,7055.tif,0.272752
train,7056.tif,0.424503
train,7057.tif,0.301934
train,7058.tif,0.297894
train,7059.tif,0.320235
train,706.tif,0.395928
train,7060.tif,0.309644
train,7061.tif,0.326365
train,7062.tif,0.305125
train,7063.tif,0.298078
train,7064.tif,0.324171
train,7065.tif,0.350478
train,7066.tif,0.397102
train,7067.tif,0.315021
train,7068.tif,0.385049
train,7069.tif,0.287202
train,707.tif,0.373631
train,7070.tif,0.298156
train,7071.tif,0.399482
train,7072.tif,0.331241
train,7073.tif,0.313516
train,7074.tif,0.268861
train,7075.tif,0.323116
train,7076.tif,0.290006
train,7077.tif,0.40324
train,7078.tif,0.340528
train,7079.tif,0.384681
train,708.tif,0.30046
train,7080.tif,0.296196
train,7081.tif,0.305571
train,7082.tif,0.278892
train,7083.tif,0.28551
train,7084.tif,0.338702
train,7085.tif,0.309613
train,7086.tif,0.271173
train,7087.tif,0.293275
train,7088.tif,0.348193
train,7089.tif,0.343648
train,709.tif,0.468985
train,7090.tif,0.322162
train,7091.tif,0.397944
train,7092.tif,0.297285
train,7093.tif,0.351138
train,7094.tif,0.345204
train,7095.tif,0.382624
train,7096.tif,0.268139
train,7097.tif,0.313439
train,7098.tif,0.302038
train,7099.tif,0.305335
train,71.tif,0.396736
train,710.tif,0.380931
train,7100.tif,0.351201
train,7101.tif,0.324826
train,7102.tif,0.352007
train,7103.tif,0.313388
train,7104.tif,0.316298
train,7105.tif,0.316192
train,7106.tif,0.307374
train,7107.tif,0.316181
train,7108.tif,0.306316
train,7109.tif,0.361995
train,711.tif,0.4194
train,7110.tif,0.348277
train,7111.tif,0.304665
train,7112.tif,0.299254
train,7113.tif,0.317938
train,7114.tif,0.335969
train,7115.tif,0.304536
train,7116.tif,0.270389
train,7117.tif,0.319447
train,7118.tif,0.350548
train,7119.tif,0.302697
train,712.tif,0.463
train,7120.tif,0.315766
train,7121.tif,0.469759
train,7122.tif,0.365055
train,7123.tif,0.373868
train,7124.tif,0.290348
train,7125.tif,0.283392
train,7126.tif,0.275996
train,7127.tif,0.312383
train,7128.tif,0.295843
train,7129.tif,0.349975
train,713.tif,0.361453
train,7130.tif,0.252971
train,7131.tif,0.392768
train,7132.tif,0.381406
train,7133.tif,0.259744
train,7134.tif,0.364492
train,7135.tif,0.375898
train,7136.tif,0.390074
train,7137.tif,0.288236
train,7138.tif,0.289871
train,7139.tif,0.333899
train,714.tif,0.375328
train,7140.tif,0.306467
train,7141.tif,0.345907
train,7142.tif,0.274622
train,7143.tif,0.349842
train,7144.tif,0.387399
train,7145.tif,0.355482
train,7146.tif,0.260891
train,7147.tif,0.32535
train,7148.tif,0.340228
train,7149.tif,0.326774
train,715.tif,0.422332
train,7150.tif,0.315445
train,7151.tif,0.279778
train,7152.tif,0.34101
train,7153.tif,0.350512
train,7154.tif,0.289321
train,7155.tif,0.339208
train,7156.tif,0.26837
train,7157.tif,0.347394
train,7158.tif,0.361498
train,7159.tif,0.336822
train,716.tif,0.375794
train,7160.tif,0.318929
train,7161.tif,0.346706
train,7162.tif,0.268521
train,7163.tif,0.334933
train,7164.tif,0.374236
train,7165.tif,0.343592
train,7166.tif,0.319563
train,7167.tif,0.320635
train,7168.tif,0.307459
train,7169.tif,0.352399
train,717.tif,0.328217
train,7170.tif,0.292901
train,7171.tif,0.291055
train,7172.tif,0.271046
train,7173.tif,0.405344
train,7174.tif,0.342738
train,7175.tif,0.353201
train,7176.tif,0.282057
train,7177.tif,0.31286
train,7178.tif,0.332873
train,7179.tif,0.404834
train,718.tif,0.220748
train,7180.tif,0.298026
train,7181.tif,0.44571
train,7182.tif,0.348684
train,7183.tif,0.325515
train,7184.tif,0.361436
train,7185.tif,0.333121
train,7186.tif,0.385782
train,7187.tif,0.325797
train,7188.tif,0.291268
train,7189.tif,0.352658
train,719.tif,0.379098
train,7190.tif,0.364766
train,7191.tif,0.314818
train,7192.tif,0.345975
train,7193.tif,0.280056
train,7194.tif,0.373028
train,7195.tif,0.287778
train,7196.tif,0.339816
train,7197.tif,0.287699
train,7198.tif,0.311503
train,7199.tif,0.37046
train,72.tif,0.306761
train,720.tif,0.344267
train,7200.tif,0.298271
train,7201.tif,0.420912
train,7202.tif,0.351195
train,7203.tif,0.375572
train,7204.tif,0.337081
train,7205.tif,0.289638
train,7206.tif,0.306099
train,7207.tif,0.312957
train,7208.tif,0.318334
train,7209.tif,0.313068
train,721.tif,0.327731
train,7210.tif,0.345129
train,7211.tif,0.304176
train,7212.tif,0.349402
train,7213.tif,0.311058
train,7214.tif,0.275841
train,7215.tif,0.300112
train,7216.tif,0.327616
train,7217.tif,0.249594
train,7218.tif,0.246876
train,7219.tif,0.351321
train,722.tif,0.381083
train,7220.tif,0.361483
train,7221.tif,0.263697
train,7222.tif,0.365067
train,7223.tif,0.33458
train,7224.tif,0.308709
train,7225.tif,0.29041
train,7226.tif,0.310077
train,7227.tif,0.361091
train,7228.tif,0.432887
train,7229.tif,0.375492
train,723.tif,0.387644
train,7230.tif,0.345919
train,7231.tif,0.317803
train,7232.tif,0.323142
train,7233.tif,0.35119
train,7234.tif,0.34048
train,7235.tif,0.323477
train,7236.tif,0.283982
train,7237.tif,0.332092
train,7238.tif,0.351714
train,7239.tif,0.360641
train,724.tif,0.349001
train,7240.tif,0.284227
train,7241.tif,0.332305
train,7242.tif,0.386623
train,7243.tif,0.300039
train,7244.tif,0.335125
train,7245.tif,0.381471
train,7246.tif,0.306703
train,7247.tif,0.329279
train,7248.tif,0.269283
train,7249.tif,0.346146
train,725.tif,0.387441
train,7250.tif,0.316372
train,7251.tif,0.308594
train,7252.tif,0.312086
train,7253.tif,0.308961
train,7254.tif,0.23651
train,7255.tif,0.363342
train,7256.tif,0.288009
train,7257.tif,0.395766
train,7258.tif,0.319122
train,7259.tif,0.291506
train,726.tif,0.376157
train,7260.tif,0.361215
train,7261.tif,0.315867
train,7262.tif,0.298586
train,7263.tif,0.350118
train,7264.tif,0.300377
train,7265.tif,0.320439
train,7266.tif,0.293086
train,7267.tif,0.345893
train,7268.tif,0.359616
train,7269.tif,0.322007
train,727.tif,0.379871
train,7270.tif,0.290859
train,7271.tif,0.283121
train,7272.tif,0.308403
train,7273.tif,0.347444
train,7274.tif,0.315594
train,7275.tif,0.340111
train,7276.tif,0.329889
train,7277.tif,0.379032
train,7278.tif,0.348401
train,7279.tif,0.333776
train,728.tif,0.367109
train,7280.tif,0.353676
train,7281.tif,0.31402
train,7282.tif,0.350072
train,7283.tif,0.379874
train,7284.tif,0.305133
train,7285.tif,0.309769
train,7286.tif,0.309437
train,7287.tif,0.306652
train,7288.tif,0.335355
train,7289.tif,0.330297
train,729.tif,0.376523
train,7290.tif,0.31727
train,7291.tif,0.324452
train,7292.tif,0.312551
train,7293.tif,0.28956
train,7294.tif,0.229067
train,7295.tif,0.331153
train,7296.tif,0.438261
train,7297.tif,0.305004
train,7298.tif,0.362445
train,7299.tif,0.354883
train,73.tif,0.345225
train,730.tif,0.379633
train,7300.tif,0.315971
train,7301.tif,0.323105
train,7302.tif,0.31233
train,7303.tif,0.287429
train,7304.tif,0.302415
train,7305.tif,0.318006
train,7306.tif,0.30161
train,7307.tif,0.22828
train,7308.tif,0.30316
train,7309.tif,0.42434
train,731.tif,0.428637
train,7310.tif,0.315804
train,7311.tif,0.252531
train,7312.tif,0.292355
train,7313.tif,0.408479
train,7314.tif,0.355879
train,7315.tif,0.280874
train,7316.tif,0.28787
train,7317.tif,0.309176
train,7318.tif,0.335807
train,7319.tif,0.312141
train,732.tif,0.390865
train,7320.tif,0.337707
train,7321.tif,0.292419
train,7322.tif,0.32167
train,7323.tif,0.411805
train,7324.tif,0.280783
train,7325.tif,0.309244
train,7326.tif,0.30624
train,7327.tif,0.275817
train,7328.tif,0.35143
train,7329.tif,0.300832
train,733.tif,0.354631
train,7330.tif,0.348293
train,7331.tif,0.305263
train,7332.tif,0.330225
train,7333.tif,0.301588
train,7334.tif,0.352662
train,7335.tif,0.311368
train,7336.tif,0.359504
train,7337.tif,0.373647
train,7338.tif,0.319047
train,7339.tif,0.352878
train,734.tif,0.377079
train,7340.tif,0.329623
train,7341.tif,0.326315
train,7342.tif,0.281406
train,7343.tif,0.322423
train,7344.tif,0.385884
train,7345.tif,0.361845
train,7346.tif,0.404996
train,7347.tif,0.324105
train,7348.tif,0.354086
train,7349.tif,0.339242
train,735.tif,0.404669
train,7350.tif,0.299243
train,7351.tif,0.299542
train,7352.tif,0.303854
train,7353.tif,0.347095
train,7354.tif,0.263259
train,7355.tif,0.262902
train,7356.tif,0.307001
train,7357.tif,0.355847
train,7358.tif,0.365939
train,7359.tif,0.318184
train,736.tif,0.378924
train,7360.tif,0.378628
train,7361.tif,0.385284
train,7362.tif,0.384605
train,7363.tif,0.365626
train,7364.tif,0.336242
train,7365.tif,0.323545
train,7366.tif,0.298026
train,7367.tif,0.320607
train,7368.tif,0.343914
train,7369.tif,0.346044
train,737.tif,0.358743
train,7370.tif,0.326518
train,7371.tif,0.28379
train,7372.tif,0.30199
train,7373.tif,0.324461
train,7374.tif,0.297942
train,7375.tif,0.332064
train,7376.tif,0.30783
train,7377.tif,0.261601
train,7378.tif,0.32125
train,7379.tif,0.368572
train,738.tif,0.349484
train,7380.tif,0.335009
train,7381.tif,0.340211
train,7382.tif,0.316648
train,7383.tif,0.282304
train,7384.tif,0.341501
train,7385.tif,0.372187
train,7386.tif,0.276611
train,7387.tif,0.333819
train,7388.tif,0.281034
train,7389.tif,0.278849
train,739.tif,0.39209
train,7390.tif,0.328302
train,7391.tif,0.334518
train,7392.tif,0.332494
train,7393.tif,0.3515
train,7394.tif,0.310027
train,7395.tif,0.312521
train,7396.tif,0.400631
train,7397.tif,0.322852
train,7398.tif,0.402372
train,7399.tif,0.283573
train,74.tif,0.432763
train,740.tif,0.244069
train,7400.tif,0.290879
train,7401.tif,0.378803
train,7402.tif,0.41008
train,7403.tif,0.330955
train,7404.tif,0.318691
train,7405.tif,0.310121
train,7406.tif,0.286095
train,7407.tif,0.276086
train,7408.tif,0.374454
train,7409.tif,0.242323
train,741.tif,0.415166
train,7410.tif,0.313365
train,7411.tif,0.333272
train,7412.tif,0.357149
train,7413.tif,0.282151
train,7414.tif,0.304254
train,7415.tif,0.389578
train,7416.tif,0.337348
train,7417.tif,0.304618
train,7418.tif,0.307828
train,7419.tif,0.316313
train,742.tif,0.408604
train,7420.tif,0.346073
train,7421.tif,0.307159
train,7422.tif,0.346746
train,7423.tif,0.408386
train,7424.tif,0.277245
train,7425.tif,0.279575
train,7426.tif,0.35768
train,7427.tif,0.331217
train,7428.tif,0.354028
train,7429.tif,0.323092
train,743.tif,0.324551
train,7430.tif,0.323061
train,7431.tif,0.321013
train,7432.tif,0.306369
train,7433.tif,0.363687
train,7434.tif,0.393393
train,7435.tif,0.359798
train,7436.tif,0.270462
train,7437.tif,0.440664
train,7438.tif,0.27904
train,7439.tif,0.321316
train,744.tif,0.391841
train,7440.tif,0.370242
train,7441.tif,0.307244
train,7442.tif,0.268401
train,7443.tif,0.31255
train,7444.tif,0.347228
train,7445.tif,0.347656
train,7446.tif,0.298418
train,7447.tif,0.367896
train,7448.tif,0.375877
train,7449.tif,0.373497
train,745.tif,0.387274
train,7450.tif,0.403595
train,7451.tif,0.363207
train,7452.tif,0.342933
train,7453.tif,0.309473
train,7454.tif,0.327763
train,7455.tif,0.325936
train,7456.tif,0.275913
train,7457.tif,0.29971
train,7458.tif,0.286915
train,7459.tif,0.346644
train,746.tif,0.429859
train,7460.tif,0.310576
train,7461.tif,0.30866
train,7462.tif,0.394762
train,7463.tif,0.397418
train,7464.tif,0.40349
train,7465.tif,0.420829
train,7466.tif,0.453743
train,7467.tif,0.33787
train,7468.tif,0.419387
train,7469.tif,0.33148
train,747.tif,0.341139
train,7470.tif,0.356649
train,7471.tif,0.311854
train,7472.tif,0.396214
train,7473.tif,0.452596
train,7474.tif,0.336813
train,7475.tif,0.374601
train,7476.tif,0.348609
train,7477.tif,0.409658
train,7478.tif,0.398528
train,7479.tif,0.365733
train,748.tif,0.409627
train,7480.tif,0.326431
train,7481.tif,0.276599
train,7482.tif,0.337127
train,7483.tif,0.316879
train,7484.tif,0.312774
train,7485.tif,0.344467
train,7486.tif,0.387501
train,7487.tif,0.360132
train,7488.tif,0.32741
train,7489.tif,0.412895
train,749.tif,0.346297
train,7490.tif,0.351756
train,7491.tif,0.332054
train,7492.tif,0.381981
train,7493.tif,0.38784
train,7494.tif,0.28845
train,7495.tif,0.426819
train,7496.tif,0.358946
train,7497.tif,0.292046
train,7498.tif,0.293848
train,7499.tif,0.399896
train,75.tif,0.352363
train,750.tif,0.374007
train,7500.tif,0.358019
train,7501.tif,0.322287
train,7502.tif,0.381296
train,7503.tif,0.335856
train,7504.tif,0.312249
train,7505.tif,0.311156
train,7506.tif,0.376232
train,7507.tif,0.355248
train,7508.tif,0.282306
train,7509.tif,0.284052
train,751.tif,0.405399
train,7510.tif,0.369735
train,7511.tif,0.28168
train,7512.tif,0.37806
train,7513.tif,0.338553
train,7514.tif,0.358379
train,7515.tif,0.308419
train,7516.tif,0.378749
train,7517.tif,0.375581
train,7518.tif,0.33857
train,7519.tif,0.355787
train,752.tif,0.324167
train,7520.tif,0.343702
train,7521.tif,0.354942
train,7522.tif,0.330231
train,7523.tif,0.334629
train,7524.tif,0.273229
train,7525.tif,0.291961
train,7526.tif,0.38916
train,7527.tif,0.32605
train,7528.tif,0.320522
train,7529.tif,0.304495
train,753.tif,0.371889
train,7530.tif,0.329635
train,7531.tif,0.33564
train,7532.tif,0.327901
train,7533.tif,0.354029
train,7534.tif,0.318829
train,7535.tif,0.326786
train,7536.tif,0.388027
train,7537.tif,0.372781
train,7538.tif,0.285265
train,7539.tif,0.319668
train,754.tif,0.395798
train,7540.tif,0.339101
train,7541.tif,0.29536
train,7542.tif,0.46854
train,7543.tif,0.342172
train,7544.tif,0.344521
train,7545.tif,0.323976
train,7546.tif,0.390563
train,7547.tif,0.355959
train,7548.tif,0.377919
train,7549.tif,0.31491
train,755.tif,0.385402
train,7550.tif,0.353632
train,7551.tif,0.301159
train,7552.tif,0.361674
train,7553.tif,0.417921
train,7554.tif,0.337674
train,7555.tif,0.330832
train,7556.tif,0.390305
train,7557.tif,0.361929
train,7558.tif,0.302462
train,7559.tif,0.312913
train,756.tif,0.444217
train,7560.tif,0.485486
train,7561.tif,0.327102
train,7562.tif,0.324761
train,7563.tif,0.210451
train,7564.tif,0.313203
train,7565.tif,0.385342
train,7566.tif,0.381697
train,7567.tif,0.548669
train,7568.tif,0.347895
train,7569.tif,0.350018
train,757.tif,0.454269
train,7570.tif,0.344499
train,7571.tif,0.318387
train,7572.tif,0.345222
train,7573.tif,0.294804
train,7574.tif,0.358538
train,7575.tif,0.392946
train,7576.tif,0.374918
train,7577.tif,0.36774
train,7578.tif,0.301059
train,7579.tif,0.333521
train,758.tif,0.37467
train,7580.tif,0.353324
train,7581.tif,0.340079
train,7582.tif,0.299704
train,7583.tif,0.338863
train,7584.tif,0.281676
train,7585.tif,0.314631
train,7586.tif,0.296494
train,7587.tif,0.379092
train,7588.tif,0.303474
train,7589.tif,0.332161
train,759.tif,0.406269
train,7590.tif,0.41079
train,7591.tif,0.302065
train,7592.tif,0.317479
train,7593.tif,0.402932
train,7594.tif,0.314486
train,7595.tif,0.219577
train,7596.tif,0.323442
train,7597.tif,0.307623
train,7598.tif,0.282351
train,7599.tif,0.310971
train,76.tif,0.321523
train,760.tif,0.439698
train,7600.tif,0.330716
train,7601.tif,0.428578
train,7602.tif,0.315251
train,7603.tif,0.329972
train,7604.tif,0.277792
train,7605.tif,0.313098
train,7606.tif,0.390678
train,7607.tif,0.372884
train,7608.tif,0.319612
train,7609.tif,0.351581
train,761.tif,0.389162
train,7610.tif,0.327349
train,7611.tif,0.293778
train,7612.tif,0.370919
train,7613.tif,0.311725
train,7614.tif,0.332944
train,7615.tif,0.383846
train,7616.tif,0.362908
train,7617.tif,0.342318
train,7618.tif,0.320528
train,7619.tif,0.315274
train,762.tif,0.382971
train,7620.tif,0.338503
train,7621.tif,0.27918
train,7622.tif,0.331045
train,7623.tif,0.262798
train,7624.tif,0.38643
train,7625.tif,0.375092
train,7626.tif,0.348483
train,7627.tif,0.357484
train,7628.tif,0.356806
train,7629.tif,0.354172
train,763.tif,0.336841
train,7630.tif,0.335451
train,7631.tif,0.317779
train,7632.tif,0.332535
train,7633.tif,0.328528
train,7634.tif,0.357147
train,7635.tif,0.371439
train,7636.tif,0.328701
train,7637.tif,0.374154
train,7638.tif,0.35565
train,7639.tif,0.344829
train,764.tif,0.334348
train,7640.tif,0.338843
train,7641.tif,0.277532
train,7642.tif,0.304995
train,7643.tif,0.315579
train,7644.tif,0.344376
train,7645.tif,0.323885
train,7646.tif,0.300058
train,7647.tif,0.349689
train,7648.tif,0.397508
train,7649.tif,0.330773
train,765.tif,0.294637
train,7650.tif,0.466156
train,7651.tif,0.298838
train,7652.tif,0.39185
train,7653.tif,0.289466
train,7654.tif,0.335457
train,7655.tif,0.324345
train,7656.tif,0.291287
train,7657.tif,0.410967
train,7658.tif,0.289659
train,7659.tif,0.311244
train,766.tif,0.429388
train,7660.tif,0.316669
train,7661.tif,0.419552
train,7662.tif,0.306663
train,7663.tif,0.39498
train,7664.tif,0.424258
train,7665.tif,0.294558
train,7666.tif,0.349072
train,7667.tif,0.345529
train,7668.tif,0.286329
train,7669.tif,0.364755
train,767.tif,0.398647
train,7670.tif,0.371315
train,7671.tif,0.305801
train,7672.tif,0.378661
train,7673.tif,0.396649
train,7674.tif,0.442851
train,7675.tif,0.34609
train,7676.tif,0.349629
train,7677.tif,0.339048
train,7678.tif,0.331342
train,7679.tif,0.275601
train,768.tif,0.318635
train,7680.tif,0.167165
train,7681.tif,0.32246
train,7682.tif,0.325049
train,7683.tif,0.364771
train,7684.tif,0.370141
train,7685.tif,0.319919
train,7686.tif,0.353334
train,7687.tif,0.302556
train,7688.tif,0.296147
train,7689.tif,0.24742
train,769.tif,0.339971
train,7690.tif,0.340452
train,7691.tif,0.40635
train,7692.tif,0.309493
train,7693.tif,0.31194
train,7694.tif,0.356399
train,7695.tif,0.327548
train,7696.tif,0.262143
train,7697.tif,0.406286
train,7698.tif,0.421705
train,7699.tif,0.362577
train,77.tif,0.289306
train,770.tif,0.340637
train,7700.tif,0.328409
train,7701.tif,0.355796
train,7702.tif,0.330327
train,7703.tif,0.369166
train,7704.tif,0.376883
train,7705.tif,0.337118
train,7706.tif,0.351922
train,7707.tif,0.297439
train,7708.tif,0.329746
train,7709.tif,0.306315
train,771.tif,0.366239
train,7710.tif,0.319584
train,7711.tif,0.36681
train,7712.tif,0.284796
train,7713.tif,0.360879
train,7714.tif,0.39574
train,7715.tif,0.399804
train,7716.tif,0.360088
train,7717.tif,0.390259
train,7718.tif,0.417808
train,7719.tif,0.393098
train,772.tif,0.413871
train,7720.tif,0.308386
train,7721.tif,0.325249
train,7722.tif,0.343137
train,7723.tif,0.424744
train,7724.tif,0.3935
train,7725.tif,0.430087
train,7726.tif,0.361086
train,7727.tif,0.395499
train,7728.tif,0.300333
train,7729.tif,0.354453
train,773.tif,0.42655
train,7730.tif,0.36899
train,7731.tif,0.376375
train,7732.tif,0.283598
train,7733.tif,0.376205
train,7734.tif,0.330482
train,7735.tif,0.356144
train,7736.tif,0.391436
train,7737.tif,0.325996
train,7738.tif,0.321773
train,7739.tif,0.384561
train,774.tif,0.333935
train,7740.tif,0.336625
train,7741.tif,0.407693
train,7742.tif,0.326124
train,7743.tif,0.363457
train,7744.tif,0.375428
train,7745.tif,0.289041
train,7746.tif,0.344016
train,7747.tif,0.459136
train,7748.tif,0.417257
train,7749.tif,0.268837
train,775.tif,0.44004
train,7750.tif,0.335707
train,7751.tif,0.341983
train,7752.tif,0.379188
train,7753.tif,0.299931
train,7754.tif,0.303929
train,7755.tif,0.320407
train,7756.tif,0.362938
train,7757.tif,0.340658
train,7758.tif,0.311841
train,7759.tif,0.430521
train,776.tif,0.387732
train,7760.tif,0.429504
train,7761.tif,0.35293
train,7762.tif,0.379341
train,7763.tif,0.376139
train,7764.tif,0.291238
train,7765.tif,0.40413
train,7766.tif,0.34423
train,7767.tif,0.368352
train,7768.tif,0.379198
train,7769.tif,0.364283
train,777.tif,0.415977
train,7770.tif,0.343884
train,7771.tif,0.308829
train,7772.tif,0.329399
train,7773.tif,0.321627
train,7774.tif,0.387443
train,7775.tif,0.351299
train,7776.tif,0.275534
train,7777.tif,0.286871
train,7778.tif,0.360583
train,7779.tif,0.372878
train,778.tif,0.424382
train,7780.tif,0.375574
train,7781.tif,0.329466
train,7782.tif,0.395777
train,7783.tif,0.400291
train,7784.tif,0.344677
train,7785.tif,0.332086
train,7786.tif,0.313095
train,7787.tif,0.351683
train,7788.tif,0.432876
train,7789.tif,0.389247
train,779.tif,0.392331
train,7790.tif,0.278043
train,7791.tif,0.412196
train,7792.tif,0.352149
train,7793.tif,0.371591
train,7794.tif,0.322053
train,7795.tif,0.313558
train,7796.tif,0.299426
train,7797.tif,0.322063
train,7798.tif,0.41609
train,7799.tif,0.319412
train,78.tif,0.395062
train,780.tif,0.482017
train,7800.tif,0.312053
train,7801.tif,0.389229
train,7802.tif,0.350545
train,7803.tif,0.356357
train,7804.tif,0.353901
train,7805.tif,0.354454
train,7806.tif,0.283832
train,7807.tif,0.327125
train,7808.tif,0.369279
train,7809.tif,0.303618
train,781.tif,0.349487
train,7810.tif,0.360051
train,7811.tif,0.413933
train,7812.tif,0.379921
train,7813.tif,0.298163
train,7814.tif,0.326322
train,7815.tif,0.380531
train,7816.tif,0.330053
train,7817.tif,0.376939
train,7818.tif,0.324501
train,7819.tif,0.355425
train,782.tif,0.38745
train,7820.tif,0.338657
train,7821.tif,0.365858
train,7822.tif,0.351674
train,7823.tif,0.35263
train,7824.tif,0.304214
train,7825.tif,0.339051
train,7826.tif,0.323215
train,7827.tif,0.405834
train,7828.tif,0.308784
train,7829.tif,0.37342
train,783.tif,0.397869
train,7830.tif,0.310473
train,7831.tif,0.353763
train,7832.tif,0.309288
train,7833.tif,0.383833
train,7834.tif,0.372488
train,7835.tif,0.308235
train,7836.tif,0.354957
train,7837.tif,0.380307
train,7838.tif,0.33358
train,7839.tif,0.333941
train,784.tif,0.350436
train,7840.tif,0.318766
train,7841.tif,0.362429
train,7842.tif,0.350085
train,7843.tif,0.396093
train,7844.tif,0.358672
train,7845.tif,0.300629
train,7846.tif,0.365539
train,7847.tif,0.305218
train,7848.tif,0.306129
train,7849.tif,0.362079
train,785.tif,0.292405
train,7850.tif,0.373149
train,7851.tif,0.416425
train,7852.tif,0.272914
train,7853.tif,0.314803
train,7854.tif,0.332966
train,7855.tif,0.288951
train,7856.tif,0.325803
train,7857.tif,0.30548
train,7858.tif,0.314768
train,7859.tif,0.413137
train,786.tif,0.40946
train,7860.tif,0.375008
train,7861.tif,0.274689
train,7862.tif,0.320094
train,7863.tif,0.354258
train,7864.tif,0.362925
train,7865.tif,0.35735
train,7866.tif,0.380164
train,7867.tif,0.327669
train,7868.tif,0.414984
train,7869.tif,0.457952
train,787.tif,0.414756
train,7870.tif,0.327505
train,7871.tif,0.353012
train,7872.tif,0.413841
train,7873.tif,0.37255
train,7874.tif,0.380518
train,7875.tif,0.322464
train,7876.tif,0.416285
train,7877.tif,0.317763
train,7878.tif,0.284932
train,7879.tif,0.34647
train,788.tif,0.308359
train,7880.tif,0.3757
train,7881.tif,0.320999
train,7882.tif,0.38111
train,7883.tif,0.362488
train,7884.tif,0.385147
train,7885.tif,0.361264
train,7886.tif,0.363439
train,7887.tif,0.395611
train,7888.tif,0.34461
train,7889.tif,0.315644
train,789.tif,0.374897
train,7890.tif,0.32425
train,7891.tif,0.298011
train,7892.tif,0.292045
train,7893.tif,0.328865
train,7894.tif,0.327264
train,7895.tif,0.336918
train,7896.tif,0.480246
train,7897.tif,0.340456
train,7898.tif,0.365666
train,7899.tif,0.366554
train,79.tif,0.473553
train,790.tif,0.371507
train,7900.tif,0.351502
train,7901.tif,0.339558
train,7902.tif,0.328056
train,7903.tif,0.335341
train,7904.tif,0.336385
train,7905.tif,0.321531
train,7906.tif,0.360542
train,7907.tif,0.355559
train,7908.tif,0.302481
train,7909.tif,0.393816
train,791.tif,0.37104
train,7910.tif,0.214142
train,7911.tif,0.391549
train,7912.tif,0.338645
train,7913.tif,0.350829
train,7914.tif,0.349336
train,7915.tif,0.338062
train,7916.tif,0.332447
train,7917.tif,0.428173
train,7918.tif,0.343177
train,7919.tif,0.257898
train,792.tif,0.192781
train,7920.tif,0.330427
train,7921.tif,0.374847
train,7922.tif,0.40049
train,7923.tif,0.37425
train,7924.tif,0.415021
train,7925.tif,0.349773
train,7926.tif,0.395171
train,7927.tif,0.30024
train,7928.tif,0.331989
train,7929.tif,0.302737
train,793.tif,0.286463
train,7930.tif,0.3745
train,7931.tif,0.346932
train,7932.tif,0.299491
train,7933.tif,0.381692
train,7934.tif,0.422587
train,7935.tif,0.387662
train,7936.tif,0.321674
train,7937.tif,0.360431
train,7938.tif,0.402143
train,7939.tif,0.344627
train,794.tif,0.374884
train,7940.tif,0.3583
train,7941.tif,0.27924
train,7942.tif,0.364151
train,7943.tif,0.353615
train,7944.tif,0.305041
train,7945.tif,0.30228
train,7946.tif,0.314315
train,7947.tif,0.399984
train,7948.tif,0.297587
train,7949.tif,0.305456
train,795.tif,0.405549
train,7950.tif,0.406836
train,7951.tif,0.314815
train,7952.tif,0.383887
train,7953.tif,0.384372
train,7954.tif,0.309182
train,7955.tif,0.310508
train,7956.tif,0.334812
train,7957.tif,0.276097
train,7958.tif,0.381243
train,7959.tif,0.352444
train,796.tif,0.384269
train,7960.tif,0.345383
train,7961.tif,0.341954
train,7962.tif,0.329156
train,7963.tif,0.365284
train,7964.tif,0.323834
train,7965.tif,0.585427
train,7966.tif,0.309974
train,7967.tif,0.318862
train,7968.tif,0.338342
train,7969.tif,0.375075
train,797.tif,0.294765
train,7970.tif,0.282689
train,7971.tif,0.354613
train,7972.tif,0.346568
train,7973.tif,0.293206
train,7974.tif,0.376261
train,7975.tif,0.3589
train,7976.tif,0.360457
train,7977.tif,0.36529
train,7978.tif,0.339042
train,7979.tif,0.282396
train,798.tif,0.392808
train,7980.tif,0.345362
train,7981.tif,0.369515
train,7982.tif,0.269684
train,7983.tif,0.379964
train,7984.tif,0.332803
train,7985.tif,0.348669
train,7986.tif,0.410488
train,7987.tif,0.346709
train,7988.tif,0.334444
train,7989.tif,0.285523
train,799.tif,0.365856
train,7990.tif,0.328208
train,7991.tif,0.33594
train,7992.tif,0.280286
train,7993.tif,0.366451
train,7994.tif,0.322939
train,7995.tif,0.273371
train,7996.tif,0.327434
train,7997.tif,0.286715
train,7998.tif,0.371241
train,7999.tif,0.358019
train,8.tif,0.385235
train,80.tif,0.389964
train,800.tif,0.279482
train,8000.tif,0.328191
train,8001.tif,0.334539
train,8002.tif,0.347919
train,8003.tif,0.428093
train,8004.tif,0.399888
train,8005.tif,0.338183
train,8006.tif,0.371441
train,8007.tif,0.372772
train,8008.tif,0.363965
train,8009.tif,0.368933
train,801.tif,0.282691
train,8010.tif,0.275262
train,8011.tif,0.357074
train,8012.tif,0.34703
train,8013.tif,0.355255
train,8014.tif,0.329437
train,8015.tif,0.374361
train,8016.tif,0.269509
train,8017.tif,0.413875
train,8018.tif,0.345175
train,8019.tif,0.384866
train,802.tif,0.413044
train,8020.tif,0.347007
train,8021.tif,0.343313
train,8022.tif,0.362065
train,8023.tif,0.335681
train,8024.tif,0.299683
train,8025.tif,0.392986
train,8026.tif,0.381839
train,8027.tif,0.315435
train,8028.tif,0.33714
train,8029.tif,0.327394
train,803.tif,0.350639
train,8030.tif,0.356107
train,8031.tif,0.406747
train,8032.tif,0.310726
train,8033.tif,0.328067
train,8034.tif,0.345481
train,8035.tif,0.313575
train,8036.tif,0.30622
train,8037.tif,0.377233
train,8038.tif,0.302083
train,8039.tif,0.349314
train,804.tif,0.358523
train,8040.tif,0.375564
train,8041.tif,0.307113
train,8042.tif,0.383406
train,8043.tif,0.333392
train,8044.tif,0.338874
train,8045.tif,0.365678
train,8046.tif,0.415822
train,8047.tif,0.360704
train,8048.tif,0.367897
train,8049.tif,0.306729
train,805.tif,0.439317
train,8050.tif,0.321558
train,8051.tif,0.310871
train,8052.tif,0.435888
train,8053.tif,0.345393
train,8054.tif,0.290075
train,8055.tif,0.339019
train,8056.tif,0.308534
train,8057.tif,0.350489
train,8058.tif,0.311573
train,8059.tif,0.370688
train,806.tif,0.334824
train,8060.tif,0.355438
train,8061.tif,0.330877
train,8062.tif,0.311819
train,8063.tif,0.299173
train,8064.tif,0.349177
train,8065.tif,0.360546
train,8066.tif,0.323309
train,8067.tif,0.328126
train,8068.tif,0.335514
train,8069.tif,0.311234
train,807.tif,0.418429
train,8070.tif,0.415647
train,8071.tif,0.412008
train,8072.tif,0.356123
train,8073.tif,0.350249
train,8074.tif,0.331699
train,8075.tif,0.336825
train,8076.tif,0.318627
train,8077.tif,0.323638
train,8078.tif,0.301822
train,8079.tif,0.36229
train,808.tif,0.370145
train,8080.tif,0.298283
train,8081.tif,0.321825
train,8082.tif,0.390286
train,8083.tif,0.325514
train,8084.tif,0.330431
train,8085.tif,0.295087
train,8086.tif,0.427726
train,8087.tif,0.351409
train,8088.tif,0.300009
train,8089.tif,0.395271
train,809.tif,0.286201
train,8090.tif,0.28185
train,8091.tif,0.328939
train,8092.tif,0.278745
train,8093.tif,0.322297
train,8094.tif,0.312835
train,8095.tif,0.310848
train,8096.tif,0.298372
train,8097.tif,0.315495
train,8098.tif,0.397939
train,8099.tif,0.330843
train,81.tif,0.371479
train,810.tif,0.350253
train,8100.tif,0.372249
train,8101.tif,0.365382
train,8102.tif,0.302514
train,8103.tif,0.346622
train,8104.tif,0.340625
train,8105.tif,0.234164
train,8106.tif,0.395925
train,8107.tif,0.337299
train,8108.tif,0.328896
train,8109.tif,0.382206
train,811.tif,0.307203
train,8110.tif,0.399979
train,8111.tif,0.334695
train,8112.tif,0.364647
train,8113.tif,0.403676
train,8114.tif,0.348938
train,8115.tif,0.317898
train,8116.tif,0.353986
train,8117.tif,0.325167
train,8118.tif,0.351573
train,8119.tif,0.409451
train,812.tif,0.377797
train,8120.tif,0.350718
train,8121.tif,0.387278
train,8122.tif,0.35089
train,8123.tif,0.331072
train,8124.tif,0.356466
train,8125.tif,0.376437
train,8126.tif,0.315669
train,8127.tif,0.391556
train,8128.tif,0.363663
train,8129.tif,0.318847
train,813.tif,0.421816
train,8130.tif,0.309412
train,8131.tif,0.285912
train,8132.tif,0.39561
train,8133.tif,0.328285
train,8134.tif,0.370345
train,8135.tif,0.364157
train,8136.tif,0.389946
train,8137.tif,0.339908
train,8138.tif,0.318027
train,8139.tif,0.429073
train,814.tif,0.382798
train,8140.tif,0.34675
train,8141.tif,0.34937
train,8142.tif,0.334767
train,8143.tif,0.357323
train,8144.tif,0.337305
train,8145.tif,0.282174
train,8146.tif,0.316949
train,8147.tif,0.334125
train,8148.tif,0.366206
train,8149.tif,0.346262
train,815.tif,0.397909
train,8150.tif,0.377043
train,8151.tif,0.368512
train,8152.tif,0.346675
train,8153.tif,0.377642
train,8154.tif,0.302624
train,8155.tif,0.380303
train,8156.tif,0.305183
train,8157.tif,0.350538
train,8158.tif,0.275488
train,8159.tif,0.217157
train,816.tif,0.336255
train,8160.tif,0.389069
train,8161.tif,0.388993
train,8162.tif,0.344256
train,8163.tif,0.352371
train,8164.tif,0.349661
train,8165.tif,0.332403
train,8166.tif,0.366267
train,8167.tif,0.314865
train,8168.tif,0.285672
train,8169.tif,0.413839
train,817.tif,0.429414
train,8170.tif,0.390308
train,8171.tif,0.329834
train,8172.tif,0.273374
train,8173.tif,0.357749
train,8174.tif,0.294607
train,8175.tif,0.428324
train,8176.tif,0.342021
train,8177.tif,0.323266
train,8178.tif,0.308123
train,8179.tif,0.302307
train,818.tif,0.251345
train,8180.tif,0.299246
train,8181.tif,0.349466
train,8182.tif,0.341532
train,8183.tif,0.341925
train,8184.tif,0.342508
train,8185.tif,0.369089
train,8186.tif,0.398592
train,8187.tif,0.341079
train,8188.tif,0.29638
train,8189.tif,0.383306
train,819.tif,0.329374
train,8190.tif,0.337073
train,8191.tif,0.286021
train,8192.tif,0.313504
train,8193.tif,0.328083
train,8194.tif,0.3036
train,8195.tif,0.336541
train,8196.tif,0.306466
train,8197.tif,0.346071
train,8198.tif,0.327507
train,8199.tif,0.385569
train,82.tif,0.355012
train,820.tif,0.302552
train,8200.tif,0.315443
train,8201.tif,0.339019
train,8202.tif,0.23408
train,8203.tif,0.341597
train,8204.tif,0.400753
train,8205.tif,0.34879
train,8206.tif,0.324622
train,8207.tif,0.3746
train,8208.tif,0.308629
train,8209.tif,0.389999
train,821.tif,0.354188
train,8210.tif,0.35393
train,8211.tif,0.391791
train,8212.tif,0.327187
train,8213.tif,0.324016
train,8214.tif,0.347981
train,8215.tif,0.301476
train,8216.tif,0.383051
train,8217.tif,0.344164
train,8218.tif,0.286889
train,8219.tif,0.286827
train,822.tif,0.392345
train,8220.tif,0.400181
train,8221.tif,0.381033
train,8222.tif,0.399624
train,8223.tif,0.315628
train,8224.tif,0.320836
train,8225.tif,0.308854
train,8226.tif,0.369551
train,8227.tif,0.365411
train,8228.tif,0.375034
train,8229.tif,0.382801
train,823.tif,0.318259
train,8230.tif,0.312719
train,8231.tif,0.416979
train,8232.tif,0.374636
train,8233.tif,0.361234
train,8234.tif,0.280643
train,8235.tif,0.261366
train,8236.tif,0.350819
train,8237.tif,0.291011
train,8238.tif,0.327659
train,8239.tif,0.346662
train,824.tif,0.32997
train,8240.tif,0.326245
train,8241.tif,0.384137
train,8242.tif,0.318705
train,8243.tif,0.321564
train,8244.tif,0.310959
train,8245.tif,0.344162
train,8246.tif,0.400248
train,8247.tif,0.391904
train,8248.tif,0.377576
train,8249.tif,0.413096
train,825.tif,0.364923
train,8250.tif,0.378676
train,8251.tif,0.375542
train,8252.tif,0.321974
train,8253.tif,0.335952
train,8254.tif,0.351423
train,8255.tif,0.410044
train,8256.tif,0.307325
train,8257.tif,0.347259
train,8258.tif,0.338706
train,8259.tif,0.337279
train,826.tif,0.40234
train,8260.tif,0.333271
train,8261.tif,0.311631
train,8262.tif,0.299272
train,8263.tif,0.310364
train,8264.tif,0.339281
train,8265.tif,0.382673
train,8266.tif,0.450081
train,8267.tif,0.336496
train,8268.tif,0.342509
train,8269.tif,0.363054
train,827.tif,0.32561
train,8270.tif,0.355362
train,8271.tif,0.395273
train,8272.tif,0.414748
train,8273.tif,0.374744
train,8274.tif,0.32782
train,8275.tif,0.407456
train,8276.tif,0.329675
train,8277.tif,0.387745
train,8278.tif,0.352758
train,8279.tif,0.311387
train,828.tif,0.362745
train,8280.tif,0.359749
train,8281.tif,0.350038
train,8282.tif,0.363166
train,8283.tif,0.308327
train,8284.tif,0.380626
train,8285.tif,0.321807
train,8286.tif,0.319672
train,8287.tif,0.351545
train,8288.tif,0.295098
train,8289.tif,0.363387
train,829.tif,0.391444
train,8290.tif,0.292162
train,8291.tif,0.335655
train,8292.tif,0.32374
train,8293.tif,0.337934
train,8294.tif,0.286208
train,8295.tif,0.33608
train,8296.tif,0.345275
train,8297.tif,0.360774
train,8298.tif,0.318475
train,8299.tif,0.190759
train,83.tif,0.383356
train,830.tif,0.401789
train,8300.tif,0.302581
train,8301.tif,0.32457
train,8302.tif,0.345546
train,8303.tif,0.295955
train,8304.tif,0.312041
train,8305.tif,0.387013
train,8306.tif,0.340788
train,8307.tif,0.309817
train,8308.tif,0.308637
train,8309.tif,0.32748
train,831.tif,0.351852
train,8310.tif,0.346713
train,8311.tif,0.384597
train,8312.tif,0.301071
train,8313.tif,0.328563
train,8314.tif,0.306684
train,8315.tif,0.361083
train,8316.tif,0.401869
train,8317.tif,0.354305
train,8318.tif,0.320424
train,8319.tif,0.303823
train,832.tif,0.34909
train,8320.tif,0.365245
train,8321.tif,0.394288
train,8322.tif,0.320902
train,8323.tif,0.335888
train,8324.tif,0.267747
train,8325.tif,0.23612
train,8326.tif,0.327911
train,8327.tif,0.377033
train,8328.tif,0.454242
train,8329.tif,0.298351
train,833.tif,0.378104
train,8330.tif,0.327637
train,8331.tif,0.292229
train,8332.tif,0.348492
train,8333.tif,0.281049
train,8334.tif,0.306544
train,8335.tif,0.316119
train,8336.tif,0.329698
train,8337.tif,0.351366
train,8338.tif,0.350741
train,8339.tif,0.332846
train,834.tif,0.381086
train,8340.tif,0.322576
train,8341.tif,0.290807
train,8342.tif,0.355261
train,8343.tif,0.333091
train,8344.tif,0.346007
train,8345.tif,0.305236
train,8346.tif,0.347249
train,8347.tif,0.316499
train,8348.tif,0.2589
train,8349.tif,0.346152
train,835.tif,0.362493
train,8350.tif,0.341705
train,8351.tif,0.361583
train,8352.tif,0.327138
train,8353.tif,0.319153
train,8354.tif,0.325288
train,8355.tif,0.326641
train,8356.tif,0.328238
train,8357.tif,0.327523
train,8358.tif,0.368038
train,8359.tif,0.377401
train,836.tif,0.386695
train,8360.tif,0.390886
train,8361.tif,0.416465
train,8362.tif,0.315535
train,8363.tif,0.320694
train,8364.tif,0.326432
train,8365.tif,0.420582
train,8366.tif,0.33748
train,8367.tif,0.328716
train,8368.tif,0.379594
train,8369.tif,0.331604
train,837.tif,0.406334
train,8370.tif,0.33771
train,8371.tif,0.360101
train,8372.tif,0.397536
train,8373.tif,0.351832
train,8374.tif,0.321889
train,8375.tif,0.29957
train,8376.tif,0.353666
train,8377.tif,0.255939
train,8378.tif,0.354006
train,8379.tif,0.35434
train,838.tif,0.330434
train,8380.tif,0.34459
train,8381.tif,0.386037
train,8382.tif,0.368313
train,8383.tif,0.297321
train,8384.tif,0.347757
train,8385.tif,0.293762
train,8386.tif,0.337972
train,8387.tif,0.335472
train,8388.tif,0.313518
train,8389.tif,0.361382
train,839.tif,0.1787
train,8390.tif,0.379879
train,8391.tif,0.339134
train,8392.tif,0.325653
train,8393.tif,0.358958
train,8394.tif,0.373511
train,8395.tif,0.333049
train,8396.tif,0.262307
train,8397.tif,0.302907
train,8398.tif,0.375661
train,8399.tif,0.34827
train,84.tif,0.432075
train,840.tif,0.304827
train,8400.tif,0.345086
train,8401.tif,0.422878
train,8402.tif,0.279662
train,8403.tif,0.336759
train,8404.tif,0.320694
train,8405.tif,0.306351
train,8406.tif,0.437123
train,8407.tif,0.382768
train,8408.tif,0.3946
train,8409.tif,0.317311
train,841.tif,0.329096
train,8410.tif,0.303196
train,8411.tif,0.323876
train,8412.tif,0.375359
train,8413.tif,0.31595
train,8414.tif,0.340723
train,8415.tif,0.318691
train,8416.tif,0.434855
train,8417.tif,0.233988
train,8418.tif,0.402476
train,8419.tif,0.353359
train,842.tif,0.338931
train,8420.tif,0.283686
train,8421.tif,0.342742
train,8422.tif,0.365185
train,8423.tif,0.276366
train,8424.tif,0.300705
train,8425.tif,0.396365
train,8426.tif,0.32004
train,8427.tif,0.366397
train,8428.tif,0.344173
train,8429.tif,0.324684
train,843.tif,0.309453
train,8430.tif,0.374201
train,8431.tif,0.337494
train,8432.tif,0.349403
train,8433.tif,0.333606
train,8434.tif,0.371336
train,8435.tif,0.31581
train,8436.tif,0.332376
train,8437.tif,0.417386
train,8438.tif,0.37994
train,8439.tif,0.385074
train,844.tif,0.412714
train,8440.tif,0.296571
train,8441.tif,0.29583
train,8442.tif,0.313952
train,8443.tif,0.364015
train,8444.tif,0.435005
train,8445.tif,0.289718
train,8446.tif,0.353466
train,8447.tif,0.264435
train,8448.tif,0.487584
train,8449.tif,0.380769
train,845.tif,0.390306
train,8450.tif,0.417059
train,8451.tif,0.319735
train,8452.tif,0.376976
train,8453.tif,0.365454
train,8454.tif,0.389775
train,8455.tif,0.367863
train,8456.tif,0.312174
train,8457.tif,0.342333
train,8458.tif,0.340192
train,8459.tif,0.397077
train,846.tif,0.35486
train,8460.tif,0.330195
train,8461.tif,0.327181
train,8462.tif,0.340201
train,8463.tif,0.29661
train,8464.tif,0.457897
train,8465.tif,0.324524
train,8466.tif,0.337007
train,8467.tif,0.40205
train,8468.tif,0.347069
train,8469.tif,0.352538
train,847.tif,0.308896
train,8470.tif,0.3105
train,8471.tif,0.40351
train,8472.tif,0.374993
train,8473.tif,0.316535
train,8474.tif,0.382047
train,8475.tif,0.314452
train,8476.tif,0.342251
train,8477.tif,0.299991
train,8478.tif,0.435735
train,8479.tif,0.335029
train,848.tif,0.35912
train,8480.tif,0.322447
train,8481.tif,0.347477
train,8482.tif,0.399116
train,8483.tif,0.339364
train,8484.tif,0.402293
train,8485.tif,0.285223
train,8486.tif,0.337221
train,8487.tif,0.319791
train,8488.tif,0.355471
train,8489.tif,0.43714
train,849.tif,0.301924
train,8490.tif,0.288009
train,8491.tif,0.364111
train,8492.tif,0.377939
train,8493.tif,0.403566
train,8494.tif,0.415134
train,8495.tif,0.327336
train,8496.tif,0.361739
train,8497.tif,0.334642
train,8498.tif,0.343287
train,8499.tif,0.29086
train,85.tif,0.317611
train,850.tif,0.442426
train,8500.tif,0.335743
train,8501.tif,0.3244
train,8502.tif,0.391003
train,8503.tif,0.300248
train,8504.tif,0.438581
train,8505.tif,0.382994
train,8506.tif,0.355638
train,8507.tif,0.341689
train,8508.tif,0.322965
train,8509.tif,0.303258
train,851.tif,0.365409
train,8510.tif,0.333049
train,8511.tif,0.436302
train,8512.tif,0.32587
train,8513.tif,0.349428
train,8514.tif,0.415169
train,8515.tif,0.321489
train,8516.tif,0.469223
train,8517.tif,0.37968
train,8518.tif,0.378109
train,8519.tif,0.305156
train,852.tif,0.288527
train,8520.tif,0.358957
train,8521.tif,0.337381
train,8522.tif,0.329311
train,8523.tif,0.318087
train,8524.tif,0.390407
train,8525.tif,0.370031
train,8526.tif,0.38648
train,8527.tif,0.46667
train,8528.tif,0.392593
train,8529.tif,0.304938
train,853.tif,0.30555
train,8530.tif,0.313928
train,8531.tif,0.354267
train,8532.tif,0.366516
train,8533.tif,0.506636
train,8534.tif,0.32973
train,8535.tif,0.469907
train,8536.tif,0.378509
train,8537.tif,0.325013
train,8538.tif,0.304963
train,8539.tif,0.343677
train,854.tif,0.358565
train,8540.tif,0.368769
train,8541.tif,0.350295
train,8542.tif,0.368398
train,8543.tif,0.330241
train,8544.tif,0.40675
train,8545.tif,0.306804
train,8546.tif,0.307508
train,8547.tif,0.386996
train,8548.tif,0.355562
train,8549.tif,0.346115
train,855.tif,0.331606
train,8550.tif,0.385215
train,8551.tif,0.354214
train,8552.tif,0.26802
train,8553.tif,0.355786
train,8554.tif,0.34867
train,8555.tif,0.302866
train,8556.tif,0.342995
train,8557.tif,0.403662
train,8558.tif,0.31196
train,8559.tif,0.339767
train,856.tif,0.350635
train,8560.tif,0.328556
train,8561.tif,0.250902
train,8562.tif,0.383697
train,8563.tif,0.360797
train,8564.tif,0.329821
train,8565.tif,0.418803
train,8566.tif,0.343514
train,8567.tif,0.296953
train,8568.tif,0.339789
train,8569.tif,0.355533
train,857.tif,0.416442
train,8570.tif,0.366731
train,8571.tif,0.417009
train,8572.tif,0.390924
train,8573.tif,0.368666
train,8574.tif,0.273262
train,8575.tif,0.322676
train,8576.tif,0.39076
train,8577.tif,0.335391
train,8578.tif,0.316484
train,8579.tif,0.335415
train,858.tif,0.315342
train,8580.tif,0.343597
train,8581.tif,0.383461
train,8582.tif,0.349139
train,8583.tif,0.402285
train,8584.tif,0.367772
train,8585.tif,0.342299
train,8586.tif,0.350295
train,8587.tif,0.31301
train,8588.tif,0.349615
train,8589.tif,0.3537
train,859.tif,0.298659
train,8590.tif,0.352263
train,8591.tif,0.456296
train,8592.tif,0.406216
train,8593.tif,0.329516
train,8594.tif,0.365542
train,8595.tif,0.359991
train,8596.tif,0.428223
train,8597.tif,0.323833
train,8598.tif,0.336769
train,8599.tif,0.323947
train,86.tif,0.336312
train,860.tif,0.366315
train,8600.tif,0.321477
train,8601.tif,0.41059
train,8602.tif,0.349464
train,8603.tif,0.292159
train,8604.tif,0.342512
train,8605.tif,0.397192
train,8606.tif,0.317285
train,8607.tif,0.42673
train,8608.tif,0.381595
train,8609.tif,0.32426
train,861.tif,0.362746
train,8610.tif,0.32299
train,8611.tif,0.318698
train,8612.tif,0.362592
train,8613.tif,0.26712
train,8614.tif,0.270095
train,8615.tif,0.351979
train,8616.tif,0.324053
train,8617.tif,0.374457
train,8618.tif,0.383159
train,8619.tif,0.317428
train,862.tif,0.284057
train,8620.tif,0.304659
train,8621.tif,0.350694
train,8622.tif,0.292815
train,8623.tif,0.346061
train,8624.tif,0.393
train,8625.tif,0.368469
train,8626.tif,0.344672
train,8627.tif,0.306758
train,8628.tif,0.352004
train,8629.tif,0.355424
train,863.tif,0.394836
train,8630.tif,0.303999
train,8631.tif,0.328243
train,8632.tif,0.300133
train,8633.tif,0.389228
train,8634.tif,0.388891
train,8635.tif,0.401925
train,8636.tif,0.300977
train,8637.tif,0.321324
train,8638.tif,0.327944
train,8639.tif,0.343162
train,864.tif,0.366448
train,8640.tif,0.323885
train,8641.tif,0.287122
train,8642.tif,0.431981
train,8643.tif,0.328138
train,8644.tif,0.385182
train,8645.tif,0.42155
train,8646.tif,0.370339
train,8647.tif,0.376595
train,8648.tif,0.305198
train,8649.tif,0.346585
train,865.tif,0.519133
train,8650.tif,0.361308
train,8651.tif,0.301106
train,8652.tif,0.380116
train,8653.tif,0.405199
train,8654.tif,0.367493
train,8655.tif,0.321835
train,8656.tif,0.286484
train,8657.tif,0.345685
train,8658.tif,0.345947
train,8659.tif,0.32461
train,866.tif,0.341588
train,8660.tif,0.345602
train,8661.tif,0.327062
train,8662.tif,0.339017
train,8663.tif,0.350252
train,8664.tif,0.447481
train,8665.tif,0.404724
train,8666.tif,0.370213
train,8667.tif,0.376327
train,8668.tif,0.34969
train,8669.tif,0.336109
train,867.tif,0.313662
train,8670.tif,0.324535
train,8671.tif,0.35783
train,8672.tif,0.300245
train,8673.tif,0.324855
train,8674.tif,0.33839
train,8675.tif,0.407913
train,8676.tif,0.331713
train,8677.tif,0.347059
train,8678.tif,0.330061
train,8679.tif,0.382572
train,868.tif,0.41739
train,8680.tif,0.374634
train,8681.tif,0.315303
train,8682.tif,0.30773
train,8683.tif,0.324431
train,8684.tif,0.334039
train,8685.tif,0.362016
train,8686.tif,0.356429
train,8687.tif,0.341749
train,8688.tif,0.37789
train,8689.tif,0.315112
train,869.tif,0.336412
train,8690.tif,0.322602
train,8691.tif,0.31209
train,8692.tif,0.356652
train,8693.tif,0.354565
train,8694.tif,0.306455
train,8695.tif,0.360059
train,8696.tif,0.385296
train,8697.tif,0.381464
train,8698.tif,0.354726
train,8699.tif,0.366949
train,87.tif,0.397685
train,870.tif,0.352937
train,8700.tif,0.310832
train,8701.tif,0.318369
train,8702.tif,0.385679
train,8703.tif,0.301443
train,8704.tif,0.315645
train,8705.tif,0.294814
train,8706.tif,0.299219
train,8707.tif,0.381315
train,8708.tif,0.385893
train,8709.tif,0.388702
train,871.tif,0.391949
train,8710.tif,0.266176
train,8711.tif,0.330085
train,8712.tif,0.343227
train,8713.tif,0.363143
train,8714.tif,0.344492
train,8715.tif,0.3157
train,8716.tif,0.447509
train,8717.tif,0.348309
train,8718.tif,0.392868
train,8719.tif,0.355628
train,872.tif,0.296726
train,8720.tif,0.442006
train,8721.tif,0.341137
train,8722.tif,0.437781
train,8723.tif,0.373471
train,8724.tif,0.389018
train,8725.tif,0.362324
train,8726.tif,0.373299
train,8727.tif,0.431658
train,8728.tif,0.401368
train,8729.tif,0.381714
train,873.tif,0.340159
train,8730.tif,0.419609
train,8731.tif,0.369244
train,8732.tif,0.41922
train,8733.tif,0.301826
train,8734.tif,0.381017
train,8735.tif,0.436261
train,8736.tif,0.307018
train,8737.tif,0.406397
train,8738.tif,0.327388
train,8739.tif,0.300627
train,874.tif,0.30745
train,8740.tif,0.402303
train,8741.tif,0.390635
train,8742.tif,0.320139
train,8743.tif,0.378576
train,8744.tif,0.337591
train,8745.tif,0.345107
train,8746.tif,0.337801
train,8747.tif,0.406633
train,8748.tif,0.348145
train,8749.tif,0.386188
train,875.tif,0.373884
train,8750.tif,0.367584
train,8751.tif,0.306845
train,8752.tif,0.360222
train,8753.tif,0.299449
train,8754.tif,0.375146
train,8755.tif,0.36127
train,8756.tif,0.370546
train,8757.tif,0.332159
train,8758.tif,0.433965
train,8759.tif,0.335208
train,876.tif,0.241921
train,8760.tif,0.347366
train,8761.tif,0.357594
train,8762.tif,0.30349
train,8763.tif,0.401017
train,8764.tif,0.350729
train,8765.tif,0.37694
train,8766.tif,0.338303
train,8767.tif,0.27704
train,8768.tif,0.265069
train,8769.tif,0.38584
train,877.tif,0.339026
train,8770.tif,0.456572
train,8771.tif,0.35185
train,8772.tif,0.37044
train,8773.tif,0.335699
train,8774.tif,0.274684
train,8775.tif,0.349543
train,8776.tif,0.404562
train,8777.tif,0.41157
train,8778.tif,0.36999
train,8779.tif,0.316144
train,878.tif,0.369552
train,8780.tif,0.372927
train,8781.tif,0.397199
train,8782.tif,0.390206
train,8783.tif,0.328288
train,8784.tif,0.330646
train,8785.tif,0.343203
train,8786.tif,0.381846
train,8787.tif,0.360122
train,8788.tif,0.315328
train,8789.tif,0.314675
train,879.tif,0.301539
train,8790.tif,0.309615
train,8791.tif,0.312555
train,8792.tif,0.337598
train,8793.tif,0.327088
train,8794.tif,0.419086
train,8795.tif,0.335831
train,8796.tif,0.45843
train,8797.tif,0.361661
train,8798.tif,0.321513
train,8799.tif,0.366951
train,88.tif,0.310719
train,880.tif,0.385665
train,8800.tif,0.351251
train,8801.tif,0.334899
train,8802.tif,0.341465
train,8803.tif,0.311637
train,8804.tif,0.286188
train,8805.tif,0.34091
train,8806.tif,0.341087
train,8807.tif,0.393683
train,8808.tif,0.337919
train,8809.tif,0.358388
train,881.tif,0.343072
train,8810.tif,0.346936
train,8811.tif,0.279778
train,8812.tif,0.369307
train,8813.tif,0.331371
train,8814.tif,0.391426
train,8815.tif,0.345488
train,8816.tif,0.34165
train,8817.tif,0.27611
train,8818.tif,0.314035
train,8819.tif,0.392116
train,882.tif,0.432108
train,8820.tif,0.310855
train,8821.tif,0.319259
train,8822.tif,0.378437
train,8823.tif,0.345353
train,8824.tif,0.414951
train,8825.tif,0.3005
train,8826.tif,0.427025
train,8827.tif,0.356401
train,8828.tif,0.295531
train,8829.tif,0.391609
train,883.tif,0.362457
train,8830.tif,0.362759
train,8831.tif,0.34503
train,8832.tif,0.381693
train,8833.tif,0.30205
train,8834.tif,0.413339
train,8835.tif,0.344307
train,8836.tif,0.28875
train,8837.tif,0.319222
train,8838.tif,0.303784
train,8839.tif,0.318713
train,884.tif,0.324352
train,8840.tif,0.442558
train,8841.tif,0.306959
train,8842.tif,0.258163
train,8843.tif,0.581416
train,8844.tif,0.290493
train,8845.tif,0.404282
train,8846.tif,0.297889
train,8847.tif,0.430111
train,8848.tif,0.418331
train,8849.tif,0.416224
train,885.tif,0.307193
train,8850.tif,0.387546
train,8851.tif,0.333109
train,8852.tif,0.405393
train,8853.tif,0.288949
train,8854.tif,0.315371
train,8855.tif,0.332846
train,8856.tif,0.328125
train,8857.tif,0.359203
train,8858.tif,0.318219
train,8859.tif,0.316809
train,886.tif,0.425485
train,8860.tif,0.394497
train,8861.tif,0.391773
train,8862.tif,0.388719
train,8863.tif,0.423891
train,8864.tif,0.320342
train,8865.tif,0.439699
train,8866.tif,0.377124
train,8867.tif,0.388894
train,8868.tif,0.364323
train,8869.tif,0.348168
train,887.tif,0.344005
train,8870.tif,0.402376
train,8871.tif,0.283586
train,8872.tif,0.287298
train,8873.tif,0.356059
train,8874.tif,0.356979
train,8875.tif,0.302657
train,8876.tif,0.328866
train,8877.tif,0.309702
train,8878.tif,0.278247
train,8879.tif,0.360703
train,888.tif,0.332748
train,8880.tif,0.343308
train,8881.tif,0.459529
train,8882.tif,0.336665
train,8883.tif,0.352958
train,8884.tif,0.327622
train,8885.tif,0.317337
train,8886.tif,0.353468
train,8887.tif,0.374461
train,8888.tif,0.293395
train,8889.tif,0.311392
train,889.tif,0.343661
train,8890.tif,0.384394
train,8891.tif,0.341191
train,8892.tif,0.326515
train,8893.tif,0.470573
train,8894.tif,0.446009
train,8895.tif,0.292688
train,8896.tif,0.329654
train,8897.tif,0.418586
train,8898.tif,0.392191
train,8899.tif,0.352547
train,89.tif,0.43633
train,890.tif,0.370812
train,8900.tif,0.321941
train,8901.tif,0.325431
train,8902.tif,0.353075
train,8903.tif,0.379899
train,8904.tif,0.393747
train,8905.tif,0.350816
train,8906.tif,0.401772
train,8907.tif,0.317995
train,8908.tif,0.43746
train,8909.tif,0.374616
train,891.tif,0.385567
train,8910.tif,0.326842
train,8911.tif,0.403737
train,8912.tif,0.391101
train,8913.tif,0.322293
train,8914.tif,0.310891
train,8915.tif,0.2988
train,8916.tif,0.333524
train,8917.tif,0.325945
train,8918.tif,0.316763
train,8919.tif,0.311268
train,892.tif,0.369073
train,8920.tif,0.362759
train,8921.tif,0.327023
train,8922.tif,0.358634
train,8923.tif,0.38259
train,8924.tif,0.444944
train,8925.tif,0.358161
train,8926.tif,0.392048
train,8927.tif,0.270395
train,8928.tif,0.34754
train,8929.tif,0.356116
train,893.tif,0.354943
train,8930.tif,0.370087
train,8931.tif,0.392935
train,8932.tif,0.322232
train,8933.tif,0.348285
train,8934.tif,0.281298
train,8935.tif,0.30601
train,8936.tif,0.347224
train,8937.tif,0.454838
train,8938.tif,0.378378
train,8939.tif,0.332076
train,894.tif,0.374032
train,8940.tif,0.347172
train,8941.tif,0.335782
train,8942.tif,0.320891
train,8943.tif,0.453027
train,8944.tif,0.354331
train,8945.tif,0.344395
train,8946.tif,0.346983
train,8947.tif,0.327089
train,8948.tif,0.341345
train,8949.tif,0.314844
train,895.tif,0.364754
train,8950.tif,0.394479
train,8951.tif,0.388823
train,8952.tif,0.29436
train,8953.tif,0.340833
train,8954.tif,0.277577
train,8955.tif,0.295577
train,8956.tif,0.302634
train,8957.tif,0.375784
train,8958.tif,0.410857
train,8959.tif,0.346165
train,896.tif,0.44811
train,8960.tif,0.339647
train,8961.tif,0.334251
train,8962.tif,0.391137
train,8963.tif,0.3441
train,8964.tif,0.361186
train,8965.tif,0.37682
train,8966.tif,0.322873
train,8967.tif,0.339025
train,8968.tif,0.33554
train,8969.tif,0.378967
train,897.tif,0.385387
train,8970.tif,0.327977
train,8971.tif,0.29377
train,8972.tif,0.323859
train,8973.tif,0.324772
train,8974.tif,0.368663
train,8975.tif,0.321231
train,8976.tif,0.372165
train,8977.tif,0.2892
train,8978.tif,0.300512
train,8979.tif,0.345983
train,898.tif,0.393854
train,8980.tif,0.379225
train,8981.tif,0.381745
train,8982.tif,0.428782
train,8983.tif,0.493996
train,8984.tif,0.337019
train,8985.tif,0.247766
train,8986.tif,0.430911
train,8987.tif,0.394018
train,8988.tif,0.379012
train,8989.tif,0.342158
train,899.tif,0.258606
train,8990.tif,0.312735
train,8991.tif,0.393021
train,8992.tif,0.358503
train,8993.tif,0.374193
train,8994.tif,0.320057
train,8995.tif,0.414365
train,8996.tif,0.363376
train,8997.tif,0.340934
train,8998.tif,0.368085
train,8999.tif,0.370809
train,9.tif,0.309794
train,90.tif,0.381396
train,900.tif,0.327088
train,9000.tif,0.427883
train,9001.tif,0.293365
train,9002.tif,0.317832
train,9003.tif,0.41631
train,9004.tif,0.297992
train,9005.tif,0.315697
train,9006.tif,0.414322
train,9007.tif,0.377147
train,9008.tif,0.405287
train,9009.tif,0.2998
train,901.tif,0.411842
train,9010.tif,0.429499
train,9011.tif,0.362653
train,9012.tif,0.367582
train,9013.tif,0.455653
train,9014.tif,0.372881
train,9015.tif,0.35432
train,9016.tif,0.325014
train,9017.tif,0.364663
train,9018.tif,0.419335
train,9019.tif,0.382145
train,902.tif,0.302562
train,9020.tif,0.412549
train,9021.tif,0.387457
train,9022.tif,0.356509
train,9023.tif,0.321691
train,9024.tif,0.326068
train,9025.tif,0.322645
train,9026.tif,0.328927
train,9027.tif,0.387278
train,9028.tif,0.371088
train,9029.tif,0.398855
train,903.tif,0.384725
train,9030.tif,0.331038
train,9031.tif,0.314213
train,9032.tif,0.461732
train,9033.tif,0.36227
train,9034.tif,0.351084
train,9035.tif,0.28668
train,9036.tif,0.373684
train,9037.tif,0.317283
train,9038.tif,0.399168
train,9039.tif,0.280526
train,904.tif,0.367147
train,9040.tif,0.339755
train,9041.tif,0.374063
train,9042.tif,0.33579
train,9043.tif,0.330406
train,9044.tif,0.345746
train,9045.tif,0.32907
train,9046.tif,0.376807
train,9047.tif,0.320383
train,9048.tif,0.371938
train,9049.tif,0.338248
train,905.tif,0.398734
train,9050.tif,0.35108
train,9051.tif,0.408615
train,9052.tif,0.305089
train,9053.tif,0.289107
train,9054.tif,0.300096
train,9055.tif,0.385746
train,9056.tif,0.392776
train,9057.tif,0.431747
train,9058.tif,0.340476
train,9059.tif,0.289198
train,906.tif,0.428279
train,9060.tif,0.340182
train,9061.tif,0.439622
train,9062.tif,0.328915
train,9063.tif,0.369461
train,9064.tif,0.296688
train,9065.tif,0.331524
train,9066.tif,0.330306
train,9067.tif,0.414016
train,9068.tif,0.318259
train,9069.tif,0.415896
train,907.tif,0.391185
train,9070.tif,0.314367
train,9071.tif,0.322743
train,9072.tif,0.35021
train,9073.tif,0.464941
train,9074.tif,0.35636
train,9075.tif,0.470907
train,9076.tif,0.375094
train,9077.tif,0.399189
train,9078.tif,0.337035
train,9079.tif,0.291952
train,908.tif,0.338929
train,9080.tif,0.334754
train,9081.tif,0.399327
train,9082.tif,0.31295
train,9083.tif,0.40083
train,9084.tif,0.384496
train,9085.tif,0.479674
train,9086.tif,0.339435
train,9087.tif,0.42578
train,9088.tif,0.459214
train,9089.tif,0.398216
train,909.tif,0.295978
train,9090.tif,0.290551
train,9091.tif,0.453812
train,9092.tif,0.310771
train,9093.tif,0.288731
train,9094.tif,0.485934
train,9095.tif,0.36455
train,9096.tif,0.353035
train,9097.tif,0.383993
train,9098.tif,0.35598
train,9099.tif,0.301976
train,91.tif,0.425792
train,910.tif,0.40026
train,9100.tif,0.312584
train,9101.tif,0.341071
train,9102.tif,0.334772
train,9103.tif,0.323506
train,9104.tif,0.386913
train,9105.tif,0.395115
train,9106.tif,0.301758
train,9107.tif,0.412252
train,9108.tif,0.377768
train,9109.tif,0.349755
train,911.tif,0.438893
train,9110.tif,0.289733
train,9111.tif,0.353468
train,9112.tif,0.335846
train,9113.tif,0.304636
train,9114.tif,0.399173
train,9115.tif,0.39427
train,9116.tif,0.304958
train,9117.tif,0.42065
train,9118.tif,0.311296
train,9119.tif,0.28571
train,912.tif,0.366427
train,9120.tif,0.407106
train,9121.tif,0.315865
train,9122.tif,0.305039
train,9123.tif,0.340584
train,9124.tif,0.394423
train,9125.tif,0.346746
train,9126.tif,0.345676
train,9127.tif,0.342454
train,9128.tif,0.319075
train,9129.tif,0.322713
train,913.tif,0.384753
train,9130.tif,0.335256
train,9131.tif,0.301024
train,9132.tif,0.382572
train,9133.tif,0.326834
train,9134.tif,0.382057
train,9135.tif,0.398404
train,9136.tif,0.397591
train,9137.tif,0.390733
train,9138.tif,0.425173
train,9139.tif,0.308001
train,914.tif,0.321972
train,9140.tif,0.361469
train,9141.tif,0.318355
train,9142.tif,0.31765
train,9143.tif,0.387184
train,9144.tif,0.351665
train,9145.tif,0.373504
train,9146.tif,0.358302
train,9147.tif,0.310595
train,9148.tif,0.390664
train,9149.tif,0.354648
train,915.tif,0.360688
train,9150.tif,0.403338
train,9151.tif,0.435448
train,9152.tif,0.325197
train,9153.tif,0.303683
train,9154.tif,0.419176
train,9155.tif,0.343634
train,9156.tif,0.380354
train,9157.tif,0.356434
train,9158.tif,0.344074
train,9159.tif,0.385248
train,916.tif,0.333639
train,9160.tif,0.367297
train,9161.tif,0.313326
train,9162.tif,0.311395
train,9163.tif,0.290254
train,9164.tif,0.3747
train,9165.tif,0.30627
train,9166.tif,0.318018
train,9167.tif,0.294173
train,9168.tif,0.412851
train,9169.tif,0.378711
train,917.tif,0.316781
train,9170.tif,0.335202
train,9171.tif,0.273902
train,9172.tif,0.337743
train,9173.tif,0.282575
train,9174.tif,0.431727
train,9175.tif,0.300448
train,9176.tif,0.383764
train,9177.tif,0.367072
train,9178.tif,0.298034
train,9179.tif,0.293845
train,918.tif,0.337048
train,9180.tif,0.418267
train,9181.tif,0.405537
train,9182.tif,0.285409
train,9183.tif,0.362402
train,9184.tif,0.363142
train,9185.tif,0.453423
train,9186.tif,0.380955
train,9187.tif,0.342756
train,9188.tif,0.269798
train,9189.tif,0.26425
train,919.tif,0.358583
train,9190.tif,0.314959
train,9191.tif,0.345926
train,9192.tif,0.327653
train,9193.tif,0.374535
train,9194.tif,0.2137
train,9195.tif,0.31929
train,9196.tif,0.301719
train,9197.tif,0.301069
train,9198.tif,0.278607
train,9199.tif,0.303915
train,92.tif,0.341226
train,920.tif,0.363927
train,9200.tif,0.347356
train,9201.tif,0.333245
train,9202.tif,0.390001
train,9203.tif,0.348313
train,9204.tif,0.327549
train,9205.tif,0.264578
train,9206.tif,0.43698
train,9207.tif,0.3284
train,9208.tif,0.26828
train,9209.tif,0.341417
train,921.tif,0.400551
train,9210.tif,0.321807
train,9211.tif,0.400796
train,9212.tif,0.335406
train,9213.tif,0.321522
train,9214.tif,0.307895
train,9215.tif,0.279615
train,9216.tif,0.29435
train,9217.tif,0.299133
train,9218.tif,0.277463
train,9219.tif,0.321915
train,922.tif,0.378564
train,9220.tif,0.358838
train,9221.tif,0.400881
train,9222.tif,0.285867
train,9223.tif,0.407099
train,9224.tif,0.348349
train,9225.tif,0.298124
train,9226.tif,0.326681
train,9227.tif,0.313064
train,9228.tif,0.294882
train,9229.tif,0.295563
train,923.tif,0.321508
train,9230.tif,0.307348
train,9231.tif,0.256798
train,9232.tif,0.204687
train,9233.tif,0.41918
train,9234.tif,0.285919
train,9235.tif,0.369287
train,9236.tif,0.414696
train,9237.tif,0.316768
train,9238.tif,0.286001
train,9239.tif,0.361368
train,924.tif,0.39619
train,9240.tif,0.322634
train,9241.tif,0.434872
train,9242.tif,0.350455
train,9243.tif,0.331791
train,9244.tif,0.372459
train,9245.tif,0.260793
train,9246.tif,0.37527
train,9247.tif,0.311515
train,9248.tif,0.323508
train,9249.tif,0.362912
train,925.tif,0.373464
train,9250.tif,0.283179
train,9251.tif,0.349481
train,9252.tif,0.363732
train,9253.tif,0.380605
train,9254.tif,0.498801
train,9255.tif,0.302481
train,9256.tif,0.419422
train,9257.tif,0.346477
train,9258.tif,0.310945
train,9259.tif,0.438841
train,926.tif,0.347663
train,9260.tif,0.37832
train,9261.tif,0.353406
train,9262.tif,0.316035
train,9263.tif,0.299803
train,9264.tif,0.434881
train,9265.tif,0.35918
train,9266.tif,0.345706
train,9267.tif,0.339327
train,9268.tif,0.38086
train,9269.tif,0.322158
train,927.tif,0.309765
train,9270.tif,0.358961
train,9271.tif,0.405602
train,9272.tif,0.363198
train,9273.tif,0.232474
train,9274.tif,0.330449
train,9275.tif,0.298661
train,9276.tif,0.298627
train,9277.tif,0.401682
train,9278.tif,0.316979
train,9279.tif,0.340857
train,928.tif,0.347797
train,9280.tif,0.333231
train,9281.tif,0.303443
train,9282.tif,0.354731
train,9283.tif,0.326743
train,9284.tif,0.371496
train,9285.tif,0.307006
train,9286.tif,0.310847
train,9287.tif,0.34261
train,9288.tif,0.316057
train,9289.tif,0.298474
train,929.tif,0.339841
train,9290.tif,0.288069
train,9291.tif,0.379141
train,9292.tif,0.395051
train,9293.tif,0.267584
train,9294.tif,0.309107
train,9295.tif,0.345685
train,9296.tif,0.279309
train,9297.tif,0.230283
train,9298.tif,0.383988
train,9299.tif,0.218164
train,93.tif,0.34072
train,930.tif,0.341697
train,9300.tif,0.429872
train,9301.tif,0.473038
train,9302.tif,0.373197
train,9303.tif,0.349491
train,9304.tif,0.292543
train,9305.tif,0.29433
train,9306.tif,0.379903
train,9307.tif,0.391511
train,9308.tif,0.313464
train,9309.tif,0.341148
train,931.tif,0.361287
train,9310.tif,0.274899
train,9311.tif,0.313691
train,9312.tif,0.284162
train,9313.tif,0.343706
train,9314.tif,0.266205
train,9315.tif,0.417116
train,9316.tif,0.434067
train,9317.tif,0.362248
train,9318.tif,0.355179
train,9319.tif,0.426143
train,932.tif,0.350435
train,9320.tif,0.301357
train,9321.tif,0.34232
train,9322.tif,0.391081
train,9323.tif,0.339817
train,9324.tif,0.328613
train,9325.tif,0.325108
train,9326.tif,0.384302
train,9327.tif,0.278632
train,9328.tif,0.290384
train,9329.tif,0.319152
train,933.tif,0.403263
train,9330.tif,0.369862
train,9331.tif,0.316698
train,9332.tif,0.33774
train,9333.tif,0.33943
train,9334.tif,0.291217
train,9335.tif,0.325802
train,9336.tif,0.2893
train,9337.tif,0.291759
train,9338.tif,0.430114
train,9339.tif,0.400004
train,934.tif,0.359985
train,9340.tif,0.42779
train,9341.tif,0.368223
train,9342.tif,0.420336
train,9343.tif,0.327482
train,9344.tif,0.33351
train,9345.tif,0.340673
train,9346.tif,0.310089
train,9347.tif,0.327211
train,9348.tif,0.368571
train,9349.tif,0.389349
train,935.tif,0.388271
train,9350.tif,0.377679
train,9351.tif,0.333389
train,9352.tif,0.338989
train,9353.tif,0.299412
train,9354.tif,0.269475
train,9355.tif,0.311706
train,9356.tif,0.321315
train,9357.tif,0.305911
train,9358.tif,0.289677
train,9359.tif,0.348831
train,936.tif,0.242266
train,9360.tif,0.320796
train,9361.tif,0.367354
train,9362.tif,0.26216
train,9363.tif,0.321368
train,9364.tif,0.24919
train,9365.tif,0.403177
train,9366.tif,0.254817
train,9367.tif,0.293967
train,9368.tif,0.366568
train,9369.tif,0.402689
train,937.tif,0.250554
train,9370.tif,0.364055
train,9371.tif,0.349353
train,9372.tif,0.382279
train,9373.tif,0.387858
train,9374.tif,0.395765
train,9375.tif,0.362626
train,9376.tif,0.701827
train,9377.tif,0.469637
train,9378.tif,0.3163
train,9379.tif,0.391769
train,938.tif,0.373978
train,9380.tif,0.34512
train,9381.tif,0.294525
train,9382.tif,0.315681
train,9383.tif,0.295602
train,9384.tif,0.271666
train,9385.tif,0.419764
train,9386.tif,0.416408
train,9387.tif,0.338213
train,9388.tif,0.304974
train,9389.tif,0.274796
train,939.tif,0.414307
train,9390.tif,0.354113
train,9391.tif,0.35974
train,9392.tif,0.346612
train,9393.tif,0.355649
train,9394.tif,0.345946
train,9395.tif,0.305751
train,9396.tif,0.310675
train,9397.tif,0.307936
train,9398.tif,0.360298
train,9399.tif,0.320092
train,94.tif,0.357833
train,940.tif,0.312144
train,9400.tif,0.426334
train,9401.tif,0.312036
train,9402.tif,0.321263
train,9403.tif,0.385293
train,9404.tif,0.321425
train,9405.tif,0.437333
train,9406.tif,0.294972
train,9407.tif,0.285921
train,9408.tif,0.328824
train,9409.tif,0.283637
train,941.tif,0.354665
train,9410.tif,0.319841
train,9411.tif,0.374987
train,9412.tif,0.440146
train,9413.tif,0.372604
train,9414.tif,0.287458
train,9415.tif,0.222299
train,9416.tif,0.354984
train,9417.tif,0.386937
train,9418.tif,0.327547
train,9419.tif,0.384403
train,942.tif,0.322703
train,9420.tif,0.319938
train,9421.tif,0.338095
train,9422.tif,0.281765
train,9423.tif,0.316317
train,9424.tif,0.264525
train,9425.tif,0.406753
train,9426.tif,0.306957
train,9427.tif,0.346173
train,9428.tif,0.325758
train,9429.tif,0.271176
train,943.tif,0.365866
train,9430.tif,0.393945
train,9431.tif,0.325644
train,9432.tif,0.402525
train,9433.tif,0.272555
train,9434.tif,0.34276
train,9435.tif,0.39585
train,9436.tif,0.323889
train,9437.tif,0.404434
train,9438.tif,0.374295
train,9439.tif,0.380909
train,944.tif,0.332948
train,9440.tif,0.38133
train,9441.tif,0.719419
train,9442.tif,0.219007
train,9443.tif,0.317432
train,9444.tif,0.314227
train,9445.tif,0.348368
train,9446.tif,0.283924
train,9447.tif,0.311974
train,9448.tif,0.369837
train,9449.tif,0.378006
train,945.tif,0.3544
train,9450.tif,0.313064
train,9451.tif,0.28212
train,9452.tif,0.391732
train,9453.tif,0.442433
train,9454.tif,0.33731
train,9455.tif,0.400688
train,9456.tif,0.337586
train,9457.tif,0.293768
train,9458.tif,0.39081
train,9459.tif,0.365502
train,946.tif,0.365377
train,9460.tif,0.341343
train,9461.tif,0.268216
train,9462.tif,0.263986
train,9463.tif,0.344063
train,9464.tif,0.317813
train,9465.tif,0.405283
train,9466.tif,0.282069
train,9467.tif,0.343315
train,9468.tif,0.281023
train,9469.tif,0.36302
train,947.tif,0.407263
train,9470.tif,0.336221
train,9471.tif,0.409983
train,9472.tif,0.409885
train,9473.tif,0.282116
train,9474.tif,0.271124
train,9475.tif,0.388316
train,9476.tif,0.376189
train,9477.tif,0.347722
train,9478.tif,0.298342
train,9479.tif,0.311884
train,948.tif,0.378547
train,9480.tif,0.383897
train,9481.tif,0.296608
train,9482.tif,0.307649
train,9483.tif,0.295927
train,9484.tif,0.276849
train,9485.tif,0.418556
train,9486.tif,0.359436
train,9487.tif,0.302154
train,9488.tif,0.42969
train,9489.tif,0.266143
train,949.tif,0.312306
train,9490.tif,0.241965
train,9491.tif,0.356206
train,9492.tif,0.705736
train,9493.tif,0.309973
train,9494.tif,0.378308
train,9495.tif,0.284666
train,9496.tif,0.389201
train,9497.tif,0.388601
train,9498.tif,0.294384
train,9499.tif,0.315865
train,95.tif,0.322523
train,950.tif,0.302587
train,9500.tif,0.330966
train,9501.tif,0.371896
train,9502.tif,0.343057
train,9503.tif,0.397479
train,9504.tif,0.369189
train,9505.tif,0.431451
train,9506.tif,0.253731
train,9507.tif,0.419287
train,9508.tif,0.434213
train,9509.tif,0.296418
train,951.tif,0.412163
train,9510.tif,0.339634
train,9511.tif,0.305821
train,9512.tif,0.35873
train,9513.tif,0.400542
train,9514.tif,0.413853
train,9515.tif,0.368333
train,9516.tif,0.313824
train,9517.tif,0.332758
train,9518.tif,0.35505
train,9519.tif,0.27641
train,952.tif,0.355653
train,9520.tif,0.299359
train,9521.tif,0.293646
train,9522.tif,0.350342
train,9523.tif,0.286475
train,9524.tif,0.33843
train,9525.tif,0.37343
train,9526.tif,0.320928
train,9527.tif,0.4669
train,9528.tif,0.388429
train,9529.tif,0.38006
train,953.tif,0.311113
train,9530.tif,0.314628
train,9531.tif,0.276137
train,9532.tif,0.276937
train,9533.tif,0.312602
train,9534.tif,0.321518
train,9535.tif,0.378357
train,9536.tif,0.319343
train,9537.tif,0.307607
train,9538.tif,0.303542
train,9539.tif,0.292676
train,954.tif,0.457258
train,9540.tif,0.270196
train,9541.tif,0.36918
train,9542.tif,0.301808
train,9543.tif,0.292041
train,9544.tif,0.390072
train,9545.tif,0.494018
train,9546.tif,0.339005
train,9547.tif,0.323091
train,9548.tif,0.352505
train,9549.tif,0.326491
train,955.tif,0.381894
train,9550.tif,0.371445
train,9551.tif,0.315197
train,9552.tif,0.347138
train,9553.tif,0.296253
train,9554.tif,0.445102
train,9555.tif,0.280346
train,9556.tif,0.424178
train,9557.tif,0.392828
train,9558.tif,0.341401
train,9559.tif,0.357453
train,956.tif,0.358462
train,9560.tif,0.327008
train,9561.tif,0.343625
train,9562.tif,0.376917
train,9563.tif,0.375213
train,9564.tif,0.281049
train,9565.tif,0.373918
train,9566.tif,0.314956
train,9567.tif,0.322162
train,9568.tif,0.297143
train,9569.tif,0.328853
train,957.tif,0.461193
train,9570.tif,0.416165
train,9571.tif,0.381387
train,9572.tif,0.407764
train,9573.tif,0.422186
train,9574.tif,0.32451
train,9575.tif,0.313901
train,9576.tif,0.337951
train,9577.tif,0.276381
train,9578.tif,0.477248
train,9579.tif,0.350872
train,958.tif,0.374842
train,9580.tif,0.582389
train,9581.tif,0.292424
train,9582.tif,0.359423
train,9583.tif,0.311695
train,9584.tif,0.289724
train,9585.tif,0.383302
train,9586.tif,0.3458
train,9587.tif,0.409153
train,9588.tif,0.341436
train,9589.tif,0.405608
train,959.tif,0.324465
train,9590.tif,0.329462
train,9591.tif,0.351581
train,9592.tif,0.359454
train,9593.tif,0.36819
train,9594.tif,0.387228
train,9595.tif,0.30491
train,9596.tif,0.344439
train,9597.tif,0.32974
train,9598.tif,0.352299
train,9599.tif,0.36269
train,96.tif,0.384389
train,960.tif,0.320203
train,9600.tif,0.287503
train,9601.tif,0.367634
train,9602.tif,0.303962
train,9603.tif,0.341262
train,9604.tif,0.37101
train,9605.tif,0.335738
train,9606.tif,0.371189
train,9607.tif,0.377201
train,9608.tif,0.298128
train,9609.tif,0.327654
train,961.tif,0.263574
train,9610.tif,0.397649
train,9611.tif,0.378369
train,9612.tif,0.366022
train,9613.tif,0.28029
train,9614.tif,0.286767
train,9615.tif,0.282457
train,9616.tif,0.307773
train,9617.tif,0.338352
train,9618.tif,0.342444
train,9619.tif,0.366771
train,962.tif,0.341507
train,9620.tif,0.332046
train,9621.tif,0.423674
train,9622.tif,0.311403
train,9623.tif,0.410922
train,9624.tif,0.306559
train,9625.tif,0.371675
train,9626.tif,0.361779
train,9627.tif,0.345116
train,9628.tif,0.397579
train,9629.tif,0.224622
train,963.tif,0.413464
train,9630.tif,0.22509
train,9631.tif,0.268073
train,9632.tif,0.337586
train,9633.tif,0.284157
train,9634.tif,0.376693
train,9635.tif,0.353827
train,9636.tif,0.308179
train,9637.tif,0.294847
train,9638.tif,0.367656
train,9639.tif,0.277777
train,964.tif,0.37188
train,9640.tif,0.390556
train,9641.tif,0.33542
train,9642.tif,0.378447
train,9643.tif,0.425561
train,9644.tif,0.300331
train,9645.tif,0.361439
train,9646.tif,0.27336
train,9647.tif,0.373862
train,9648.tif,0.369476
train,9649.tif,0.364205
train,965.tif,0.363681
train,9650.tif,0.398691
train,9651.tif,0.394582
train,9652.tif,0.382879
train,9653.tif,0.325729
train,9654.tif,0.195754
train,9655.tif,0.340462
train,9656.tif,0.308177
train,9657.tif,0.37832
train,9658.tif,0.368254
train,9659.tif,0.352612
train,966.tif,0.35662
train,9660.tif,0.36245
train,9661.tif,0.318196
train,9662.tif,0.339456
train,9663.tif,0.318713
train,9664.tif,0.329263
train,9665.tif,0.355879
train,9666.tif,0.317405
train,9667.tif,0.32398
train,9668.tif,0.392279
train,9669.tif,0.295495
train,967.tif,0.394153
train,9670.tif,0.292324
train,9671.tif,0.288124
train,9672.tif,0.301367
train,9673.tif,0.304663
train,9674.tif,0.333285
train,9675.tif,0.34131
train,9676.tif,0.266315
train,9677.tif,0.408736
train,9678.tif,0.315221
train,9679.tif,0.337906
train,968.tif,0.385687
train,9680.tif,0.278639
train,9681.tif,0.272341
train,9682.tif,0.375186
train,9683.tif,0.270416
train,9684.tif,0.433559
train,9685.tif,0.295807
train,9686.tif,0.339931
train,9687.tif,0.308712
train,9688.tif,0.360229
train,9689.tif,0.444604
train,969.tif,0.392354
train,9690.tif,0.257001
train,9691.tif,0.380514
train,9692.tif,0.276616
train,9693.tif,0.260835
train,9694.tif,0.310775
train,9695.tif,0.325609
train,9696.tif,0.411383
train,9697.tif,0.314835
train,9698.tif,0.405932
train,9699.tif,0.411747
train,97.tif,0.413998
train,970.tif,0.369965
train,9700.tif,0.349513
train,9701.tif,0.403544
train,9702.tif,0.337784
train,9703.tif,0.442602
train,9704.tif,0.350135
train,9705.tif,0.322418
train,9706.tif,0.272403
train,9707.tif,0.350637
train,9708.tif,0.286706
train,9709.tif,0.33266
train,971.tif,0.428084
train,9710.tif,0.317987
train,9711.tif,0.334948
train,9712.tif,0.298825
train,9713.tif,0.445568
train,9714.tif,0.313158
train,9715.tif,0.408662
train,9716.tif,0.282357
train,9717.tif,0.28132
train,9718.tif,0.349237
train,9719.tif,0.314966
train,972.tif,0.368009
train,9720.tif,0.315911
train,9721.tif,0.364646
train,9722.tif,0.306283
train,9723.tif,0.308712
train,9724.tif,0.304886
train,9725.tif,0.384568
train,9726.tif,0.258214
train,9727.tif,0.357112
train,9728.tif,0.315645
train,9729.tif,0.310881
train,973.tif,0.389384
train,9730.tif,0.318132
train,9731.tif,0.278976
train,9732.tif,0.370983
train,9733.tif,0.353415
train,9734.tif,0.338318
train,9735.tif,0.304725
train,9736.tif,0.336515
train,9737.tif,0.420444
train,9738.tif,0.265398
train,9739.tif,0.370686
train,974.tif,0.414594
train,9740.tif,0.435123
train,9741.tif,0.339636
train,9742.tif,0.316198
train,9743.tif,0.41823
train,9744.tif,0.282713
train,9745.tif,0.35888
train,9746.tif,0.430268
train,9747.tif,0.328301
train,9748.tif,0.265936
train,9749.tif,0.294834
train,975.tif,0.375196
train,9750.tif,0.340098
train,9751.tif,0.336737
train,9752.tif,0.30488
train,9753.tif,0.423056
train,9754.tif,0.364726
train,9755.tif,0.275865
train,9756.tif,0.388062
train,9757.tif,0.377716
train,9758.tif,0.358193
train,9759.tif,0.318609
train,976.tif,0.366442
train,9760.tif,0.361768
train,9761.tif,0.354007
train,9762.tif,0.348043
train,9763.tif,0.322153
train,9764.tif,0.359298
train,9765.tif,0.425962
train,9766.tif,0.362573
train,9767.tif,0.33743
train,9768.tif,0.313851
train,9769.tif,0.371578
train,977.tif,0.310895
train,9770.tif,0.253076
train,9771.tif,0.383748
train,9772.tif,0.315859
train,9773.tif,0.493785
train,9774.tif,0.291656
train,9775.tif,0.420745
train,9776.tif,0.306678
train,9777.tif,0.33645
train,9778.tif,0.353818
train,9779.tif,0.339166
train,978.tif,0.341771
train,9780.tif,0.332578
train,9781.tif,0.291375
train,9782.tif,0.299803
train,9783.tif,0.29476
train,9784.tif,0.365786
train,9785.tif,0.334669
train,9786.tif,0.47472
train,9787.tif,0.420754
train,9788.tif,0.263362
train,9789.tif,0.316918
train,979.tif,0.480377
train,9790.tif,0.362112
train,9791.tif,0.305598
train,9792.tif,0.669224
train,9793.tif,0.444663
train,9794.tif,0.226962
train,9795.tif,0.328774
train,9796.tif,0.316962
train,9797.tif,0.336051
train,9798.tif,0.310549
train,9799.tif,0.364235
train,98.tif,0.357775
train,980.tif,0.278923
train,9800.tif,0.393851
train,9801.tif,0.397152
train,9802.tif,0.343173
train,9803.tif,0.32098
train,9804.tif,0.396404
train,9805.tif,0.307368
train,9806.tif,0.313259
train,9807.tif,0.350267
train,9808.tif,0.373411
train,9809.tif,0.364863
train,981.tif,0.26979
train,9810.tif,0.404567
train,9811.tif,0.363182
train,9812.tif,0.291741
train,9813.tif,0.29976
train,9814.tif,0.361575
train,9815.tif,0.329453
train,9816.tif,0.350621
train,9817.tif,0.347915
train,9818.tif,0.436174
train,9819.tif,0.315518
train,982.tif,0.345061
train,9820.tif,0.329597
train,9821.tif,0.321896
train,9822.tif,0.328098
train,9823.tif,0.304889
train,9824.tif,0.306789
train,9825.tif,0.296403
train,9826.tif,0.409134
train,9827.tif,0.339317
train,9828.tif,0.372477
train,9829.tif,0.346374
train,983.tif,0.300678
train,9830.tif,0.336807
train,9831.tif,0.308737
train,9832.tif,0.282725
train,9833.tif,0.390104
train,9834.tif,0.294384
train,9835.tif,0.45132
train,9836.tif,0.328857
train,9837.tif,0.278178
train,9838.tif,0.336057
train,9839.tif,0.273109
train,984.tif,0.31196
train,9840.tif,0.390866
train,9841.tif,0.377106
train,9842.tif,0.386148
train,9843.tif,0.3181
train,9844.tif,0.402314
train,9845.tif,0.354931
train,9846.tif,0.327663
train,9847.tif,0.339657
train,9848.tif,0.305333
train,9849.tif,0.36905
train,985.tif,0.316529
train,9850.tif,0.37039
train,9851.tif,0.445407
train,9852.tif,0.379075
train,9853.tif,0.29039
train,9854.tif,0.475331
train,9855.tif,0.317552
train,9856.tif,0.332467
train,9857.tif,0.339049
train,9858.tif,0.295919
train,9859.tif,0.341728
train,986.tif,0.305999
train,9860.tif,0.392707
train,9861.tif,0.341847
train,9862.tif,0.275235
train,9863.tif,0.438862
train,9864.tif,0.311005
train,9865.tif,0.270997
train,9866.tif,0.321209
train,9867.tif,0.319934
train,9868.tif,0.321532
train,9869.tif,0.314526
train,987.tif,0.364859
train,9870.tif,0.330358
train,9871.tif,0.3204
train,9872.tif,0.302323
train,9873.tif,0.257279
train,9874.tif,0.307486
train,9875.tif,0.36409
train,9876.tif,0.36842
train,9877.tif,0.276804
train,9878.tif,0.364223
train,9879.tif,0.276976
train,988.tif,0.379774
train,9880.tif,0.321761
train,9881.tif,0.314581
train,9882.tif,0.389755
train,9883.tif,0.339602
train,9884.tif,0.362128
train,9885.tif,0.284407
train,9886.tif,0.341184
train,9887.tif,0.352822
train,9888.tif,0.394284
train,9889.tif,0.32367
train,989.tif,0.414888
train,9890.tif,0.313777
train,9891.tif,0.285892
train,9892.tif,0.340725
train,9893.tif,0.390992
train,9894.tif,0.343403
train,9895.tif,0.384194
train,9896.tif,0.376691
train,9897.tif,0.335223
train,9898.tif,0.386721
train,9899.tif,0.442017
train,99.tif,0.396665
train,990.tif,0.290878
train,9900.tif,0.256613
train,9901.tif,0.37002
train,9902.tif,0.368331
train,9903.tif,0.296477
train,9904.tif,0.351573
train,9905.tif,0.398886
train,9906.tif,0.163506
train,9907.tif,0.391096
train,9908.tif,0.368918
train,9909.tif,0.355259
train,991.tif,0.299956
train,9910.tif,0.338917
train,9911.tif,0.332121
train,9912.tif,0.345392
train,9913.tif,0.356099
train,9914.tif,0.285139
train,9915.tif,0.290657
train,9916.tif,0.364201
train,9917.tif,0.340953
train,9918.tif,0.281764
train,9919.tif,0.386223
train,992.tif,0.336882
train,9920.tif,0.404849
train,9921.tif,0.385822
train,9922.tif,0.279469
train,9923.tif,0.299112
train,9924.tif,0.370978
train,9925.tif,0.420297
train,9926.tif,0.361481
train,9927.tif,0.29918
train,9928.tif,0.57696
train,9929.tif,0.163007
train,993.tif,0.425356
train,9930.tif,0.393321
train,9931.tif,0.407784
train,9932.tif,0.274878
train,9933.tif,0.37923
train,9934.tif,0.258616
train,9935.tif,0.438677
train,9936.tif,0.371776
train,9937.tif,0.385027
train,9938.tif,0.385186
train,9939.tif,0.29356
train,994.tif,0.473194
train,9940.tif,0.367421
train,9941.tif,0.347472
train,9942.tif,0.348941
train,9943.tif,0.33429
train,9944.tif,0.411258
train,9945.tif,0.43748
train,9946.tif,0.32215
train,9947.tif,0.342057
train,9948.tif,0.447163
train,9949.tif,0.417212
train,995.tif,0.382702
train,9950.tif,0.433183
train,9951.tif,0.390814
train,9952.tif,0.300535
train,9953.tif,0.368102
train,9954.tif,0.408289
train,9955.tif,0.425577
train,9956.tif,0.374026
train,9957.tif,0.204029
train,9958.tif,0.404049
train,9959.tif,0.375795
train,996.tif,0.368666
train,9960.tif,0.384715
train,9961.tif,0.402999
train,9962.tif,0.274945
train,9963.tif,0.368265
train,9964.tif,0.381548
train,9965.tif,0.314923
train,9966.tif,0.349796
train,9967.tif,0.358239
train,9968.tif,0.312024
train,9969.tif,0.406707
train,997.tif,0.385491
train,9970.tif,0.391977
train,9971.tif,0.289847
train,9972.tif,0.435465
train,9973.tif,0.417362
train,9974.tif,0.351301
train,9975.tif,0.379957
train,9976.tif,0.248946
train,9977.tif,0.308033
train,9978.tif,0.418341
train,9979.tif,0.362629
train,998.tif,0.365078
train,9980.tif,0.414438
train,9981.tif,0.309595
train,9982.tif,0.379566
train,9983.tif,0.342332
train,9984.tif,0.355742
train,9985.tif,0.373368
train,9986.tif,0.245499
train,9987.tif,0.322983
train,9988.tif,0.331461
train,9989.tif,0.371273
train,999.tif,0.370382
train,9990.tif,0.384936
train,9991.tif,0.294655
train,9992.tif,0.271702
train,9993.tif,0.350414
train,9994.tif,0.340446
train,9995.tif,0.343184
train,9996.tif,0.401759
train,9997.tif,0.459928
train,9998.tif,0.31889
train,9999.tif,0.339064
val,0.tif,0.419633
val,1.tif,0.341061
val,10.tif,0.511545
val,100.tif,0.408145
val,1000.tif,0.359664
val,1001.tif,0.263756
val,1002.tif,0.274702
val,1003.tif,0.437392
val,1004.tif,0.355071
val,1005.tif,0.275983
val,1006.tif,0.351866
val,1007.tif,0.320899
val,1008.tif,0.433889
val,1009.tif,0.362511
val,101.tif,0.386072
val,1010.tif,0.425516
val,1011.tif,0.345245
val,1012.tif,0.392877
val,1013.tif,0.429263
val,1014.tif,0.348166
val,1015.tif,0.380641
val,1016.tif,0.331627
val,1017.tif,0.30849
val,1018.tif,0.400936
val,1019.tif,0.294729
val,102.tif,0.365409
val,1020.tif,0.334138
val,1021.tif,0.43866
val,1022.tif,0.33028
val,1023.tif,0.345368
val,1024.tif,0.410894
val,1025.tif,0.412566
val,1026.tif,0.334736
val,1027.tif,0.335226
val,1028.tif,0.398009
val,1029.tif,0.376335
val,103.tif,0.450497
val,1030.tif,0.29002
val,1031.tif,0.332987
val,1032.tif,0.400044
val,1033.tif,0.370372
val,1034.tif,0.356254
val,1035.tif,0.316859
val,1036.tif,0.282254
val,1037.tif,0.370805
val,1038.tif,0.401097
val,1039.tif,0.283503
val,104.tif,0.352696
val,1040.tif,0.274169
val,1041.tif,0.330174
val,1042.tif,0.405609
val,1043.tif,0.361671
val,1044.tif,0.351508
val,1045.tif,0.332211
val,1046.tif,0.329766
val,1047.tif,0.344686
val,1048.tif,0.251208
val,1049.tif,0.378432
val,105.tif,0.385002
val,1050.tif,0.36706
val,1051.tif,0.384602
val,1052.tif,0.330139
val,1053.tif,0.288369
val,1054.tif,0.370586
val,1055.tif,0.389352
val,1056.tif,0.448145
val,1057.tif,0.262966
val,1058.tif,0.346781
val,1059.tif,0.451778
val,106.tif,0.343375
val,1060.tif,0.431941
val,1061.tif,0.390684
val,1062.tif,0.391939
val,1063.tif,0.421004
val,1064.tif,0.364173
val,1065.tif,0.370062
val,1066.tif,0.251049
val,1067.tif,0.439351
val,1068.tif,0.273959
val,1069.tif,0.315034
val,107.tif,0.397159
val,1070.tif,0.385635
val,1071.tif,0.385489
val,1072.tif,0.357533
val,1073.tif,0.38907
val,1074.tif,0.359499
val,1075.tif,0.329046
val,1076.tif,0.347285
val,1077.tif,0.40401
val,1078.tif,0.333394
val,1079.tif,0.347023
val,108.tif,0.374179
val,1080.tif,0.331306
val,1081.tif,0.402155
val,1082.tif,0.305673
val,1083.tif,0.379185
val,1084.tif,0.511197
val,1085.tif,0.463607
val,1086.tif,0.38744
val,1087.tif,0.338228
val,1088.tif,0.317533
val,1089.tif,0.298291
val,109.tif,0.35627
val,1090.tif,0.326913
val,1091.tif,0.395692
val,1092.tif,0.475413
val,1093.tif,0.401072
val,1094.tif,0.461825
val,1095.tif,0.395281
val,1096.tif,0.34301
val,1097.tif,0.403336
val,1098.tif,0.334312
val,1099.tif,0.35921
val,11.tif,0.34227
val,110.tif,0.308087
val,1100.tif,0.379129
val,1101.tif,0.424697
val,1102.tif,0.325989
val,1103.tif,0.350632
val,1104.tif,0.345796
val,1105.tif,0.298202
val,1106.tif,0.399018
val,1107.tif,0.359836
val,1108.tif,0.433092
val,1109.tif,0.338828
val,111.tif,0.418938
val,1110.tif,0.378176
val,1111.tif,0.424056
val,1112.tif,0.376838
val,1113.tif,0.367365
val,1114.tif,0.418615
val,1115.tif,0.32255
val,1116.tif,0.369868
val,1117.tif,0.29303
val,1118.tif,0.234025
val,1119.tif,0.397451
val,112.tif,0.350558
val,1120.tif,0.376238
val,1121.tif,0.352746
val,1122.tif,0.392257
val,1123.tif,0.32473
val,1124.tif,0.400254
val,1125.tif,0.344348
val,1126.tif,0.379015
val,1127.tif,0.257376
val,1128.tif,0.365556
val,1129.tif,0.370531
val,113.tif,0.356936
val,1130.tif,0.390595
val,1131.tif,0.488217
val,1132.tif,0.331641
val,1133.tif,0.406837
val,1134.tif,0.397956
val,1135.tif,0.34129
val,1136.tif,0.376551
val,1137.tif,0.361951
val,1138.tif,0.320889
val,1139.tif,0.382046
val,114.tif,0.386899
val,1140.tif,0.343416
val,1141.tif,0.35294
val,1142.tif,0.427727
val,1143.tif,0.348506
val,1144.tif,0.349491
val,1145.tif,0.338479
val,1146.tif,0.33294
val,1147.tif,0.388368
val,1148.tif,0.363867
val,1149.tif,0.324621
val,115.tif,0.350211
val,1150.tif,0.330794
val,1151.tif,0.435333
val,1152.tif,0.354138
val,1153.tif,0.343376
val,1154.tif,0.371446
val,1155.tif,0.304406
val,1156.tif,0.441429
val,1157.tif,0.379058
val,1158.tif,0.354181
val,1159.tif,0.35045
val,116.tif,0.393396
val,1160.tif,0.332857
val,1161.tif,0.343521
val,1162.tif,0.376401
val,1163.tif,0.334364
val,1164.tif,0.402808
val,1165.tif,0.358107
val,1166.tif,0.445423
val,1167.tif,0.384345
val,1168.tif,0.343026
val,1169.tif,0.327048
val,117.tif,0.386668
val,1170.tif,0.323605
val,1171.tif,0.385981
val,1172.tif,0.345705
val,1173.tif,0.374959
val,1174.tif,0.410543
val,1175.tif,0.338662
val,1176.tif,0.386412
val,1177.tif,0.322166
val,1178.tif,0.399908
val,1179.tif,0.352965
val,118.tif,0.381494
val,1180.tif,0.462453
val,1181.tif,0.276053
val,1182.tif,0.332253
val,1183.tif,0.331938
val,1184.tif,0.32596
val,1185.tif,0.379011
val,1186.tif,0.435764
val,1187.tif,0.357643
val,1188.tif,0.373588
val,1189.tif,0.348812
val,119.tif,0.389341
val,1190.tif,0.403208
val,1191.tif,0.348947
val,1192.tif,0.404026
val,1193.tif,0.366605
val,1194.tif,0.424205
val,1195.tif,0.446055
val,1196.tif,0.378355
val,1197.tif,0.331611
val,1198.tif,0.355046
val,1199.tif,0.245341
val,12.tif,0.46422
val,120.tif,0.385604
val,1200.tif,0.390309
val,1201.tif,0.334135
val,1202.tif,0.496246
val,1203.tif,0.336791
val,1204.tif,0.357822
val,1205.tif,0.385271
val,1206.tif,0.371862
val,1207.tif,0.395281
val,1208.tif,0.437559
val,1209.tif,0.415509
val,121.tif,0.340576
val,1210.tif,0.403733
val,1211.tif,0.341036
val,1212.tif,0.348471
val,1213.tif,0.340476
val,1214.tif,0.354986
val,1215.tif,0.405646
val,1216.tif,0.420136
val,1217.tif,0.396657
val,1218.tif,0.36723
val,1219.tif,0.371315
val,122.tif,0.37065
val,1220.tif,0.385874
val,1221.tif,0.408444
val,1222.tif,0.387746
val,1223.tif,0.452349
val,1224.tif,0.361013
val,1225.tif,0.299797
val,1226.tif,0.388288
val,1227.tif,0.442717
val,1228.tif,0.35575
val,1229.tif,0.356204
val,123.tif,0.360084
val,1230.tif,0.406821
val,1231.tif,0.441443
val,1232.tif,0.403982
val,1233.tif,0.328583
val,1234.tif,0.337375
val,1235.tif,0.416707
val,1236.tif,0.450406
val,1237.tif,0.416785
val,1238.tif,0.378324
val,1239.tif,0.369187
val,124.tif,0.477617
val,1240.tif,0.396047
val,1241.tif,0.362603
val,1242.tif,0.329313
val,1243.tif,0.357464
val,1244.tif,0.291512
val,1245.tif,0.386954
val,1246.tif,0.426815
val,1247.tif,0.348056
val,1248.tif,0.282382
val,1249.tif,0.339418
val,125.tif,0.368017
val,1250.tif,0.373228
val,1251.tif,0.413132
val,1252.tif,0.370412
val,1253.tif,0.344477
val,1254.tif,0.394816
val,1255.tif,0.419303
val,1256.tif,0.347731
val,1257.tif,0.441889
val,1258.tif,0.317775
val,1259.tif,0.340066
val,126.tif,0.333569
val,1260.tif,0.388053
val,1261.tif,0.359966
val,1262.tif,0.466478
val,1263.tif,0.461328
val,1264.tif,0.367608
val,1265.tif,0.394333
val,1266.tif,0.390284
val,1267.tif,0.314604
val,1268.tif,0.345165
val,1269.tif,0.451735
val,127.tif,0.416856
val,1270.tif,0.441262
val,1271.tif,0.438682
val,1272.tif,0.310398
val,1273.tif,0.367376
val,1274.tif,0.340872
val,1275.tif,0.399816
val,1276.tif,0.290028
val,1277.tif,0.359351
val,1278.tif,0.373127
val,1279.tif,0.38157
val,128.tif,0.342987
val,1280.tif,0.347388
val,1281.tif,0.411489
val,1282.tif,0.447651
val,1283.tif,0.341741
val,1284.tif,0.380465
val,1285.tif,0.352609
val,1286.tif,0.408841
val,1287.tif,0.40485
val,1288.tif,0.369378
val,1289.tif,0.48714
val,129.tif,0.404094
val,1290.tif,0.341949
val,1291.tif,0.361236
val,1292.tif,0.341096
val,1293.tif,0.412202
val,1294.tif,0.375471
val,1295.tif,0.353279
val,1296.tif,0.415942
val,1297.tif,0.396938
val,1298.tif,0.377228
val,1299.tif,0.419652
val,13.tif,0.373322
val,130.tif,0.27942
val,1300.tif,0.385528
val,1301.tif,0.391793
val,1302.tif,0.345735
val,1303.tif,0.349212
val,1304.tif,0.368217
val,1305.tif,0.313488
val,1306.tif,0.397869
val,1307.tif,0.353848
val,1308.tif,0.383074
val,1309.tif,0.353732
val,131.tif,0.418786
val,1310.tif,0.376675
val,1311.tif,0.384988
val,1312.tif,0.498393
val,1313.tif,0.426785
val,1314.tif,0.439841
val,1315.tif,0.435526
val,1316.tif,0.37218
val,1317.tif,0.338265
val,1318.tif,0.327813
val,1319.tif,0.36005
val,132.tif,0.364811
val,1320.tif,0.407752
val,1321.tif,0.385052
val,1322.tif,0.37322
val,1323.tif,0.353903
val,1324.tif,0.313129
val,1325.tif,0.271264
val,1326.tif,0.366483
val,1327.tif,0.381788
val,1328.tif,0.368823
val,1329.tif,0.372044
val,133.tif,0.330501
val,1330.tif,0.377513
val,1331.tif,0.467281
val,1332.tif,0.356352
val,1333.tif,0.44075
val,1334.tif,0.348634
val,1335.tif,0.366328
val,1336.tif,0.413284
val,1337.tif,0.359625
val,1338.tif,0.432765
val,1339.tif,0.359646
val,134.tif,0.366183
val,1340.tif,0.350732
val,1341.tif,0.342481
val,1342.tif,0.376769
val,1343.tif,0.345828
val,1344.tif,0.386551
val,1345.tif,0.424409
val,1346.tif,0.385015
val,1347.tif,0.342876
val,1348.tif,0.363467
val,1349.tif,0.363105
val,135.tif,0.36785
val,1350.tif,0.353042
val,1351.tif,0.387354
val,1352.tif,0.393543
val,1353.tif,0.417901
val,1354.tif,0.423589
val,1355.tif,0.426217
val,1356.tif,0.350796
val,1357.tif,0.382253
val,1358.tif,0.404319
val,1359.tif,0.403159
val,136.tif,0.411639
val,1360.tif,0.373187
val,1361.tif,0.337958
val,1362.tif,0.410193
val,1363.tif,0.29667
val,1364.tif,0.318818
val,1365.tif,0.397345
val,1366.tif,0.35876
val,1367.tif,0.384828
val,1368.tif,0.377992
val,1369.tif,0.469206
val,137.tif,0.393426
val,1370.tif,0.377053
val,1371.tif,0.448905
val,1372.tif,0.405872
val,1373.tif,0.411417
val,1374.tif,0.360122
val,1375.tif,0.41465
val,1376.tif,0.416839
val,1377.tif,0.393435
val,1378.tif,0.313898
val,1379.tif,0.431203
val,138.tif,0.275835
val,1380.tif,0.344144
val,1381.tif,0.391292
val,1382.tif,0.316198
val,1383.tif,0.3317
val,1384.tif,0.371697
val,1385.tif,0.350812
val,1386.tif,0.371773
val,1387.tif,0.513439
val,1388.tif,0.374949
val,1389.tif,0.218887
val,139.tif,0.423067
val,1390.tif,0.367877
val,1391.tif,0.440056
val,1392.tif,0.387229
val,1393.tif,0.369697
val,1394.tif,0.378184
val,1395.tif,0.366504
val,1396.tif,0.364342
val,1397.tif,0.39202
val,1398.tif,0.338705
val,1399.tif,0.442034
val,14.tif,0.407671
val,140.tif,0.337808
val,1400.tif,0.386566
val,1401.tif,0.381709
val,1402.tif,0.487265
val,1403.tif,0.358522
val,1404.tif,0.374901
val,1405.tif,0.421592
val,1406.tif,0.375496
val,1407.tif,0.361207
val,1408.tif,0.35235
val,1409.tif,0.420289
val,141.tif,0.327313
val,1410.tif,0.40574
val,1411.tif,0.400044
val,1412.tif,0.441098
val,1413.tif,0.416177
val,1414.tif,0.484902
val,1415.tif,0.406816
val,1416.tif,0.398105
val,1417.tif,0.365089
val,1418.tif,0.398568
val,1419.tif,0.349605
val,142.tif,0.340816
val,1420.tif,0.387947
val,1421.tif,0.346912
val,1422.tif,0.370961
val,1423.tif,0.399438
val,1424.tif,0.350726
val,1425.tif,0.380977
val,1426.tif,0.398205
val,1427.tif,0.407357
val,1428.tif,0.347203
val,1429.tif,0.412851
val,143.tif,0.407904
val,1430.tif,0.433271
val,1431.tif,0.399164
val,1432.tif,0.398641
val,1433.tif,0.425824
val,1434.tif,0.409596
val,1435.tif,0.346774
val,1436.tif,0.35936
val,1437.tif,0.402687
val,1438.tif,0.347022
val,1439.tif,0.356854
val,144.tif,0.359856
val,1440.tif,0.444636
val,1441.tif,0.348696
val,1442.tif,0.361319
val,1443.tif,0.373258
val,1444.tif,0.365901
val,1445.tif,0.385992
val,1446.tif,0.343129
val,1447.tif,0.400016
val,1448.tif,0.369762
val,1449.tif,0.387187
val,145.tif,0.370354
val,1450.tif,0.354422
val,1451.tif,0.383318
val,1452.tif,0.40297
val,1453.tif,0.368346
val,1454.tif,0.380889
val,1455.tif,0.337966
val,1456.tif,0.319938
val,1457.tif,0.382615
val,1458.tif,0.421137
val,1459.tif,0.355593
val,146.tif,0.339255
val,1460.tif,0.346036
val,1461.tif,0.320704
val,1462.tif,0.417807
val,1463.tif,0.366169
val,1464.tif,0.366982
val,1465.tif,0.377682
val,1466.tif,0.373216
val,1467.tif,0.359837
val,1468.tif,0.324474
val,1469.tif,0.377798
val,147.tif,0.374755
val,1470.tif,0.388935
val,1471.tif,0.328486
val,1472.tif,0.393458
val,1473.tif,0.407172
val,1474.tif,0.327051
val,1475.tif,0.331863
val,1476.tif,0.345897
val,1477.tif,0.365118
val,1478.tif,0.34375
val,1479.tif,0.335866
val,148.tif,0.321839
val,1480.tif,0.329419
val,1481.tif,0.376906
val,1482.tif,0.344368
val,1483.tif,0.366417
val,1484.tif,0.354229
val,1485.tif,0.286502
val,1486.tif,0.41056
val,1487.tif,0.367138
val,1488.tif,0.441213
val,1489.tif,0.325759
val,149.tif,0.354936
val,1490.tif,0.3678
val,1491.tif,0.359083
val,1492.tif,0.405137
val,1493.tif,0.439932
val,1494.tif,0.39043
val,1495.tif,0.388084
val,1496.tif,0.328701
val,1497.tif,0.339279
val,1498.tif,0.396556
val,1499.tif,0.39524
val,15.tif,0.349761
val,150.tif,0.310696
val,1500.tif,0.343647
val,1501.tif,0.361387
val,1502.tif,0.425559
val,1503.tif,0.41391
val,1504.tif,0.355744
val,1505.tif,0.396647
val,1506.tif,0.350853
val,1507.tif,0.369486
val,1508.tif,0.377523
val,1509.tif,0.396982
val,151.tif,0.330193
val,1510.tif,0.421758
val,1511.tif,0.389467
val,1512.tif,0.366051
val,1513.tif,0.33339
val,1514.tif,0.31159
val,1515.tif,0.345196
val,1516.tif,0.442884
val,1517.tif,0.402753
val,1518.tif,0.343549
val,1519.tif,0.348339
val,152.tif,0.348736
val,1520.tif,0.401804
val,1521.tif,0.382936
val,1522.tif,0.452127
val,1523.tif,0.37414
val,1524.tif,0.353205
val,1525.tif,0.36583
val,1526.tif,0.362356
val,1527.tif,0.371397
val,1528.tif,0.353378
val,1529.tif,0.41508
val,153.tif,0.309532
val,1530.tif,0.326437
val,1531.tif,0.462559
val,1532.tif,0.362823
val,1533.tif,0.364891
val,1534.tif,0.332996
val,1535.tif,0.307985
val,1536.tif,0.380113
val,1537.tif,0.36095
val,1538.tif,0.370373
val,1539.tif,0.360002
val,154.tif,0.286518
val,1540.tif,0.346296
val,1541.tif,0.447147
val,1542.tif,0.367469
val,1543.tif,0.339246
val,1544.tif,0.351013
val,1545.tif,0.348305
val,1546.tif,0.32927
val,1547.tif,0.367658
val,1548.tif,0.370718
val,1549.tif,0.359729
val,155.tif,0.300182
val,1550.tif,0.396663
val,1551.tif,0.360547
val,1552.tif,0.359386
val,1553.tif,0.382073
val,1554.tif,0.373575
val,1555.tif,0.38709
val,1556.tif,0.471553
val,1557.tif,0.416954
val,1558.tif,0.3573
val,1559.tif,0.35999
val,156.tif,0.330619
val,1560.tif,0.427291
val,1561.tif,0.374724
val,1562.tif,0.38027
val,1563.tif,0.414262
val,1564.tif,0.383102
val,1565.tif,0.42084
val,1566.tif,0.355151
val,1567.tif,0.299528
val,1568.tif,0.347275
val,1569.tif,0.406908
val,157.tif,0.308475
val,1570.tif,0.426969
val,1571.tif,0.378801
val,1572.tif,0.337759
val,1573.tif,0.390152
val,1574.tif,0.466809
val,1575.tif,0.375836
val,1576.tif,0.354989
val,1577.tif,0.41115
val,1578.tif,0.334817
val,1579.tif,0.39769
val,158.tif,0.397578
val,1580.tif,0.355752
val,1581.tif,0.372689
val,1582.tif,0.401237
val,1583.tif,0.382406
val,1584.tif,0.361504
val,1585.tif,0.439813
val,1586.tif,0.336146
val,1587.tif,0.35191
val,1588.tif,0.395384
val,1589.tif,0.354121
val,159.tif,0.335533
val,1590.tif,0.401715
val,1591.tif,0.371022
val,1592.tif,0.395974
val,1593.tif,0.420931
val,1594.tif,0.317499
val,1595.tif,0.395961
val,1596.tif,0.421103
val,1597.tif,0.453421
val,1598.tif,0.357298
val,1599.tif,0.398921
val,16.tif,0.376575
val,160.tif,0.442257
val,1600.tif,0.377861
val,1601.tif,0.364856
val,1602.tif,0.42058
val,1603.tif,0.392676
val,1604.tif,0.348769
val,1605.tif,0.316848
val,1606.tif,0.414395
val,1607.tif,0.330251
val,1608.tif,0.376442
val,1609.tif,0.271465
val,161.tif,0.358808
val,1610.tif,0.370252
val,1611.tif,0.334158
val,1612.tif,0.478426
val,1613.tif,0.434617
val,1614.tif,0.367254
val,1615.tif,0.388747
val,1616.tif,0.452666
val,1617.tif,0.277414
val,1618.tif,0.342099
val,1619.tif,0.2976
val,162.tif,0.38588
val,1620.tif,0.364498
val,1621.tif,0.364658
val,1622.tif,0.341445
val,1623.tif,0.36924
val,1624.tif,0.372756
val,1625.tif,0.422465
val,1626.tif,0.403553
val,1627.tif,0.46005
val,1628.tif,0.288679
val,1629.tif,0.38522
val,163.tif,0.344182
val,1630.tif,0.354633
val,1631.tif,0.38477
val,1632.tif,0.484878
val,1633.tif,0.360679
val,1634.tif,0.329623
val,1635.tif,0.402615
val,1636.tif,0.336604
val,1637.tif,0.46801
val,1638.tif,0.398494
val,1639.tif,0.339548
val,164.tif,0.391646
val,1640.tif,0.373541
val,1641.tif,0.353979
val,1642.tif,0.417627
val,1643.tif,0.345055
val,1644.tif,0.289131
val,1645.tif,0.504707
val,1646.tif,0.292861
val,1647.tif,0.274128
val,1648.tif,0.380176
val,1649.tif,0.365155
val,165.tif,0.403864
val,1650.tif,0.419974
val,1651.tif,0.290143
val,1652.tif,0.300647
val,1653.tif,0.369454
val,1654.tif,0.352282
val,1655.tif,0.298702
val,1656.tif,0.395025
val,1657.tif,0.42952
val,1658.tif,0.399469
val,1659.tif,0.396768
val,166.tif,0.356902
val,1660.tif,0.36109
val,1661.tif,0.454595
val,1662.tif,0.333545
val,1663.tif,0.371753
val,1664.tif,0.389648
val,1665.tif,0.371922
val,1666.tif,0.388924
val,1667.tif,0.403442
val,1668.tif,0.322488
val,1669.tif,0.367901
val,167.tif,0.426216
val,1670.tif,0.398359
val,1671.tif,0.461884
val,1672.tif,0.412037
val,1673.tif,0.366202
val,1674.tif,0.366749
val,1675.tif,0.31639
val,1676.tif,0.398928
val,1677.tif,0.386682
val,1678.tif,0.378492
val,1679.tif,0.418318
val,168.tif,0.339741
val,1680.tif,0.376243
val,1681.tif,0.340046
val,1682.tif,0.341165
val,1683.tif,0.378914
val,1684.tif,0.336016
val,1685.tif,0.382868
val,1686.tif,0.401525
val,1687.tif,0.341582
val,1688.tif,0.357379
val,1689.tif,0.346619
val,169.tif,0.393627
val,1690.tif,0.384237
val,1691.tif,0.361479
val,1692.tif,0.377367
val,1693.tif,0.37484
val,1694.tif,0.360618
val,1695.tif,0.443016
val,1696.tif,0.36949
val,1697.tif,0.431239
val,1698.tif,0.313312
val,1699.tif,0.361974
val,17.tif,0.352219
val,170.tif,0.371591
val,1700.tif,0.346522
val,1701.tif,0.258392
val,1702.tif,0.342739
val,1703.tif,0.418858
val,1704.tif,0.35292
val,1705.tif,0.324536
val,1706.tif,0.315192
val,1707.tif,0.354127
val,1708.tif,0.373258
val,1709.tif,0.364365
val,171.tif,0.351571
val,1710.tif,0.326902
val,1711.tif,0.328875
val,1712.tif,0.422769
val,1713.tif,0.334192
val,1714.tif,0.395176
val,1715.tif,0.365898
val,1716.tif,0.415333
val,1717.tif,0.361485
val,1718.tif,0.366794
val,1719.tif,0.361969
val,172.tif,0.360497
val,1720.tif,0.352665
val,1721.tif,0.391726
val,1722.tif,0.387849
val,1723.tif,0.326041
val,1724.tif,0.399983
val,1725.tif,0.384188
val,1726.tif,0.435649
val,1727.tif,0.400473
val,1728.tif,0.43175
val,1729.tif,0.359671
val,173.tif,0.44351
val,1730.tif,0.33622
val,1731.tif,0.34962
val,1732.tif,0.37302
val,1733.tif,0.390464
val,1734.tif,0.348814
val,1735.tif,0.2642
val,1736.tif,0.338834
val,1737.tif,0.388332
val,1738.tif,0.372632
val,1739.tif,0.460741
val,174.tif,0.499342
val,1740.tif,0.281846
val,1741.tif,0.329011
val,1742.tif,0.321122
val,1743.tif,0.386308
val,1744.tif,0.395964
val,1745.tif,0.421372
val,1746.tif,0.416434
val,1747.tif,0.292597
val,1748.tif,0.352747
val,1749.tif,0.394326
val,175.tif,0.372216
val,1750.tif,0.320225
val,1751.tif,0.442025
val,1752.tif,0.339999
val,1753.tif,0.457532
val,1754.tif,0.372072
val,1755.tif,0.41074
val,1756.tif,0.406619
val,1757.tif,0.326024
val,1758.tif,0.597768
val,1759.tif,0.402724
val,176.tif,0.34836
val,1760.tif,0.512773
val,1761.tif,0.412752
val,1762.tif,0.467185
val,1763.tif,0.411469
val,1764.tif,0.398421
val,1765.tif,0.372114
val,1766.tif,0.340998
val,1767.tif,0.452746
val,1768.tif,0.356105
val,1769.tif,0.311175
val,177.tif,0.320899
val,1770.tif,0.374221
val,1771.tif,0.42818
val,1772.tif,0.372675
val,1773.tif,0.371222
val,1774.tif,0.433811
val,1775.tif,0.347928
val,1776.tif,0.395174
val,1777.tif,0.403262
val,1778.tif,0.294454
val,1779.tif,0.476868
val,178.tif,0.340114
val,1780.tif,0.340802
val,1781.tif,0.412891
val,1782.tif,0.365557
val,1783.tif,0.409456
val,1784.tif,0.347966
val,1785.tif,0.418802
val,1786.tif,0.298729
val,1787.tif,0.333424
val,1788.tif,0.402333
val,1789.tif,0.347508
val,179.tif,0.397044
val,1790.tif,0.350799
val,1791.tif,0.370427
val,1792.tif,0.315441
val,1793.tif,0.501783
val,1794.tif,0.371011
val,1795.tif,0.369138
val,1796.tif,0.360708
val,1797.tif,0.391219
val,1798.tif,0.333133
val,1799.tif,0.333566
val,18.tif,0.371743
val,180.tif,0.445794
val,1800.tif,0.25783
val,1801.tif,0.380604
val,1802.tif,0.382495
val,1803.tif,0.414147
val,1804.tif,0.440247
val,1805.tif,0.404126
val,1806.tif,0.341679
val,1807.tif,0.384889
val,1808.tif,0.417174
val,1809.tif,0.370926
val,181.tif,0.412586
val,1810.tif,0.397637
val,1811.tif,0.4285
val,1812.tif,0.379128
val,1813.tif,0.359309
val,1814.tif,0.361587
val,1815.tif,0.322567
val,1816.tif,0.337473
val,1817.tif,0.31447
val,1818.tif,0.440529
val,1819.tif,0.403062
val,182.tif,0.318872
val,1820.tif,0.361711
val,1821.tif,0.366607
val,1822.tif,0.416231
val,1823.tif,0.369501
val,1824.tif,0.356007
val,1825.tif,0.306014
val,1826.tif,0.3348
val,1827.tif,0.456736
val,1828.tif,0.407982
val,1829.tif,0.43963
val,183.tif,0.297285
val,1830.tif,0.308639
val,1831.tif,0.326803
val,1832.tif,0.316241
val,1833.tif,0.348063
val,1834.tif,0.407331
val,1835.tif,0.395586
val,1836.tif,0.359841
val,1837.tif,0.352031
val,1838.tif,0.440244
val,1839.tif,0.435776
val,184.tif,0.426148
val,1840.tif,0.380316
val,1841.tif,0.304742
val,1842.tif,0.367566
val,1843.tif,0.30229
val,1844.tif,0.291409
val,1845.tif,0.401855
val,1846.tif,0.333025
val,1847.tif,0.413779
val,1848.tif,0.309269
val,1849.tif,0.395567
val,185.tif,0.376877
val,1850.tif,0.351187
val,1851.tif,0.347804
val,1852.tif,0.460086
val,1853.tif,0.335117
val,1854.tif,0.318441
val,1855.tif,0.413082
val,1856.tif,0.375567
val,1857.tif,0.342678
val,1858.tif,0.238467
val,1859.tif,0.366917
val,186.tif,0.345583
val,1860.tif,0.399299
val,1861.tif,0.39753
val,1862.tif,0.343103
val,1863.tif,0.365422
val,1864.tif,0.387705
val,1865.tif,0.417666
val,1866.tif,0.387326
val,1867.tif,0.400425
val,1868.tif,0.414035
val,1869.tif,0.422787
val,187.tif,0.388006
val,1870.tif,0.462347
val,1871.tif,0.331028
val,1872.tif,0.450294
val,1873.tif,0.350852
val,1874.tif,0.318673
val,1875.tif,0.403275
val,1876.tif,0.367833
val,1877.tif,0.31728
val,1878.tif,0.470496
val,1879.tif,0.33455
val,188.tif,0.35513
val,1880.tif,0.406537
val,1881.tif,0.475063
val,1882.tif,0.313517
val,1883.tif,0.344014
val,1884.tif,0.322829
val,1885.tif,0.326888
val,1886.tif,0.332687
val,1887.tif,0.305774
val,1888.tif,0.326773
val,1889.tif,0.338686
val,189.tif,0.433196
val,1890.tif,0.304274
val,1891.tif,0.381976
val,1892.tif,0.436445
val,1893.tif,0.29695
val,1894.tif,0.393175
val,1895.tif,0.359597
val,1896.tif,0.326961
val,1897.tif,0.355793
val,1898.tif,0.328733
val,1899.tif,0.301035
val,19.tif,0.496075
val,190.tif,0.390422
val,1900.tif,0.364202
val,1901.tif,0.346638
val,1902.tif,0.380323
val,1903.tif,0.35423
val,1904.tif,0.36841
val,1905.tif,0.357929
val,1906.tif,0.36044
val,1907.tif,0.315226
val,1908.tif,0.313596
val,1909.tif,0.276971
val,191.tif,0.411043
val,1910.tif,0.305124
val,1911.tif,0.362039
val,1912.tif,0.332476
val,1913.tif,0.32388
val,1914.tif,0.316106
val,1915.tif,0.411657
val,1916.tif,0.363109
val,1917.tif,0.270892
val,1918.tif,0.307972
val,1919.tif,0.349708
val,192.tif,0.435852
val,1920.tif,0.351426
val,1921.tif,0.329294
val,1922.tif,0.357668
val,1923.tif,0.303368
val,1924.tif,0.311992
val,1925.tif,0.410669
val,1926.tif,0.32715
val,1927.tif,0.320069
val,1928.tif,0.332335
val,1929.tif,0.286499
val,193.tif,0.440539
val,1930.tif,0.370826
val,1931.tif,0.317805
val,1932.tif,0.338403
val,1933.tif,0.397966
val,1934.tif,0.318079
val,1935.tif,0.366761
val,1936.tif,0.277811
val,1937.tif,0.34064
val,1938.tif,0.304412
val,1939.tif,0.369752
val,194.tif,0.378439
val,1940.tif,0.422141
val,1941.tif,0.337505
val,1942.tif,0.306561
val,1943.tif,0.340687
val,1944.tif,0.321438
val,1945.tif,0.376138
val,1946.tif,0.347955
val,1947.tif,0.358238
val,1948.tif,0.401283
val,1949.tif,0.350305
val,195.tif,0.335746
val,1950.tif,0.368516
val,1951.tif,0.346142
val,1952.tif,0.358189
val,1953.tif,0.346996
val,1954.tif,0.385355
val,1955.tif,0.322531
val,1956.tif,0.313902
val,1957.tif,0.393352
val,1958.tif,0.403439
val,1959.tif,0.440227
val,196.tif,0.385965
val,1960.tif,0.439958
val,1961.tif,0.281046
val,1962.tif,0.353696
val,1963.tif,0.430662
val,1964.tif,0.413372
val,1965.tif,0.297864
val,1966.tif,0.435755
val,1967.tif,0.420055
val,1968.tif,0.400842
val,1969.tif,0.317833
val,197.tif,0.424983
val,1970.tif,0.331056
val,1971.tif,0.391026
val,1972.tif,0.259242
val,1973.tif,0.395128
val,1974.tif,0.469354
val,1975.tif,0.364807
val,1976.tif,0.333086
val,1977.tif,0.32208
val,1978.tif,0.416988
val,1979.tif,0.287269
val,198.tif,0.415203
val,1980.tif,0.43695
val,1981.tif,0.33209
val,1982.tif,0.339494
val,1983.tif,0.383899
val,1984.tif,0.329485
val,1985.tif,0.315225
val,1986.tif,0.333474
val,1987.tif,0.293044
val,1988.tif,0.308756
val,1989.tif,0.363828
val,199.tif,0.398323
val,1990.tif,0.360594
val,1991.tif,0.31973
val,1992.tif,0.306017
val,1993.tif,0.281594
val,1994.tif,0.315056
val,1995.tif,0.300601
val,1996.tif,0.335687
val,1997.tif,0.313611
val,1998.tif,0.420509
val,1999.tif,0.29825
val,2.tif,0.412857
val,20.tif,0.372993
val,200.tif,0.348511
val,2000.tif,0.473766
val,2001.tif,0.456682
val,2002.tif,0.362285
val,2003.tif,0.36919
val,2004.tif,0.349053
val,2005.tif,0.314506
val,2006.tif,0.33606
val,2007.tif,0.346304
val,2008.tif,0.315122
val,2009.tif,0.31991
val,201.tif,0.403006
val,2010.tif,0.330675
val,2011.tif,0.328637
val,2012.tif,0.308692
val,2013.tif,0.340424
val,2014.tif,0.330524
val,2015.tif,0.336335
val,2016.tif,0.309038
val,2017.tif,0.411001
val,2018.tif,0.281623
val,2019.tif,0.33519
val,202.tif,0.398309
val,2020.tif,0.418694
val,2021.tif,0.358434
val,2022.tif,0.366932
val,2023.tif,0.277585
val,2024.tif,0.374892
val,2025.tif,0.295352
val,2026.tif,0.452806
val,2027.tif,0.404696
val,2028.tif,0.323904
val,2029.tif,0.321685
val,203.tif,0.404238
val,2030.tif,0.284539
val,2031.tif,0.500055
val,2032.tif,0.278049
val,2033.tif,0.33258
val,2034.tif,0.350673
val,2035.tif,0.375634
val,2036.tif,0.389561
val,2037.tif,0.338226
val,2038.tif,0.340111
val,2039.tif,0.334955
val,204.tif,0.476137
val,2040.tif,0.360519
val,2041.tif,0.264964
val,2042.tif,0.430503
val,2043.tif,0.305968
val,2044.tif,0.349997
val,2045.tif,0.259557
val,2046.tif,0.329149
val,2047.tif,0.384719
val,2048.tif,0.362789
val,2049.tif,0.362489
val,205.tif,0.357984
val,2050.tif,0.324036
val,2051.tif,0.363784
val,2052.tif,0.352743
val,2053.tif,0.316988
val,2054.tif,0.35029
val,2055.tif,0.40395
val,2056.tif,0.316896
val,2057.tif,0.30371
val,2058.tif,0.329909
val,2059.tif,0.395057
val,206.tif,0.364513
val,2060.tif,0.285803
val,2061.tif,0.346898
val,2062.tif,0.293303
val,2063.tif,0.392922
val,2064.tif,0.400976
val,2065.tif,0.288059
val,2066.tif,0.323386
val,2067.tif,0.38968
val,2068.tif,0.431816
val,2069.tif,0.441989
val,207.tif,0.394996
val,2070.tif,0.316314
val,2071.tif,0.30105
val,2072.tif,0.352118
val,2073.tif,0.336708
val,2074.tif,0.373158
val,2075.tif,0.338461
val,2076.tif,0.310352
val,2077.tif,0.288286
val,2078.tif,0.412842
val,2079.tif,0.34339
val,208.tif,0.359364
val,2080.tif,0.32732
val,2081.tif,0.280138
val,2082.tif,0.301155
val,2083.tif,0.320436
val,2084.tif,0.338053
val,2085.tif,0.307479
val,2086.tif,0.300805
val,2087.tif,0.308341
val,2088.tif,0.422537
val,2089.tif,0.361489
val,209.tif,0.36207
val,2090.tif,0.399564
val,2091.tif,0.32798
val,2092.tif,0.311819
val,2093.tif,0.278177
val,2094.tif,0.297965
val,2095.tif,0.376444
val,2096.tif,0.324137
val,2097.tif,0.348188
val,2098.tif,0.351828
val,2099.tif,0.407908
val,21.tif,0.319628
val,210.tif,0.366907
val,2100.tif,0.324705
val,2101.tif,0.348191
val,2102.tif,0.366653
val,2103.tif,0.314435
val,2104.tif,0.278902
val,2105.tif,0.430303
val,2106.tif,0.29579
val,2107.tif,0.334605
val,2108.tif,0.317534
val,2109.tif,0.345005
val,211.tif,0.360015
val,2110.tif,0.340484
val,2111.tif,0.33493
val,2112.tif,0.375522
val,2113.tif,0.307331
val,2114.tif,0.31461
val,2115.tif,0.4183
val,2116.tif,0.282038
val,2117.tif,0.376367
val,2118.tif,0.287132
val,2119.tif,0.32711
val,212.tif,0.358205
val,2120.tif,0.34156
val,2121.tif,0.276107
val,2122.tif,0.270275
val,2123.tif,0.314572
val,2124.tif,0.301407
val,2125.tif,0.231402
val,2126.tif,0.325364
val,2127.tif,0.395148
val,2128.tif,0.336838
val,2129.tif,0.358703
val,213.tif,0.389526
val,2130.tif,0.34335
val,2131.tif,0.262897
val,2132.tif,0.28846
val,2133.tif,0.321039
val,2134.tif,0.348305
val,2135.tif,0.290654
val,2136.tif,0.282391
val,2137.tif,0.320718
val,2138.tif,0.372272
val,2139.tif,0.348518
val,214.tif,0.33276
val,2140.tif,0.419251
val,2141.tif,0.482753
val,2142.tif,0.324063
val,2143.tif,0.326017
val,2144.tif,0.379087
val,2145.tif,0.337205
val,2146.tif,0.358593
val,2147.tif,0.406181
val,2148.tif,0.302003
val,2149.tif,0.431175
val,215.tif,0.33303
val,2150.tif,0.372231
val,2151.tif,0.386787
val,2152.tif,0.375404
val,2153.tif,0.280756
val,2154.tif,0.312709
val,2155.tif,0.310177
val,2156.tif,0.348947
val,2157.tif,0.368416
val,2158.tif,0.290643
val,2159.tif,0.325074
val,216.tif,0.36099
val,2160.tif,0.296251
val,2161.tif,0.275036
val,2162.tif,0.39116
val,2163.tif,0.348252
val,2164.tif,0.445576
val,2165.tif,0.401728
val,2166.tif,0.384427
val,2167.tif,0.326671
val,2168.tif,0.398973
val,2169.tif,0.36323
val,217.tif,0.391632
val,2170.tif,0.423642
val,2171.tif,0.379062
val,2172.tif,0.312019
val,2173.tif,0.326109
val,2174.tif,0.398494
val,2175.tif,0.655586
val,2176.tif,0.386278
val,2177.tif,0.29517
val,2178.tif,0.276188
val,2179.tif,0.322103
val,218.tif,0.352052
val,2180.tif,0.330281
val,2181.tif,0.27251
val,2182.tif,0.302148
val,2183.tif,0.356218
val,2184.tif,0.318963
val,2185.tif,0.352792
val,2186.tif,0.388638
val,2187.tif,0.299469
val,2188.tif,0.309012
val,2189.tif,0.278487
val,219.tif,0.367188
val,2190.tif,0.314071
val,2191.tif,0.326827
val,2192.tif,0.290548
val,2193.tif,0.342304
val,2194.tif,0.354143
val,2195.tif,0.394271
val,2196.tif,0.278941
val,2197.tif,0.348153
val,2198.tif,0.331416
val,2199.tif,0.282503
val,22.tif,0.408562
val,220.tif,0.399638
val,2200.tif,0.274239
val,2201.tif,0.395857
val,2202.tif,0.345442
val,2203.tif,0.269824
val,2204.tif,0.354932
val,2205.tif,0.39074
val,2206.tif,0.295413
val,2207.tif,0.302184
val,2208.tif,0.316512
val,2209.tif,0.640458
val,221.tif,0.360254
val,2210.tif,0.418601
val,2211.tif,0.435411
val,2212.tif,0.302963
val,2213.tif,0.303111
val,2214.tif,0.330734
val,2215.tif,0.386143
val,2216.tif,0.346056
val,2217.tif,0.334377
val,2218.tif,0.345163
val,2219.tif,0.361723
val,222.tif,0.34238
val,2220.tif,0.347489
val,2221.tif,0.344869
val,2222.tif,0.504109
val,2223.tif,0.288729
val,2224.tif,0.338484
val,2225.tif,0.333425
val,2226.tif,0.337102
val,2227.tif,0.344724
val,2228.tif,0.288647
val,2229.tif,0.33306
val,223.tif,0.353305
val,2230.tif,0.301664
val,2231.tif,0.442314
val,2232.tif,0.303293
val,2233.tif,0.341874
val,2234.tif,0.322546
val,2235.tif,0.369923
val,2236.tif,0.336183
val,2237.tif,0.318923
val,2238.tif,0.27905
val,2239.tif,0.316906
val,224.tif,0.368521
val,2240.tif,0.34725
val,2241.tif,0.328432
val,2242.tif,0.357562
val,2243.tif,0.379647
val,2244.tif,0.364805
val,2245.tif,0.40807
val,2246.tif,0.373927
val,2247.tif,0.264312
val,2248.tif,0.314864
val,2249.tif,0.402478
val,225.tif,0.339458
val,2250.tif,0.30174
val,2251.tif,0.333143
val,2252.tif,0.271928
val,2253.tif,0.262736
val,2254.tif,0.366999
val,2255.tif,0.26522
val,2256.tif,0.322828
val,2257.tif,0.304008
val,2258.tif,0.277034
val,2259.tif,0.392189
val,226.tif,0.310902
val,2260.tif,0.287232
val,2261.tif,0.357225
val,2262.tif,0.286889
val,2263.tif,0.265275
val,2264.tif,0.29872
val,2265.tif,0.259099
val,2266.tif,0.271966
val,2267.tif,0.40194
val,2268.tif,0.314576
val,2269.tif,0.409041
val,227.tif,0.357284
val,2270.tif,0.381143
val,2271.tif,0.376679
val,2272.tif,0.37542
val,2273.tif,0.366246
val,2274.tif,0.355949
val,2275.tif,0.327911
val,2276.tif,0.323673
val,2277.tif,0.282172
val,2278.tif,0.311872
val,2279.tif,0.330512
val,228.tif,0.409664
val,2280.tif,0.307253
val,2281.tif,0.278915
val,2282.tif,0.287598
val,2283.tif,0.352519
val,2284.tif,0.293553
val,2285.tif,0.355144
val,2286.tif,0.403219
val,2287.tif,0.297557
val,2288.tif,0.317153
val,2289.tif,0.354937
val,229.tif,0.478399
val,2290.tif,0.259519
val,2291.tif,0.342175
val,2292.tif,0.439511
val,2293.tif,0.391538
val,2294.tif,0.320601
val,2295.tif,0.367212
val,2296.tif,0.266608
val,2297.tif,0.312698
val,2298.tif,0.341736
val,2299.tif,0.232161
val,23.tif,0.308166
val,230.tif,0.401349
val,2300.tif,0.351402
val,2301.tif,0.349861
val,2302.tif,0.241183
val,2303.tif,0.257005
val,2304.tif,0.328722
val,2305.tif,0.354396
val,2306.tif,0.416747
val,2307.tif,0.311048
val,2308.tif,0.423315
val,2309.tif,0.392417
val,231.tif,0.359482
val,2310.tif,0.362541
val,2311.tif,0.387334
val,2312.tif,0.254736
val,2313.tif,0.311028
val,2314.tif,0.317362
val,2315.tif,0.317917
val,2316.tif,0.310871
val,2317.tif,0.318324
val,2318.tif,0.287852
val,2319.tif,0.297957
val,232.tif,0.360913
val,2320.tif,0.300249
val,2321.tif,0.365296
val,2322.tif,0.360192
val,2323.tif,0.391102
val,2324.tif,0.254693
val,2325.tif,0.293946
val,2326.tif,0.282644
val,2327.tif,0.38811
val,2328.tif,0.381163
val,2329.tif,0.341341
val,233.tif,0.329976
val,2330.tif,0.353489
val,2331.tif,0.312611
val,2332.tif,0.334579
val,2333.tif,0.393787
val,2334.tif,0.29334
val,2335.tif,0.389335
val,2336.tif,0.354233
val,2337.tif,0.325703
val,2338.tif,0.342698
val,2339.tif,0.265949
val,234.tif,0.361546
val,2340.tif,0.30747
val,2341.tif,0.316162
val,2342.tif,0.335572
val,2343.tif,0.307037
val,2344.tif,0.376297
val,2345.tif,0.312948
val,2346.tif,0.352113
val,2347.tif,0.370197
val,2348.tif,0.267484
val,2349.tif,0.33097
val,235.tif,0.35207
val,2350.tif,0.369785
val,2351.tif,0.306401
val,2352.tif,0.294802
val,2353.tif,0.340501
val,2354.tif,0.327934
val,2355.tif,0.296818
val,2356.tif,0.346537
val,2357.tif,0.366856
val,2358.tif,0.279224
val,2359.tif,0.320527
val,236.tif,0.326193
val,2360.tif,0.37473
val,2361.tif,0.350511
val,2362.tif,0.31443
val,2363.tif,0.272077
val,2364.tif,0.292362
val,2365.tif,0.324607
val,2366.tif,0.341204
val,2367.tif,0.394544
val,2368.tif,0.308244
val,2369.tif,0.254096
val,237.tif,0.387995
val,2370.tif,0.313039
val,2371.tif,0.347279
val,2372.tif,0.278667
val,2373.tif,0.342082
val,2374.tif,0.411859
val,2375.tif,0.328858
val,2376.tif,0.346797
val,2377.tif,0.295606
val,2378.tif,0.433893
val,2379.tif,0.342131
val,238.tif,0.395034
val,2380.tif,0.340475
val,2381.tif,0.291896
val,2382.tif,0.33382
val,2383.tif,0.337582
val,2384.tif,0.325405
val,2385.tif,0.294733
val,2386.tif,0.307486
val,2387.tif,0.307204
val,2388.tif,0.336841
val,2389.tif,0.312983
val,239.tif,0.374848
val,2390.tif,0.420649
val,2391.tif,0.348398
val,2392.tif,0.328229
val,2393.tif,0.397552
val,2394.tif,0.37053
val,2395.tif,0.294985
val,2396.tif,0.319638
val,2397.tif,0.338038
val,2398.tif,0.331707
val,2399.tif,0.339563
val,24.tif,0.33022
val,240.tif,0.413862
val,2400.tif,0.312454
val,2401.tif,0.308432
val,2402.tif,0.28897
val,2403.tif,0.320378
val,2404.tif,0.268346
val,2405.tif,0.307128
val,2406.tif,0.320424
val,2407.tif,0.279865
val,2408.tif,0.340605
val,2409.tif,0.27273
val,241.tif,0.280522
val,2410.tif,0.291671
val,2411.tif,0.283998
val,2412.tif,0.294729
val,2413.tif,0.363995
val,2414.tif,0.44375
val,2415.tif,0.321893
val,2416.tif,0.332207
val,2417.tif,0.347585
val,2418.tif,0.271214
val,2419.tif,0.320911
val,242.tif,0.37763
val,2420.tif,0.418313
val,2421.tif,0.364209
val,2422.tif,0.302391
val,2423.tif,0.272123
val,2424.tif,0.269904
val,2425.tif,0.393635
val,2426.tif,0.320339
val,2427.tif,0.372157
val,2428.tif,0.369379
val,2429.tif,0.354075
val,243.tif,0.194382
val,2430.tif,0.321748
val,2431.tif,0.351841
val,2432.tif,0.304087
val,2433.tif,0.290999
val,2434.tif,0.365799
val,2435.tif,0.300368
val,2436.tif,0.393426
val,2437.tif,0.3207
val,2438.tif,0.410966
val,2439.tif,0.339723
val,244.tif,0.349266
val,2440.tif,0.288422
val,2441.tif,0.336943
val,2442.tif,0.396538
val,2443.tif,0.283283
val,2444.tif,0.361376
val,2445.tif,0.367477
val,2446.tif,0.339282
val,2447.tif,0.306152
val,2448.tif,0.380309
val,2449.tif,0.270242
val,245.tif,0.289195
val,2450.tif,0.315409
val,2451.tif,0.346779
val,2452.tif,0.355478
val,2453.tif,0.309349
val,2454.tif,0.314013
val,2455.tif,0.340542
val,2456.tif,0.342546
val,2457.tif,0.346044
val,2458.tif,0.267373
val,2459.tif,0.341754
val,246.tif,0.341753
val,2460.tif,0.285766
val,2461.tif,0.341824
val,2462.tif,0.343251
val,2463.tif,0.319845
val,2464.tif,0.281651
val,2465.tif,0.305044
val,2466.tif,0.332085
val,2467.tif,0.337045
val,2468.tif,0.358178
val,2469.tif,0.294559
val,247.tif,0.412777
val,2470.tif,0.20996
val,2471.tif,0.275201
val,2472.tif,0.352972
val,2473.tif,0.252635
val,2474.tif,0.450424
val,2475.tif,0.333625
val,2476.tif,0.339171
val,2477.tif,0.332604
val,2478.tif,0.317539
val,2479.tif,0.345899
val,248.tif,0.475637
val,2480.tif,0.375006
val,2481.tif,0.316218
val,2482.tif,0.324472
val,2483.tif,0.311973
val,2484.tif,0.269403
val,2485.tif,0.317589
val,2486.tif,0.327393
val,2487.tif,0.437297
val,2488.tif,0.303882
val,2489.tif,0.34067
val,249.tif,0.44585
val,2490.tif,0.344511
val,2491.tif,0.284793
val,2492.tif,0.337861
val,2493.tif,0.333395
val,2494.tif,0.275765
val,2495.tif,0.311835
val,2496.tif,0.382588
val,2497.tif,0.326047
val,2498.tif,0.322557
val,2499.tif,0.305763
val,25.tif,0.368499
val,250.tif,0.375203
val,2500.tif,0.361746
val,2501.tif,0.280369
val,2502.tif,0.379778
val,2503.tif,0.29417
val,2504.tif,0.348522
val,2505.tif,0.393527
val,2506.tif,0.293367
val,2507.tif,0.30015
val,2508.tif,0.333998
val,2509.tif,0.347466
val,251.tif,0.410023
val,2510.tif,0.306474
val,2511.tif,0.314003
val,2512.tif,0.342408
val,2513.tif,0.371567
val,2514.tif,0.281863
val,2515.tif,0.344652
val,2516.tif,0.296378
val,2517.tif,0.319197
val,2518.tif,0.332212
val,2519.tif,0.334612
val,252.tif,0.331874
val,2520.tif,0.307104
val,2521.tif,0.30937
val,2522.tif,0.317897
val,2523.tif,0.342688
val,2524.tif,0.40745
val,2525.tif,0.310632
val,2526.tif,0.350394
val,2527.tif,0.360672
val,2528.tif,0.308203
val,2529.tif,0.338983
val,253.tif,0.309862
val,2530.tif,0.274259
val,2531.tif,0.334373
val,2532.tif,0.38389
val,2533.tif,0.376628
val,2534.tif,0.301424
val,2535.tif,0.440347
val,2536.tif,0.419396
val,2537.tif,0.390075
val,2538.tif,0.354907
val,2539.tif,0.25053
val,254.tif,0.344273
val,2540.tif,0.416252
val,2541.tif,0.294405
val,2542.tif,0.317605
val,2543.tif,0.273315
val,2544.tif,0.363028
val,2545.tif,0.321664
val,2546.tif,0.306365
val,2547.tif,0.315348
val,2548.tif,0.314761
val,2549.tif,0.375722
val,255.tif,0.359515
val,2550.tif,0.337436
val,2551.tif,0.382756
val,2552.tif,0.324741
val,2553.tif,0.310155
val,2554.tif,0.365936
val,2555.tif,0.387614
val,2556.tif,0.375343
val,2557.tif,0.388001
val,2558.tif,0.293321
val,2559.tif,0.290593
val,256.tif,0.475081
val,2560.tif,0.347963
val,2561.tif,0.226236
val,2562.tif,0.300994
val,2563.tif,0.286666
val,2564.tif,0.313725
val,2565.tif,0.31574
val,2566.tif,0.341219
val,2567.tif,0.328364
val,2568.tif,0.293382
val,2569.tif,0.361398
val,257.tif,0.384864
val,2570.tif,0.330157
val,2571.tif,0.32649
val,2572.tif,0.321368
val,2573.tif,0.314278
val,2574.tif,0.35177
val,2575.tif,0.330591
val,2576.tif,0.276494
val,2577.tif,0.300995
val,2578.tif,0.253364
val,2579.tif,0.321378
val,258.tif,0.409777
val,2580.tif,0.276967
val,2581.tif,0.658649
val,2582.tif,0.269496
val,2583.tif,0.329967
val,2584.tif,0.298104
val,2585.tif,0.359752
val,2586.tif,0.356534
val,2587.tif,0.374236
val,2588.tif,0.332212
val,2589.tif,0.363318
val,259.tif,0.374249
val,2590.tif,0.275754
val,2591.tif,0.259549
val,2592.tif,0.348504
val,2593.tif,0.310035
val,2594.tif,0.30369
val,2595.tif,0.295631
val,2596.tif,0.408871
val,2597.tif,0.264501
val,2598.tif,0.345215
val,2599.tif,0.287551
val,26.tif,0.326471
val,260.tif,0.374282
val,2600.tif,0.326231
val,2601.tif,0.327444
val,2602.tif,0.342557
val,2603.tif,0.36118
val,2604.tif,0.316165
val,2605.tif,0.318984
val,2606.tif,0.293125
val,2607.tif,0.282163
val,2608.tif,0.427052
val,2609.tif,0.313462
val,261.tif,0.292232
val,2610.tif,0.325787
val,2611.tif,0.320881
val,2612.tif,0.395344
val,2613.tif,0.323534
val,2614.tif,0.30012
val,2615.tif,0.382141
val,2616.tif,0.387208
val,2617.tif,0.357543
val,2618.tif,0.245435
val,2619.tif,0.332398
val,262.tif,0.304124
val,2620.tif,0.343641
val,2621.tif,0.275739
val,2622.tif,0.277322
val,2623.tif,0.286625
val,2624.tif,0.296726
val,2625.tif,0.343818
val,2626.tif,0.400936
val,2627.tif,0.298937
val,2628.tif,0.297749
val,2629.tif,0.291408
val,263.tif,0.381591
val,2630.tif,0.349431
val,2631.tif,0.289862
val,2632.tif,0.321705
val,2633.tif,0.372061
val,2634.tif,0.292947
val,2635.tif,0.361001
val,2636.tif,0.303237
val,2637.tif,0.296977
val,2638.tif,0.272709
val,2639.tif,0.322411
val,264.tif,0.407219
val,2640.tif,0.33946
val,2641.tif,0.365109
val,2642.tif,0.296774
val,2643.tif,0.344861
val,2644.tif,0.337792
val,2645.tif,0.366453
val,2646.tif,0.336678
val,2647.tif,0.339826
val,2648.tif,0.282859
val,2649.tif,0.332405
val,265.tif,0.270112
val,2650.tif,0.304456
val,2651.tif,0.3465
val,2652.tif,0.270967
val,2653.tif,0.309641
val,2654.tif,0.311393
val,2655.tif,0.33786
val,2656.tif,0.283804
val,2657.tif,0.362177
val,2658.tif,0.303451
val,2659.tif,0.357728
val,266.tif,0.375559
val,2660.tif,0.340381
val,2661.tif,0.376035
val,2662.tif,0.31453
val,2663.tif,0.261907
val,2664.tif,0.39713
val,2665.tif,0.333153
val,2666.tif,0.413337
val,2667.tif,0.350634
val,2668.tif,0.365453
val,2669.tif,0.315492
val,267.tif,0.315313
val,2670.tif,0.343376
val,2671.tif,0.293045
val,2672.tif,0.34171
val,2673.tif,0.262174
val,2674.tif,0.250982
val,2675.tif,0.275641
val,2676.tif,0.298051
val,2677.tif,0.324531
val,2678.tif,0.378904
val,2679.tif,0.389749
val,268.tif,0.400883
val,2680.tif,0.294579
val,2681.tif,0.280811
val,2682.tif,0.295495
val,2683.tif,0.323883
val,2684.tif,0.306976
val,2685.tif,0.426214
val,2686.tif,0.320952
val,2687.tif,0.279428
val,2688.tif,0.294111
val,2689.tif,0.257014
val,269.tif,0.400965
val,2690.tif,0.280283
val,2691.tif,0.34314
val,2692.tif,0.302709
val,2693.tif,0.335363
val,2694.tif,0.28496
val,2695.tif,0.308262
val,2696.tif,0.360625
val,2697.tif,0.252597
val,2698.tif,0.392143
val,2699.tif,0.293543
val,27.tif,0.364537
val,270.tif,0.37726
val,2700.tif,0.376429
val,2701.tif,0.31982
val,2702.tif,0.261945
val,2703.tif,0.330578
val,2704.tif,0.343731
val,2705.tif,0.310093
val,2706.tif,0.293787
val,2707.tif,0.310286
val,2708.tif,0.583887
val,2709.tif,0.314081
val,271.tif,0.295296
val,2710.tif,0.398141
val,2711.tif,0.306988
val,2712.tif,0.746657
val,2713.tif,0.352102
val,2714.tif,0.337523
val,2715.tif,0.269241
val,2716.tif,0.328985
val,2717.tif,0.352155
val,2718.tif,0.354195
val,2719.tif,0.356998
val,272.tif,0.404818
val,2720.tif,0.329898
val,2721.tif,0.640992
val,2722.tif,0.316733
val,2723.tif,0.381466
val,2724.tif,0.340575
val,2725.tif,0.339903
val,2726.tif,0.325648
val,2727.tif,0.311554
val,2728.tif,0.301987
val,2729.tif,0.298521
val,273.tif,0.368407
val,2730.tif,0.421642
val,2731.tif,0.293815
val,2732.tif,0.296093
val,2733.tif,0.273767
val,2734.tif,0.312777
val,2735.tif,0.389585
val,2736.tif,0.269406
val,2737.tif,0.382492
val,2738.tif,0.338441
val,2739.tif,0.337004
val,274.tif,0.330081
val,2740.tif,0.295532
val,2741.tif,0.280826
val,2742.tif,0.305182
val,2743.tif,0.344267
val,2744.tif,0.305372
val,2745.tif,0.317185
val,2746.tif,0.332809
val,2747.tif,0.28914
val,2748.tif,0.38282
val,2749.tif,0.395119
val,275.tif,0.364253
val,2750.tif,0.362427
val,2751.tif,0.387059
val,2752.tif,0.298812
val,2753.tif,0.435254
val,2754.tif,0.322186
val,2755.tif,0.367216
val,2756.tif,0.314516
val,2757.tif,0.278316
val,2758.tif,0.380928
val,2759.tif,0.340132
val,276.tif,0.377383
val,2760.tif,0.320941
val,2761.tif,0.358427
val,2762.tif,0.315003
val,2763.tif,0.365209
val,2764.tif,0.36079
val,2765.tif,0.340334
val,2766.tif,0.37976
val,2767.tif,0.444715
val,2768.tif,0.401242
val,2769.tif,0.341805
val,277.tif,0.375512
val,2770.tif,0.44611
val,2771.tif,0.315454
val,2772.tif,0.330602
val,2773.tif,0.312921
val,2774.tif,0.29713
val,2775.tif,0.427726
val,2776.tif,0.342829
val,2777.tif,0.366116
val,2778.tif,0.481823
val,2779.tif,0.340917
val,278.tif,0.256117
val,2780.tif,0.367601
val,2781.tif,0.307686
val,2782.tif,0.369864
val,2783.tif,0.382756
val,2784.tif,0.369346
val,2785.tif,0.329296
val,2786.tif,0.398594
val,2787.tif,0.395091
val,2788.tif,0.402561
val,2789.tif,0.406218
val,279.tif,0.398302
val,2790.tif,0.439341
val,2791.tif,0.37748
val,2792.tif,0.289706
val,2793.tif,0.351239
val,2794.tif,0.404105
val,2795.tif,0.217108
val,2796.tif,0.382525
val,2797.tif,0.433058
val,2798.tif,0.420077
val,2799.tif,0.42108
val,28.tif,0.263424
val,280.tif,0.406529
val,2800.tif,0.332949
val,2801.tif,0.361115
val,2802.tif,0.448734
val,2803.tif,0.31276
val,2804.tif,0.417092
val,2805.tif,0.376831
val,2806.tif,0.289641
val,2807.tif,0.337802
val,2808.tif,0.322793
val,2809.tif,0.35653
val,281.tif,0.341858
val,2810.tif,0.316869
val,2811.tif,0.407446
val,2812.tif,0.399927
val,2813.tif,0.364314
val,2814.tif,0.345367
val,2815.tif,0.305794
val,2816.tif,0.352525
val,2817.tif,0.406084
val,2818.tif,0.33021
val,2819.tif,0.348382
val,282.tif,0.460738
val,2820.tif,0.326069
val,2821.tif,0.344849
val,2822.tif,0.289259
val,2823.tif,0.404932
val,2824.tif,0.411808
val,2825.tif,0.395616
val,2826.tif,0.279381
val,2827.tif,0.255233
val,2828.tif,0.334652
val,2829.tif,0.357508
val,283.tif,0.36108
val,2830.tif,0.356073
val,2831.tif,0.388836
val,2832.tif,0.308936
val,2833.tif,0.382207
val,2834.tif,0.344921
val,2835.tif,0.334442
val,2836.tif,0.357172
val,2837.tif,0.322505
val,2838.tif,0.328566
val,2839.tif,0.290089
val,284.tif,0.368354
val,2840.tif,0.416628
val,2841.tif,0.384689
val,2842.tif,0.32103
val,2843.tif,0.393962
val,2844.tif,0.288136
val,2845.tif,0.415106
val,2846.tif,0.291701
val,2847.tif,0.467516
val,2848.tif,0.375499
val,2849.tif,0.347741
val,285.tif,0.368286
val,2850.tif,0.390436
val,2851.tif,0.412026
val,2852.tif,0.295679
val,2853.tif,0.330908
val,2854.tif,0.359651
val,2855.tif,0.397788
val,2856.tif,0.417872
val,2857.tif,0.35248
val,2858.tif,0.386014
val,2859.tif,0.36447
val,286.tif,0.399429
val,2860.tif,0.379489
val,2861.tif,0.33879
val,2862.tif,0.369309
val,2863.tif,0.410512
val,2864.tif,0.279412
val,2865.tif,0.420527
val,2866.tif,0.40003
val,2867.tif,0.330632
val,2868.tif,0.403693
val,2869.tif,0.29577
val,287.tif,0.343567
val,2870.tif,0.310892
val,2871.tif,0.400526
val,2872.tif,0.3387
val,2873.tif,0.354631
val,2874.tif,0.369251
val,2875.tif,0.343616
val,2876.tif,0.265615
val,2877.tif,0.296359
val,2878.tif,0.377333
val,2879.tif,0.415777
val,288.tif,0.377611
val,2880.tif,0.318634
val,2881.tif,0.403362
val,2882.tif,0.304277
val,2883.tif,0.31965
val,2884.tif,0.384733
val,2885.tif,0.342573
val,2886.tif,0.408802
val,2887.tif,0.312452
val,2888.tif,0.416869
val,2889.tif,0.351097
val,289.tif,0.456592
val,2890.tif,0.466341
val,2891.tif,0.288125
val,2892.tif,0.411653
val,2893.tif,0.366828
val,2894.tif,0.362659
val,2895.tif,0.332943
val,2896.tif,0.339909
val,2897.tif,0.286229
val,2898.tif,0.26903
val,2899.tif,0.315563
val,29.tif,0.40416
val,290.tif,0.375155
val,2900.tif,0.377334
val,2901.tif,0.374622
val,2902.tif,0.274072
val,2903.tif,0.363934
val,2904.tif,0.289352
val,2905.tif,0.369937
val,2906.tif,0.27821
val,2907.tif,0.359974
val,2908.tif,0.419508
val,2909.tif,0.316728
val,291.tif,0.3782
val,2910.tif,0.313725
val,2911.tif,0.288041
val,2912.tif,0.348948
val,2913.tif,0.376528
val,2914.tif,0.40542
val,2915.tif,0.265411
val,2916.tif,0.360923
val,2917.tif,0.332955
val,2918.tif,0.411951
val,2919.tif,0.385076
val,292.tif,0.385408
val,2920.tif,0.365585
val,2921.tif,0.35911
val,2922.tif,0.333644
val,2923.tif,0.390259
val,2924.tif,0.390634
val,2925.tif,0.357472
val,2926.tif,0.43004
val,2927.tif,0.349621
val,2928.tif,0.364547
val,2929.tif,0.310304
val,293.tif,0.332148
val,2930.tif,0.41642
val,2931.tif,0.262181
val,2932.tif,0.347401
val,2933.tif,0.384462
val,2934.tif,0.348207
val,2935.tif,0.249728
val,2936.tif,0.458075
val,2937.tif,0.36235
val,2938.tif,0.432215
val,2939.tif,0.366045
val,294.tif,0.334286
val,2940.tif,0.327019
val,2941.tif,0.365124
val,2942.tif,0.368463
val,2943.tif,0.380704
val,2944.tif,0.327118
val,2945.tif,0.294326
val,2946.tif,0.33054
val,2947.tif,0.270848
val,2948.tif,0.281284
val,2949.tif,0.346297
val,295.tif,0.398029
val,2950.tif,0.351759
val,2951.tif,0.410046
val,2952.tif,0.356424
val,2953.tif,0.364398
val,2954.tif,0.364584
val,2955.tif,0.339182
val,2956.tif,0.39911
val,2957.tif,0.302081
val,2958.tif,0.274685
val,2959.tif,0.327604
val,296.tif,0.398131
val,2960.tif,0.318446
val,2961.tif,0.326083
val,2962.tif,0.293561
val,2963.tif,0.304355
val,2964.tif,0.370816
val,2965.tif,0.325803
val,2966.tif,0.294139
val,2967.tif,0.328184
val,2968.tif,0.336452
val,2969.tif,0.331585
val,297.tif,0.389371
val,2970.tif,0.379504
val,2971.tif,0.301046
val,2972.tif,0.367729
val,2973.tif,0.335517
val,2974.tif,0.343513
val,2975.tif,0.306197
val,2976.tif,0.268499
val,2977.tif,0.273456
val,2978.tif,0.369314
val,2979.tif,0.314026
val,298.tif,0.392305
val,2980.tif,0.353027
val,2981.tif,0.30953
val,2982.tif,0.325217
val,2983.tif,0.326378
val,2984.tif,0.304496
val,2985.tif,0.304825
val,2986.tif,0.274395
val,2987.tif,0.348965
val,2988.tif,0.344854
val,2989.tif,0.311328
val,299.tif,0.361724
val,2990.tif,0.309503
val,2991.tif,0.27489
val,2992.tif,0.344709
val,2993.tif,0.270127
val,2994.tif,0.301169
val,2995.tif,0.30084
val,2996.tif,0.322239
val,2997.tif,0.313109
val,2998.tif,0.27857
val,2999.tif,0.262085
val,3.tif,0.348655
val,30.tif,0.331573
val,300.tif,0.394362
val,3000.tif,0.370574
val,3001.tif,0.327091
val,3002.tif,0.306676
val,3003.tif,0.308071
val,3004.tif,0.324085
val,3005.tif,0.340913
val,3006.tif,0.289064
val,3007.tif,0.303559
val,3008.tif,0.316766
val,3009.tif,0.38505
val,301.tif,0.382885
val,3010.tif,0.351306
val,3011.tif,0.42952
val,3012.tif,0.354809
val,3013.tif,0.320742
val,3014.tif,0.303297
val,3015.tif,0.32494
val,3016.tif,0.333094
val,3017.tif,0.349437
val,3018.tif,0.274691
val,3019.tif,0.413807
val,302.tif,0.395406
val,3020.tif,0.348564
val,3021.tif,0.326045
val,3022.tif,0.380206
val,3023.tif,0.32345
val,3024.tif,0.33115
val,3025.tif,0.36429
val,3026.tif,0.276227
val,3027.tif,0.310664
val,3028.tif,0.319971
val,3029.tif,0.275463
val,303.tif,0.354803
val,3030.tif,0.30564
val,3031.tif,0.275158
val,3032.tif,0.317666
val,3033.tif,0.309453
val,3034.tif,0.253974
val,3035.tif,0.248104
val,3036.tif,0.28045
val,3037.tif,0.356481
val,3038.tif,0.292465
val,3039.tif,0.382522
val,304.tif,0.409033
val,3040.tif,0.262635
val,3041.tif,0.331473
val,3042.tif,0.308913
val,3043.tif,0.300241
val,3044.tif,0.260586
val,3045.tif,0.301338
val,3046.tif,0.318539
val,3047.tif,0.373828
val,3048.tif,0.363323
val,3049.tif,0.317853
val,305.tif,0.329353
val,3050.tif,0.302418
val,3051.tif,0.264428
val,3052.tif,0.285524
val,3053.tif,0.299646
val,3054.tif,0.365097
val,3055.tif,0.348756
val,3056.tif,0.302362
val,3057.tif,0.366427
val,3058.tif,0.368057
val,3059.tif,0.332752
val,306.tif,0.412213
val,3060.tif,0.338981
val,3061.tif,0.2935
val,3062.tif,0.376892
val,3063.tif,0.372877
val,3064.tif,0.318033
val,3065.tif,0.349573
val,3066.tif,0.368111
val,3067.tif,0.373534
val,3068.tif,0.424063
val,3069.tif,0.351476
val,307.tif,0.451421
val,3070.tif,0.344316
val,3071.tif,0.355747
val,3072.tif,0.298543
val,3073.tif,0.322371
val,3074.tif,0.459157
val,3075.tif,0.350168
val,3076.tif,0.359175
val,3077.tif,0.291379
val,3078.tif,0.321084
val,3079.tif,0.285909
val,308.tif,0.356151
val,3080.tif,0.338062
val,3081.tif,0.341149
val,3082.tif,0.30051
val,3083.tif,0.352917
val,3084.tif,0.261341
val,3085.tif,0.320727
val,3086.tif,0.318282
val,3087.tif,0.395048
val,3088.tif,0.315262
val,3089.tif,0.314731
val,309.tif,0.387122
val,3090.tif,0.333295
val,3091.tif,0.348934
val,3092.tif,0.312214
val,3093.tif,0.332473
val,3094.tif,0.299647
val,3095.tif,0.306613
val,3096.tif,0.325341
val,3097.tif,0.39937
val,3098.tif,0.350809
val,3099.tif,0.326381
val,31.tif,0.343029
val,310.tif,0.386403
val,3100.tif,0.276525
val,3101.tif,0.351419
val,3102.tif,0.333558
val,3103.tif,0.267865
val,3104.tif,0.288759
val,3105.tif,0.328058
val,3106.tif,0.293101
val,3107.tif,0.285889
val,3108.tif,0.321245
val,3109.tif,0.308168
val,311.tif,0.343138
val,3110.tif,0.271337
val,3111.tif,0.398295
val,3112.tif,0.357033
val,3113.tif,0.319605
val,3114.tif,0.337784
val,3115.tif,0.316789
val,3116.tif,0.323651
val,3117.tif,0.272015
val,3118.tif,0.306183
val,3119.tif,0.402103
val,312.tif,0.377795
val,3120.tif,0.343459
val,3121.tif,0.29289
val,3122.tif,0.362571
val,3123.tif,0.331471
val,3124.tif,0.316509
val,3125.tif,0.302825
val,3126.tif,0.306054
val,3127.tif,0.384729
val,3128.tif,0.328803
val,3129.tif,0.310858
val,313.tif,0.325164
val,3130.tif,0.270858
val,3131.tif,0.273907
val,3132.tif,0.281546
val,3133.tif,0.34168
val,3134.tif,0.333544
val,3135.tif,0.347033
val,3136.tif,0.333714
val,3137.tif,0.308979
val,3138.tif,0.3311
val,3139.tif,0.328889
val,314.tif,0.401009
val,3140.tif,0.353867
val,3141.tif,0.374876
val,3142.tif,0.268121
val,3143.tif,0.348751
val,3144.tif,0.306437
val,3145.tif,0.319248
val,3146.tif,0.354042
val,3147.tif,0.309778
val,3148.tif,0.367912
val,3149.tif,0.303739
val,315.tif,0.330367
val,3150.tif,0.335103
val,3151.tif,0.305848
val,3152.tif,0.340976
val,3153.tif,0.279689
val,3154.tif,0.389833
val,3155.tif,0.354227
val,3156.tif,0.336698
val,3157.tif,0.33356
val,3158.tif,0.339561
val,3159.tif,0.308272
val,316.tif,0.373853
val,3160.tif,0.330036
val,3161.tif,0.253988
val,3162.tif,0.332237
val,3163.tif,0.356857
val,3164.tif,0.378547
val,3165.tif,0.343314
val,3166.tif,0.381505
val,3167.tif,0.318701
val,3168.tif,0.28046
val,3169.tif,0.297922
val,317.tif,0.303837
val,3170.tif,0.345428
val,3171.tif,0.367012
val,3172.tif,0.357654
val,3173.tif,0.321535
val,3174.tif,0.30677
val,3175.tif,0.307368
val,3176.tif,0.272247
val,3177.tif,0.303945
val,3178.tif,0.327654
val,3179.tif,0.370568
val,318.tif,0.338412
val,3180.tif,0.248938
val,3181.tif,0.325402
val,3182.tif,0.333516
val,3183.tif,0.316207
val,3184.tif,0.283319
val,3185.tif,0.357415
val,3186.tif,0.312428
val,3187.tif,0.294152
val,3188.tif,0.261613
val,3189.tif,0.331111
val,319.tif,0.391791
val,3190.tif,0.371918
val,3191.tif,0.393174
val,3192.tif,0.37701
val,3193.tif,0.262782
val,3194.tif,0.342454
val,3195.tif,0.299953
val,3196.tif,0.336254
val,3197.tif,0.361671
val,3198.tif,0.299205
val,3199.tif,0.409248
val,32.tif,0.388142
val,320.tif,0.304027
val,3200.tif,0.304338
val,3201.tif,0.316654
val,3202.tif,0.333944
val,3203.tif,0.313005
val,3204.tif,0.47109
val,3205.tif,0.297078
val,3206.tif,0.370667
val,3207.tif,0.373847
val,3208.tif,0.317348
val,3209.tif,0.33521
val,321.tif,0.396295
val,3210.tif,0.367839
val,3211.tif,0.356687
val,3212.tif,0.352263
val,3213.tif,0.408519
val,3214.tif,0.351912
val,3215.tif,0.396019
val,3216.tif,0.344558
val,3217.tif,0.446676
val,3218.tif,0.341537
val,3219.tif,0.352652
val,322.tif,0.405142
val,3220.tif,0.305159
val,3221.tif,0.324525
val,3222.tif,0.327589
val,3223.tif,0.365581
val,3224.tif,0.388037
val,3225.tif,0.309399
val,3226.tif,0.358763
val,3227.tif,0.399773
val,3228.tif,0.40858
val,3229.tif,0.346639
val,323.tif,0.429405
val,3230.tif,0.36045
val,3231.tif,0.336391
val,3232.tif,0.308462
val,3233.tif,0.353079
val,3234.tif,0.403646
val,3235.tif,0.363879
val,3236.tif,0.327591
val,3237.tif,0.345413
val,3238.tif,0.359429
val,3239.tif,0.29201
val,324.tif,0.436052
val,3240.tif,0.340335
val,3241.tif,0.353063
val,3242.tif,0.353562
val,3243.tif,0.31109
val,3244.tif,0.32784
val,3245.tif,0.355322
val,3246.tif,0.294838
val,3247.tif,0.442108
val,3248.tif,0.316589
val,3249.tif,0.399569
val,325.tif,0.378567
val,3250.tif,0.29449
val,3251.tif,0.277563
val,3252.tif,0.351178
val,3253.tif,0.326239
val,3254.tif,0.317927
val,3255.tif,0.33487
val,3256.tif,0.395728
val,3257.tif,0.276487
val,3258.tif,0.383384
val,3259.tif,0.277024
val,326.tif,0.370785
val,3260.tif,0.389765
val,3261.tif,0.404665
val,3262.tif,0.350639
val,3263.tif,0.351288
val,3264.tif,0.352533
val,3265.tif,0.37691
val,3266.tif,0.306261
val,3267.tif,0.390103
val,3268.tif,0.296833
val,3269.tif,0.401003
val,327.tif,0.416875
val,3270.tif,0.356165
val,3271.tif,0.374383
val,3272.tif,0.314705
val,3273.tif,0.33871
val,3274.tif,0.393971
val,3275.tif,0.377023
val,3276.tif,0.317226
val,3277.tif,0.385393
val,3278.tif,0.28711
val,3279.tif,0.321422
val,328.tif,0.458255
val,3280.tif,0.344221
val,3281.tif,0.374217
val,3282.tif,0.333408
val,3283.tif,0.353678
val,3284.tif,0.324534
val,3285.tif,0.420006
val,3286.tif,0.314666
val,3287.tif,0.303204
val,3288.tif,0.368514
val,3289.tif,0.405522
val,329.tif,0.420624
val,3290.tif,0.345259
val,3291.tif,0.363252
val,3292.tif,0.397784
val,3293.tif,0.406559
val,3294.tif,0.336952
val,3295.tif,0.324278
val,3296.tif,0.378348
val,3297.tif,0.370065
val,3298.tif,0.369184
val,3299.tif,0.256476
val,33.tif,0.36274
val,330.tif,0.45375
val,3300.tif,0.361281
val,3301.tif,0.316568
val,3302.tif,0.320503
val,3303.tif,0.331242
val,3304.tif,0.406284
val,3305.tif,0.400251
val,3306.tif,0.395334
val,3307.tif,0.391544
val,3308.tif,0.373269
val,3309.tif,0.334821
val,331.tif,0.351263
val,3310.tif,0.366317
val,3311.tif,0.316303
val,3312.tif,0.398565
val,3313.tif,0.32252
val,3314.tif,0.337347
val,3315.tif,0.314975
val,3316.tif,0.307746
val,3317.tif,0.355682
val,3318.tif,0.407596
val,3319.tif,0.425898
val,332.tif,0.352181
val,3320.tif,0.333536
val,3321.tif,0.312653
val,3322.tif,0.380489
val,3323.tif,0.367511
val,3324.tif,0.328274
val,3325.tif,0.380404
val,3326.tif,0.360147
val,3327.tif,0.393724
val,3328.tif,0.325341
val,3329.tif,0.368544
val,333.tif,0.207429
val,3330.tif,0.348395
val,3331.tif,0.285475
val,3332.tif,0.335369
val,3333.tif,0.376514
val,3334.tif,0.366327
val,3335.tif,0.322544
val,3336.tif,0.339955
val,3337.tif,0.311575
val,3338.tif,0.389259
val,3339.tif,0.384731
val,334.tif,0.447667
val,3340.tif,0.277564
val,3341.tif,0.376761
val,3342.tif,0.377213
val,3343.tif,0.324311
val,3344.tif,0.309063
val,3345.tif,0.351923
val,3346.tif,0.333853
val,3347.tif,0.386329
val,3348.tif,0.348183
val,3349.tif,0.322115
val,335.tif,0.346349
val,3350.tif,0.3705
val,3351.tif,0.370082
val,3352.tif,0.351655
val,3353.tif,0.347024
val,3354.tif,0.338242
val,3355.tif,0.35907
val,3356.tif,0.424134
val,3357.tif,0.32408
val,3358.tif,0.338505
val,3359.tif,0.288412
val,336.tif,0.384529
val,3360.tif,0.381303
val,3361.tif,0.381999
val,3362.tif,0.307111
val,3363.tif,0.325023
val,3364.tif,0.387211
val,3365.tif,0.297956
val,3366.tif,0.31717
val,3367.tif,0.32705
val,3368.tif,0.369683
val,3369.tif,0.388252
val,337.tif,0.41163
val,3370.tif,0.38296
val,3371.tif,0.394728
val,3372.tif,0.329171
val,3373.tif,0.280008
val,3374.tif,0.399159
val,3375.tif,0.383564
val,3376.tif,0.2956
val,3377.tif,0.374942
val,3378.tif,0.388028
val,3379.tif,0.347826
val,338.tif,0.336705
val,3380.tif,0.338477
val,3381.tif,0.385968
val,3382.tif,0.349188
val,3383.tif,0.423924
val,3384.tif,0.302849
val,3385.tif,0.415768
val,3386.tif,0.333273
val,3387.tif,0.316017
val,3388.tif,0.3868
val,3389.tif,0.377735
val,339.tif,0.285658
val,3390.tif,0.39259
val,3391.tif,0.405549
val,3392.tif,0.326691
val,3393.tif,0.382424
val,3394.tif,0.363316
val,3395.tif,0.360718
val,3396.tif,0.260504
val,3397.tif,0.341739
val,3398.tif,0.303874
val,3399.tif,0.339135
val,34.tif,0.307612
val,340.tif,0.421383
val,3400.tif,0.355688
val,3401.tif,0.341969
val,3402.tif,0.340559
val,3403.tif,0.324258
val,3404.tif,0.389838
val,3405.tif,0.349828
val,3406.tif,0.329865
val,3407.tif,0.327925
val,3408.tif,0.308301
val,3409.tif,0.351751
val,341.tif,0.326552
val,3410.tif,0.324269
val,3411.tif,0.312195
val,3412.tif,0.301552
val,3413.tif,0.264754
val,3414.tif,0.352617
val,3415.tif,0.292555
val,3416.tif,0.346224
val,3417.tif,0.318636
val,3418.tif,0.337475
val,3419.tif,0.378832
val,342.tif,0.366106
val,3420.tif,0.337571
val,3421.tif,0.313953
val,3422.tif,0.31568
val,3423.tif,0.363494
val,3424.tif,0.432177
val,3425.tif,0.374457
val,3426.tif,0.419394
val,3427.tif,0.3601
val,3428.tif,0.34955
val,3429.tif,0.36565
val,343.tif,0.403515
val,3430.tif,0.323018
val,3431.tif,0.310507
val,3432.tif,0.349919
val,3433.tif,0.374335
val,3434.tif,0.311789
val,3435.tif,0.394968
val,3436.tif,0.336479
val,3437.tif,0.517652
val,3438.tif,0.404498
val,3439.tif,0.370318
val,344.tif,0.302417
val,3440.tif,0.288502
val,3441.tif,0.296508
val,3442.tif,0.337797
val,3443.tif,0.346475
val,3444.tif,0.350103
val,3445.tif,0.349579
val,3446.tif,0.38769
val,3447.tif,0.298893
val,3448.tif,0.304313
val,3449.tif,0.356643
val,345.tif,0.370705
val,3450.tif,0.394672
val,3451.tif,0.367011
val,3452.tif,0.315404
val,3453.tif,0.30121
val,3454.tif,0.305405
val,3455.tif,0.271296
val,3456.tif,0.32625
val,3457.tif,0.348543
val,3458.tif,0.396562
val,3459.tif,0.325644
val,346.tif,0.327317
val,3460.tif,0.34858
val,3461.tif,0.338378
val,3462.tif,0.416105
val,3463.tif,0.29971
val,3464.tif,0.408694
val,3465.tif,0.312954
val,3466.tif,0.316557
val,3467.tif,0.365453
val,3468.tif,0.424018
val,3469.tif,0.339089
val,347.tif,0.304221
val,3470.tif,0.347334
val,3471.tif,0.33829
val,3472.tif,0.391747
val,3473.tif,0.438582
val,3474.tif,0.313538
val,3475.tif,0.344618
val,3476.tif,0.361034
val,3477.tif,0.325648
val,3478.tif,0.339628
val,3479.tif,0.290256
val,348.tif,0.305247
val,3480.tif,0.371118
val,3481.tif,0.334503
val,3482.tif,0.349185
val,3483.tif,0.312964
val,3484.tif,0.288242
val,3485.tif,0.378443
val,3486.tif,0.387605
val,3487.tif,0.320933
val,3488.tif,0.358635
val,3489.tif,0.311457
val,349.tif,0.273284
val,3490.tif,0.312779
val,3491.tif,0.281204
val,3492.tif,0.34093
val,3493.tif,0.346909
val,3494.tif,0.321515
val,3495.tif,0.32695
val,3496.tif,0.379344
val,3497.tif,0.322979
val,3498.tif,0.392164
val,3499.tif,0.375597
val,35.tif,0.421069
val,350.tif,0.336878
val,3500.tif,0.309478
val,3501.tif,0.326349
val,3502.tif,0.416033
val,3503.tif,0.297207
val,3504.tif,0.362018
val,3505.tif,0.343054
val,3506.tif,0.348775
val,3507.tif,0.350386
val,3508.tif,0.325958
val,3509.tif,0.421406
val,351.tif,0.350464
val,3510.tif,0.328997
val,3511.tif,0.33221
val,3512.tif,0.357696
val,3513.tif,0.309758
val,3514.tif,0.353728
val,3515.tif,0.316179
val,3516.tif,0.368308
val,3517.tif,0.373135
val,3518.tif,0.342575
val,3519.tif,0.39196
val,352.tif,0.459636
val,3520.tif,0.335333
val,3521.tif,0.43563
val,3522.tif,0.32032
val,3523.tif,0.340581
val,3524.tif,0.308
val,3525.tif,0.313573
val,3526.tif,0.292169
val,3527.tif,0.351647
val,3528.tif,0.373944
val,3529.tif,0.386937
val,353.tif,0.324437
val,3530.tif,0.332221
val,3531.tif,0.316946
val,3532.tif,0.318286
val,3533.tif,0.351478
val,3534.tif,0.373741
val,3535.tif,0.339102
val,3536.tif,0.319491
val,3537.tif,0.286043
val,3538.tif,0.324277
val,3539.tif,0.327115
val,354.tif,0.378891
val,3540.tif,0.344339
val,3541.tif,0.381846
val,3542.tif,0.337797
val,3543.tif,0.347656
val,3544.tif,0.375362
val,3545.tif,0.299317
val,3546.tif,0.343132
val,3547.tif,0.361463
val,3548.tif,0.356694
val,3549.tif,0.352582
val,355.tif,0.260736
val,3550.tif,0.3443
val,3551.tif,0.403603
val,3552.tif,0.380414
val,3553.tif,0.318438
val,3554.tif,0.407542
val,3555.tif,0.346528
val,3556.tif,0.350034
val,3557.tif,0.344733
val,3558.tif,0.388979
val,3559.tif,0.364159
val,356.tif,0.395088
val,3560.tif,0.388045
val,3561.tif,0.343572
val,3562.tif,0.415513
val,3563.tif,0.404543
val,3564.tif,0.35974
val,3565.tif,0.359022
val,3566.tif,0.32292
val,3567.tif,0.371744
val,3568.tif,0.328651
val,3569.tif,0.375601
val,357.tif,0.393801
val,3570.tif,0.306025
val,3571.tif,0.349307
val,3572.tif,0.336459
val,3573.tif,0.338536
val,3574.tif,0.396846
val,3575.tif,0.323602
val,3576.tif,0.348415
val,3577.tif,0.324237
val,3578.tif,0.336233
val,3579.tif,0.243314
val,358.tif,0.465101
val,3580.tif,0.304205
val,3581.tif,0.365014
val,3582.tif,0.309519
val,3583.tif,0.307953
val,3584.tif,0.317756
val,3585.tif,0.335963
val,3586.tif,0.369868
val,3587.tif,0.378766
val,3588.tif,0.411025
val,3589.tif,0.307457
val,359.tif,0.357453
val,3590.tif,0.313481
val,3591.tif,0.377221
val,3592.tif,0.345519
val,3593.tif,0.324329
val,3594.tif,0.308136
val,3595.tif,0.339975
val,3596.tif,0.424859
val,3597.tif,0.352649
val,3598.tif,0.337455
val,3599.tif,0.283144
val,36.tif,0.356081
val,360.tif,0.321461
val,3600.tif,0.321059
val,3601.tif,0.378983
val,3602.tif,0.342642
val,3603.tif,0.281206
val,3604.tif,0.319377
val,3605.tif,0.288415
val,3606.tif,0.380883
val,3607.tif,0.360995
val,3608.tif,0.320576
val,3609.tif,0.284426
val,361.tif,0.280389
val,3610.tif,0.493456
val,3611.tif,0.31894
val,3612.tif,0.361412
val,3613.tif,0.319904
val,3614.tif,0.353467
val,3615.tif,0.323155
val,3616.tif,0.375569
val,3617.tif,0.412209
val,3618.tif,0.39481
val,3619.tif,0.394108
val,362.tif,0.366654
val,3620.tif,0.340229
val,3621.tif,0.436104
val,3622.tif,0.335243
val,3623.tif,0.323776
val,3624.tif,0.362208
val,3625.tif,0.482835
val,3626.tif,0.343663
val,3627.tif,0.43293
val,3628.tif,0.439073
val,3629.tif,0.301414
val,363.tif,0.256856
val,3630.tif,0.295174
val,3631.tif,0.332285
val,3632.tif,0.371915
val,3633.tif,0.299574
val,3634.tif,0.345199
val,3635.tif,0.362744
val,3636.tif,0.407561
val,3637.tif,0.319571
val,3638.tif,0.374844
val,3639.tif,0.432677
val,364.tif,0.371711
val,3640.tif,0.296456
val,3641.tif,0.325544
val,3642.tif,0.3261
val,3643.tif,0.298144
val,3644.tif,0.411807
val,3645.tif,0.333251
val,3646.tif,0.361806
val,3647.tif,0.345274
val,3648.tif,0.327045
val,3649.tif,0.350865
val,365.tif,0.359924
val,3650.tif,0.265988
val,3651.tif,0.386142
val,3652.tif,0.328973
val,3653.tif,0.331741
val,3654.tif,0.445829
val,3655.tif,0.35229
val,3656.tif,0.394538
val,3657.tif,0.338032
val,3658.tif,0.340567
val,3659.tif,0.339669
val,366.tif,0.341114
val,3660.tif,0.340463
val,3661.tif,0.333312
val,3662.tif,0.466719
val,3663.tif,0.309586
val,3664.tif,0.320722
val,3665.tif,0.343885
val,3666.tif,0.317824
val,3667.tif,0.490105
val,3668.tif,0.311501
val,3669.tif,0.318638
val,367.tif,0.365974
val,3670.tif,0.289047
val,3671.tif,0.340968
val,3672.tif,0.336812
val,3673.tif,0.295285
val,3674.tif,0.275239
val,3675.tif,0.33505
val,3676.tif,0.441796
val,3677.tif,0.431586
val,3678.tif,0.321001
val,3679.tif,0.407798
val,368.tif,0.274978
val,3680.tif,0.335312
val,3681.tif,0.356991
val,3682.tif,0.406187
val,3683.tif,0.342733
val,3684.tif,0.336248
val,3685.tif,0.323282
val,3686.tif,0.233345
val,3687.tif,0.264383
val,3688.tif,0.338878
val,3689.tif,0.365497
val,369.tif,0.359587
val,3690.tif,0.316753
val,3691.tif,0.318416
val,3692.tif,0.344517
val,3693.tif,0.319215
val,3694.tif,0.328446
val,3695.tif,0.365676
val,3696.tif,0.295081
val,3697.tif,0.485009
val,3698.tif,0.375826
val,3699.tif,0.333397
val,37.tif,0.37369
val,370.tif,0.359255
val,3700.tif,0.327143
val,3701.tif,0.327877
val,3702.tif,0.382552
val,3703.tif,0.350871
val,3704.tif,0.413354
val,3705.tif,0.332704
val,3706.tif,0.406409
val,3707.tif,0.362286
val,3708.tif,0.275489
val,3709.tif,0.38151
val,371.tif,0.379674
val,3710.tif,0.402159
val,3711.tif,0.446951
val,3712.tif,0.323742
val,3713.tif,0.406637
val,3714.tif,0.262212
val,3715.tif,0.450749
val,3716.tif,0.366586
val,3717.tif,0.326584
val,3718.tif,0.367257
val,3719.tif,0.323046
val,372.tif,0.379341
val,3720.tif,0.289317
val,3721.tif,0.349002
val,3722.tif,0.310807
val,3723.tif,0.438617
val,3724.tif,0.370218
val,3725.tif,0.387621
val,3726.tif,0.332129
val,3727.tif,0.311171
val,3728.tif,0.30479
val,3729.tif,0.345336
val,373.tif,0.368017
val,3730.tif,0.353279
val,3731.tif,0.380219
val,3732.tif,0.376955
val,3733.tif,0.397269
val,3734.tif,0.397069
val,3735.tif,0.327193
val,3736.tif,0.337932
val,3737.tif,0.318175
val,3738.tif,0.375594
val,3739.tif,0.350137
val,374.tif,0.342509
val,3740.tif,0.308498
val,3741.tif,0.312791
val,3742.tif,0.32703
val,3743.tif,0.305349
val,3744.tif,0.3848
val,3745.tif,0.366688
val,3746.tif,0.434207
val,3747.tif,0.337917
val,3748.tif,0.324287
val,3749.tif,0.337435
val,375.tif,0.353516
val,3750.tif,0.361503
val,3751.tif,0.342396
val,3752.tif,0.30534
val,3753.tif,0.338391
val,3754.tif,0.332259
val,3755.tif,0.425865
val,3756.tif,0.448255
val,3757.tif,0.350651
val,3758.tif,0.378914
val,3759.tif,0.342005
val,376.tif,0.316628
val,3760.tif,0.316668
val,3761.tif,0.37481
val,3762.tif,0.322092
val,3763.tif,0.385537
val,3764.tif,0.331941
val,3765.tif,0.362565
val,3766.tif,0.340152
val,3767.tif,0.402035
val,3768.tif,0.391667
val,3769.tif,0.394015
val,377.tif,0.356534
val,3770.tif,0.408942
val,3771.tif,0.303589
val,3772.tif,0.384261
val,3773.tif,0.426653
val,3774.tif,0.360643
val,3775.tif,0.308199
val,3776.tif,0.333017
val,3777.tif,0.338563
val,3778.tif,0.317468
val,3779.tif,0.363687
val,378.tif,0.289185
val,3780.tif,0.385267
val,3781.tif,0.312774
val,3782.tif,0.353868
val,3783.tif,0.306447
val,3784.tif,0.391202
val,3785.tif,0.362492
val,3786.tif,0.360187
val,3787.tif,0.35642
val,3788.tif,0.436255
val,3789.tif,0.31934
val,379.tif,0.295623
val,3790.tif,0.42055
val,3791.tif,0.346107
val,3792.tif,0.399212
val,3793.tif,0.332895
val,3794.tif,0.308382
val,3795.tif,0.342446
val,3796.tif,0.418788
val,3797.tif,0.303277
val,3798.tif,0.34591
val,3799.tif,0.360103
val,38.tif,0.305864
val,380.tif,0.309891
val,3800.tif,0.319644
val,3801.tif,0.342062
val,3802.tif,0.340976
val,3803.tif,0.32948
val,3804.tif,0.278541
val,3805.tif,0.43219
val,3806.tif,0.418029
val,3807.tif,0.368679
val,3808.tif,0.305245
val,3809.tif,0.360365
val,381.tif,0.358351
val,3810.tif,0.315527
val,3811.tif,0.399287
val,3812.tif,0.379107
val,3813.tif,0.346338
val,3814.tif,0.24153
val,3815.tif,0.43267
val,3816.tif,0.309639
val,3817.tif,0.404388
val,3818.tif,0.370092
val,3819.tif,0.424573
val,382.tif,0.34234
val,3820.tif,0.329733
val,3821.tif,0.366947
val,3822.tif,0.399618
val,3823.tif,0.358788
val,3824.tif,0.302337
val,3825.tif,0.318957
val,3826.tif,0.320949
val,3827.tif,0.377361
val,3828.tif,0.35067
val,3829.tif,0.402526
val,383.tif,0.376737
val,3830.tif,0.335259
val,3831.tif,0.348039
val,3832.tif,0.389382
val,3833.tif,0.35497
val,3834.tif,0.364583
val,3835.tif,0.450479
val,3836.tif,0.330004
val,3837.tif,0.318156
val,3838.tif,0.388277
val,3839.tif,0.35876
val,384.tif,0.332589
val,3840.tif,0.300727
val,3841.tif,0.344448
val,3842.tif,0.379981
val,3843.tif,0.371691
val,3844.tif,0.363813
val,3845.tif,0.413888
val,3846.tif,0.419058
val,3847.tif,0.31119
val,3848.tif,0.404277
val,3849.tif,0.314622
val,385.tif,0.41282
val,3850.tif,0.352214
val,3851.tif,0.317338
val,3852.tif,0.303954
val,3853.tif,0.347415
val,3854.tif,0.329914
val,3855.tif,0.323446
val,3856.tif,0.397731
val,3857.tif,0.326424
val,3858.tif,0.326692
val,3859.tif,0.41564
val,386.tif,0.32755
val,3860.tif,0.335914
val,3861.tif,0.338002
val,3862.tif,0.321702
val,3863.tif,0.383933
val,3864.tif,0.308135
val,3865.tif,0.33898
val,3866.tif,0.403803
val,3867.tif,0.404747
val,3868.tif,0.293618
val,3869.tif,0.297091
val,387.tif,0.363497
val,3870.tif,0.335248
val,3871.tif,0.40092
val,3872.tif,0.426836
val,3873.tif,0.322367
val,3874.tif,0.372433
val,3875.tif,0.361052
val,3876.tif,0.326588
val,3877.tif,0.363829
val,3878.tif,0.292139
val,3879.tif,0.334545
val,388.tif,0.402494
val,3880.tif,0.307769
val,3881.tif,0.335415
val,3882.tif,0.296953
val,3883.tif,0.415609
val,3884.tif,0.286217
val,3885.tif,0.318802
val,3886.tif,0.33964
val,3887.tif,0.393797
val,3888.tif,0.330935
val,3889.tif,0.408166
val,389.tif,0.391124
val,3890.tif,0.311556
val,3891.tif,0.305188
val,3892.tif,0.321923
val,3893.tif,0.38083
val,3894.tif,0.446636
val,3895.tif,0.375209
val,3896.tif,0.291625
val,3897.tif,0.324229
val,3898.tif,0.392614
val,3899.tif,0.348625
val,39.tif,0.327944
val,390.tif,0.376939
val,3900.tif,0.367458
val,3901.tif,0.391154
val,3902.tif,0.323012
val,3903.tif,0.335822
val,3904.tif,0.35568
val,3905.tif,0.359735
val,3906.tif,0.462009
val,3907.tif,0.418209
val,3908.tif,0.340836
val,3909.tif,0.418375
val,391.tif,0.393577
val,3910.tif,0.4281
val,3911.tif,0.30828
val,3912.tif,0.272931
val,3913.tif,0.412612
val,3914.tif,0.348576
val,3915.tif,0.32099
val,3916.tif,0.448975
val,3917.tif,0.295031
val,3918.tif,0.302674
val,3919.tif,0.294246
val,392.tif,0.278269
val,3920.tif,0.353692
val,3921.tif,0.322601
val,3922.tif,0.329313
val,3923.tif,0.439249
val,3924.tif,0.322249
val,3925.tif,0.325225
val,3926.tif,0.318719
val,3927.tif,0.426291
val,3928.tif,0.331103
val,3929.tif,0.300405
val,393.tif,0.445292
val,3930.tif,0.433735
val,3931.tif,0.425224
val,3932.tif,0.343016
val,3933.tif,0.297859
val,3934.tif,0.339449
val,3935.tif,0.313665
val,3936.tif,0.299344
val,3937.tif,0.286553
val,3938.tif,0.418947
val,3939.tif,0.368544
val,394.tif,0.346261
val,3940.tif,0.337739
val,3941.tif,0.33069
val,3942.tif,0.237471
val,3943.tif,0.334339
val,3944.tif,0.332801
val,3945.tif,0.282466
val,3946.tif,0.302689
val,3947.tif,0.320625
val,3948.tif,0.351648
val,3949.tif,0.341253
val,395.tif,0.324366
val,3950.tif,0.340825
val,3951.tif,0.321164
val,3952.tif,0.33031
val,3953.tif,0.286542
val,3954.tif,0.342451
val,3955.tif,0.337343
val,3956.tif,0.305685
val,3957.tif,0.318725
val,3958.tif,0.271642
val,3959.tif,0.282308
val,396.tif,0.31202
val,3960.tif,0.376737
val,3961.tif,0.345075
val,3962.tif,0.336683
val,3963.tif,0.250326
val,3964.tif,0.323379
val,3965.tif,0.335071
val,3966.tif,0.418529
val,3967.tif,0.425667
val,3968.tif,0.288662
val,3969.tif,0.293342
val,397.tif,0.407575
val,3970.tif,0.371519
val,3971.tif,0.30213
val,3972.tif,0.305976
val,3973.tif,0.386987
val,3974.tif,0.401597
val,3975.tif,0.284346
val,3976.tif,0.341184
val,3977.tif,0.325466
val,3978.tif,0.311103
val,3979.tif,0.341337
val,398.tif,0.413882
val,3980.tif,0.288888
val,3981.tif,0.376368
val,3982.tif,0.307083
val,3983.tif,0.275711
val,3984.tif,0.367431
val,3985.tif,0.317238
val,3986.tif,0.3175
val,3987.tif,0.342447
val,3988.tif,0.360939
val,3989.tif,0.267307
val,399.tif,0.313687
val,3990.tif,0.301154
val,3991.tif,0.279275
val,3992.tif,0.359522
val,3993.tif,0.297693
val,3994.tif,0.315737
val,3995.tif,0.339296
val,3996.tif,0.305373
val,3997.tif,0.357742
val,3998.tif,0.325609
val,3999.tif,0.34829
val,4.tif,0.43304
val,40.tif,0.390909
val,400.tif,0.379826
val,4000.tif,0.343151
val,4001.tif,0.234284
val,4002.tif,0.282199
val,4003.tif,0.285736
val,4004.tif,0.339753
val,4005.tif,0.464834
val,4006.tif,0.332675
val,4007.tif,0.319298
val,4008.tif,0.294296
val,4009.tif,0.447199
val,401.tif,0.319405
val,4010.tif,0.273373
val,4011.tif,0.333907
val,4012.tif,0.303647
val,4013.tif,0.286038
val,4014.tif,0.305021
val,4015.tif,0.324506
val,4016.tif,0.315473
val,4017.tif,0.2793
val,4018.tif,0.322385
val,4019.tif,0.323746
val,402.tif,0.38198
val,4020.tif,0.354269
val,4021.tif,0.335604
val,4022.tif,0.40447
val,4023.tif,0.299921
val,4024.tif,0.313026
val,4025.tif,0.302139
val,4026.tif,0.304726
val,4027.tif,0.398427
val,4028.tif,0.400892
val,4029.tif,0.311731
val,403.tif,0.304378
val,4030.tif,0.322521
val,4031.tif,0.344025
val,4032.tif,0.42035
val,4033.tif,0.377597
val,4034.tif,0.312832
val,4035.tif,0.356008
val,4036.tif,0.377745
val,4037.tif,0.381178
val,4038.tif,0.205557
val,4039.tif,0.33582
val,404.tif,0.380349
val,4040.tif,0.356943
val,4041.tif,0.290046
val,4042.tif,0.673669
val,4043.tif,0.306408
val,4044.tif,0.415253
val,4045.tif,0.342353
val,4046.tif,0.383131
val,4047.tif,0.402031
val,4048.tif,0.298283
val,4049.tif,0.341899
val,405.tif,0.409807
val,4050.tif,0.346099
val,4051.tif,0.400685
val,4052.tif,0.321938
val,4053.tif,0.298586
val,4054.tif,0.252091
val,4055.tif,0.374881
val,4056.tif,0.347551
val,4057.tif,0.289878
val,4058.tif,0.300431
val,4059.tif,0.304802
val,406.tif,0.274152
val,4060.tif,0.293922
val,4061.tif,0.381705
val,4062.tif,0.322718
val,4063.tif,0.316206
val,4064.tif,0.374009
val,4065.tif,0.328646
val,4066.tif,0.458187
val,4067.tif,0.367394
val,4068.tif,0.408566
val,4069.tif,0.326224
val,407.tif,0.356714
val,4070.tif,0.449271
val,4071.tif,0.278902
val,4072.tif,0.351885
val,4073.tif,0.265685
val,4074.tif,0.284367
val,4075.tif,0.285084
val,4076.tif,0.286095
val,4077.tif,0.329434
val,4078.tif,0.339063
val,4079.tif,0.295965
val,408.tif,0.376767
val,4080.tif,0.342321
val,4081.tif,0.375047
val,4082.tif,0.338944
val,4083.tif,0.287894
val,4084.tif,0.339141
val,4085.tif,0.379885
val,4086.tif,0.256224
val,4087.tif,0.320491
val,4088.tif,0.34558
val,4089.tif,0.29212
val,409.tif,0.387271
val,4090.tif,0.394322
val,4091.tif,0.292842
val,4092.tif,0.377942
val,4093.tif,0.358512
val,4094.tif,0.428917
val,4095.tif,0.317984
val,4096.tif,0.318976
val,4097.tif,0.303751
val,4098.tif,0.33845
val,4099.tif,0.333256
val,41.tif,0.348737
val,410.tif,0.312719
val,4100.tif,0.377681
val,4101.tif,0.359919
val,4102.tif,0.2234
val,4103.tif,0.460735
val,4104.tif,0.42409
val,4105.tif,0.4032
val,4106.tif,0.440756
val,4107.tif,0.396624
val,4108.tif,0.277116
val,4109.tif,0.344652
val,411.tif,0.363752
val,4110.tif,0.310028
val,4111.tif,0.337595
val,4112.tif,0.465812
val,4113.tif,0.288232
val,4114.tif,0.314416
val,4115.tif,0.416845
val,4116.tif,0.343367
val,4117.tif,0.241096
val,4118.tif,0.323125
val,4119.tif,0.258324
val,412.tif,0.343432
val,4120.tif,0.336595
val,4121.tif,0.338806
val,4122.tif,0.302804
val,4123.tif,0.358297
val,4124.tif,0.300216
val,4125.tif,0.29873
val,4126.tif,0.357305
val,4127.tif,0.286144
val,4128.tif,0.246224
val,4129.tif,0.605215
val,413.tif,0.300728
val,4130.tif,0.355803
val,4131.tif,0.287883
val,4132.tif,0.317112
val,4133.tif,0.464097
val,4134.tif,0.377319
val,4135.tif,0.343713
val,4136.tif,0.297832
val,4137.tif,0.302681
val,4138.tif,0.336743
val,4139.tif,0.307881
val,414.tif,0.291413
val,4140.tif,0.324225
val,4141.tif,0.415327
val,4142.tif,0.353241
val,4143.tif,0.278007
val,4144.tif,0.357217
val,4145.tif,0.323631
val,4146.tif,0.317342
val,4147.tif,0.359865
val,4148.tif,0.297289
val,4149.tif,0.356152
val,415.tif,0.402593
val,4150.tif,0.265958
val,4151.tif,0.343851
val,4152.tif,0.399213
val,4153.tif,0.427931
val,4154.tif,0.343209
val,4155.tif,0.467165
val,4156.tif,0.240538
val,4157.tif,0.381028
val,4158.tif,0.355709
val,4159.tif,0.296399
val,416.tif,0.332536
val,4160.tif,0.298557
val,4161.tif,0.296371
val,4162.tif,0.317246
val,4163.tif,0.276497
val,4164.tif,0.359389
val,4165.tif,0.292712
val,4166.tif,0.347237
val,4167.tif,0.292511
val,4168.tif,0.402221
val,4169.tif,0.382514
val,417.tif,0.352687
val,4170.tif,0.324336
val,4171.tif,0.307259
val,4172.tif,0.360162
val,4173.tif,0.352291
val,4174.tif,0.314727
val,4175.tif,0.394808
val,4176.tif,0.252531
val,4177.tif,0.352413
val,4178.tif,0.328153
val,4179.tif,0.337236
val,418.tif,0.361809
val,4180.tif,0.336461
val,4181.tif,0.170118
val,4182.tif,0.330648
val,4183.tif,0.280491
val,4184.tif,0.279692
val,4185.tif,0.286181
val,4186.tif,0.362517
val,4187.tif,0.310607
val,4188.tif,0.270052
val,4189.tif,0.420918
val,419.tif,0.36401
val,4190.tif,0.357289
val,4191.tif,0.327258
val,4192.tif,0.31205
val,4193.tif,0.401598
val,4194.tif,0.302718
val,4195.tif,0.34187
val,4196.tif,0.312295
val,4197.tif,0.278108
val,4198.tif,0.333437
val,4199.tif,0.290209
val,42.tif,0.305283
val,420.tif,0.292023
val,4200.tif,0.348086
val,4201.tif,0.328889
val,4202.tif,0.325729
val,4203.tif,0.467534
val,4204.tif,0.327832
val,4205.tif,0.34724
val,4206.tif,0.281799
val,4207.tif,0.321938
val,4208.tif,0.304951
val,4209.tif,0.28875
val,421.tif,0.373708
val,4210.tif,0.378597
val,4211.tif,0.397674
val,4212.tif,0.303313
val,4213.tif,0.328171
val,4214.tif,0.310597
val,4215.tif,0.36085
val,4216.tif,0.316825
val,4217.tif,0.338786
val,4218.tif,0.294801
val,4219.tif,0.665456
val,422.tif,0.386774
val,4220.tif,0.278825
val,4221.tif,0.327833
val,4222.tif,0.333738
val,4223.tif,0.40081
val,4224.tif,0.36963
val,4225.tif,0.235032
val,4226.tif,0.307388
val,4227.tif,0.276899
val,4228.tif,0.344225
val,4229.tif,0.334767
val,423.tif,0.290722
val,4230.tif,0.31421
val,4231.tif,0.329789
val,4232.tif,0.296613
val,4233.tif,0.27255
val,4234.tif,0.309848
val,4235.tif,0.29976
val,4236.tif,0.291151
val,4237.tif,0.325513
val,4238.tif,0.277783
val,4239.tif,0.413443
val,424.tif,0.382732
val,4240.tif,0.297013
val,4241.tif,0.288272
val,4242.tif,0.423531
val,4243.tif,0.384066
val,4244.tif,0.353512
val,4245.tif,0.350401
val,4246.tif,0.383568
val,4247.tif,0.247019
val,4248.tif,0.390477
val,4249.tif,0.283019
val,425.tif,0.474456
val,4250.tif,0.392149
val,4251.tif,0.292862
val,4252.tif,0.404837
val,4253.tif,0.428699
val,4254.tif,0.3089
val,4255.tif,0.322768
val,4256.tif,0.333129
val,4257.tif,0.363496
val,4258.tif,0.312631
val,4259.tif,0.37796
val,426.tif,0.39139
val,4260.tif,0.266431
val,4261.tif,0.341237
val,4262.tif,0.368244
val,4263.tif,0.364174
val,4264.tif,0.286612
val,4265.tif,0.350975
val,4266.tif,0.348728
val,4267.tif,0.34209
val,4268.tif,0.361854
val,4269.tif,0.251679
val,427.tif,0.384343
val,4270.tif,0.359156
val,4271.tif,0.409195
val,4272.tif,0.36715
val,4273.tif,0.330455
val,4274.tif,0.314689
val,4275.tif,0.259513
val,4276.tif,0.39094
val,4277.tif,0.419183
val,4278.tif,0.369292
val,4279.tif,0.325176
val,428.tif,0.271479
val,4280.tif,0.274788
val,4281.tif,0.275676
val,4282.tif,0.291421
val,4283.tif,0.348561
val,4284.tif,0.295372
val,4285.tif,0.387935
val,4286.tif,0.323705
val,4287.tif,0.391286
val,4288.tif,0.240517
val,4289.tif,0.359043
val,429.tif,0.329053
val,4290.tif,0.426903
val,4291.tif,0.32034
val,4292.tif,0.646849
val,4293.tif,0.397493
val,4294.tif,0.401186
val,4295.tif,0.364417
val,4296.tif,0.272731
val,4297.tif,0.399757
val,4298.tif,0.27283
val,4299.tif,0.415797
val,43.tif,0.319837
val,430.tif,0.372234
val,4300.tif,0.339734
val,4301.tif,0.326339
val,4302.tif,0.424079
val,4303.tif,0.511071
val,4304.tif,0.435777
val,4305.tif,0.384311
val,4306.tif,0.356016
val,4307.tif,0.375187
val,4308.tif,0.358565
val,4309.tif,0.394984
val,431.tif,0.368525
val,4310.tif,0.345882
val,4311.tif,0.418491
val,4312.tif,0.383995
val,4313.tif,0.332444
val,4314.tif,0.286099
val,4315.tif,0.455023
val,4316.tif,0.426444
val,4317.tif,0.372952
val,4318.tif,0.424559
val,4319.tif,0.342521
val,432.tif,0.286802
val,4320.tif,0.34461
val,4321.tif,0.447558
val,4322.tif,0.344123
val,4323.tif,0.402383
val,4324.tif,0.224978
val,4325.tif,0.414341
val,4326.tif,0.368382
val,4327.tif,0.335209
val,4328.tif,0.386359
val,4329.tif,0.362295
val,433.tif,0.372101
val,4330.tif,0.369696
val,4331.tif,0.318949
val,4332.tif,0.442829
val,4333.tif,0.407816
val,4334.tif,0.326202
val,4335.tif,0.375499
val,4336.tif,0.361208
val,4337.tif,0.360495
val,4338.tif,0.452335
val,4339.tif,0.3679
val,434.tif,0.356402
val,4340.tif,0.449383
val,4341.tif,0.42599
val,4342.tif,0.289814
val,4343.tif,0.294664
val,4344.tif,0.463545
val,4345.tif,0.281401
val,4346.tif,0.363261
val,4347.tif,0.309676
val,4348.tif,0.253346
val,4349.tif,0.28442
val,435.tif,0.30367
val,4350.tif,0.418206
val,4351.tif,0.361641
val,4352.tif,0.470218
val,4353.tif,0.56155
val,4354.tif,0.393162
val,4355.tif,0.336314
val,4356.tif,0.374376
val,4357.tif,0.4007
val,4358.tif,0.243829
val,4359.tif,0.399388
val,436.tif,0.379253
val,4360.tif,0.350549
val,4361.tif,0.315467
val,4362.tif,0.364756
val,4363.tif,0.33717
val,4364.tif,0.351946
val,4365.tif,0.284231
val,4366.tif,0.400616
val,4367.tif,0.425092
val,4368.tif,0.365375
val,4369.tif,0.316634
val,437.tif,0.441576
val,4370.tif,0.299669
val,4371.tif,0.351052
val,4372.tif,0.435898
val,4373.tif,0.409918
val,4374.tif,0.255703
val,4375.tif,0.262673
val,4376.tif,0.387662
val,4377.tif,0.316108
val,4378.tif,0.300851
val,4379.tif,0.422002
val,438.tif,0.349213
val,4380.tif,0.341601
val,4381.tif,0.362451
val,4382.tif,0.394206
val,4383.tif,0.351617
val,4384.tif,0.316608
val,4385.tif,0.303134
val,4386.tif,0.361713
val,4387.tif,0.323199
val,4388.tif,0.333388
val,4389.tif,0.321588
val,439.tif,0.298444
val,4390.tif,0.273722
val,4391.tif,0.339474
val,4392.tif,0.415222
val,4393.tif,0.373491
val,4394.tif,0.420982
val,4395.tif,0.277132
val,4396.tif,0.343042
val,4397.tif,0.413608
val,4398.tif,0.342451
val,4399.tif,0.313364
val,44.tif,0.330125
val,440.tif,0.328135
val,4400.tif,0.367497
val,4401.tif,0.426511
val,4402.tif,0.323474
val,4403.tif,0.356141
val,4404.tif,0.364916
val,4405.tif,0.301444
val,4406.tif,0.431802
val,4407.tif,0.344588
val,4408.tif,0.277293
val,4409.tif,0.335491
val,441.tif,0.396416
val,4410.tif,0.322968
val,4411.tif,0.393062
val,4412.tif,0.413087
val,4413.tif,0.357575
val,4414.tif,0.396624
val,4415.tif,0.380798
val,4416.tif,0.314991
val,4417.tif,0.410043
val,4418.tif,0.400706
val,4419.tif,0.328736
val,442.tif,0.390895
val,4420.tif,0.379182
val,4421.tif,0.35287
val,4422.tif,0.432201
val,4423.tif,0.36507
val,4424.tif,0.365105
val,4425.tif,0.349557
val,4426.tif,0.554775
val,4427.tif,0.31474
val,4428.tif,0.2532
val,4429.tif,0.277324
val,443.tif,0.340458
val,4430.tif,0.375402
val,4431.tif,0.382099
val,4432.tif,0.326568
val,4433.tif,0.312194
val,4434.tif,0.455324
val,4435.tif,0.389398
val,4436.tif,0.436995
val,4437.tif,0.342442
val,4438.tif,0.287255
val,4439.tif,0.328727
val,444.tif,0.369009
val,4440.tif,0.30718
val,4441.tif,0.27391
val,4442.tif,0.34781
val,4443.tif,0.391551
val,4444.tif,0.34411
val,4445.tif,0.316763
val,4446.tif,0.333306
val,4447.tif,0.390902
val,4448.tif,0.299442
val,4449.tif,0.308817
val,445.tif,0.401312
val,4450.tif,0.335879
val,4451.tif,0.293705
val,4452.tif,0.33881
val,4453.tif,0.345818
val,4454.tif,0.337253
val,4455.tif,0.33991
val,4456.tif,0.313862
val,4457.tif,0.316836
val,4458.tif,0.3201
val,4459.tif,0.36473
val,446.tif,0.342187
val,4460.tif,0.413911
val,4461.tif,0.344244
val,4462.tif,0.311086
val,4463.tif,0.334816
val,4464.tif,0.315229
val,4465.tif,0.316708
val,4466.tif,0.31881
val,4467.tif,0.452857
val,4468.tif,0.33219
val,4469.tif,0.295911
val,447.tif,0.447356
val,4470.tif,0.353021
val,4471.tif,0.348513
val,4472.tif,0.27256
val,4473.tif,0.383299
val,4474.tif,0.353429
val,4475.tif,0.333742
val,4476.tif,0.349753
val,4477.tif,0.327923
val,4478.tif,0.277434
val,4479.tif,0.30132
val,448.tif,0.291332
val,4480.tif,0.361737
val,4481.tif,0.393184
val,4482.tif,0.339102
val,4483.tif,0.375929
val,4484.tif,0.288489
val,4485.tif,0.289484
val,4486.tif,0.299789
val,4487.tif,0.288397
val,4488.tif,0.301262
val,4489.tif,0.354405
val,449.tif,0.4026
val,4490.tif,0.377701
val,4491.tif,0.33022
val,4492.tif,0.292984
val,4493.tif,0.253463
val,4494.tif,0.285561
val,4495.tif,0.379097
val,4496.tif,0.423915
val,4497.tif,0.269253
val,4498.tif,0.320073
val,4499.tif,0.337734
val,45.tif,0.32426
val,450.tif,0.354859
val,4500.tif,0.354743
val,4501.tif,0.237374
val,4502.tif,0.379103
val,4503.tif,0.327535
val,4504.tif,0.380833
val,4505.tif,0.29485
val,4506.tif,0.548698
val,4507.tif,0.341627
val,4508.tif,0.28434
val,4509.tif,0.331684
val,451.tif,0.283355
val,4510.tif,0.521573
val,4511.tif,0.340336
val,4512.tif,0.306968
val,4513.tif,0.2902
val,4514.tif,0.317108
val,4515.tif,0.337379
val,4516.tif,0.269741
val,4517.tif,0.335823
val,4518.tif,0.330837
val,4519.tif,0.383878
val,452.tif,0.319825
val,4520.tif,0.392534
val,4521.tif,0.337132
val,4522.tif,0.324194
val,4523.tif,0.382205
val,4524.tif,0.299049
val,4525.tif,0.376741
val,4526.tif,0.277908
val,4527.tif,0.359142
val,4528.tif,0.281332
val,4529.tif,0.371524
val,453.tif,0.439576
val,4530.tif,0.278742
val,4531.tif,0.29724
val,4532.tif,0.294016
val,4533.tif,0.325042
val,4534.tif,0.236477
val,4535.tif,0.312793
val,4536.tif,0.355245
val,4537.tif,0.352779
val,4538.tif,0.291664
val,4539.tif,0.35576
val,454.tif,0.410725
val,4540.tif,0.28114
val,4541.tif,0.339482
val,4542.tif,0.316014
val,4543.tif,0.369306
val,4544.tif,0.344224
val,4545.tif,0.327055
val,4546.tif,0.302542
val,4547.tif,0.306174
val,4548.tif,0.328584
val,4549.tif,0.31186
val,455.tif,0.327346
val,4550.tif,0.299123
val,4551.tif,0.322595
val,4552.tif,0.355987
val,4553.tif,0.434281
val,4554.tif,0.308342
val,4555.tif,0.392795
val,4556.tif,0.310662
val,4557.tif,0.34676
val,4558.tif,0.336942
val,4559.tif,0.337091
val,456.tif,0.27932
val,4560.tif,0.340144
val,4561.tif,0.344751
val,4562.tif,0.300823
val,4563.tif,0.325265
val,4564.tif,0.295294
val,4565.tif,0.351588
val,4566.tif,0.286596
val,4567.tif,0.338949
val,4568.tif,0.316946
val,4569.tif,0.289089
val,457.tif,0.314826
val,4570.tif,0.343264
val,4571.tif,0.352012
val,4572.tif,0.404216
val,4573.tif,0.330996
val,4574.tif,0.277581
val,4575.tif,0.284932
val,4576.tif,0.357415
val,4577.tif,0.323598
val,4578.tif,0.355726
val,4579.tif,0.294119
val,458.tif,0.396863
val,4580.tif,0.321844
val,4581.tif,0.361435
val,4582.tif,0.333544
val,4583.tif,0.316033
val,4584.tif,0.281212
val,4585.tif,0.347321
val,4586.tif,0.374546
val,4587.tif,0.27112
val,4588.tif,0.384996
val,4589.tif,0.293534
val,459.tif,0.346334
val,4590.tif,0.355686
val,4591.tif,0.373147
val,4592.tif,0.335576
val,4593.tif,0.299961
val,4594.tif,0.327236
val,4595.tif,0.318184
val,4596.tif,0.30049
val,4597.tif,0.338929
val,4598.tif,0.307083
val,4599.tif,0.282384
val,46.tif,0.371519
val,460.tif,0.37553
val,4600.tif,0.282222
val,4601.tif,0.334685
val,4602.tif,0.354573
val,4603.tif,0.307538
val,4604.tif,0.345021
val,4605.tif,0.336851
val,4606.tif,0.374244
val,4607.tif,0.322988
val,4608.tif,0.317708
val,4609.tif,0.334901
val,461.tif,0.316778
val,4610.tif,0.31532
val,4611.tif,0.369733
val,4612.tif,0.283721
val,4613.tif,0.332808
val,4614.tif,0.337155
val,4615.tif,0.362262
val,4616.tif,0.373225
val,4617.tif,0.321231
val,4618.tif,0.368323
val,4619.tif,0.280603
val,462.tif,0.234161
val,4620.tif,0.332233
val,4621.tif,0.353422
val,4622.tif,0.306049
val,4623.tif,0.275742
val,4624.tif,0.3012
val,4625.tif,0.351447
val,4626.tif,0.293749
val,4627.tif,0.361841
val,4628.tif,0.346206
val,4629.tif,0.327862
val,463.tif,0.329608
val,4630.tif,0.333976
val,4631.tif,0.318118
val,4632.tif,0.361294
val,4633.tif,0.325883
val,4634.tif,0.325658
val,4635.tif,0.365689
val,4636.tif,0.303866
val,4637.tif,0.361291
val,4638.tif,0.317639
val,4639.tif,0.300061
val,464.tif,0.299609
val,4640.tif,0.285611
val,4641.tif,0.339611
val,4642.tif,0.341365
val,4643.tif,0.330632
val,4644.tif,0.376303
val,4645.tif,0.384162
val,4646.tif,0.289292
val,4647.tif,0.326085
val,4648.tif,0.262684
val,4649.tif,0.322508
val,465.tif,0.302907
val,4650.tif,0.413374
val,4651.tif,0.333933
val,4652.tif,0.398092
val,4653.tif,0.412355
val,4654.tif,0.367932
val,4655.tif,0.30473
val,4656.tif,0.322799
val,4657.tif,0.353094
val,4658.tif,0.400156
val,4659.tif,0.357147
val,466.tif,0.333365
val,4660.tif,0.303153
val,4661.tif,0.330037
val,4662.tif,0.343554
val,4663.tif,0.371908
val,4664.tif,0.339756
val,4665.tif,0.283451
val,4666.tif,0.33165
val,4667.tif,0.35227
val,4668.tif,0.33829
val,4669.tif,0.448249
val,467.tif,0.334005
val,4670.tif,0.323999
val,4671.tif,0.32155
val,4672.tif,0.374389
val,4673.tif,0.354906
val,4674.tif,0.496732
val,4675.tif,0.348251
val,4676.tif,0.325109
val,4677.tif,0.279777
val,4678.tif,0.319396
val,4679.tif,0.346991
val,468.tif,0.316114
val,4680.tif,0.333229
val,4681.tif,0.371195
val,4682.tif,0.321931
val,4683.tif,0.332092
val,4684.tif,0.281702
val,4685.tif,0.316907
val,4686.tif,0.276892
val,4687.tif,0.305435
val,4688.tif,0.269037
val,4689.tif,0.393655
val,469.tif,0.368732
val,4690.tif,0.350039
val,4691.tif,0.315061
val,4692.tif,0.390758
val,4693.tif,0.322307
val,4694.tif,0.370645
val,4695.tif,0.297833
val,4696.tif,0.315534
val,4697.tif,0.24795
val,4698.tif,0.270063
val,4699.tif,0.308307
val,47.tif,0.425965
val,470.tif,0.310102
val,4700.tif,0.286978
val,4701.tif,0.289829
val,4702.tif,0.355896
val,4703.tif,0.285736
val,4704.tif,0.411236
val,4705.tif,0.369059
val,4706.tif,0.264031
val,4707.tif,0.307294
val,4708.tif,0.304608
val,4709.tif,0.330395
val,471.tif,0.4252
val,4710.tif,0.398418
val,4711.tif,0.333481
val,4712.tif,0.364444
val,4713.tif,0.334399
val,4714.tif,0.306108
val,4715.tif,0.3325
val,4716.tif,0.349374
val,4717.tif,0.323436
val,4718.tif,0.310162
val,4719.tif,0.384932
val,472.tif,0.451557
val,4720.tif,0.378002
val,4721.tif,0.271238
val,4722.tif,0.422678
val,4723.tif,0.33917
val,4724.tif,0.373163
val,4725.tif,0.365675
val,4726.tif,0.305215
val,4727.tif,0.290912
val,4728.tif,0.330638
val,4729.tif,0.407397
val,473.tif,0.318482
val,4730.tif,0.329087
val,4731.tif,0.31327
val,4732.tif,0.28134
val,4733.tif,0.357561
val,4734.tif,0.280152
val,4735.tif,0.268513
val,4736.tif,0.250393
val,4737.tif,0.295708
val,4738.tif,0.358313
val,4739.tif,0.303641
val,474.tif,0.437281
val,4740.tif,0.327549
val,4741.tif,0.342345
val,4742.tif,0.369029
val,4743.tif,0.346762
val,4744.tif,0.419039
val,4745.tif,0.373254
val,4746.tif,0.481117
val,4747.tif,0.313658
val,4748.tif,0.334409
val,4749.tif,0.304502
val,475.tif,0.215789
val,4750.tif,0.31556
val,4751.tif,0.387875
val,4752.tif,0.376577
val,4753.tif,0.346618
val,4754.tif,0.373399
val,4755.tif,0.334877
val,4756.tif,0.29524
val,4757.tif,0.27695
val,4758.tif,0.329177
val,4759.tif,0.342641
val,476.tif,0.416922
val,4760.tif,0.356177
val,4761.tif,0.340996
val,4762.tif,0.370558
val,4763.tif,0.348084
val,4764.tif,0.43306
val,4765.tif,0.32297
val,4766.tif,0.26987
val,4767.tif,0.337181
val,4768.tif,0.265224
val,4769.tif,0.346432
val,477.tif,0.35128
val,4770.tif,0.395525
val,4771.tif,0.325278
val,4772.tif,0.275201
val,4773.tif,0.319798
val,4774.tif,0.41108
val,4775.tif,0.307343
val,4776.tif,0.347732
val,4777.tif,0.327315
val,4778.tif,0.32702
val,4779.tif,0.304171
val,478.tif,0.290122
val,4780.tif,0.360895
val,4781.tif,0.312089
val,4782.tif,0.305676
val,4783.tif,0.266688
val,4784.tif,0.389509
val,4785.tif,0.405282
val,4786.tif,0.32674
val,4787.tif,0.372641
val,4788.tif,0.378203
val,4789.tif,0.294856
val,479.tif,0.393326
val,4790.tif,0.400295
val,4791.tif,0.303021
val,4792.tif,0.327738
val,4793.tif,0.36214
val,4794.tif,0.365063
val,4795.tif,0.34427
val,4796.tif,0.411779
val,4797.tif,0.33596
val,4798.tif,0.232508
val,4799.tif,0.352869
val,48.tif,0.370925
val,480.tif,0.34735
val,4800.tif,0.46678
val,4801.tif,0.28853
val,4802.tif,0.346336
val,4803.tif,0.346952
val,4804.tif,0.365105
val,4805.tif,0.306341
val,4806.tif,0.317787
val,4807.tif,0.414383
val,4808.tif,0.309221
val,4809.tif,0.398396
val,481.tif,0.346364
val,4810.tif,0.401636
val,4811.tif,0.309879
val,4812.tif,0.358761
val,4813.tif,0.275421
val,4814.tif,0.373306
val,4815.tif,0.340433
val,4816.tif,0.352877
val,4817.tif,0.303797
val,4818.tif,0.357165
val,4819.tif,0.306017
val,482.tif,0.298833
val,4820.tif,0.319045
val,4821.tif,0.293904
val,4822.tif,0.339855
val,4823.tif,0.30823
val,4824.tif,0.422351
val,4825.tif,0.388939
val,4826.tif,0.373282
val,4827.tif,0.291517
val,4828.tif,0.307075
val,4829.tif,0.33393
val,483.tif,0.293559
val,4830.tif,0.283053
val,4831.tif,0.371981
val,4832.tif,0.361766
val,4833.tif,0.305978
val,4834.tif,0.300457
val,4835.tif,0.372049
val,4836.tif,0.363054
val,4837.tif,0.307238
val,4838.tif,0.302573
val,4839.tif,0.314838
val,484.tif,0.327254
val,4840.tif,0.291133
val,4841.tif,0.318232
val,4842.tif,0.299874
val,4843.tif,0.409612
val,4844.tif,0.309763
val,4845.tif,0.337378
val,4846.tif,0.384274
val,4847.tif,0.379265
val,4848.tif,0.300439
val,4849.tif,0.354986
val,485.tif,0.308416
val,4850.tif,0.458706
val,4851.tif,0.280966
val,4852.tif,0.33824
val,4853.tif,0.318385
val,4854.tif,0.366631
val,4855.tif,0.381825
val,4856.tif,0.269635
val,4857.tif,0.399233
val,4858.tif,0.400096
val,4859.tif,0.306502
val,486.tif,0.449005
val,4860.tif,0.271925
val,4861.tif,0.335023
val,4862.tif,0.354864
val,4863.tif,0.418551
val,4864.tif,0.338328
val,4865.tif,0.422117
val,4866.tif,0.31795
val,4867.tif,0.318846
val,4868.tif,0.287299
val,4869.tif,0.33156
val,487.tif,0.385216
val,4870.tif,0.278399
val,4871.tif,0.40205
val,4872.tif,0.286491
val,4873.tif,0.345843
val,4874.tif,0.30362
val,4875.tif,0.319014
val,4876.tif,0.302315
val,4877.tif,0.326095
val,4878.tif,0.322431
val,4879.tif,0.328259
val,488.tif,0.439167
val,4880.tif,0.256564
val,4881.tif,0.404471
val,4882.tif,0.292625
val,4883.tif,0.348194
val,4884.tif,0.282494
val,4885.tif,0.36411
val,4886.tif,0.306324
val,4887.tif,0.374977
val,4888.tif,0.34137
val,4889.tif,0.312869
val,489.tif,0.336913
val,4890.tif,0.319774
val,4891.tif,0.339926
val,4892.tif,0.361265
val,4893.tif,0.302967
val,4894.tif,0.298345
val,4895.tif,0.425638
val,4896.tif,0.390509
val,4897.tif,0.286403
val,4898.tif,0.370107
val,4899.tif,0.347739
val,49.tif,0.343105
val,490.tif,0.325871
val,4900.tif,0.374546
val,4901.tif,0.385892
val,4902.tif,0.376431
val,4903.tif,0.284147
val,4904.tif,0.329138
val,4905.tif,0.318127
val,4906.tif,0.287757
val,4907.tif,0.301253
val,4908.tif,0.410685
val,4909.tif,0.292561
val,491.tif,0.38341
val,4910.tif,0.328989
val,4911.tif,0.300922
val,4912.tif,0.33961
val,4913.tif,0.308151
val,4914.tif,0.331815
val,4915.tif,0.423188
val,4916.tif,0.400648
val,4917.tif,0.243997
val,4918.tif,0.340194
val,4919.tif,0.326329
val,492.tif,0.51254
val,4920.tif,0.417385
val,4921.tif,0.315882
val,4922.tif,0.364066
val,4923.tif,0.443685
val,4924.tif,0.351995
val,4925.tif,0.375216
val,4926.tif,0.381123
val,4927.tif,0.289874
val,4928.tif,0.322567
val,4929.tif,0.307059
val,493.tif,0.401253
val,4930.tif,0.279263
val,4931.tif,0.290018
val,4932.tif,0.315123
val,4933.tif,0.36077
val,4934.tif,0.299218
val,4935.tif,0.325702
val,4936.tif,0.298418
val,4937.tif,0.371869
val,4938.tif,0.346176
val,4939.tif,0.314599
val,494.tif,0.39783
val,4940.tif,0.399029
val,4941.tif,0.315064
val,4942.tif,0.340486
val,4943.tif,0.346012
val,4944.tif,0.319453
val,4945.tif,0.390471
val,4946.tif,0.336942
val,4947.tif,0.35189
val,4948.tif,0.343631
val,4949.tif,0.306452
val,495.tif,0.37714
val,4950.tif,0.273676
val,4951.tif,0.348843
val,4952.tif,0.310968
val,4953.tif,0.299017
val,4954.tif,0.384935
val,4955.tif,0.298115
val,4956.tif,0.372872
val,4957.tif,0.277233
val,4958.tif,0.361074
val,4959.tif,0.353548
val,496.tif,0.383681
val,4960.tif,0.278478
val,4961.tif,0.329038
val,4962.tif,0.273959
val,4963.tif,0.300678
val,4964.tif,0.316172
val,4965.tif,0.325071
val,4966.tif,0.374556
val,4967.tif,0.331813
val,4968.tif,0.296711
val,4969.tif,0.324433
val,497.tif,0.282939
val,4970.tif,0.372532
val,4971.tif,0.299878
val,4972.tif,0.325174
val,4973.tif,0.323083
val,4974.tif,0.27033
val,4975.tif,0.298208
val,4976.tif,0.409219
val,4977.tif,0.310293
val,4978.tif,0.347286
val,4979.tif,0.309654
val,498.tif,0.395485
val,4980.tif,0.388349
val,4981.tif,0.297944
val,4982.tif,0.40686
val,4983.tif,0.383807
val,4984.tif,0.283563
val,4985.tif,0.367056
val,4986.tif,0.300927
val,4987.tif,0.346875
val,4988.tif,0.298464
val,4989.tif,0.30389
val,499.tif,0.348284
val,4990.tif,0.356003
val,4991.tif,0.33919
val,4992.tif,0.3083
val,4993.tif,0.34417
val,4994.tif,0.375724
val,4995.tif,0.291935
val,4996.tif,0.325577
val,4997.tif,0.315496
val,4998.tif,0.399542
val,4999.tif,0.541852
val,5.tif,0.274953
val,50.tif,0.389059
val,500.tif,0.370983
val,5000.tif,0.256318
val,5001.tif,0.352322
val,5002.tif,0.386396
val,5003.tif,0.375544
val,5004.tif,0.366464
val,5005.tif,0.365203
val,5006.tif,0.41035
val,5007.tif,0.349451
val,5008.tif,0.350772
val,5009.tif,0.289883
val,501.tif,0.382384
val,5010.tif,0.307295
val,5011.tif,0.287568
val,5012.tif,0.364951
val,5013.tif,0.270114
val,5014.tif,0.295958
val,5015.tif,0.424435
val,5016.tif,0.343777
val,5017.tif,0.294572
val,5018.tif,0.326049
val,5019.tif,0.418266
val,502.tif,0.30656
val,5020.tif,0.286348
val,5021.tif,0.334812
val,5022.tif,0.367046
val,5023.tif,0.360373
val,5024.tif,0.350826
val,5025.tif,0.270549
val,5026.tif,0.433748
val,5027.tif,0.296656
val,5028.tif,0.287018
val,5029.tif,0.28016
val,503.tif,0.408621
val,5030.tif,0.366626
val,5031.tif,0.34519
val,5032.tif,0.318704
val,5033.tif,0.344904
val,5034.tif,0.299946
val,5035.tif,0.299488
val,5036.tif,0.307677
val,5037.tif,0.265425
val,5038.tif,0.294967
val,5039.tif,0.336628
val,504.tif,0.344182
val,5040.tif,0.324537
val,5041.tif,0.315131
val,5042.tif,0.295426
val,5043.tif,0.30889
val,5044.tif,0.396858
val,5045.tif,0.285534
val,5046.tif,0.332585
val,5047.tif,0.355253
val,5048.tif,0.281398
val,5049.tif,0.250554
val,505.tif,0.310041
val,5050.tif,0.305682
val,5051.tif,0.331124
val,5052.tif,0.340683
val,5053.tif,0.315206
val,5054.tif,0.369888
val,5055.tif,0.264286
val,5056.tif,0.427725
val,5057.tif,0.319655
val,5058.tif,0.299172
val,5059.tif,0.308696
val,506.tif,0.376828
val,5060.tif,0.414743
val,5061.tif,0.321971
val,5062.tif,0.380083
val,5063.tif,0.310994
val,5064.tif,0.366762
val,5065.tif,0.353432
val,5066.tif,0.305149
val,5067.tif,0.327026
val,5068.tif,0.344151
val,5069.tif,0.335818
val,507.tif,0.401205
val,5070.tif,0.352313
val,5071.tif,0.3023
val,5072.tif,0.229748
val,5073.tif,0.289683
val,5074.tif,0.2992
val,5075.tif,0.346518
val,5076.tif,0.276165
val,5077.tif,0.324832
val,5078.tif,0.332298
val,5079.tif,0.313169
val,508.tif,0.375832
val,5080.tif,0.389754
val,5081.tif,0.395336
val,5082.tif,0.340625
val,5083.tif,0.397552
val,5084.tif,0.325193
val,5085.tif,0.301948
val,5086.tif,0.327802
val,5087.tif,0.30057
val,5088.tif,0.35581
val,5089.tif,0.257014
val,509.tif,0.35473
val,5090.tif,0.331812
val,5091.tif,0.325269
val,5092.tif,0.34655
val,5093.tif,0.325286
val,5094.tif,0.326298
val,5095.tif,0.317672
val,5096.tif,0.374117
val,5097.tif,0.321471
val,5098.tif,0.310318
val,5099.tif,0.38838
val,51.tif,0.383433
val,510.tif,0.478276
val,5100.tif,0.375533
val,5101.tif,0.397471
val,5102.tif,0.32318
val,5103.tif,0.357297
val,5104.tif,0.312663
val,5105.tif,0.350367
val,5106.tif,0.313227
val,5107.tif,0.279289
val,5108.tif,0.375482
val,5109.tif,0.28865
val,511.tif,0.40495
val,5110.tif,0.349007
val,5111.tif,0.308866
val,5112.tif,0.33287
val,5113.tif,0.304645
val,5114.tif,0.337906
val,5115.tif,0.370134
val,5116.tif,0.328881
val,5117.tif,0.287057
val,5118.tif,0.267568
val,5119.tif,0.388775
val,512.tif,0.390088
val,5120.tif,0.29687
val,5121.tif,0.332825
val,5122.tif,0.304888
val,5123.tif,0.405363
val,5124.tif,0.334775
val,5125.tif,0.389412
val,5126.tif,0.252981
val,5127.tif,0.308584
val,5128.tif,0.348032
val,5129.tif,0.313176
val,513.tif,0.379398
val,5130.tif,0.331737
val,5131.tif,0.44896
val,5132.tif,0.292038
val,5133.tif,0.341855
val,5134.tif,0.306784
val,5135.tif,0.399267
val,5136.tif,0.406422
val,5137.tif,0.312439
val,5138.tif,0.287276
val,5139.tif,0.395679
val,514.tif,0.397459
val,5140.tif,0.34227
val,5141.tif,0.350562
val,5142.tif,0.36535
val,5143.tif,0.355609
val,5144.tif,0.328004
val,5145.tif,0.343528
val,5146.tif,0.332207
val,5147.tif,0.311654
val,5148.tif,0.353768
val,5149.tif,0.326304
val,515.tif,0.374326
val,5150.tif,0.337794
val,5151.tif,0.345296
val,5152.tif,0.295
val,5153.tif,0.35508
val,5154.tif,0.360864
val,5155.tif,0.330961
val,5156.tif,0.284782
val,5157.tif,0.297836
val,5158.tif,0.380701
val,5159.tif,0.304811
val,516.tif,0.453865
val,5160.tif,0.364299
val,5161.tif,0.338632
val,5162.tif,0.409742
val,5163.tif,0.360926
val,5164.tif,0.322413
val,5165.tif,0.332078
val,5166.tif,0.327651
val,5167.tif,0.296775
val,5168.tif,0.312531
val,5169.tif,0.286668
val,517.tif,0.47652
val,5170.tif,0.307475
val,5171.tif,0.313952
val,5172.tif,0.305243
val,5173.tif,0.38427
val,5174.tif,0.290116
val,5175.tif,0.322464
val,5176.tif,0.308304
val,5177.tif,0.291939
val,5178.tif,0.368564
val,5179.tif,0.351033
val,518.tif,0.295766
val,5180.tif,0.308285
val,5181.tif,0.31046
val,5182.tif,0.334794
val,5183.tif,0.366279
val,5184.tif,0.369801
val,5185.tif,0.330963
val,5186.tif,0.296281
val,5187.tif,0.374703
val,5188.tif,0.340842
val,5189.tif,0.359098
val,519.tif,0.364897
val,5190.tif,0.335115
val,5191.tif,0.310993
val,5192.tif,0.354458
val,5193.tif,0.382431
val,5194.tif,0.2842
val,5195.tif,0.288456
val,5196.tif,0.348718
val,5197.tif,0.42252
val,5198.tif,0.338067
val,5199.tif,0.339615
val,52.tif,0.281709
val,520.tif,0.291904
val,5200.tif,0.32965
val,5201.tif,0.402072
val,5202.tif,0.341977
val,5203.tif,0.350554
val,5204.tif,0.331364
val,5205.tif,0.396688
val,5206.tif,0.395013
val,5207.tif,0.311836
val,5208.tif,0.305078
val,5209.tif,0.341504
val,521.tif,0.314336
val,5210.tif,0.367421
val,5211.tif,0.307209
val,5212.tif,0.289517
val,5213.tif,0.348364
val,5214.tif,0.366411
val,5215.tif,0.336153
val,5216.tif,0.274741
val,5217.tif,0.276287
val,5218.tif,0.35021
val,5219.tif,0.366488
val,522.tif,0.343919
val,5220.tif,0.31499
val,5221.tif,0.332019
val,5222.tif,0.3592
val,5223.tif,0.336407
val,5224.tif,0.314652
val,5225.tif,0.294355
val,5226.tif,0.304973
val,5227.tif,0.349526
val,5228.tif,0.281263
val,5229.tif,0.343466
val,523.tif,0.332914
val,5230.tif,0.340222
val,5231.tif,0.303272
val,5232.tif,0.351337
val,5233.tif,0.308799
val,5234.tif,0.396393
val,5235.tif,0.372133
val,5236.tif,0.313897
val,5237.tif,0.251819
val,5238.tif,0.444356
val,5239.tif,0.36879
val,524.tif,0.43452
val,5240.tif,0.408125
val,5241.tif,0.337647
val,5242.tif,0.426416
val,5243.tif,0.328911
val,5244.tif,0.395234
val,5245.tif,0.403429
val,5246.tif,0.28789
val,5247.tif,0.368797
val,5248.tif,0.347415
val,5249.tif,0.323488
val,525.tif,0.390506
val,5250.tif,0.310827
val,5251.tif,0.348689
val,5252.tif,0.278529
val,5253.tif,0.380509
val,5254.tif,0.296189
val,5255.tif,0.29842
val,5256.tif,0.292321
val,5257.tif,0.358125
val,5258.tif,0.333503
val,5259.tif,0.318029
val,526.tif,0.389404
val,5260.tif,0.411434
val,5261.tif,0.328748
val,5262.tif,0.355978
val,5263.tif,0.344957
val,5264.tif,0.336468
val,5265.tif,0.34755
val,5266.tif,0.286279
val,5267.tif,0.368246
val,5268.tif,0.332605
val,5269.tif,0.309388
val,527.tif,0.39444
val,5270.tif,0.31205
val,5271.tif,0.391642
val,5272.tif,0.285821
val,5273.tif,0.360155
val,5274.tif,0.337216
val,5275.tif,0.270563
val,5276.tif,0.299116
val,5277.tif,0.267782
val,5278.tif,0.369961
val,5279.tif,0.379153
val,528.tif,0.29483
val,5280.tif,0.322983
val,5281.tif,0.326978
val,5282.tif,0.306309
val,5283.tif,0.321544
val,5284.tif,0.329338
val,5285.tif,0.25315
val,5286.tif,0.312116
val,5287.tif,0.382478
val,5288.tif,0.336331
val,5289.tif,0.341912
val,529.tif,0.369964
val,5290.tif,0.278457
val,5291.tif,0.342245
val,5292.tif,0.261714
val,5293.tif,0.365306
val,5294.tif,0.283136
val,5295.tif,0.28487
val,5296.tif,0.340965
val,5297.tif,0.348135
val,5298.tif,0.296238
val,5299.tif,0.268841
val,53.tif,0.38667
val,530.tif,0.432709
val,5300.tif,0.323075
val,5301.tif,0.259463
val,5302.tif,0.294349
val,5303.tif,0.299677
val,5304.tif,0.342909
val,5305.tif,0.354162
val,5306.tif,0.331943
val,5307.tif,0.28933
val,5308.tif,0.386971
val,5309.tif,0.396121
val,531.tif,0.372815
val,5310.tif,0.352581
val,5311.tif,0.310454
val,5312.tif,0.390391
val,5313.tif,0.306027
val,5314.tif,0.320023
val,5315.tif,0.285213
val,5316.tif,0.38823
val,5317.tif,0.320312
val,5318.tif,0.329606
val,5319.tif,0.297404
val,532.tif,0.368354
val,5320.tif,0.262377
val,5321.tif,0.275042
val,5322.tif,0.39707
val,5323.tif,0.34884
val,5324.tif,0.346191
val,5325.tif,0.359001
val,5326.tif,0.329152
val,5327.tif,0.351297
val,5328.tif,0.275266
val,5329.tif,0.31273
val,533.tif,0.343247
val,5330.tif,0.361641
val,5331.tif,0.307833
val,5332.tif,0.300991
val,5333.tif,0.358046
val,5334.tif,0.270568
val,5335.tif,0.292882
val,5336.tif,0.346425
val,5337.tif,0.313883
val,5338.tif,0.353221
val,5339.tif,0.337772
val,534.tif,0.385444
val,5340.tif,0.322811
val,5341.tif,0.305885
val,5342.tif,0.394733
val,5343.tif,0.266126
val,5344.tif,0.328573
val,5345.tif,0.427656
val,5346.tif,0.267977
val,5347.tif,0.386709
val,5348.tif,0.294665
val,5349.tif,0.319129
val,535.tif,0.328016
val,5350.tif,0.319835
val,5351.tif,0.278455
val,5352.tif,0.317667
val,5353.tif,0.304004
val,5354.tif,0.345519
val,5355.tif,0.3344
val,5356.tif,0.294443
val,5357.tif,0.43634
val,5358.tif,0.348026
val,5359.tif,0.3856
val,536.tif,0.313229
val,5360.tif,0.301504
val,5361.tif,0.322839
val,5362.tif,0.278489
val,5363.tif,0.375924
val,5364.tif,0.347627
val,5365.tif,0.309651
val,5366.tif,0.359121
val,5367.tif,0.407557
val,5368.tif,0.319877
val,5369.tif,0.3166
val,537.tif,0.351957
val,5370.tif,0.303473
val,5371.tif,0.299995
val,5372.tif,0.35689
val,5373.tif,0.377824
val,5374.tif,0.368417
val,5375.tif,0.32549
val,5376.tif,0.315966
val,5377.tif,0.404507
val,5378.tif,0.428348
val,5379.tif,0.354799
val,538.tif,0.389007
val,5380.tif,0.354155
val,5381.tif,0.37223
val,5382.tif,0.446467
val,5383.tif,0.266712
val,5384.tif,0.290124
val,5385.tif,0.304411
val,5386.tif,0.411456
val,5387.tif,0.308022
val,5388.tif,0.403301
val,5389.tif,0.322823
val,539.tif,0.341464
val,5390.tif,0.403109
val,5391.tif,0.298512
val,5392.tif,0.299243
val,5393.tif,0.330281
val,5394.tif,0.35726
val,5395.tif,0.318275
val,5396.tif,0.346134
val,5397.tif,0.347963
val,5398.tif,0.305275
val,5399.tif,0.327288
val,54.tif,0.445083
val,540.tif,0.370998
val,5400.tif,0.406569
val,5401.tif,0.289467
val,5402.tif,0.330356
val,5403.tif,0.318789
val,5404.tif,0.366232
val,5405.tif,0.314481
val,5406.tif,0.362016
val,5407.tif,0.315392
val,5408.tif,0.359574
val,5409.tif,0.302116
val,541.tif,0.345236
val,5410.tif,0.312345
val,5411.tif,0.31165
val,5412.tif,0.317886
val,5413.tif,0.406196
val,5414.tif,0.350923
val,5415.tif,0.279879
val,5416.tif,0.321113
val,5417.tif,0.444873
val,5418.tif,0.343323
val,5419.tif,0.337662
val,542.tif,0.371721
val,5420.tif,0.335406
val,5421.tif,0.314069
val,5422.tif,0.412571
val,5423.tif,0.318724
val,5424.tif,0.332701
val,5425.tif,0.34236
val,5426.tif,0.320736
val,5427.tif,0.351857
val,5428.tif,0.40768
val,5429.tif,0.384947
val,543.tif,0.341475
val,5430.tif,0.290013
val,5431.tif,0.349297
val,5432.tif,0.368496
val,5433.tif,0.370381
val,5434.tif,0.267597
val,5435.tif,0.363609
val,5436.tif,0.351732
val,5437.tif,0.424498
val,5438.tif,0.396522
val,5439.tif,0.292154
val,544.tif,0.396044
val,5440.tif,0.331354
val,5441.tif,0.35002
val,5442.tif,0.383182
val,5443.tif,0.334963
val,5444.tif,0.305443
val,5445.tif,0.296891
val,5446.tif,0.380682
val,5447.tif,0.37232
val,5448.tif,0.31388
val,5449.tif,0.300253
val,545.tif,0.371634
val,5450.tif,0.411426
val,5451.tif,0.364637
val,5452.tif,0.359488
val,5453.tif,0.362778
val,5454.tif,0.380504
val,5455.tif,0.344481
val,5456.tif,0.345132
val,5457.tif,0.320477
val,5458.tif,0.418763
val,5459.tif,0.477612
val,546.tif,0.284465
val,5460.tif,0.345834
val,5461.tif,0.32459
val,5462.tif,0.331206
val,5463.tif,0.354594
val,5464.tif,0.304092
val,5465.tif,0.327591
val,5466.tif,0.35253
val,5467.tif,0.367774
val,5468.tif,0.386621
val,5469.tif,0.390668
val,547.tif,0.425065
val,5470.tif,0.311787
val,5471.tif,0.304168
val,5472.tif,0.32809
val,5473.tif,0.333602
val,5474.tif,0.381995
val,5475.tif,0.407825
val,5476.tif,0.318607
val,5477.tif,0.303903
val,5478.tif,0.327727
val,5479.tif,0.310913
val,548.tif,0.413063
val,5480.tif,0.316853
val,5481.tif,0.288878
val,5482.tif,0.323578
val,5483.tif,0.304405
val,5484.tif,0.321402
val,5485.tif,0.342963
val,5486.tif,0.401257
val,5487.tif,0.365316
val,5488.tif,0.2912
val,5489.tif,0.297901
val,549.tif,0.371916
val,5490.tif,0.449396
val,5491.tif,0.399057
val,5492.tif,0.340041
val,5493.tif,0.32499
val,5494.tif,0.325492
val,5495.tif,0.317044
val,5496.tif,0.289503
val,5497.tif,0.291635
val,5498.tif,0.26154
val,5499.tif,0.327092
val,55.tif,0.369407
val,550.tif,0.337699
val,5500.tif,0.345617
val,5501.tif,0.336023
val,5502.tif,0.331636
val,5503.tif,0.267082
val,5504.tif,0.327562
val,5505.tif,0.398544
val,5506.tif,0.349364
val,5507.tif,0.383389
val,5508.tif,0.393135
val,5509.tif,0.313499
val,551.tif,0.346901
val,5510.tif,0.326301
val,5511.tif,0.37312
val,5512.tif,0.319424
val,5513.tif,0.369688
val,5514.tif,0.35474
val,5515.tif,0.445413
val,5516.tif,0.278134
val,5517.tif,0.367582
val,5518.tif,0.320216
val,5519.tif,0.302027
val,552.tif,0.30214
val,5520.tif,0.320027
val,5521.tif,0.465926
val,5522.tif,0.393484
val,5523.tif,0.334149
val,5524.tif,0.329892
val,5525.tif,0.322854
val,5526.tif,0.281985
val,5527.tif,0.325382
val,5528.tif,0.359287
val,5529.tif,0.406349
val,553.tif,0.227291
val,5530.tif,0.271127
val,5531.tif,0.319485
val,5532.tif,0.378549
val,5533.tif,0.302747
val,5534.tif,0.332995
val,5535.tif,0.319985
val,5536.tif,0.390808
val,5537.tif,0.358892
val,5538.tif,0.263348
val,5539.tif,0.307763
val,554.tif,0.383406
val,5540.tif,0.33774
val,5541.tif,0.227963
val,5542.tif,0.435213
val,5543.tif,0.351065
val,5544.tif,0.361991
val,5545.tif,0.308647
val,5546.tif,0.322792
val,5547.tif,0.304488
val,5548.tif,0.32757
val,5549.tif,0.379427
val,555.tif,0.346907
val,5550.tif,0.314726
val,5551.tif,0.474386
val,5552.tif,0.363745
val,5553.tif,0.307444
val,5554.tif,0.338658
val,5555.tif,0.32843
val,5556.tif,0.30333
val,5557.tif,0.306173
val,5558.tif,0.340363
val,5559.tif,0.367323
val,556.tif,0.351098
val,5560.tif,0.257469
val,5561.tif,0.363235
val,5562.tif,0.342426
val,5563.tif,0.290091
val,5564.tif,0.363433
val,5565.tif,0.281628
val,5566.tif,0.333539
val,5567.tif,0.321021
val,5568.tif,0.31594
val,5569.tif,0.316355
val,557.tif,0.35581
val,5570.tif,0.39741
val,5571.tif,0.266292
val,5572.tif,0.33213
val,5573.tif,0.380917
val,5574.tif,0.365897
val,5575.tif,0.329568
val,5576.tif,0.259256
val,5577.tif,0.31522
val,5578.tif,0.387087
val,5579.tif,0.364892
val,558.tif,0.372085
val,5580.tif,0.354902
val,5581.tif,0.296541
val,5582.tif,0.32045
val,5583.tif,0.373259
val,5584.tif,0.378019
val,5585.tif,0.359685
val,5586.tif,0.311478
val,5587.tif,0.304453
val,5588.tif,0.33447
val,5589.tif,0.332329
val,559.tif,0.321451
val,5590.tif,0.333187
val,5591.tif,0.337985
val,5592.tif,0.36212
val,5593.tif,0.352853
val,5594.tif,0.39848
val,5595.tif,0.373154
val,5596.tif,0.332662
val,5597.tif,0.377079
val,5598.tif,0.339441
val,5599.tif,0.300766
val,56.tif,0.339302
val,560.tif,0.356345
val,5600.tif,0.327242
val,5601.tif,0.348904
val,5602.tif,0.278953
val,5603.tif,0.350149
val,5604.tif,0.358753
val,5605.tif,0.306787
val,5606.tif,0.379641
val,5607.tif,0.283402
val,5608.tif,0.417022
val,5609.tif,0.304751
val,561.tif,0.358791
val,5610.tif,0.370917
val,5611.tif,0.477397
val,5612.tif,0.325779
val,5613.tif,0.35641
val,5614.tif,0.302684
val,5615.tif,0.308492
val,5616.tif,0.342603
val,5617.tif,0.32792
val,5618.tif,0.339895
val,5619.tif,0.316647
val,562.tif,0.317119
val,5620.tif,0.392764
val,5621.tif,0.37027
val,5622.tif,0.292075
val,5623.tif,0.359405
val,5624.tif,0.263465
val,5625.tif,0.312735
val,5626.tif,0.344407
val,5627.tif,0.360124
val,5628.tif,0.369927
val,5629.tif,0.301123
val,563.tif,0.309806
val,5630.tif,0.331112
val,5631.tif,0.345577
val,5632.tif,0.280507
val,5633.tif,0.401939
val,5634.tif,0.278831
val,5635.tif,0.3868
val,5636.tif,0.331353
val,5637.tif,0.364008
val,5638.tif,0.40253
val,5639.tif,0.343333
val,564.tif,0.392789
val,5640.tif,0.29839
val,5641.tif,0.283028
val,5642.tif,0.34919
val,5643.tif,0.296606
val,5644.tif,0.410199
val,5645.tif,0.392919
val,5646.tif,0.35028
val,5647.tif,0.446666
val,5648.tif,0.369548
val,5649.tif,0.33209
val,565.tif,0.325537
val,5650.tif,0.34806
val,5651.tif,0.375706
val,5652.tif,0.408797
val,5653.tif,0.304818
val,5654.tif,0.378063
val,5655.tif,0.321127
val,5656.tif,0.344221
val,5657.tif,0.31754
val,5658.tif,0.335855
val,5659.tif,0.355917
val,566.tif,0.237806
val,5660.tif,0.41675
val,5661.tif,0.312499
val,5662.tif,0.273761
val,5663.tif,0.326158
val,5664.tif,0.377192
val,5665.tif,0.302073
val,5666.tif,0.304968
val,5667.tif,0.27953
val,5668.tif,0.424159
val,5669.tif,0.340756
val,567.tif,0.361297
val,5670.tif,0.45984
val,5671.tif,0.359885
val,5672.tif,0.353673
val,5673.tif,0.402655
val,5674.tif,0.320642
val,5675.tif,0.316881
val,5676.tif,0.344087
val,5677.tif,0.403874
val,5678.tif,0.263259
val,5679.tif,0.266215
val,568.tif,0.263756
val,5680.tif,0.332502
val,5681.tif,0.31229
val,5682.tif,0.242995
val,5683.tif,0.29866
val,5684.tif,0.445302
val,5685.tif,0.267517
val,5686.tif,0.473755
val,5687.tif,0.40448
val,5688.tif,0.345461
val,5689.tif,0.321725
val,569.tif,0.342411
val,5690.tif,0.29357
val,5691.tif,0.334683
val,5692.tif,0.355917
val,5693.tif,0.350414
val,5694.tif,0.258905
val,5695.tif,0.276846
val,5696.tif,0.310769
val,5697.tif,0.304042
val,5698.tif,0.381447
val,5699.tif,0.284681
val,57.tif,0.335764
val,570.tif,0.368798
val,5700.tif,0.335286
val,5701.tif,0.309817
val,5702.tif,0.333543
val,5703.tif,0.340002
val,5704.tif,0.343544
val,5705.tif,0.373915
val,5706.tif,0.271551
val,5707.tif,0.32951
val,5708.tif,0.248185
val,5709.tif,0.288397
val,571.tif,0.398373
val,5710.tif,0.302011
val,5711.tif,0.360329
val,5712.tif,0.346972
val,5713.tif,0.373366
val,5714.tif,0.346521
val,5715.tif,0.400689
val,5716.tif,0.297552
val,5717.tif,0.316384
val,5718.tif,0.26613
val,5719.tif,0.34984
val,572.tif,0.336769
val,5720.tif,0.306462
val,5721.tif,0.345301
val,5722.tif,0.212606
val,5723.tif,0.275047
val,5724.tif,0.339102
val,5725.tif,0.276601
val,5726.tif,0.341138
val,5727.tif,0.377131
val,5728.tif,0.362127
val,5729.tif,0.284897
val,573.tif,0.403483
val,5730.tif,0.381893
val,5731.tif,0.328071
val,5732.tif,0.33463
val,5733.tif,0.288606
val,5734.tif,0.296675
val,5735.tif,0.332763
val,5736.tif,0.353288
val,5737.tif,0.333191
val,5738.tif,0.29403
val,5739.tif,0.189241
val,574.tif,0.353442
val,5740.tif,0.364885
val,5741.tif,0.374479
val,5742.tif,0.299773
val,5743.tif,0.280478
val,5744.tif,0.308756
val,5745.tif,0.321786
val,5746.tif,0.372927
val,5747.tif,0.314934
val,5748.tif,0.310548
val,5749.tif,0.316016
val,575.tif,0.422949
val,5750.tif,0.268157
val,5751.tif,0.329141
val,5752.tif,0.461271
val,5753.tif,0.387253
val,5754.tif,0.303973
val,5755.tif,0.297045
val,5756.tif,0.29704
val,5757.tif,0.382256
val,5758.tif,0.223732
val,5759.tif,0.421726
val,576.tif,0.270974
val,5760.tif,0.306198
val,5761.tif,0.351433
val,5762.tif,0.309696
val,5763.tif,0.351304
val,5764.tif,0.357562
val,5765.tif,0.328311
val,5766.tif,0.344214
val,5767.tif,0.305591
val,5768.tif,0.240249
val,5769.tif,0.259467
val,577.tif,0.29081
val,5770.tif,0.360994
val,5771.tif,0.342818
val,5772.tif,0.342746
val,5773.tif,0.311521
val,5774.tif,0.382473
val,5775.tif,0.391966
val,5776.tif,0.393762
val,5777.tif,0.344263
val,5778.tif,0.356711
val,5779.tif,0.318409
val,578.tif,0.355758
val,5780.tif,0.311085
val,5781.tif,0.236829
val,5782.tif,0.342802
val,5783.tif,0.369759
val,5784.tif,0.288102
val,5785.tif,0.345028
val,5786.tif,0.312662
val,5787.tif,0.333285
val,5788.tif,0.429411
val,5789.tif,0.361332
val,579.tif,0.359528
val,5790.tif,0.364136
val,5791.tif,0.360456
val,5792.tif,0.306175
val,5793.tif,0.379392
val,5794.tif,0.333881
val,5795.tif,0.303377
val,5796.tif,0.276821
val,5797.tif,0.29082
val,5798.tif,0.37512
val,5799.tif,0.312226
val,58.tif,0.381519
val,580.tif,0.368788
val,5800.tif,0.232946
val,5801.tif,0.317753
val,5802.tif,0.233582
val,5803.tif,0.321198
val,5804.tif,0.311138
val,5805.tif,0.324772
val,5806.tif,0.349834
val,5807.tif,0.309681
val,5808.tif,0.280302
val,5809.tif,0.308179
val,581.tif,0.357198
val,5810.tif,0.322877
val,5811.tif,0.300602
val,5812.tif,0.358958
val,5813.tif,0.383285
val,5814.tif,0.325112
val,5815.tif,0.43996
val,5816.tif,0.314864
val,5817.tif,0.302369
val,5818.tif,0.30669
val,5819.tif,0.366464
val,582.tif,0.308128
val,5820.tif,0.33616
val,5821.tif,0.368852
val,5822.tif,0.305517
val,5823.tif,0.319868
val,5824.tif,0.291798
val,5825.tif,0.378303
val,5826.tif,0.2552
val,5827.tif,0.29208
val,5828.tif,0.370904
val,5829.tif,0.320478
val,583.tif,0.321106
val,5830.tif,0.283362
val,5831.tif,0.294789
val,5832.tif,0.340958
val,5833.tif,0.277563
val,5834.tif,0.33382
val,5835.tif,0.353174
val,5836.tif,0.29485
val,5837.tif,0.308831
val,5838.tif,0.37848
val,5839.tif,0.401223
val,584.tif,0.332787
val,5840.tif,0.355274
val,5841.tif,0.347527
val,5842.tif,0.233895
val,5843.tif,0.414946
val,5844.tif,0.363117
val,5845.tif,0.338888
val,5846.tif,0.270435
val,5847.tif,0.31034
val,5848.tif,0.334001
val,5849.tif,0.340216
val,585.tif,0.393192
val,5850.tif,0.241702
val,5851.tif,0.375757
val,5852.tif,0.352067
val,5853.tif,0.343001
val,5854.tif,0.358979
val,5855.tif,0.349829
val,5856.tif,0.250017
val,5857.tif,0.262473
val,5858.tif,0.324446
val,5859.tif,0.354173
val,586.tif,0.402218
val,5860.tif,0.23702
val,5861.tif,0.319597
val,5862.tif,0.318036
val,5863.tif,0.300072
val,5864.tif,0.295356
val,5865.tif,0.332498
val,5866.tif,0.268585
val,5867.tif,0.343578
val,5868.tif,0.31277
val,5869.tif,0.341993
val,587.tif,0.39379
val,5870.tif,0.307262
val,5871.tif,0.310987
val,5872.tif,0.214152
val,5873.tif,0.305532
val,5874.tif,0.343334
val,5875.tif,0.300959
val,5876.tif,0.29221
val,5877.tif,0.27889
val,5878.tif,0.312206
val,5879.tif,0.262905
val,588.tif,0.340347
val,5880.tif,0.303588
val,5881.tif,0.327026
val,5882.tif,0.39234
val,5883.tif,0.333293
val,5884.tif,0.313794
val,5885.tif,0.316222
val,5886.tif,0.314977
val,5887.tif,0.377815
val,5888.tif,0.363987
val,5889.tif,0.318773
val,589.tif,0.291706
val,5890.tif,0.304105
val,5891.tif,0.290953
val,5892.tif,0.34658
val,5893.tif,0.316099
val,5894.tif,0.393852
val,5895.tif,0.303841
val,5896.tif,0.332326
val,5897.tif,0.290483
val,5898.tif,0.300737
val,5899.tif,0.322076
val,59.tif,0.292471
val,590.tif,0.365286
val,5900.tif,0.339357
val,5901.tif,0.370914
val,5902.tif,0.28235
val,5903.tif,0.374524
val,5904.tif,0.310924
val,5905.tif,0.306761
val,5906.tif,0.272285
val,5907.tif,0.3612
val,5908.tif,0.296715
val,5909.tif,0.317733
val,591.tif,0.374093
val,5910.tif,0.310308
val,5911.tif,0.378819
val,5912.tif,0.338623
val,5913.tif,0.356166
val,5914.tif,0.240568
val,5915.tif,0.343626
val,5916.tif,0.290842
val,5917.tif,0.299151
val,5918.tif,0.421653
val,5919.tif,0.287537
val,592.tif,0.278915
val,5920.tif,0.365255
val,5921.tif,0.368842
val,5922.tif,0.328105
val,5923.tif,0.304077
val,5924.tif,0.318706
val,5925.tif,0.36001
val,5926.tif,0.255875
val,5927.tif,0.309497
val,5928.tif,0.331026
val,5929.tif,0.354437
val,593.tif,0.34364
val,5930.tif,0.297278
val,5931.tif,0.367332
val,5932.tif,0.29251
val,5933.tif,0.308013
val,5934.tif,0.376233
val,5935.tif,0.348686
val,5936.tif,0.361238
val,5937.tif,0.350242
val,5938.tif,0.346516
val,5939.tif,0.290853
val,594.tif,0.379775
val,5940.tif,0.293249
val,5941.tif,0.289112
val,5942.tif,0.312834
val,5943.tif,0.403007
val,5944.tif,0.267663
val,5945.tif,0.367952
val,5946.tif,0.27782
val,5947.tif,0.314659
val,5948.tif,0.236012
val,5949.tif,0.288326
val,595.tif,0.362476
val,5950.tif,0.308372
val,5951.tif,0.322225
val,5952.tif,0.296407
val,5953.tif,0.328331
val,5954.tif,0.300687
val,5955.tif,0.308483
val,5956.tif,0.259856
val,5957.tif,0.406477
val,5958.tif,0.29123
val,5959.tif,0.283485
val,596.tif,0.259124
val,5960.tif,0.284844
val,5961.tif,0.340753
val,5962.tif,0.264431
val,5963.tif,0.316415
val,5964.tif,0.314175
val,5965.tif,0.336794
val,5966.tif,0.30334
val,5967.tif,0.308097
val,5968.tif,0.296913
val,5969.tif,0.368318
val,597.tif,0.319225
val,5970.tif,0.348711
val,5971.tif,0.367819
val,5972.tif,0.315016
val,5973.tif,0.320237
val,5974.tif,0.288069
val,5975.tif,0.278889
val,5976.tif,0.341379
val,5977.tif,0.365311
val,5978.tif,0.276201
val,5979.tif,0.367359
val,598.tif,0.355505
val,5980.tif,0.274568
val,5981.tif,0.369397
val,5982.tif,0.415468
val,5983.tif,0.335036
val,5984.tif,0.299021
val,5985.tif,0.308484
val,5986.tif,0.290399
val,5987.tif,0.349436
val,5988.tif,0.427284
val,5989.tif,0.270363
val,599.tif,0.358653
val,5990.tif,0.318578
val,5991.tif,0.342391
val,5992.tif,0.416649
val,5993.tif,0.389786
val,5994.tif,0.296394
val,5995.tif,0.293981
val,5996.tif,0.2998
val,5997.tif,0.352815
val,5998.tif,0.335783
val,5999.tif,0.310051
val,6.tif,0.344937
val,60.tif,0.41138
val,600.tif,0.314621
val,6000.tif,0.242684
val,6001.tif,0.323868
val,6002.tif,0.32729
val,6003.tif,0.331999
val,6004.tif,0.393199
val,6005.tif,0.300231
val,6006.tif,0.298798
val,6007.tif,0.352908
val,6008.tif,0.361399
val,6009.tif,0.345824
val,601.tif,0.313839
val,6010.tif,0.277414
val,6011.tif,0.357516
val,6012.tif,0.381309
val,6013.tif,0.281428
val,6014.tif,0.318913
val,6015.tif,0.331261
val,6016.tif,0.315654
val,6017.tif,0.358268
val,6018.tif,0.294803
val,6019.tif,0.337089
val,602.tif,0.29637
val,6020.tif,0.300794
val,6021.tif,0.391193
val,6022.tif,0.341629
val,6023.tif,0.269525
val,6024.tif,0.389322
val,6025.tif,0.305334
val,6026.tif,0.322295
val,6027.tif,0.389861
val,6028.tif,0.333334
val,6029.tif,0.331362
val,603.tif,0.290557
val,6030.tif,0.387963
val,6031.tif,0.341924
val,6032.tif,0.380866
val,6033.tif,0.324353
val,6034.tif,0.38485
val,6035.tif,0.296934
val,6036.tif,0.252674
val,6037.tif,0.322323
val,6038.tif,0.386296
val,6039.tif,0.269698
val,604.tif,0.33264
val,6040.tif,0.33121
val,6041.tif,0.392082
val,6042.tif,0.251817
val,6043.tif,0.327739
val,6044.tif,0.396851
val,6045.tif,0.357579
val,6046.tif,0.323521
val,6047.tif,0.410918
val,6048.tif,0.335502
val,6049.tif,0.30208
val,605.tif,0.381955
val,6050.tif,0.25681
val,6051.tif,0.338447
val,6052.tif,0.329689
val,6053.tif,0.303337
val,6054.tif,0.328233
val,6055.tif,0.334402
val,6056.tif,0.264476
val,6057.tif,0.35059
val,6058.tif,0.356373
val,6059.tif,0.303057
val,606.tif,0.467127
val,6060.tif,0.321775
val,6061.tif,0.263196
val,6062.tif,0.325589
val,6063.tif,0.305879
val,6064.tif,0.276131
val,6065.tif,0.305964
val,6066.tif,0.40046
val,6067.tif,0.326487
val,6068.tif,0.371146
val,6069.tif,0.322684
val,607.tif,0.35547
val,6070.tif,0.367452
val,6071.tif,0.306639
val,6072.tif,0.549835
val,6073.tif,0.390095
val,6074.tif,0.407273
val,6075.tif,0.359568
val,6076.tif,0.318244
val,6077.tif,0.278653
val,6078.tif,0.332965
val,6079.tif,0.247915
val,608.tif,0.423168
val,6080.tif,0.352644
val,6081.tif,0.329351
val,6082.tif,0.28835
val,6083.tif,0.279718
val,6084.tif,0.380599
val,6085.tif,0.27451
val,6086.tif,0.319507
val,6087.tif,0.394574
val,6088.tif,0.309071
val,6089.tif,0.260824
val,609.tif,0.332558
val,6090.tif,0.36867
val,6091.tif,0.304357
val,6092.tif,0.274348
val,6093.tif,0.32372
val,6094.tif,0.315617
val,6095.tif,0.35484
val,6096.tif,0.416488
val,6097.tif,0.310141
val,6098.tif,0.365378
val,6099.tif,0.265241
val,61.tif,0.355417
val,610.tif,0.373049
val,6100.tif,0.322735
val,6101.tif,0.312014
val,6102.tif,0.324375
val,6103.tif,0.310242
val,6104.tif,0.388017
val,6105.tif,0.317321
val,6106.tif,0.270299
val,6107.tif,0.312799
val,6108.tif,0.348319
val,6109.tif,0.309126
val,611.tif,0.32372
val,6110.tif,0.3888
val,6111.tif,0.294282
val,6112.tif,0.340118
val,6113.tif,0.288123
val,6114.tif,0.359636
val,6115.tif,0.356028
val,6116.tif,0.274058
val,6117.tif,0.365552
val,6118.tif,0.400148
val,6119.tif,0.302698
val,612.tif,0.347348
val,6120.tif,0.36974
val,6121.tif,0.348498
val,6122.tif,0.378906
val,6123.tif,0.322365
val,6124.tif,0.380152
val,6125.tif,0.419493
val,6126.tif,0.349818
val,6127.tif,0.334235
val,6128.tif,0.324177
val,6129.tif,0.280014
val,613.tif,0.338112
val,6130.tif,0.391216
val,6131.tif,0.27788
val,6132.tif,0.321262
val,6133.tif,0.362051
val,6134.tif,0.287116
val,6135.tif,0.333256
val,6136.tif,0.319902
val,6137.tif,0.326191
val,6138.tif,0.381617
val,6139.tif,0.322162
val,614.tif,0.31998
val,6140.tif,0.309921
val,6141.tif,0.307516
val,6142.tif,0.327589
val,6143.tif,0.343479
val,6144.tif,0.280079
val,6145.tif,0.301055
val,6146.tif,0.331083
val,6147.tif,0.318886
val,6148.tif,0.283717
val,6149.tif,0.321032
val,615.tif,0.372043
val,6150.tif,0.272974
val,6151.tif,0.330344
val,6152.tif,0.331621
val,6153.tif,0.324875
val,6154.tif,0.249701
val,6155.tif,0.360295
val,6156.tif,0.355549
val,6157.tif,0.375282
val,6158.tif,0.299395
val,6159.tif,0.302206
val,616.tif,0.387004
val,6160.tif,0.286651
val,6161.tif,0.231288
val,6162.tif,0.263385
val,6163.tif,0.310122
val,6164.tif,0.416641
val,6165.tif,0.31348
val,6166.tif,0.290403
val,6167.tif,0.299998
val,6168.tif,0.266334
val,6169.tif,0.301187
val,617.tif,0.364112
val,6170.tif,0.28403
val,6171.tif,0.327937
val,6172.tif,0.306973
val,6173.tif,0.35012
val,6174.tif,0.333486
val,6175.tif,0.318099
val,6176.tif,0.415014
val,6177.tif,0.340203
val,6178.tif,0.292167
val,6179.tif,0.319652
val,618.tif,0.330872
val,6180.tif,0.297777
val,6181.tif,0.339416
val,6182.tif,0.317226
val,6183.tif,0.361853
val,6184.tif,0.337057
val,6185.tif,0.403751
val,6186.tif,0.310351
val,6187.tif,0.287101
val,6188.tif,0.366431
val,6189.tif,0.296861
val,619.tif,0.260174
val,6190.tif,0.310106
val,6191.tif,0.299068
val,6192.tif,0.348197
val,6193.tif,0.28351
val,6194.tif,0.315262
val,6195.tif,0.38756
val,6196.tif,0.318583
val,6197.tif,0.418495
val,6198.tif,0.367231
val,6199.tif,0.340424
val,62.tif,0.408169
val,620.tif,0.314854
val,6200.tif,0.337954
val,6201.tif,0.324833
val,6202.tif,0.343169
val,6203.tif,0.300913
val,6204.tif,0.32139
val,6205.tif,0.289414
val,6206.tif,0.384689
val,6207.tif,0.311083
val,6208.tif,0.317207
val,6209.tif,0.314569
val,621.tif,0.363432
val,6210.tif,0.325607
val,6211.tif,0.264549
val,6212.tif,0.379361
val,6213.tif,0.334711
val,6214.tif,0.397098
val,6215.tif,0.280428
val,6216.tif,0.303918
val,6217.tif,0.347579
val,6218.tif,0.346991
val,6219.tif,0.414557
val,622.tif,0.287072
val,6220.tif,0.309316
val,6221.tif,0.353017
val,6222.tif,0.292762
val,6223.tif,0.300492
val,6224.tif,0.3205
val,6225.tif,0.338449
val,6226.tif,0.294849
val,6227.tif,0.423458
val,6228.tif,0.31461
val,6229.tif,0.32973
val,623.tif,0.42102
val,6230.tif,0.299422
val,6231.tif,0.305128
val,6232.tif,0.312358
val,6233.tif,0.329011
val,6234.tif,0.283772
val,6235.tif,0.287416
val,6236.tif,0.295993
val,6237.tif,0.310787
val,6238.tif,0.296963
val,6239.tif,0.387343
val,624.tif,0.337454
val,6240.tif,0.296821
val,6241.tif,0.334265
val,6242.tif,0.268181
val,6243.tif,0.320263
val,6244.tif,0.299155
val,6245.tif,0.28676
val,6246.tif,0.397591
val,6247.tif,0.307959
val,6248.tif,0.327181
val,6249.tif,0.400284
val,625.tif,0.359553
val,6250.tif,0.316342
val,6251.tif,0.306517
val,6252.tif,0.290171
val,6253.tif,0.296928
val,6254.tif,0.306008
val,6255.tif,0.391704
val,6256.tif,0.388571
val,6257.tif,0.359656
val,6258.tif,0.311935
val,6259.tif,0.323491
val,626.tif,0.402754
val,6260.tif,0.33373
val,6261.tif,0.343277
val,6262.tif,0.247073
val,6263.tif,0.281617
val,6264.tif,0.335421
val,6265.tif,0.282155
val,6266.tif,0.360074
val,6267.tif,0.346217
val,6268.tif,0.283282
val,6269.tif,0.286417
val,627.tif,0.422306
val,6270.tif,0.335652
val,6271.tif,0.344319
val,6272.tif,0.308549
val,6273.tif,0.385639
val,6274.tif,0.296372
val,6275.tif,0.32778
val,6276.tif,0.292405
val,6277.tif,0.360367
val,6278.tif,0.34708
val,6279.tif,0.307265
val,628.tif,0.359222
val,6280.tif,0.331498
val,6281.tif,0.355848
val,6282.tif,0.286041
val,6283.tif,0.322465
val,6284.tif,0.264061
val,6285.tif,0.294414
val,6286.tif,0.333768
val,6287.tif,0.371861
val,6288.tif,0.317524
val,6289.tif,0.387874
val,629.tif,0.455098
val,6290.tif,0.29264
val,6291.tif,0.312265
val,6292.tif,0.32677
val,6293.tif,0.338634
val,6294.tif,0.23294
val,6295.tif,0.27441
val,6296.tif,0.322562
val,6297.tif,0.311259
val,6298.tif,0.291454
val,6299.tif,0.334279
val,63.tif,0.374261
val,630.tif,0.331685
val,6300.tif,0.353094
val,6301.tif,0.482606
val,6302.tif,0.359552
val,6303.tif,0.289238
val,6304.tif,0.306057
val,6305.tif,0.281209
val,6306.tif,0.333834
val,6307.tif,0.328861
val,6308.tif,0.372656
val,6309.tif,0.21564
val,631.tif,0.385721
val,6310.tif,0.37744
val,6311.tif,0.34313
val,6312.tif,0.318568
val,6313.tif,0.320308
val,6314.tif,0.352316
val,6315.tif,0.425829
val,6316.tif,0.364903
val,6317.tif,0.363446
val,6318.tif,0.277347
val,6319.tif,0.353332
val,632.tif,0.347319
val,6320.tif,0.224211
val,6321.tif,0.382211
val,6322.tif,0.393264
val,6323.tif,0.203936
val,6324.tif,0.329631
val,6325.tif,0.379857
val,6326.tif,0.484716
val,6327.tif,0.473444
val,6328.tif,0.384137
val,6329.tif,0.272976
val,633.tif,0.47772
val,6330.tif,0.302076
val,6331.tif,0.372505
val,6332.tif,0.333182
val,6333.tif,0.308932
val,6334.tif,0.375058
val,6335.tif,0.39525
val,6336.tif,0.410387
val,6337.tif,0.322455
val,6338.tif,0.356599
val,6339.tif,0.357401
val,634.tif,0.404846
val,6340.tif,0.455747
val,6341.tif,0.405066
val,6342.tif,0.308826
val,6343.tif,0.399125
val,6344.tif,0.343697
val,6345.tif,0.336488
val,6346.tif,0.269859
val,6347.tif,0.309538
val,6348.tif,0.410908
val,6349.tif,0.330412
val,635.tif,0.310752
val,6350.tif,0.386651
val,6351.tif,0.36061
val,6352.tif,0.43263
val,6353.tif,0.298722
val,6354.tif,0.416202
val,6355.tif,0.414713
val,6356.tif,0.384582
val,6357.tif,0.302452
val,6358.tif,0.307451
val,6359.tif,0.424056
val,636.tif,0.321731
val,6360.tif,0.304914
val,6361.tif,0.381969
val,6362.tif,0.29826
val,6363.tif,0.326863
val,6364.tif,0.385033
val,6365.tif,0.281551
val,6366.tif,0.353449
val,6367.tif,0.364504
val,6368.tif,0.359827
val,6369.tif,0.330372
val,637.tif,0.357087
val,6370.tif,0.265608
val,6371.tif,0.355596
val,6372.tif,0.35913
val,6373.tif,0.366918
val,6374.tif,0.344021
val,6375.tif,0.363334
val,6376.tif,0.415807
val,6377.tif,0.384727
val,6378.tif,0.352108
val,6379.tif,0.382101
val,638.tif,0.344737
val,6380.tif,0.327293
val,6381.tif,0.248744
val,6382.tif,0.356228
val,6383.tif,0.291616
val,6384.tif,0.30782
val,6385.tif,0.300281
val,6386.tif,0.282043
val,6387.tif,0.366328
val,6388.tif,0.399548
val,6389.tif,0.304918
val,639.tif,0.265458
val,6390.tif,0.366812
val,6391.tif,0.386936
val,6392.tif,0.383662
val,6393.tif,0.330933
val,6394.tif,0.420736
val,6395.tif,0.367678
val,6396.tif,0.287358
val,6397.tif,0.323993
val,6398.tif,0.337088
val,6399.tif,0.383543
val,64.tif,0.37984
val,640.tif,0.36706
val,6400.tif,0.380536
val,6401.tif,0.375205
val,6402.tif,0.34521
val,6403.tif,0.323101
val,6404.tif,0.356412
val,6405.tif,0.356375
val,6406.tif,0.279119
val,6407.tif,0.22659
val,6408.tif,0.3545
val,6409.tif,0.426551
val,641.tif,0.369456
val,6410.tif,0.395794
val,6411.tif,0.30834
val,6412.tif,0.326414
val,6413.tif,0.364963
val,6414.tif,0.275672
val,6415.tif,0.245242
val,6416.tif,0.295478
val,6417.tif,0.398582
val,6418.tif,0.347759
val,6419.tif,0.344812
val,642.tif,0.357826
val,6420.tif,0.289054
val,6421.tif,0.373339
val,6422.tif,0.360325
val,6423.tif,0.344839
val,6424.tif,0.439922
val,6425.tif,0.367785
val,6426.tif,0.274705
val,6427.tif,0.36131
val,6428.tif,0.291203
val,6429.tif,0.393332
val,643.tif,0.304162
val,6430.tif,0.263981
val,6431.tif,0.34972
val,6432.tif,0.284608
val,6433.tif,0.419924
val,6434.tif,0.295361
val,6435.tif,0.462394
val,6436.tif,0.372082
val,6437.tif,0.292604
val,6438.tif,0.363947
val,6439.tif,0.305287
val,644.tif,0.449986
val,6440.tif,0.247381
val,6441.tif,0.335014
val,6442.tif,0.310841
val,6443.tif,0.349134
val,6444.tif,0.419112
val,6445.tif,0.285228
val,6446.tif,0.428281
val,6447.tif,0.354639
val,6448.tif,0.368695
val,6449.tif,0.321055
val,645.tif,0.425796
val,6450.tif,0.397755
val,6451.tif,0.342855
val,6452.tif,0.279022
val,6453.tif,0.321177
val,6454.tif,0.279541
val,6455.tif,0.36811
val,6456.tif,0.351077
val,6457.tif,0.309912
val,6458.tif,0.309077
val,6459.tif,0.326747
val,646.tif,0.338435
val,6460.tif,0.315724
val,6461.tif,0.331735
val,6462.tif,0.266579
val,6463.tif,0.200289
val,6464.tif,0.289363
val,6465.tif,0.355655
val,6466.tif,0.37444
val,6467.tif,0.35546
val,6468.tif,0.258283
val,6469.tif,0.335511
val,647.tif,0.318608
val,6470.tif,0.318609
val,6471.tif,0.280671
val,6472.tif,0.275988
val,6473.tif,0.337837
val,6474.tif,0.365055
val,6475.tif,0.252278
val,6476.tif,0.353391
val,6477.tif,0.304592
val,6478.tif,0.362188
val,6479.tif,0.326432
val,648.tif,0.293017
val,6480.tif,0.275018
val,6481.tif,0.275335
val,6482.tif,0.330667
val,6483.tif,0.307373
val,6484.tif,0.320577
val,6485.tif,0.365809
val,6486.tif,0.262437
val,6487.tif,0.37544
val,6488.tif,0.358749
val,6489.tif,0.308089
val,649.tif,0.318456
val,6490.tif,0.319613
val,6491.tif,0.377543
val,6492.tif,0.330381
val,6493.tif,0.373902
val,6494.tif,0.366498
val,6495.tif,0.427635
val,6496.tif,0.350237
val,6497.tif,0.294367
val,6498.tif,0.291378
val,6499.tif,0.293079
val,65.tif,0.37818
val,650.tif,0.377462
val,6500.tif,0.328472
val,6501.tif,0.304579
val,6502.tif,0.379634
val,6503.tif,0.411415
val,6504.tif,0.274632
val,6505.tif,0.245091
val,6506.tif,0.285711
val,6507.tif,0.335789
val,6508.tif,0.35921
val,6509.tif,0.32451
val,651.tif,0.423988
val,6510.tif,0.314423
val,6511.tif,0.327614
val,6512.tif,0.298603
val,6513.tif,0.294483
val,6514.tif,0.315546
val,6515.tif,0.358904
val,6516.tif,0.421423
val,6517.tif,0.327005
val,6518.tif,0.347017
val,6519.tif,0.312415
val,652.tif,0.261339
val,6520.tif,0.400876
val,6521.tif,0.349472
val,6522.tif,0.326002
val,6523.tif,0.324598
val,6524.tif,0.284366
val,6525.tif,0.323481
val,6526.tif,0.28637
val,6527.tif,0.35812
val,6528.tif,0.39723
val,6529.tif,0.286867
val,653.tif,0.425795
val,6530.tif,0.274281
val,6531.tif,0.288658
val,6532.tif,0.302763
val,6533.tif,0.387889
val,6534.tif,0.337027
val,6535.tif,0.273319
val,6536.tif,0.322053
val,6537.tif,0.30609
val,6538.tif,0.328097
val,6539.tif,0.310347
val,654.tif,0.41352
val,6540.tif,0.364597
val,6541.tif,0.321856
val,6542.tif,0.340404
val,6543.tif,0.285408
val,6544.tif,0.316221
val,6545.tif,0.343966
val,6546.tif,0.351267
val,6547.tif,0.318065
val,6548.tif,0.269493
val,6549.tif,0.308352
val,655.tif,0.387755
val,6550.tif,0.278118
val,6551.tif,0.325524
val,6552.tif,0.325749
val,6553.tif,0.277745
val,6554.tif,0.377638
val,6555.tif,0.320319
val,6556.tif,0.390357
val,6557.tif,0.318334
val,6558.tif,0.323671
val,6559.tif,0.350786
val,656.tif,0.36276
val,6560.tif,0.325761
val,6561.tif,0.285486
val,6562.tif,0.30881
val,6563.tif,0.318287
val,6564.tif,0.348563
val,6565.tif,0.337747
val,6566.tif,0.297263
val,6567.tif,0.335097
val,6568.tif,0.341784
val,6569.tif,0.410985
val,657.tif,0.433309
val,6570.tif,0.339858
val,6571.tif,0.293153
val,6572.tif,0.224447
val,6573.tif,0.307307
val,6574.tif,0.351401
val,6575.tif,0.277309
val,6576.tif,0.381546
val,6577.tif,0.280205
val,6578.tif,0.312061
val,6579.tif,0.385174
val,658.tif,0.390971
val,6580.tif,0.297396
val,6581.tif,0.365669
val,6582.tif,0.294797
val,6583.tif,0.344597
val,6584.tif,0.331152
val,6585.tif,0.328436
val,6586.tif,0.316063
val,6587.tif,0.356089
val,6588.tif,0.331415
val,6589.tif,0.357134
val,659.tif,0.390097
val,6590.tif,0.308935
val,6591.tif,0.352345
val,6592.tif,0.295589
val,6593.tif,0.322997
val,6594.tif,0.292428
val,6595.tif,0.308269
val,6596.tif,0.307126
val,6597.tif,0.375506
val,6598.tif,0.369068
val,6599.tif,0.285862
val,66.tif,0.44685
val,660.tif,0.408025
val,6600.tif,0.298071
val,6601.tif,0.285667
val,6602.tif,0.333988
val,6603.tif,0.41022
val,6604.tif,0.304406
val,6605.tif,0.303812
val,6606.tif,0.425609
val,6607.tif,0.343847
val,6608.tif,0.377332
val,6609.tif,0.291763
val,661.tif,0.325404
val,6610.tif,0.312859
val,6611.tif,0.270409
val,6612.tif,0.301306
val,6613.tif,0.35813
val,6614.tif,0.326569
val,6615.tif,0.296342
val,6616.tif,0.38075
val,6617.tif,0.290496
val,6618.tif,0.23855
val,6619.tif,0.327198
val,662.tif,0.430475
val,6620.tif,0.311539
val,6621.tif,0.301076
val,6622.tif,0.312375
val,6623.tif,0.290693
val,6624.tif,0.295233
val,6625.tif,0.361474
val,6626.tif,0.333008
val,6627.tif,0.336348
val,6628.tif,0.303537
val,6629.tif,0.319457
val,663.tif,0.39122
val,6630.tif,0.347395
val,6631.tif,0.342609
val,6632.tif,0.279998
val,6633.tif,0.325283
val,6634.tif,0.263126
val,6635.tif,0.307501
val,6636.tif,0.323175
val,6637.tif,0.332426
val,6638.tif,0.352165
val,6639.tif,0.293715
val,664.tif,0.307522
val,6640.tif,0.307637
val,6641.tif,0.336259
val,6642.tif,0.33145
val,6643.tif,0.31748
val,6644.tif,0.318209
val,6645.tif,0.393154
val,6646.tif,0.300935
val,6647.tif,0.279772
val,6648.tif,0.392505
val,6649.tif,0.306251
val,665.tif,0.408252
val,6650.tif,0.361318
val,6651.tif,0.312087
val,6652.tif,0.318007
val,6653.tif,0.31263
val,6654.tif,0.327596
val,6655.tif,0.330584
val,6656.tif,0.369688
val,6657.tif,0.25495
val,6658.tif,0.287713
val,6659.tif,0.318951
val,666.tif,0.400305
val,6660.tif,0.300106
val,6661.tif,0.310709
val,6662.tif,0.314892
val,6663.tif,0.351384
val,6664.tif,0.29876
val,6665.tif,0.302091
val,6666.tif,0.347157
val,6667.tif,0.280451
val,6668.tif,0.314608
val,6669.tif,0.306955
val,667.tif,0.343982
val,6670.tif,0.244039
val,6671.tif,0.279088
val,6672.tif,0.327637
val,6673.tif,0.358694
val,6674.tif,0.376151
val,6675.tif,0.302728
val,6676.tif,0.405938
val,6677.tif,0.335728
val,6678.tif,0.305735
val,6679.tif,0.341442
val,668.tif,0.417296
val,6680.tif,0.283415
val,6681.tif,0.283381
val,6682.tif,0.297573
val,6683.tif,0.310888
val,6684.tif,0.272781
val,6685.tif,0.318505
val,6686.tif,0.347394
val,6687.tif,0.347811
val,6688.tif,0.312514
val,6689.tif,0.314493
val,669.tif,0.364119
val,6690.tif,0.342744
val,6691.tif,0.354381
val,6692.tif,0.323163
val,6693.tif,0.311047
val,6694.tif,0.392167
val,6695.tif,0.387893
val,6696.tif,0.313986
val,6697.tif,0.376741
val,6698.tif,0.32573
val,6699.tif,0.330792
val,67.tif,0.373153
val,670.tif,0.419913
val,6700.tif,0.368646
val,6701.tif,0.415218
val,6702.tif,0.355786
val,6703.tif,0.312712
val,6704.tif,0.405183
val,6705.tif,0.279239
val,6706.tif,0.362048
val,6707.tif,0.327758
val,6708.tif,0.32119
val,6709.tif,0.369524
val,671.tif,0.303223
val,6710.tif,0.301498
val,6711.tif,0.285919
val,6712.tif,0.309338
val,6713.tif,0.350139
val,6714.tif,0.306932
val,6715.tif,0.355394
val,6716.tif,0.30697
val,6717.tif,0.342361
val,6718.tif,0.330548
val,6719.tif,0.285702
val,672.tif,0.423906
val,6720.tif,0.323003
val,6721.tif,0.296882
val,6722.tif,0.278664
val,6723.tif,0.353925
val,6724.tif,0.293222
val,6725.tif,0.341529
val,6726.tif,0.289016
val,6727.tif,0.343785
val,6728.tif,0.314154
val,6729.tif,0.325298
val,673.tif,0.379947
val,6730.tif,0.352998
val,6731.tif,0.338305
val,6732.tif,0.36873
val,6733.tif,0.357029
val,6734.tif,0.355326
val,6735.tif,0.31613
val,6736.tif,0.269255
val,6737.tif,0.360206
val,6738.tif,0.303416
val,6739.tif,0.299833
val,674.tif,0.354379
val,6740.tif,0.320771
val,6741.tif,0.323796
val,6742.tif,0.320981
val,6743.tif,0.29652
val,6744.tif,0.33943
val,6745.tif,0.312068
val,6746.tif,0.310408
val,6747.tif,0.333652
val,6748.tif,0.321215
val,6749.tif,0.349974
val,675.tif,0.295474
val,6750.tif,0.337874
val,6751.tif,0.282916
val,6752.tif,0.367534
val,6753.tif,0.307632
val,6754.tif,0.295334
val,6755.tif,0.391013
val,6756.tif,0.321774
val,6757.tif,0.368999
val,6758.tif,0.322639
val,6759.tif,0.33561
val,676.tif,0.345191
val,6760.tif,0.348683
val,6761.tif,0.354594
val,6762.tif,0.3361
val,6763.tif,0.393269
val,6764.tif,0.327443
val,6765.tif,0.296171
val,6766.tif,0.339396
val,6767.tif,0.324932
val,6768.tif,0.430218
val,6769.tif,0.402748
val,677.tif,0.370924
val,6770.tif,0.39876
val,6771.tif,0.383102
val,6772.tif,0.407484
val,6773.tif,0.359612
val,6774.tif,0.269976
val,6775.tif,0.376492
val,6776.tif,0.325106
val,6777.tif,0.385917
val,6778.tif,0.338664
val,6779.tif,0.383546
val,678.tif,0.454844
val,6780.tif,0.36248
val,6781.tif,0.336335
val,6782.tif,0.367757
val,6783.tif,0.308996
val,6784.tif,0.371265
val,6785.tif,0.301076
val,6786.tif,0.384801
val,6787.tif,0.412443
val,6788.tif,0.307116
val,6789.tif,0.362935
val,679.tif,0.384353
val,6790.tif,0.357362
val,6791.tif,0.284321
val,6792.tif,0.342332
val,6793.tif,0.300746
val,6794.tif,0.362662
val,6795.tif,0.31343
val,6796.tif,0.35172
val,6797.tif,0.380675
val,6798.tif,0.378304
val,6799.tif,0.398595
val,68.tif,0.333133
val,680.tif,0.382177
val,6800.tif,0.322491
val,6801.tif,0.32511
val,6802.tif,0.381953
val,6803.tif,0.412876
val,6804.tif,0.326304
val,6805.tif,0.408499
val,6806.tif,0.31598
val,6807.tif,0.278654
val,6808.tif,0.377238
val,6809.tif,0.373217
val,681.tif,0.408296
val,6810.tif,0.338382
val,6811.tif,0.332932
val,6812.tif,0.393326
val,6813.tif,0.323786
val,6814.tif,0.324815
val,6815.tif,0.376049
val,6816.tif,0.387069
val,6817.tif,0.331036
val,6818.tif,0.410203
val,6819.tif,0.27408
val,682.tif,0.370864
val,6820.tif,0.305927
val,6821.tif,0.338678
val,6822.tif,0.330114
val,6823.tif,0.285592
val,6824.tif,0.375466
val,6825.tif,0.311465
val,6826.tif,0.433841
val,6827.tif,0.401968
val,6828.tif,0.379402
val,6829.tif,0.346425
val,683.tif,0.339644
val,6830.tif,0.426172
val,6831.tif,0.355822
val,6832.tif,0.371408
val,6833.tif,0.326726
val,6834.tif,0.309667
val,6835.tif,0.270818
val,6836.tif,0.308805
val,6837.tif,0.35083
val,6838.tif,0.505905
val,6839.tif,0.328414
val,684.tif,0.38576
val,6840.tif,0.277773
val,6841.tif,0.291673
val,6842.tif,0.281119
val,6843.tif,0.304473
val,6844.tif,0.398537
val,6845.tif,0.358618
val,6846.tif,0.292462
val,6847.tif,0.360224
val,6848.tif,0.410505
val,6849.tif,0.278132
val,685.tif,0.354253
val,6850.tif,0.394937
val,6851.tif,0.282385
val,6852.tif,0.30303
val,6853.tif,0.296943
val,6854.tif,0.353189
val,6855.tif,0.349952
val,6856.tif,0.32895
val,6857.tif,0.321512
val,6858.tif,0.301149
val,6859.tif,0.419545
val,686.tif,0.353621
val,6860.tif,0.353635
val,6861.tif,0.379382
val,6862.tif,0.396416
val,6863.tif,0.289086
val,6864.tif,0.324043
val,6865.tif,0.318646
val,6866.tif,0.35088
val,6867.tif,0.363887
val,6868.tif,0.343544
val,6869.tif,0.293106
val,687.tif,0.327857
val,6870.tif,0.323908
val,6871.tif,0.427115
val,6872.tif,0.276271
val,6873.tif,0.354818
val,6874.tif,0.334271
val,6875.tif,0.36011
val,6876.tif,0.309312
val,6877.tif,0.363011
val,6878.tif,0.396938
val,6879.tif,0.333229
val,688.tif,0.345785
val,6880.tif,0.292879
val,6881.tif,0.378204
val,6882.tif,0.404067
val,6883.tif,0.380952
val,6884.tif,0.352173
val,6885.tif,0.319145
val,6886.tif,0.298219
val,6887.tif,0.405567
val,6888.tif,0.263794
val,6889.tif,0.369413
val,689.tif,0.372172
val,6890.tif,0.337949
val,6891.tif,0.303681
val,6892.tif,0.436907
val,6893.tif,0.400806
val,6894.tif,0.333141
val,6895.tif,0.28954
val,6896.tif,0.380738
val,6897.tif,0.277183
val,6898.tif,0.289402
val,6899.tif,0.404093
val,69.tif,0.395857
val,690.tif,0.347127
val,6900.tif,0.37334
val,6901.tif,0.33489
val,6902.tif,0.27448
val,6903.tif,0.392576
val,6904.tif,0.358512
val,6905.tif,0.316964
val,6906.tif,0.300104
val,6907.tif,0.352084
val,6908.tif,0.326754
val,6909.tif,0.437188
val,691.tif,0.394702
val,6910.tif,0.352601
val,6911.tif,0.389718
val,6912.tif,0.420607
val,6913.tif,0.400934
val,6914.tif,0.284439
val,6915.tif,0.394231
val,6916.tif,0.333472
val,6917.tif,0.395637
val,6918.tif,0.393016
val,6919.tif,0.329894
val,692.tif,0.318956
val,6920.tif,0.376795
val,6921.tif,0.285902
val,6922.tif,0.369153
val,6923.tif,0.365671
val,6924.tif,0.397937
val,6925.tif,0.332728
val,6926.tif,0.303453
val,6927.tif,0.411989
val,6928.tif,0.308455
val,6929.tif,0.30997
val,693.tif,0.404456
val,6930.tif,0.36317
val,6931.tif,0.346186
val,6932.tif,0.344845
val,6933.tif,0.377724
val,6934.tif,0.332296
val,6935.tif,0.305052
val,6936.tif,0.375648
val,6937.tif,0.366039
val,6938.tif,0.325022
val,6939.tif,0.333102
val,694.tif,0.292207
val,6940.tif,0.289152
val,6941.tif,0.343843
val,6942.tif,0.337574
val,6943.tif,0.31518
val,6944.tif,0.350881
val,6945.tif,0.430684
val,6946.tif,0.338489
val,6947.tif,0.350175
val,6948.tif,0.340397
val,6949.tif,0.429338
val,695.tif,0.497939
val,6950.tif,0.284743
val,6951.tif,0.279282
val,6952.tif,0.337195
val,6953.tif,0.377897
val,6954.tif,0.310608
val,6955.tif,0.374281
val,6956.tif,0.313178
val,6957.tif,0.356609
val,6958.tif,0.350453
val,6959.tif,0.296532
val,696.tif,0.373595
val,6960.tif,0.411323
val,6961.tif,0.280485
val,6962.tif,0.329625
val,6963.tif,0.329728
val,6964.tif,0.373598
val,6965.tif,0.263322
val,6966.tif,0.294716
val,6967.tif,0.377513
val,6968.tif,0.326575
val,6969.tif,0.305089
val,697.tif,0.407176
val,6970.tif,0.447244
val,6971.tif,0.314157
val,6972.tif,0.35441
val,6973.tif,0.355419
val,6974.tif,0.382088
val,6975.tif,0.306498
val,6976.tif,0.367725
val,6977.tif,0.349361
val,6978.tif,0.298721
val,6979.tif,0.341416
val,698.tif,0.284135
val,6980.tif,0.368877
val,6981.tif,0.329008
val,6982.tif,0.299276
val,6983.tif,0.306792
val,6984.tif,0.372221
val,6985.tif,0.368834
val,6986.tif,0.364681
val,6987.tif,0.358021
val,6988.tif,0.285375
val,6989.tif,0.291681
val,699.tif,0.369204
val,6990.tif,0.373539
val,6991.tif,0.421549
val,6992.tif,0.323608
val,6993.tif,0.429119
val,6994.tif,0.293733
val,6995.tif,0.426536
val,6996.tif,0.376868
val,6997.tif,0.314423
val,6998.tif,0.298557
val,6999.tif,0.339633
val,7.tif,0.348141
val,70.tif,0.386556
val,700.tif,0.372992
val,7000.tif,0.369337
val,7001.tif,0.248842
val,7002.tif,0.398369
val,7003.tif,0.418888
val,7004.tif,0.459311
val,7005.tif,0.409941
val,7006.tif,0.300281
val,7007.tif,0.488072
val,7008.tif,0.394577
val,7009.tif,0.361526
val,701.tif,0.456043
val,7010.tif,0.358217
val,7011.tif,0.368308
val,7012.tif,0.41641
val,7013.tif,0.293707
val,7014.tif,0.377235
val,7015.tif,0.424223
val,7016.tif,0.430642
val,7017.tif,0.290924
val,7018.tif,0.329116
val,7019.tif,0.377097
val,702.tif,0.357675
val,7020.tif,0.32099
val,7021.tif,0.330983
val,7022.tif,0.355595
val,7023.tif,0.372879
val,7024.tif,0.358244
val,7025.tif,0.297189
val,7026.tif,0.373346
val,7027.tif,0.351873
val,7028.tif,0.401824
val,7029.tif,0.336491
val,703.tif,0.366782
val,7030.tif,0.323499
val,7031.tif,0.389369
val,7032.tif,0.319174
val,7033.tif,0.318961
val,7034.tif,0.360002
val,7035.tif,0.298562
val,7036.tif,0.373668
val,7037.tif,0.406512
val,7038.tif,0.317157
val,7039.tif,0.337842
val,704.tif,0.367907
val,7040.tif,0.298601
val,7041.tif,0.300869
val,7042.tif,0.347649
val,7043.tif,0.309758
val,7044.tif,0.470869
val,7045.tif,0.296272
val,7046.tif,0.319496
val,7047.tif,0.380686
val,7048.tif,0.324775
val,7049.tif,0.416838
val,705.tif,0.429504
val,7050.tif,0.288547
val,7051.tif,0.277291
val,7052.tif,0.361044
val,7053.tif,0.2962
val,7054.tif,0.345237
val,7055.tif,0.32128
val,7056.tif,0.322857
val,7057.tif,0.35663
val,7058.tif,0.404069
val,7059.tif,0.338955
val,706.tif,0.315968
val,7060.tif,0.433486
val,7061.tif,0.341708
val,7062.tif,0.291425
val,7063.tif,0.286042
val,7064.tif,0.280688
val,7065.tif,0.479935
val,7066.tif,0.39582
val,7067.tif,0.296587
val,7068.tif,0.344827
val,7069.tif,0.324649
val,707.tif,0.362861
val,7070.tif,0.380314
val,7071.tif,0.264304
val,7072.tif,0.341016
val,7073.tif,0.348904
val,7074.tif,0.36937
val,7075.tif,0.356209
val,7076.tif,0.29092
val,7077.tif,0.391699
val,7078.tif,0.292358
val,7079.tif,0.277968
val,708.tif,0.4088
val,7080.tif,0.378637
val,7081.tif,0.336541
val,7082.tif,0.366255
val,7083.tif,0.370408
val,7084.tif,0.439344
val,7085.tif,0.342172
val,7086.tif,0.323279
val,7087.tif,0.27202
val,7088.tif,0.285555
val,7089.tif,0.269005
val,709.tif,0.427788
val,7090.tif,0.392946
val,7091.tif,0.399026
val,7092.tif,0.338798
val,7093.tif,0.381439
val,7094.tif,0.325423
val,7095.tif,0.326783
val,7096.tif,0.316145
val,7097.tif,0.312926
val,7098.tif,0.402889
val,7099.tif,0.334495
val,71.tif,0.397713
val,710.tif,0.369469
val,7100.tif,0.390627
val,7101.tif,0.410019
val,7102.tif,0.271047
val,7103.tif,0.410247
val,7104.tif,0.394955
val,7105.tif,0.363556
val,7106.tif,0.355771
val,7107.tif,0.383102
val,7108.tif,0.343474
val,7109.tif,0.275671
val,711.tif,0.414892
val,7110.tif,0.400727
val,7111.tif,0.330641
val,7112.tif,0.337561
val,7113.tif,0.362359
val,7114.tif,0.388209
val,7115.tif,0.317296
val,7116.tif,0.368383
val,7117.tif,0.323831
val,7118.tif,0.337458
val,7119.tif,0.28211
val,712.tif,0.374215
val,7120.tif,0.355399
val,7121.tif,0.409955
val,7122.tif,0.400467
val,7123.tif,0.374679
val,7124.tif,0.428421
val,7125.tif,0.320408
val,7126.tif,0.352749
val,7127.tif,0.394112
val,7128.tif,0.284051
val,7129.tif,0.304195
val,713.tif,0.387416
val,7130.tif,0.354562
val,7131.tif,0.295762
val,7132.tif,0.309582
val,7133.tif,0.274301
val,7134.tif,0.31621
val,7135.tif,0.32587
val,7136.tif,0.304748
val,7137.tif,0.325539
val,7138.tif,0.298219
val,7139.tif,0.426952
val,714.tif,0.303865
val,7140.tif,0.327232
val,7141.tif,0.327831
val,7142.tif,0.412517
val,7143.tif,0.278204
val,7144.tif,0.365557
val,7145.tif,0.392247
val,7146.tif,0.330215
val,7147.tif,0.324013
val,7148.tif,0.297026
val,7149.tif,0.345306
val,715.tif,0.394531
val,7150.tif,0.325119
val,7151.tif,0.38142
val,7152.tif,0.276469
val,7153.tif,0.341357
val,7154.tif,0.291142
val,7155.tif,0.349047
val,7156.tif,0.349123
val,7157.tif,0.353008
val,7158.tif,0.338767
val,7159.tif,0.331914
val,716.tif,0.355753
val,7160.tif,0.304539
val,7161.tif,0.356127
val,7162.tif,0.303053
val,7163.tif,0.303267
val,7164.tif,0.364239
val,7165.tif,0.312328
val,7166.tif,0.359383
val,7167.tif,0.328591
val,7168.tif,0.316265
val,7169.tif,0.300978
val,717.tif,0.352114
val,7170.tif,0.355576
val,7171.tif,0.312547
val,7172.tif,0.329771
val,7173.tif,0.279787
val,7174.tif,0.257131
val,7175.tif,0.354268
val,7176.tif,0.369369
val,7177.tif,0.422122
val,7178.tif,0.387608
val,7179.tif,0.32324
val,718.tif,0.272836
val,7180.tif,0.380299
val,7181.tif,0.313566
val,7182.tif,0.377366
val,7183.tif,0.461094
val,7184.tif,0.443369
val,7185.tif,0.31792
val,7186.tif,0.342871
val,7187.tif,0.326677
val,7188.tif,0.313135
val,7189.tif,0.365566
val,719.tif,0.33996
val,7190.tif,0.41063
val,7191.tif,0.390527
val,7192.tif,0.351766
val,7193.tif,0.344583
val,7194.tif,0.332704
val,7195.tif,0.261692
val,7196.tif,0.326254
val,7197.tif,0.289358
val,7198.tif,0.355725
val,7199.tif,0.370483
val,72.tif,0.351843
val,720.tif,0.312249
val,7200.tif,0.329188
val,7201.tif,0.349698
val,7202.tif,0.316067
val,7203.tif,0.487682
val,7204.tif,0.299468
val,7205.tif,0.434455
val,7206.tif,0.354112
val,7207.tif,0.314756
val,7208.tif,0.291982
val,7209.tif,0.334632
val,721.tif,0.381997
val,7210.tif,0.35994
val,7211.tif,0.264621
val,7212.tif,0.350416
val,7213.tif,0.312277
val,7214.tif,0.377332
val,7215.tif,0.335078
val,7216.tif,0.424579
val,7217.tif,0.301044
val,7218.tif,0.376332
val,7219.tif,0.353489
val,722.tif,0.409493
val,7220.tif,0.317979
val,7221.tif,0.397924
val,7222.tif,0.406512
val,7223.tif,0.330767
val,7224.tif,0.374674
val,7225.tif,0.306629
val,7226.tif,0.30884
val,7227.tif,0.410301
val,7228.tif,0.332716
val,7229.tif,0.312143
val,723.tif,0.433754
val,7230.tif,0.348159
val,7231.tif,0.395281
val,7232.tif,0.31324
val,7233.tif,0.327049
val,7234.tif,0.329141
val,7235.tif,0.376994
val,7236.tif,0.327488
val,7237.tif,0.304044
val,7238.tif,0.373974
val,7239.tif,0.320813
val,724.tif,0.361304
val,7240.tif,0.321849
val,7241.tif,0.324497
val,7242.tif,0.293239
val,7243.tif,0.313871
val,7244.tif,0.348449
val,7245.tif,0.345737
val,7246.tif,0.267871
val,7247.tif,0.331185
val,7248.tif,0.265748
val,7249.tif,0.352546
val,725.tif,0.357004
val,7250.tif,0.375311
val,7251.tif,0.311181
val,7252.tif,0.331385
val,7253.tif,0.340061
val,7254.tif,0.345279
val,7255.tif,0.313835
val,7256.tif,0.360357
val,7257.tif,0.252294
val,7258.tif,0.447281
val,7259.tif,0.333266
val,726.tif,0.323373
val,7260.tif,0.310216
val,7261.tif,0.371252
val,7262.tif,0.357794
val,7263.tif,0.283296
val,7264.tif,0.309716
val,7265.tif,0.299269
val,7266.tif,0.345091
val,7267.tif,0.3113
val,7268.tif,0.340043
val,7269.tif,0.300745
val,727.tif,0.352214
val,7270.tif,0.314403
val,7271.tif,0.381206
val,7272.tif,0.329406
val,7273.tif,0.34214
val,7274.tif,0.316933
val,7275.tif,0.329404
val,7276.tif,0.309402
val,7277.tif,0.34354
val,7278.tif,0.398592
val,7279.tif,0.288585
val,728.tif,0.339532
val,7280.tif,0.428658
val,7281.tif,0.349597
val,7282.tif,0.34125
val,7283.tif,0.379573
val,7284.tif,0.276017
val,7285.tif,0.283411
val,7286.tif,0.304166
val,7287.tif,0.296722
val,7288.tif,0.318739
val,7289.tif,0.358405
val,729.tif,0.376798
val,7290.tif,0.364494
val,7291.tif,0.353706
val,7292.tif,0.265477
val,7293.tif,0.314292
val,7294.tif,0.312593
val,7295.tif,0.416179
val,7296.tif,0.322066
val,7297.tif,0.35474
val,7298.tif,0.454415
val,7299.tif,0.360084
val,73.tif,0.374972
val,730.tif,0.428304
val,7300.tif,0.361925
val,7301.tif,0.393629
val,7302.tif,0.322815
val,7303.tif,0.345555
val,7304.tif,0.279857
val,7305.tif,0.3094
val,7306.tif,0.42231
val,7307.tif,0.32656
val,7308.tif,0.339005
val,7309.tif,0.323419
val,731.tif,0.404324
val,7310.tif,0.380756
val,7311.tif,0.344928
val,7312.tif,0.363896
val,7313.tif,0.403207
val,7314.tif,0.273717
val,7315.tif,0.42364
val,7316.tif,0.305449
val,7317.tif,0.359292
val,7318.tif,0.31141
val,7319.tif,0.433423
val,732.tif,0.423618
val,7320.tif,0.339608
val,7321.tif,0.34016
val,7322.tif,0.325856
val,7323.tif,0.392698
val,7324.tif,0.422749
val,7325.tif,0.383023
val,7326.tif,0.318399
val,7327.tif,0.27357
val,7328.tif,0.415452
val,7329.tif,0.332296
val,733.tif,0.435052
val,7330.tif,0.320389
val,7331.tif,0.355907
val,7332.tif,0.269977
val,7333.tif,0.299067
val,7334.tif,0.377875
val,7335.tif,0.344182
val,7336.tif,0.350192
val,7337.tif,0.365978
val,7338.tif,0.342358
val,7339.tif,0.32592
val,734.tif,0.322966
val,7340.tif,0.351685
val,7341.tif,0.291069
val,7342.tif,0.265016
val,7343.tif,0.321849
val,7344.tif,0.321898
val,7345.tif,0.283788
val,7346.tif,0.392092
val,7347.tif,0.302131
val,7348.tif,0.354649
val,7349.tif,0.417434
val,735.tif,0.377632
val,7350.tif,0.350033
val,7351.tif,0.35076
val,7352.tif,0.357759
val,7353.tif,0.323684
val,7354.tif,0.303847
val,7355.tif,0.331411
val,7356.tif,0.352465
val,7357.tif,0.397912
val,7358.tif,0.348991
val,7359.tif,0.341492
val,736.tif,0.354241
val,7360.tif,0.377604
val,7361.tif,0.339256
val,7362.tif,0.32615
val,7363.tif,0.500225
val,7364.tif,0.379299
val,7365.tif,0.385179
val,7366.tif,0.321165
val,7367.tif,0.414118
val,7368.tif,0.275802
val,7369.tif,0.371986
val,737.tif,0.381748
val,7370.tif,0.38715
val,7371.tif,0.396004
val,7372.tif,0.349161
val,738.tif,0.364607
val,739.tif,0.413181
val,74.tif,0.383145
val,740.tif,0.334838
val,741.tif,0.355762
val,742.tif,0.402127
val,743.tif,0.349854
val,744.tif,0.20932
val,745.tif,0.331622
val,746.tif,0.43369
val,747.tif,0.448178
val,748.tif,0.360761
val,749.tif,0.486738
val,75.tif,0.333725
val,750.tif,0.400889
val,751.tif,0.322817
val,752.tif,0.319328
val,753.tif,0.367713
val,754.tif,0.33344
val,755.tif,0.347786
val,756.tif,0.399507
val,757.tif,0.347114
val,758.tif,0.38454
val,759.tif,0.365502
val,76.tif,0.37006
val,760.tif,0.420455
val,761.tif,0.355263
val,762.tif,0.361454
val,763.tif,0.35719
val,764.tif,0.28109
val,765.tif,0.283121
val,766.tif,0.282328
val,767.tif,0.381792
val,768.tif,0.371385
val,769.tif,0.409354
val,77.tif,0.355353
val,770.tif,0.394213
val,771.tif,0.387104
val,772.tif,0.436974
val,773.tif,0.436302
val,774.tif,0.314109
val,775.tif,0.370439
val,776.tif,0.440455
val,777.tif,0.416323
val,778.tif,0.395484
val,779.tif,0.309655
val,78.tif,0.394472
val,780.tif,0.374589
val,781.tif,0.352784
val,782.tif,0.380548
val,783.tif,0.452704
val,784.tif,0.39092
val,785.tif,0.334293
val,786.tif,0.326681
val,787.tif,0.417257
val,788.tif,0.362576
val,789.tif,0.360076
val,79.tif,0.347851
val,790.tif,0.395547
val,791.tif,0.425739
val,792.tif,0.450486
val,793.tif,0.39236
val,794.tif,0.441279
val,795.tif,0.362514
val,796.tif,0.351212
val,797.tif,0.434112
val,798.tif,0.371959
val,799.tif,0.354687
val,8.tif,0.330764
val,80.tif,0.349688
val,800.tif,0.330416
val,801.tif,0.395951
val,802.tif,0.449304
val,803.tif,0.388365
val,804.tif,0.395035
val,805.tif,0.401857
val,806.tif,0.362901
val,807.tif,0.348474
val,808.tif,0.321443
val,809.tif,0.415342
val,81.tif,0.316239
val,810.tif,0.307711
val,811.tif,0.375005
val,812.tif,0.343972
val,813.tif,0.432107
val,814.tif,0.41365
val,815.tif,0.3712
val,816.tif,0.315162
val,817.tif,0.40831
val,818.tif,0.365342
val,819.tif,0.361939
val,82.tif,0.357285
val,820.tif,0.398998
val,821.tif,0.453588
val,822.tif,0.395755
val,823.tif,0.422943
val,824.tif,0.363053
val,825.tif,0.357395
val,826.tif,0.430316
val,827.tif,0.459165
val,828.tif,0.367936
val,829.tif,0.408849
val,83.tif,0.397446
val,830.tif,0.358136
val,831.tif,0.366966
val,832.tif,0.391347
val,833.tif,0.389701
val,834.tif,0.341635
val,835.tif,0.415922
val,836.tif,0.323987
val,837.tif,0.372552
val,838.tif,0.340555
val,839.tif,0.390128
val,84.tif,0.233009
val,840.tif,0.326303
val,841.tif,0.376564
val,842.tif,0.396792
val,843.tif,0.43019
val,844.tif,0.375428
val,845.tif,0.31016
val,846.tif,0.355697
val,847.tif,0.40064
val,848.tif,0.381234
val,849.tif,0.445952
val,85.tif,0.315953
val,850.tif,0.404638
val,851.tif,0.368919
val,852.tif,0.351143
val,853.tif,0.416786
val,854.tif,0.347989
val,855.tif,0.418964
val,856.tif,0.393321
val,857.tif,0.344885
val,858.tif,0.336962
val,859.tif,0.381685
val,86.tif,0.441851
val,860.tif,0.351601
val,861.tif,0.348242
val,862.tif,0.323893
val,863.tif,0.426043
val,864.tif,0.392843
val,865.tif,0.421668
val,866.tif,0.378332
val,867.tif,0.43898
val,868.tif,0.339199
val,869.tif,0.377681
val,87.tif,0.355625
val,870.tif,0.425995
val,871.tif,0.374497
val,872.tif,0.366816
val,873.tif,0.394675
val,874.tif,0.379588
val,875.tif,0.362021
val,876.tif,0.336947
val,877.tif,0.295991
val,878.tif,0.429268
val,879.tif,0.395589
val,88.tif,0.426048
val,880.tif,0.400255
val,881.tif,0.410988
val,882.tif,0.375586
val,883.tif,0.358687
val,884.tif,0.392911
val,885.tif,0.350998
val,886.tif,0.339419
val,887.tif,0.424256
val,888.tif,0.29741
val,889.tif,0.460519
val,89.tif,0.34497
val,890.tif,0.400017
val,891.tif,0.343498
val,892.tif,0.412083
val,893.tif,0.368115
val,894.tif,0.41534
val,895.tif,0.376569
val,896.tif,0.347813
val,897.tif,0.408752
val,898.tif,0.351891
val,899.tif,0.372439
val,9.tif,0.400525
val,90.tif,0.336312
val,900.tif,0.347414
val,901.tif,0.392214
val,902.tif,0.401666
val,903.tif,0.455651
val,904.tif,0.322788
val,905.tif,0.336121
val,906.tif,0.375946
val,907.tif,0.398541
val,908.tif,0.383659
val,909.tif,0.396168
val,91.tif,0.366646
val,910.tif,0.355683
val,911.tif,0.367661
val,912.tif,0.462177
val,913.tif,0.372242
val,914.tif,0.301983
val,915.tif,0.362313
val,916.tif,0.35704
val,917.tif,0.435463
val,918.tif,0.311185
val,919.tif,0.343447
val,92.tif,0.349962
val,920.tif,0.403996
val,921.tif,0.416647
val,922.tif,0.394676
val,923.tif,0.422122
val,924.tif,0.353777
val,925.tif,0.352345
val,926.tif,0.339578
val,927.tif,0.359052
val,928.tif,0.353716
val,929.tif,0.396484
val,93.tif,0.335457
val,930.tif,0.323936
val,931.tif,0.357003
val,932.tif,0.3425
val,933.tif,0.375312
val,934.tif,0.329503
val,935.tif,0.292854
val,936.tif,0.451342
val,937.tif,0.355354
val,938.tif,0.348567
val,939.tif,0.335686
val,94.tif,0.412893
val,940.tif,0.308891
val,941.tif,0.371331
val,942.tif,0.292528
val,943.tif,0.353672
val,944.tif,0.392613
val,945.tif,0.426078
val,946.tif,0.316489
val,947.tif,0.320683
val,948.tif,0.358235
val,949.tif,0.372178
val,95.tif,0.348455
val,950.tif,0.412491
val,951.tif,0.236698
val,952.tif,0.307782
val,953.tif,0.364065
val,954.tif,0.419902
val,955.tif,0.50917
val,956.tif,0.422796
val,957.tif,0.359548
val,958.tif,0.394278
val,959.tif,0.36392
val,96.tif,0.386992
val,960.tif,0.438306
val,961.tif,0.463034
val,962.tif,0.379734
val,963.tif,0.365356
val,964.tif,0.366011
val,965.tif,0.398548
val,966.tif,0.374346
val,967.tif,0.339374
val,968.tif,0.335629
val,969.tif,0.354446
val,97.tif,0.402697
val,970.tif,0.36514
val,971.tif,0.330114
val,972.tif,0.376465
val,973.tif,0.404394
val,974.tif,0.319147
val,975.tif,0.375207
val,976.tif,0.309967
val,977.tif,0.317255
val,978.tif,0.361026
val,979.tif,0.378144
val,98.tif,0.374717
val,980.tif,0.342355
val,981.tif,0.400132
val,982.tif,0.493732
val,983.tif,0.298533
val,984.tif,0.379373
val,985.tif,0.337969
val,986.tif,0.460612
val,987.tif,0.2878
val,988.tif,0.360463
val,989.tif,0.380294
val,99.tif,0.381648
val,990.tif,0.377487
val,991.tif,0.485174
val,992.tif,0.408929
val,993.tif,0.311236
val,994.tif,0.351825
val,995.tif,0.379738
val,996.tif,0.327276
val,997.tif,0.289094
val,998.tif,0.314837
val,999.tif,0.360241
