split,file,ssim,psnr,lpips
train,0.tif,0.657893,21.7937,0.228745
train,1.tif,0.469652,20.2497,0.254156
train,10.tif,0.754125,20.0113,0.303436
train,100.tif,0.595832,21.2931,0.250333
train,1000.tif,0.60093,22.0863,0.271947
train,10000.tif,0.52337,19.2487,0.258651
train,10001.tif,0.656372,22.993,0.25834
train,10002.tif,0.684186,23.9767,0.292539
train,10003.tif,0.624872,23.4431,0.308088
train,10004.tif,0.549944,21.0907,0.287409
train,10005.tif,0.574443,21.121,0.290755
train,10006.tif,0.534497,22.4602,0.271411
train,10007.tif,0.588144,22.7421,0.279065
train,10008.tif,0.240007,17.5868,0.564768
train,10009.tif,0.564682,22.1521,0.29108
train,1001.tif,0.64895,24.1744,0.298226
train,10010.tif,0.535765,20.4321,0.430482
train,10011.tif,0.670278,23.2094,0.268282
train,10012.tif,0.548364,22.7487,0.232225
train,10013.tif,0.621164,21.9101,0.305631
train,10014.tif,0.683583,22.6421,0.208897
train,10015.tif,0.58897,17.7372,0.36616
train,10016.tif,0.630395,20.9583,0.256987
train,10017.tif,0.578967,21.5551,0.293618
train,10018.tif,0.663191,23.5575,0.213384
train,10019.tif,0.546238,23.1272,0.246716
train,1002.tif,0.514986,20.9397,0.285166
train,10020.tif,0.536617,20.6595,0.291601
train,10021.tif,0.646454,22.5458,0.276216
train,10022.tif,0.566746,21.1051,0.274845
train,10023.tif,0.58237,21.2161,0.266232
train,10024.tif,0.530695,21.1407,0.300918
train,10025.tif,0.611028,22.7047,0.215989
train,10026.tif,0.698538,25.6036,0.272816
train,10027.tif,0.578968,21.8512,0.238058
train,10028.tif,0.617978,21.659,0.286872
train,10029.tif,0.643865,22.424,0.248704
train,1003.tif,0.539866,21.0224,0.320483
train,10030.tif,0.577232,22.1891,0.269959
train,10031.tif,0.515144,19.1993,0.336904
train,10032.tif,0.56773,21.8236,0.322545
train,10033.tif,0.793735,24.3158,0.224932
train,10034.tif,0.622571,22.7168,0.256192
train,10035.tif,0.512237,19.7665,0.296887
train,10036.tif,0.560574,22.1324,0.295571
train,10037.tif,0.826004,26.8028,0.183932
train,10038.tif,0.517313,20.7996,0.262741
train,10039.tif,0.470838,21.8573,0.286855
train,1004.tif,0.503303,22.0048,0.293274
train,10040.tif,0.567571,22.622,0.277455
train,10041.tif,0.500437,19.6783,0.302168
train,10042.tif,0.705828,24.099,0.265473
train,10043.tif,0.53828,21.29,0.276073
train,10044.tif,0.530383,21.1559,0.327176
train,10045.tif,0.598798,22.2357,0.274148
train,10046.tif,0.661423,24.9235,0.216833
train,10047.tif,0.533662,21.2589,0.268153
train,10048.tif,0.683223,24.9033,0.208437
train,10049.tif,0.504632,20.6978,0.311447
train,1005.tif,0.589834,21.8814,0.247619
train,10050.tif,0.535189,20.9071,0.282971
train,10051.tif,0.581788,21.72,0.245691
train,10052.tif,0.604154,22.2775,0.253569
train,10053.tif,0.581095,21.2265,0.256278
train,10054.tif,0.830094,19.6287,0.213178
train,10055.tif,0.604987,22.6747,0.295895
train,10056.tif,0.630249,22.0857,0.287379
train,10057.tif,0.58172,23.0775,0.238658
train,10058.tif,0.627923,22.8223,0.244126
train,10059.tif,0.706927,23.698,0.230628
train,1006.tif,0.507952,21.0207,0.320068
train,10060.tif,0.553569,23.0182,0.300878
train,10061.tif,0.57396,22.5294,0.215927
train,10062.tif,0.544696,20.6921,0.299668
train,10063.tif,0.565115,21.9411,0.314365
train,10064.tif,0.647281,23.3086,0.351875
train,10065.tif,0.519689,20.7509,0.303566
train,10066.tif,0.56569,21.3137,0.271495
train,10067.tif,0.638112,23.5147,0.205864
train,10068.tif,0.647011,20.7052,0.342751
train,10069.tif,0.55803,21.0568,0.29117
train,1007.tif,0.43494,19.1393,0.281796
train,10070.tif,0.597929,20.7075,0.309045
train,10071.tif,0.636011,23.3861,0.257779
train,10072.tif,0.591638,22.044,0.294499
train,10073.tif,0.599971,22.319,0.264071
train,10074.tif,0.521872,19.5782,0.319221
train,10075.tif,0.623999,22.9825,0.376139
train,10076.tif,0.644826,22.8271,0.289149
train,10077.tif,0.574703,22.9342,0.306368
train,10078.tif,0.485205,21.6586,0.316026
train,10079.tif,0.61485,22.4261,0.275075
train,1008.tif,0.616016,21.8234,0.301182
train,10080.tif,0.535415,21.4093,0.311077
train,10081.tif,0.862283,26.2461,0.129703
train,10082.tif,0.488104,18.732,0.308321
train,10083.tif,0.634302,23.7197,0.223931
train,10084.tif,0.581801,20.2332,0.267756
train,10085.tif,0.638973,23.4208,0.257788
train,10086.tif,0.699535,23.9295,0.213351
train,10087.tif,0.514841,20.2555,0.299827
train,10088.tif,0.646451,24.2032,0.282653
train,10089.tif,0.524854,20.5632,0.30365
train,1009.tif,0.83355,22.6297,0.254137
train,10090.tif,0.542383,20.0704,0.280944
train,10091.tif,0.701898,21.9971,0.302287
train,10092.tif,0.719844,22.9501,0.208281
train,10093.tif,0.655251,22.4854,0.240523
train,10094.tif,0.588387,22.3577,0.253999
train,10095.tif,0.637243,22.8345,0.269482
train,10096.tif,0.570501,22.4978,0.293127
train,10097.tif,0.495215,20.5822,0.276799
train,10098.tif,0.538712,21.5548,0.258213
train,10099.tif,0.61257,22.1475,0.263344
train,101.tif,0.607663,19.2838,0.28019
train,1010.tif,0.597997,21.957,0.282011
train,10100.tif,0.762971,23.5654,0.298054
train,10101.tif,0.694403,23.569,0.248104
train,10102.tif,0.673101,21.9857,0.32314
train,10103.tif,0.561035,22.1183,0.294031
train,10104.tif,0.522086,21.383,0.289838
train,10105.tif,0.533046,22.1653,0.267438
train,10106.tif,0.646017,23.3993,0.276055
train,10107.tif,0.584326,23.7,0.271006
train,10108.tif,0.476459,21.085,0.313407
train,10109.tif,0.617851,22.5947,0.293481
train,1011.tif,0.568875,19.5355,0.284893
train,10110.tif,0.684811,23.5009,0.225458
train,10111.tif,0.666895,22.2063,0.219122
train,10112.tif,0.542466,22.2807,0.309079
train,10113.tif,0.569265,19.596,0.316242
train,10114.tif,0.794053,24.3877,0.275539
train,10115.tif,0.621689,23.545,0.238376
train,10116.tif,0.583095,20.4934,0.233738
train,10117.tif,0.565742,21.5988,0.304644
train,10118.tif,0.703748,23.8211,0.400935
train,10119.tif,0.59578,21.5613,0.268873
train,1012.tif,0.559591,15.3689,0.291452
train,10120.tif,0.63385,21.4025,0.29968
train,10121.tif,0.572667,21.8513,0.268119
train,10122.tif,0.626596,21.8637,0.256245
train,10123.tif,0.482792,17.9095,0.371575
train,10124.tif,0.620247,22.9025,0.321752
train,10125.tif,0.699936,24.2994,0.241523
train,10126.tif,0.517008,21.2337,0.27066
train,10127.tif,0.541214,20.4938,0.257756
train,10128.tif,0.753947,25.8698,0.247074
train,10129.tif,0.728734,21.5162,0.228104
train,1013.tif,0.738238,25.1559,0.224891
train,10130.tif,0.49766,22.2656,0.309744
train,10131.tif,0.70811,24.0906,0.229764
train,10132.tif,0.680407,24.1705,0.239496
train,10133.tif,0.685138,22.8104,0.237886
train,10134.tif,0.636906,22.9725,0.243509
train,10135.tif,0.603588,23.457,0.21809
train,10136.tif,0.573802,17.8885,0.366965
train,10137.tif,0.57418,21.2432,0.287288
train,10138.tif,0.567964,22.5469,0.246613
train,10139.tif,0.597067,22.1717,0.260808
train,1014.tif,0.596553,22.0354,0.273973
train,10140.tif,0.591482,22.3519,0.238862
train,10141.tif,0.601773,18.9444,0.261522
train,10142.tif,0.611309,22.85,0.263855
train,10143.tif,0.625548,22.791,0.272724
train,10144.tif,0.53135,22.0948,0.333185
train,10145.tif,0.631159,23.7613,0.264951
train,10146.tif,0.494643,18.133,0.319475
train,10147.tif,0.510599,21.3975,0.320086
train,10148.tif,0.562105,19.6607,0.314886
train,10149.tif,0.570202,18.187,0.33335
train,1015.tif,0.601949,22.6363,0.254238
train,10150.tif,0.612498,22.2447,0.266863
train,10151.tif,0.543208,22.2718,0.268816
train,10152.tif,0.590667,21.9199,0.298876
train,10153.tif,0.601937,22.1634,0.366583
train,10154.tif,0.544039,21.7739,0.272124
train,10155.tif,0.628282,23.1817,0.239802
train,10156.tif,0.723051,23.7633,0.21475
train,10157.tif,0.51318,20.8162,0.255124
train,10158.tif,0.563087,22.5702,0.279056
train,10159.tif,0.619048,22.4474,0.276078
train,1016.tif,0.553063,21.8299,0.257435
train,10160.tif,0.573169,21.6529,0.264667
train,10161.tif,0.63999,23.9962,0.241434
train,10162.tif,0.567975,19.2369,0.275916
train,10163.tif,0.701547,25.3093,0.225319
train,10164.tif,0.69213,24.7817,0.281525
train,10165.tif,0.704758,22.3416,0.289564
train,10166.tif,0.554544,21.1906,0.291474
train,10167.tif,0.663806,23.7183,0.213136
train,10168.tif,0.639419,23.7696,0.2708
train,10169.tif,0.632592,21.8855,0.298825
train,1017.tif,0.544921,20.2935,0.258319
train,10170.tif,0.548192,22.0855,0.332721
train,10171.tif,0.494184,19.2181,0.359779
train,10172.tif,0.519022,21.1955,0.37256
train,10173.tif,0.627841,22.9138,0.270486
train,10174.tif,0.725578,24.5027,0.229314
train,10175.tif,0.613816,21.4443,0.299213
train,10176.tif,0.635775,23.0179,0.289711
train,10177.tif,0.623259,23.1796,0.223536
train,10178.tif,0.619775,21.9074,0.272273
train,10179.tif,0.537747,19.9885,0.314453
train,1018.tif,0.588712,23.1874,0.307524
train,10180.tif,0.566231,23.1792,0.296238
train,10181.tif,0.7348,23.0562,0.256285
train,10182.tif,0.616074,23.1247,0.252689
train,10183.tif,0.50176,20.5923,0.30812
train,10184.tif,0.545808,20.9197,0.285864
train,10185.tif,0.51856,21.2737,0.300867
train,10186.tif,0.656248,23.0554,0.282994
train,10187.tif,0.541054,22.0541,0.270401
train,10188.tif,0.633979,23.3343,0.257704
train,10189.tif,0.578546,21.1413,0.34016
train,1019.tif,0.624617,20.104,0.266246
train,10190.tif,0.508062,21.9029,0.306318
train,10191.tif,0.835292,26.5711,0.189234
train,10192.tif,0.58331,21.3629,0.313722
train,10193.tif,0.858235,26.6113,0.17738
train,10194.tif,0.642287,21.6247,0.342841
train,10195.tif,0.602842,23.0083,0.355011
train,10196.tif,0.747647,21.933,0.176584
train,10197.tif,0.650701,23.2588,0.305343
train,10198.tif,0.591514,20.8748,0.285965
train,10199.tif,0.565064,21.5852,0.268383
train,102.tif,0.65075,21.5963,0.284977
train,1020.tif,0.558578,21.5695,0.334816
train,10200.tif,0.55826,22.5365,0.303375
train,10201.tif,0.591389,23.6542,0.303964
train,10202.tif,0.564718,21.7133,0.320717
train,10203.tif,0.562497,22.0195,0.27449
train,10204.tif,0.702717,24.3397,0.229046
train,10205.tif,0.795033,25.099,0.178421
train,10206.tif,0.537043,19.781,0.392704
train,10207.tif,0.619299,22.5199,0.243505
train,10208.tif,0.620552,22.5612,0.253621
train,10209.tif,0.673346,22.9682,0.214964
train,1021.tif,0.508338,20.8433,0.276948
train,10210.tif,0.671117,21.9079,0.274303
train,10211.tif,0.526434,22.1654,0.286024
train,10212.tif,0.584301,22.1528,0.325415
train,10213.tif,0.778433,23.9722,0.212786
train,10214.tif,0.64998,22.8291,0.269564
train,10215.tif,0.577541,21.9856,0.30874
train,10216.tif,0.661255,23.4476,0.308943
train,10217.tif,0.619464,21.3921,0.2551
train,10218.tif,0.585896,21.5603,0.318208
train,10219.tif,0.66901,23.4398,0.22089
train,1022.tif,0.542989,21.5445,0.279718
train,10220.tif,0.486909,18.1648,0.294228
train,10221.tif,0.520576,20.1835,0.276908
train,10222.tif,0.511066,21.2568,0.310561
train,10223.tif,0.802783,23.4286,0.229127
train,10224.tif,0.745438,24.0593,0.228605
train,10225.tif,0.542049,21.6771,0.326113
train,10226.tif,0.769213,25.3288,0.287985
train,10227.tif,0.689039,25.0996,0.225279
train,10228.tif,0.55814,21.0435,0.270886
train,10229.tif,0.720228,24.349,0.223989
train,1023.tif,0.535216,21.6224,0.269364
train,10230.tif,0.569153,19.7385,0.30191
train,10231.tif,0.589463,22.0521,0.259094
train,10232.tif,0.708133,21.7796,0.292091
train,10233.tif,0.512282,21.2829,0.356172
train,10234.tif,0.632463,22.4345,0.398635
train,10235.tif,0.543499,21.8312,0.328481
train,10236.tif,0.694578,21.4399,0.25623
train,10237.tif,0.493038,19.9146,0.312563
train,10238.tif,0.683226,22.6775,0.270656
train,10239.tif,0.573242,22.7095,0.28831
train,1024.tif,0.638929,21.9866,0.313248
train,10240.tif,0.825625,26.1381,0.236403
train,10241.tif,0.55891,20.803,0.348931
train,10242.tif,0.52312,15.8695,0.354154
train,10243.tif,0.582597,22.8112,0.271002
train,10244.tif,0.527256,18.813,0.314025
train,10245.tif,0.546465,22.3806,0.289658
train,10246.tif,0.750016,23.4451,0.215799
train,10247.tif,0.528229,18.9668,0.31185
train,10248.tif,0.551287,21.7816,0.311696
train,10249.tif,0.578904,21.656,0.288088
train,1025.tif,0.821645,23.1772,0.211461
train,10250.tif,0.61757,22.0805,0.310208
train,10251.tif,0.728871,23.2556,0.279876
train,10252.tif,0.738029,23.4171,0.231983
train,10253.tif,0.616659,22.9553,0.249839
train,10254.tif,0.556473,21.3197,0.265155
train,10255.tif,0.505381,21.7902,0.27109
train,10256.tif,0.693888,24.5163,0.275845
train,10257.tif,0.454131,20.2833,0.334523
train,10258.tif,0.532429,21.894,0.297007
train,10259.tif,0.565464,22.6336,0.293845
train,1026.tif,0.554119,21.4049,0.267708
train,10260.tif,0.649167,23.9833,0.286625
train,10261.tif,0.666955,23.0307,0.280274
train,10262.tif,0.527319,19.8767,0.304025
train,10263.tif,0.575774,22.7277,0.264685
train,10264.tif,0.591454,22.9432,0.277694
train,10265.tif,0.581039,22.2451,0.342391
train,10266.tif,0.513364,20.125,0.338455
train,10267.tif,0.62445,22.5035,0.269324
train,10268.tif,0.6925,22.2807,0.255649
train,10269.tif,0.519418,19.3456,0.318077
train,1027.tif,0.587732,20.1942,0.272505
train,10270.tif,0.649579,22.6439,0.262468
train,10271.tif,0.798,24.5961,0.270997
train,10272.tif,0.662195,23.9235,0.238025
train,10273.tif,0.570367,22.1532,0.283796
train,10274.tif,0.683961,25.0014,0.232809
train,10275.tif,0.52807,21.2864,0.285189
train,10276.tif,0.478096,21.3386,0.290498
train,10277.tif,0.570939,18.8463,0.299205
train,10278.tif,0.63578,23.2004,0.296484
train,10279.tif,0.675673,23.026,0.280459
train,1028.tif,0.500856,21.2585,0.279631
train,10280.tif,0.496667,20.0246,0.333729
train,10281.tif,0.531732,21.7638,0.277589
train,10282.tif,0.558744,21.7996,0.309554
train,10283.tif,0.576512,22.4382,0.233295
train,10284.tif,0.659865,24.4988,0.259282
train,10285.tif,0.741331,23.4328,0.277256
train,10286.tif,0.668406,23.5738,0.258904
train,10287.tif,0.679444,23.4118,0.207704
train,10288.tif,0.629345,22.0833,0.249557
train,10289.tif,0.651477,22.9922,0.301585
train,1029.tif,0.567509,19.2046,0.256983
train,10290.tif,0.650487,23.58,0.265277
train,10291.tif,0.559735,21.4882,0.257802
train,10292.tif,0.494917,20.9806,0.326651
train,10293.tif,0.566103,21.4025,0.32708
train,10294.tif,0.74336,25.3657,0.240514
train,10295.tif,0.732021,24.0246,0.312705
train,10296.tif,0.549808,21.9949,0.26161
train,10297.tif,0.659962,23.9412,0.281724
train,10298.tif,0.639824,22.8579,0.337933
train,10299.tif,0.52161,20.6286,0.311176
train,103.tif,0.577029,20.1029,0.30479
train,1030.tif,0.641431,23.8702,0.256434
train,10300.tif,0.613931,22.5584,0.284615
train,10301.tif,0.476757,18.9799,0.302405
train,10302.tif,0.519889,18.4422,0.314208
train,10303.tif,0.760343,25.5446,0.287783
train,10304.tif,0.539247,18.2268,0.317332
train,10305.tif,0.64253,21.3502,0.245781
train,10306.tif,0.578115,22.5439,0.275216
train,10307.tif,0.669638,21.9784,0.343412
train,10308.tif,0.741564,24.3968,0.228045
train,10309.tif,0.710706,24.2419,0.257491
train,1031.tif,0.559393,19.9783,0.258617
train,10310.tif,0.598138,22.0399,0.247551
train,10311.tif,0.532198,21.1998,0.347989
train,10312.tif,0.707903,23.6564,0.231154
train,10313.tif,0.665332,22.3767,0.245138
train,10314.tif,0.686347,24.2597,0.236232
train,10315.tif,0.653268,24.1972,0.268599
train,10316.tif,0.582862,21.938,0.276092
train,10317.tif,0.64172,24.8297,0.390256
train,10318.tif,0.500086,19.2374,0.290589
train,10319.tif,0.504276,22.3054,0.262845
train,1032.tif,0.588987,20.8462,0.277318
train,10320.tif,0.518963,21.4029,0.292693
train,10321.tif,0.645764,22.5928,0.231472
train,10322.tif,0.707722,24.9197,0.26029
train,10323.tif,0.777371,24.4773,0.25484
train,10324.tif,0.532087,20.9912,0.280479
train,10325.tif,0.717888,22.658,0.207252
train,10326.tif,0.530523,20.4813,0.331827
train,10327.tif,0.512654,21.0623,0.30828
train,10328.tif,0.532021,20.7115,0.324174
train,10329.tif,0.590645,21.8255,0.295978
train,1033.tif,0.500501,17.49,0.308782
train,10330.tif,0.546663,20.7219,0.311374
train,10331.tif,0.514029,20.487,0.292641
train,10332.tif,0.702384,23.835,0.245851
train,10333.tif,0.577653,21.4076,0.316677
train,10334.tif,0.539768,21.2293,0.276702
train,10335.tif,0.588593,22.5729,0.255666
train,10336.tif,0.528126,21.7984,0.268569
train,10337.tif,0.631314,20.6342,0.270172
train,10338.tif,0.607657,21.0822,0.273334
train,10339.tif,0.588832,19.683,0.277827
train,1034.tif,0.675738,23.5728,0.23308
train,10340.tif,0.68398,23.6672,0.282719
train,10341.tif,0.510616,18.8341,0.308356
train,10342.tif,0.685551,24.5808,0.218539
train,10343.tif,0.578093,22.5012,0.276776
train,10344.tif,0.560685,22.8689,0.267617
train,10345.tif,0.594862,22.3817,0.298656
train,10346.tif,0.685019,23.8392,0.258585
train,10347.tif,0.689381,23.8264,0.220399
train,10348.tif,0.583671,22.2269,0.256684
train,10349.tif,0.630487,22.0066,0.262911
train,1035.tif,0.644674,20.2797,0.276175
train,10350.tif,0.693712,24.6346,0.239018
train,10351.tif,0.63009,23.3367,0.234029
train,10352.tif,0.574003,22.0436,0.255546
train,10353.tif,0.523458,21.8914,0.283208
train,10354.tif,0.226857,18.4455,0.537076
train,10355.tif,0.585285,21.6016,0.280235
train,10356.tif,0.730454,24.7366,0.229124
train,10357.tif,0.720729,24.0064,0.217625
train,10358.tif,0.639718,23.1851,0.248007
train,10359.tif,0.537117,20.5228,0.365007
train,1036.tif,0.568434,20.2154,0.275681
train,10360.tif,0.54829,23.1121,0.250705
train,10361.tif,0.540113,20.5326,0.248751
train,10362.tif,0.6902,24.2103,0.226891
train,10363.tif,0.624544,23.1636,0.244295
train,10364.tif,0.622545,23.4929,0.26999
train,10365.tif,0.710413,24.1275,0.236956
train,10366.tif,0.505944,20.1314,0.333019
train,10367.tif,0.628338,23.201,0.278338
train,10368.tif,0.481298,18.0466,0.250983
train,10369.tif,0.557584,21.2559,0.264859
train,1037.tif,0.66798,22.5978,0.279626
train,10370.tif,0.675934,22.8757,0.248507
train,10371.tif,0.682846,22.8018,0.214177
train,10372.tif,0.657747,21.4584,0.24492
train,10373.tif,0.636244,23.0416,0.234696
train,10374.tif,0.674391,21.841,0.220726
train,10375.tif,0.671156,21.877,0.233626
train,10376.tif,0.614974,23.4937,0.267296
train,10377.tif,0.625705,22.0925,0.20793
train,10378.tif,0.627068,23.5679,0.222198
train,10379.tif,0.56582,19.3202,0.31593
train,1038.tif,0.640598,23.1102,0.284166
train,10380.tif,0.415358,19.6617,0.26604
train,10381.tif,0.590191,22.1286,0.230048
train,10382.tif,0.466611,20.3801,0.243722
train,10383.tif,0.515171,20.9253,0.267291
train,10384.tif,0.686368,21.5285,0.245433
train,10385.tif,0.552432,21.7168,0.220126
train,10386.tif,0.701314,22.674,0.24266
train,10387.tif,0.569159,22.8953,0.300312
train,10388.tif,0.621407,22.9095,0.250686
train,10389.tif,0.377878,19.9154,0.308164
train,1039.tif,0.607898,21.8559,0.263771
train,10390.tif,0.491998,20.6878,0.269939
train,10391.tif,0.571402,22.1956,0.280033
train,10392.tif,0.561605,21.4961,0.289058
train,10393.tif,0.619139,22.6174,0.248432
train,10394.tif,0.599395,22.9584,0.252816
train,10395.tif,0.53898,21.5808,0.27808
train,10396.tif,0.633575,22.8245,0.245941
train,10397.tif,0.615522,22.8707,0.259685
train,10398.tif,0.669755,22.8392,0.239516
train,10399.tif,0.676824,22.5952,0.214475
train,104.tif,0.591298,20.3258,0.255825
train,1040.tif,0.535387,18.3608,0.272492
train,10400.tif,0.571044,20.3662,0.30585
train,10401.tif,0.66758,22.912,0.23969
train,10402.tif,0.585055,20.2925,0.352202
train,10403.tif,0.56243,21.2925,0.263178
train,10404.tif,0.639038,22.9854,0.266886
train,10405.tif,0.56144,20.4496,0.27785
train,10406.tif,0.580376,22.0769,0.211877
train,10407.tif,0.647944,22.0582,0.236301
train,10408.tif,0.68671,24.3027,0.234426
train,10409.tif,0.731888,24.5745,0.234122
train,1041.tif,0.5937,21.9021,0.303631
train,10410.tif,0.539261,21.3644,0.234453
train,10411.tif,0.784347,23.9996,0.281568
train,10412.tif,0.626093,22.1864,0.285184
train,10413.tif,0.70381,23.8666,0.223867
train,10414.tif,0.682349,24.9689,0.240653
train,10415.tif,0.619172,22.9778,0.246467
train,10416.tif,0.576347,22.7666,0.24593
train,10417.tif,0.676232,24.1682,0.238096
train,10418.tif,0.605351,21.9175,0.291385
train,10419.tif,0.501985,20.0662,0.319499
train,1042.tif,0.499728,21.5339,0.328276
train,10420.tif,0.443633,19.5438,0.26304
train,10421.tif,0.739343,22.4818,0.220942
train,10422.tif,0.681467,22.5895,0.242959
train,10423.tif,0.528901,19.6699,0.366422
train,10424.tif,0.588049,22.3869,0.248361
train,10425.tif,0.460731,20.7233,0.256452
train,10426.tif,0.605512,23.4385,0.261476
train,10427.tif,0.594457,20.9631,0.244953
train,10428.tif,0.678014,23.4238,0.243167
train,10429.tif,0.670956,23.3072,0.234231
train,1043.tif,0.613797,19.6288,0.260934
train,10430.tif,0.579208,21.4189,0.244291
train,10431.tif,0.511163,20.0228,0.264336
train,10432.tif,0.69446,22.3154,0.215948
train,10433.tif,0.48157,19.2162,0.272305
train,10434.tif,0.697397,22.1188,0.231337
train,10435.tif,0.555146,21.5648,0.257458
train,10436.tif,0.488361,19.2971,0.300524
train,10437.tif,0.495524,19.9558,0.295788
train,10438.tif,0.5679,21.6809,0.247852
train,10439.tif,0.684551,23.6647,0.255404
train,1044.tif,0.52274,20.999,0.358741
train,10440.tif,0.557732,21.6037,0.250803
train,10441.tif,0.511382,19.4175,0.329462
train,10442.tif,0.604548,23.367,0.26597
train,10443.tif,0.613069,20.2565,0.32631
train,10444.tif,0.510613,21.4814,0.270259
train,10445.tif,0.704273,24.6255,0.33255
train,10446.tif,0.57966,22.5823,0.288925
train,10447.tif,0.693797,24.0215,0.208297
train,10448.tif,0.502026,20.6891,0.299266
train,10449.tif,0.610167,23.6194,0.258055
train,1045.tif,0.492369,17.1117,0.311668
train,10450.tif,0.580181,22.0111,0.273044
train,10451.tif,0.499225,21.4345,0.277683
train,10452.tif,0.587521,21.7087,0.2596
train,10453.tif,0.659934,23.8356,0.249132
train,10454.tif,0.532562,21.3331,0.232405
train,10455.tif,0.611796,23.1994,0.272248
train,10456.tif,0.718143,24.1957,0.1958
train,10457.tif,0.592033,21.3913,0.287853
train,10458.tif,0.603427,22.2699,0.265317
train,10459.tif,0.695451,22.8142,0.229267
train,1046.tif,0.728572,23.5079,0.214401
train,10460.tif,0.743905,22.8882,0.27883
train,10461.tif,0.545665,20.8838,0.240589
train,10462.tif,0.601012,22.792,0.269944
train,10463.tif,0.607022,23.102,0.271141
train,10464.tif,0.567412,24.1713,0.279294
train,10465.tif,0.610885,23.0603,0.266525
train,10466.tif,0.686043,21.956,0.255809
train,10467.tif,0.63843,23.5782,0.242819
train,10468.tif,0.439577,19.7873,0.278508
train,10469.tif,0.67364,23.7444,0.221976
train,1047.tif,0.51089,20.6248,0.338743
train,10470.tif,0.576852,20.7587,0.258705
train,10471.tif,0.505757,20.0856,0.279239
train,10472.tif,0.629815,22.1719,0.26915
train,10473.tif,0.540253,21.1813,0.25685
train,10474.tif,0.643777,23.9839,0.252804
train,10475.tif,0.676561,22.6566,0.22299
train,10476.tif,0.564939,21.4669,0.245098
train,10477.tif,0.571539,20.1424,0.253302
train,10478.tif,0.506748,20.3096,0.278006
train,10479.tif,0.601229,22.6345,0.245958
train,1048.tif,0.522559,21.2693,0.29693
train,10480.tif,0.495732,19.5834,0.283018
train,10481.tif,0.575509,21.4214,0.272997
train,10482.tif,0.576269,21.04,0.295169
train,10483.tif,0.606222,22.7339,0.268995
train,10484.tif,0.606518,22.1133,0.269742
train,10485.tif,0.631394,23.588,0.232896
train,10486.tif,0.61446,23.3936,0.276733
train,10487.tif,0.658718,23.3622,0.272798
train,10488.tif,0.660485,23.0736,0.215521
train,10489.tif,0.656191,21.0007,0.26383
train,1049.tif,0.499512,20.999,0.279995
train,10490.tif,0.637656,24.3899,0.287071
train,10491.tif,0.538113,21.1915,0.247396
train,10492.tif,0.547633,22.179,0.30925
train,10493.tif,0.556339,20.613,0.266688
train,10494.tif,0.558836,20.8615,0.251524
train,10495.tif,0.603543,21.6109,0.293968
train,10496.tif,0.700348,24.4466,0.232283
train,10497.tif,0.621022,21.4022,0.252315
train,10498.tif,0.70912,24.0837,0.232068
train,10499.tif,0.70255,23.6303,0.223385
train,105.tif,0.573107,20.9864,0.282539
train,1050.tif,0.531234,19.4779,0.271135
train,10500.tif,0.656283,22.6021,0.240831
train,10501.tif,0.633853,22.7253,0.240884
train,10502.tif,0.619783,22.2114,0.245964
train,10503.tif,0.676807,23.7304,0.24395
train,10504.tif,0.648046,21.9485,0.238624
train,10505.tif,0.575777,20.6448,0.224297
train,10506.tif,0.62948,23.8425,0.222319
train,10507.tif,0.584951,21.8706,0.263885
train,10508.tif,0.629769,22.4662,0.250144
train,10509.tif,0.463863,20.0306,0.257503
train,1051.tif,0.545346,22.0685,0.299284
train,10510.tif,0.558009,21.9751,0.309364
train,10511.tif,0.604727,22.8877,0.3066
train,10512.tif,0.686466,23.2152,0.237759
train,10513.tif,0.555036,20.3871,0.274603
train,10514.tif,0.685177,24.0785,0.268743
train,10515.tif,0.517685,21.601,0.238656
train,10516.tif,0.608055,24.6078,0.256465
train,10517.tif,0.608538,21.681,0.217688
train,10518.tif,0.664216,22.7235,0.236016
train,10519.tif,0.536123,21.2167,0.258524
train,1052.tif,0.488137,18.2985,0.30875
train,10520.tif,0.682371,23.1327,0.228008
train,10521.tif,0.475454,20.6124,0.25687
train,10522.tif,0.626945,20.9075,0.271569
train,10523.tif,0.535911,21.4123,0.266313
train,10524.tif,0.579309,21.8106,0.232045
train,10525.tif,0.839219,20.537,0.210761
train,10526.tif,0.645678,21.9607,0.244382
train,10527.tif,0.64179,22.1119,0.244576
train,10528.tif,0.690694,23.0646,0.313364
train,10529.tif,0.675628,24.4617,0.441186
train,1053.tif,0.521204,18.1325,0.262328
train,10530.tif,0.631566,19.3106,0.326925
train,10531.tif,0.535855,22.5848,0.241461
train,10532.tif,0.677767,23.0832,0.239066
train,10533.tif,0.633949,23.2078,0.290223
train,10534.tif,0.505956,20.2216,0.275535
train,10535.tif,0.578762,20.0776,0.262332
train,10536.tif,0.525011,21.1603,0.265521
train,10537.tif,0.583088,21.3198,0.324628
train,10538.tif,0.618693,19.5756,0.323634
train,10539.tif,0.513705,21.8884,0.25912
train,1054.tif,0.755348,22.0147,0.251752
train,10540.tif,0.61851,22.2727,0.317508
train,10541.tif,0.5804,22.4768,0.254354
train,10542.tif,0.608223,19.9618,0.265489
train,10543.tif,0.656212,22.5321,0.263048
train,10544.tif,0.655389,23.6874,0.227335
train,10545.tif,0.829736,22.8274,0.232804
train,10546.tif,0.650356,19.9195,0.283661
train,10547.tif,0.53975,20.3694,0.266632
train,10548.tif,0.615181,22.6182,0.261699
train,10549.tif,0.486965,18.488,0.365693
train,1055.tif,0.52223,19.9024,0.261065
train,10550.tif,0.715611,22.4412,0.222983
train,10551.tif,0.595977,18.222,0.289093
train,10552.tif,0.526419,20.7699,0.250162
train,10553.tif,0.5143,20.5453,0.249136
train,10554.tif,0.413046,18.8286,0.283523
train,10555.tif,0.606109,23.1356,0.24002
train,10556.tif,0.672944,21.7667,0.227745
train,10557.tif,0.565563,21.7494,0.243634
train,10558.tif,0.720432,23.5558,0.252065
train,10559.tif,0.576952,22.0054,0.275408
train,1056.tif,0.413103,21.3276,0.34774
train,10560.tif,0.716333,20.5196,0.343252
train,10561.tif,0.680883,21.9299,0.229516
train,10562.tif,0.71169,21.3638,0.208312
train,10563.tif,0.665177,24.3157,0.258758
train,10564.tif,0.589019,21.8619,0.247056
train,10565.tif,0.687113,21.7202,0.288
train,10566.tif,0.463087,20.0652,0.272276
train,10567.tif,0.694997,23.2854,0.20678
train,10568.tif,0.543682,19.9769,0.268968
train,10569.tif,0.652361,24.0474,0.242543
train,1057.tif,0.505555,17.6753,0.304748
train,10570.tif,0.752698,23.1829,0.283283
train,10571.tif,0.641312,22.3347,0.255694
train,10572.tif,0.667866,21.4542,0.261712
train,10573.tif,0.630346,22.8621,0.273211
train,10574.tif,0.553895,21.5335,0.273408
train,10575.tif,0.582677,19.8622,0.251675
train,10576.tif,0.434202,18.9669,0.285535
train,10577.tif,0.615396,24.4947,0.299236
train,10578.tif,0.685064,23.5784,0.232387
train,10579.tif,0.587287,22.0837,0.259885
train,1058.tif,0.632091,23.111,0.2745
train,10580.tif,0.604174,20.3384,0.234043
train,10581.tif,0.649071,23.6142,0.232726
train,10582.tif,0.55724,21.6334,0.241114
train,10583.tif,0.707709,21.6498,0.252357
train,10584.tif,0.632978,23.143,0.226603
train,10585.tif,0.564565,19.817,0.264703
train,10586.tif,0.693603,23.904,0.228162
train,10587.tif,0.639104,24.0706,0.239079
train,10588.tif,0.624001,21.5287,0.266945
train,10589.tif,0.590583,22.6387,0.268868
train,1059.tif,0.579766,20.4806,0.269168
train,10590.tif,0.613572,19.1354,0.297375
train,10591.tif,0.587549,21.8871,0.384603
train,10592.tif,0.572894,22.7852,0.257962
train,10593.tif,0.459491,19.6484,0.317112
train,10594.tif,0.737764,24.1429,0.244564
train,10595.tif,0.581211,22.4689,0.250799
train,10596.tif,0.533435,20.3688,0.293458
train,10597.tif,0.492202,21.4516,0.265896
train,10598.tif,0.518456,21.2456,0.256637
train,10599.tif,0.600121,22.794,0.288242
train,106.tif,0.651277,21.4514,0.289678
train,1060.tif,0.448922,18.6751,0.301746
train,10600.tif,0.584798,21.8434,0.257247
train,10601.tif,0.618067,22.6787,0.251112
train,10602.tif,0.69389,20.1164,0.225886
train,10603.tif,0.614153,20.9914,0.34805
train,10604.tif,0.572894,22.3358,0.262059
train,10605.tif,0.62332,20.6653,0.252183
train,10606.tif,0.638454,22.9483,0.227926
train,10607.tif,0.673711,20.6343,0.230458
train,10608.tif,0.646215,22.8739,0.237443
train,10609.tif,0.577769,21.5146,0.287323
train,1061.tif,0.484638,20.7576,0.345597
train,10610.tif,0.611966,22.3881,0.287831
train,10611.tif,0.595808,21.8163,0.335338
train,10612.tif,0.590833,21.9531,0.247464
train,10613.tif,0.585643,22.5581,0.26302
train,10614.tif,0.629135,23.6467,0.259027
train,10615.tif,0.636476,23.3701,0.257786
train,10616.tif,0.60364,22.5781,0.261926
train,10617.tif,0.781774,24.7224,0.272937
train,10618.tif,0.721604,23.0012,0.256622
train,10619.tif,0.490694,20.0012,0.288764
train,1062.tif,0.51221,11.2184,0.410897
train,10620.tif,0.6607,23.7749,0.225557
train,10621.tif,0.541666,21.5484,0.260554
train,10622.tif,0.560085,22.7755,0.291666
train,10623.tif,0.49727,20.4043,0.252086
train,10624.tif,0.55032,21.0614,0.257398
train,10625.tif,0.508676,21.2282,0.277649
train,10626.tif,0.617367,21.5819,0.318752
train,10627.tif,0.592169,22.8859,0.26967
train,10628.tif,0.659439,23.26,0.252148
train,10629.tif,0.569042,22.336,0.238077
train,1063.tif,0.569683,21.6421,0.293437
train,10630.tif,0.643987,22.1706,0.255215
train,10631.tif,0.622661,22.8684,0.30544
train,10632.tif,0.676793,24.322,0.207585
train,10633.tif,0.565196,20.227,0.352867
train,10634.tif,0.732929,23.2955,0.247761
train,10635.tif,0.71585,23.8016,0.237063
train,10636.tif,0.700546,24.1031,0.224442
train,10637.tif,0.648193,22.0257,0.252507
train,10638.tif,0.517231,21.5299,0.244457
train,10639.tif,0.666594,23.5151,0.25959
train,1064.tif,0.728018,21.8511,0.235359
train,10640.tif,0.607436,21.8889,0.279109
train,10641.tif,0.74614,23.5041,0.209818
train,10642.tif,0.55304,20.7608,0.304008
train,10643.tif,0.685959,23.1683,0.211403
train,10644.tif,0.556271,20.2424,0.30321
train,10645.tif,0.638204,23.3439,0.243049
train,10646.tif,0.479348,20.0935,0.252771
train,10647.tif,0.639144,23.6601,0.26605
train,10648.tif,0.555533,21.4484,0.222338
train,10649.tif,0.531555,19.8037,0.309927
train,1065.tif,0.566235,23.0548,0.271677
train,10650.tif,0.622501,23.1025,0.29005
train,10651.tif,0.458586,19.2639,0.287286
train,10652.tif,0.659021,22.7048,0.264613
train,10653.tif,0.645887,23.0132,0.244522
train,10654.tif,0.54289,21.3679,0.270625
train,10655.tif,0.524192,19.8926,0.286714
train,10656.tif,0.650512,21.1259,0.266872
train,10657.tif,0.574428,22.2802,0.252607
train,10658.tif,0.715537,24.2276,0.311054
train,10659.tif,0.555417,20.2245,0.301422
train,1066.tif,0.730556,24.0987,0.259215
train,10660.tif,0.542245,20.5359,0.266366
train,10661.tif,0.560051,22.2388,0.287723
train,10662.tif,0.525323,21.0215,0.244244
train,10663.tif,0.671661,24.0573,0.278864
train,10664.tif,0.535258,21.0327,0.265609
train,10665.tif,0.591964,20.3385,0.262
train,10666.tif,0.689287,23.3027,0.253239
train,10667.tif,0.551997,18.8464,0.281868
train,10668.tif,0.569703,21.9305,0.271327
train,10669.tif,0.516435,21.2794,0.255234
train,1067.tif,0.498361,19.7207,0.284714
train,10670.tif,0.652466,22.3233,0.228116
train,10671.tif,0.668516,23.163,0.20233
train,10672.tif,0.62556,23.2367,0.250882
train,10673.tif,0.694468,22.051,0.22176
train,10674.tif,0.642068,22.909,0.219426
train,10675.tif,0.677444,24.0783,0.238757
train,10676.tif,0.826086,23.9986,0.221208
train,10677.tif,0.709806,24.3942,0.237024
train,10678.tif,0.513509,19.4701,0.307902
train,10679.tif,0.578435,22.601,0.269564
train,1068.tif,0.579094,21.1351,0.297455
train,10680.tif,0.616118,22.0906,0.261178
train,10681.tif,0.646092,22.7034,0.241453
train,10682.tif,0.715267,22.3121,0.222687
train,10683.tif,0.647923,23.2218,0.257066
train,10684.tif,0.684027,21.9896,0.238914
train,10685.tif,0.565414,22.0023,0.27636
train,10686.tif,0.480363,20.9144,0.294952
train,10687.tif,0.542451,21.1225,0.270348
train,10688.tif,0.650084,23.4405,0.2484
train,10689.tif,0.738647,22.128,0.229841
train,1069.tif,0.529112,18.8191,0.272257
train,10690.tif,0.577328,21.7799,0.277487
train,10691.tif,0.713111,24.8846,0.242797
train,10692.tif,0.657515,21.3601,0.255808
train,10693.tif,0.616993,22.866,0.278538
train,10694.tif,0.623987,22.7102,0.255489
train,10695.tif,0.642299,23.6978,0.228454
train,10696.tif,0.616868,22.2829,0.262362
train,10697.tif,0.67352,23.5141,0.228809
train,10698.tif,0.617199,22.8731,0.266339
train,10699.tif,0.553412,22.1811,0.25373
train,107.tif,0.54701,22.0529,0.27282
train,1070.tif,0.648889,22.364,0.275362
train,10700.tif,0.654997,24.258,0.212781
train,10701.tif,0.673704,23.1395,0.293043
train,10702.tif,0.701176,22.0846,0.216281
train,10703.tif,0.629668,21.7517,0.271314
train,10704.tif,0.562462,21.8641,0.236222
train,10705.tif,0.574426,21.4047,0.262663
train,10706.tif,0.598915,21.8109,0.304784
train,10707.tif,0.461244,19.9228,0.253966
train,10708.tif,0.667059,23.6639,0.243092
train,10709.tif,0.476374,19.8086,0.281885
train,1071.tif,0.567636,22.9042,0.251747
train,10710.tif,0.697135,22.9025,0.243758
train,10711.tif,0.643471,22.8871,0.262528
train,10712.tif,0.487769,19.9519,0.338487
train,10713.tif,0.489442,20.0661,0.303423
train,10714.tif,0.66664,22.2201,0.301618
train,10715.tif,0.622717,20.4703,0.244949
train,10716.tif,0.586808,19.827,0.272002
train,10717.tif,0.69805,22.5873,0.239907
train,10718.tif,0.618459,23.0964,0.25599
train,10719.tif,0.610727,22.8004,0.236432
train,1072.tif,0.492201,19.8789,0.292302
train,10720.tif,0.635537,23.1901,0.247052
train,10721.tif,0.510136,20.2719,0.264943
train,10722.tif,0.671027,23.5589,0.27286
train,10723.tif,0.518358,21.5441,0.243052
train,10724.tif,0.622868,22.0383,0.26264
train,10725.tif,0.62904,22.0356,0.250684
train,10726.tif,0.538611,19.7801,0.33362
train,10727.tif,0.65534,22.9041,0.249172
train,10728.tif,0.546953,21.759,0.24402
train,10729.tif,0.704987,23.8561,0.231046
train,1073.tif,0.607005,23.779,0.309884
train,10730.tif,0.668844,22.6811,0.221841
train,10731.tif,0.545132,21.5282,0.210282
train,10732.tif,0.735487,23.2812,0.268365
train,10733.tif,0.675055,23.7137,0.259768
train,10734.tif,0.562561,21.3977,0.27401
train,10735.tif,0.68437,24.0257,0.243088
train,10736.tif,0.485753,19.7782,0.279226
train,10737.tif,0.688175,23.7216,0.226335
train,10738.tif,0.483576,20.4839,0.279067
train,10739.tif,0.665589,22.8866,0.218514
train,1074.tif,0.722851,21.0646,0.236433
train,10740.tif,0.650019,22.0302,0.228263
train,10741.tif,0.485566,19.6166,0.284069
train,10742.tif,0.60805,21.8705,0.328587
train,10743.tif,0.461697,20.3919,0.259306
train,10744.tif,0.464255,20.0796,0.301992
train,10745.tif,0.605131,21.7895,0.263477
train,10746.tif,0.679195,21.074,0.232211
train,10747.tif,0.703987,22.3601,0.239123
train,10748.tif,0.555634,21.5449,0.22647
train,10749.tif,0.578569,22.9672,0.258892
train,1075.tif,0.477353,20.6337,0.32902
train,10750.tif,0.670723,23.0247,0.228393
train,10751.tif,0.658825,21.9938,0.228085
train,10752.tif,0.595938,21.8665,0.264769
train,10753.tif,0.610709,23.4823,0.264209
train,10754.tif,0.670448,22.7524,0.252469
train,10755.tif,0.558126,21.1628,0.304868
train,10756.tif,0.569713,20.44,0.273342
train,10757.tif,0.616408,22.4617,0.297589
train,10758.tif,0.483425,18.648,0.283856
train,10759.tif,0.744301,22.2833,0.255982
train,1076.tif,0.566555,19.9108,0.318134
train,10760.tif,0.56213,20.2391,0.24864
train,10761.tif,0.522088,20.1561,0.268073
train,10762.tif,0.561605,21.5682,0.268259
train,10763.tif,0.654237,23.3555,0.224387
train,10764.tif,0.532978,21.9265,0.286746
train,10765.tif,0.691277,22.6462,0.226867
train,10766.tif,0.54695,21.0479,0.275564
train,10767.tif,0.368073,19.5046,0.294727
train,10768.tif,0.55067,21.3453,0.25428
train,10769.tif,0.646004,22.2882,0.247223
train,1077.tif,0.540018,19.9687,0.306677
train,10770.tif,0.661501,24.4927,0.245867
train,10771.tif,0.611714,21.3418,0.264977
train,10772.tif,0.587039,22.4937,0.251334
train,10773.tif,0.621444,21.1522,0.262533
train,10774.tif,0.526634,21.2322,0.271148
train,10775.tif,0.632066,23.2391,0.263761
train,10776.tif,0.512446,19.5408,0.272245
train,10777.tif,0.55664,21.801,0.303981
train,10778.tif,0.427254,18.1433,0.288479
train,10779.tif,0.64294,22.6893,0.263009
train,1078.tif,0.496553,19.1534,0.334722
train,10780.tif,0.581333,21.4912,0.235348
train,10781.tif,0.538448,21.7201,0.248515
train,10782.tif,0.510407,21.3648,0.255756
train,10783.tif,0.664503,24.4185,0.266708
train,10784.tif,0.671115,22.3901,0.216784
train,10785.tif,0.661388,23.0022,0.267807
train,10786.tif,0.588235,21.3467,0.321436
train,10787.tif,0.6848,23.4674,0.233341
train,10788.tif,0.496835,20.9803,0.297837
train,10789.tif,0.613159,21.5841,0.233322
train,1079.tif,0.588243,20.1864,0.299438
train,10790.tif,0.587494,20.9882,0.299188
train,10791.tif,0.569916,22.0015,0.286867
train,10792.tif,0.66865,23.2923,0.257441
train,10793.tif,0.589637,22.5297,0.235883
train,10794.tif,0.623881,22.8234,0.247679
train,10795.tif,0.564146,22.294,0.267744
train,10796.tif,0.613291,23.5087,0.251768
train,10797.tif,0.567358,20.8492,0.258079
train,10798.tif,0.533937,21.6277,0.254821
train,10799.tif,0.668147,23.6637,0.243715
train,108.tif,0.655906,21.315,0.236656
train,1080.tif,0.574771,18.7224,0.257482
train,10800.tif,0.647756,23.6353,0.242375
train,10801.tif,0.587583,22.0893,0.271747
train,10802.tif,0.550809,22.1364,0.275793
train,10803.tif,0.677382,22.2634,0.242413
train,10804.tif,0.535921,21.7999,0.245579
train,10805.tif,0.680699,23.7065,0.238752
train,10806.tif,0.578997,22.539,0.234285
train,10807.tif,0.573385,21.9706,0.241082
train,10808.tif,0.469188,20.6318,0.272132
train,10809.tif,0.505802,19.7633,0.28808
train,1081.tif,0.597231,20.0391,0.327065
train,10810.tif,0.706891,24.0304,0.2176
train,10811.tif,0.553288,21.2305,0.257033
train,10812.tif,0.441558,19.3566,0.359348
train,10813.tif,0.473387,19.941,0.278566
train,10814.tif,0.527438,19.6073,0.277637
train,10815.tif,0.481346,21.0185,0.242646
train,10816.tif,0.573818,21.7981,0.25257
train,10817.tif,0.594259,22.9036,0.260468
train,10818.tif,0.618743,23.115,0.304167
train,10819.tif,0.505215,21.2691,0.271762
train,1082.tif,0.491376,20.4406,0.25278
train,10820.tif,0.656537,22.9603,0.256073
train,10821.tif,0.431229,19.9888,0.311152
train,10822.tif,0.604969,22.1474,0.237161
train,10823.tif,0.67868,21.3739,0.229937
train,10824.tif,0.503143,19.4189,0.31519
train,10825.tif,0.649153,19.707,0.284606
train,10826.tif,0.798753,24.322,0.249566
train,10827.tif,0.470655,19.2636,0.293769
train,10828.tif,0.713072,22.9219,0.225398
train,10829.tif,0.634039,22.1886,0.253579
train,1083.tif,0.51502,21.3403,0.290553
train,10830.tif,0.639471,23.2293,0.275481
train,10831.tif,0.561176,22.0981,0.242538
train,10832.tif,0.683015,23.2438,0.247916
train,10833.tif,0.657602,21.9138,0.284787
train,10834.tif,0.428469,18.7467,0.286526
train,10835.tif,0.702156,24.8954,0.227831
train,10836.tif,0.754856,23.1179,0.223879
train,10837.tif,0.692952,23.6765,0.266792
train,10838.tif,0.560867,21.7918,0.276039
train,10839.tif,0.706849,23.1104,0.228235
train,1084.tif,0.540407,19.1401,0.28369
train,10840.tif,0.795753,23.9398,0.275755
train,10841.tif,0.51068,20.7882,0.261852
train,10842.tif,0.684262,23.5638,0.239922
train,10843.tif,0.64754,21.4429,0.242303
train,10844.tif,0.662308,22.0553,0.269285
train,10845.tif,0.542707,21.0899,0.251867
train,10846.tif,0.621378,22.1302,0.272487
train,10847.tif,0.665801,24.0269,0.240595
train,10848.tif,0.544166,19.4673,0.243629
train,10849.tif,0.738527,24.0818,0.25254
train,1085.tif,0.589115,21.8558,0.263045
train,10850.tif,0.505392,20.6448,0.242089
train,10851.tif,0.643205,23.0834,0.251244
train,10852.tif,0.669288,22.9526,0.239566
train,10853.tif,0.668887,22.9096,0.281509
train,10854.tif,0.65496,23.8437,0.216969
train,10855.tif,0.70975,22.2149,0.285981
train,10856.tif,0.619185,21.7693,0.274566
train,10857.tif,0.68819,22.746,0.218108
train,10858.tif,0.709281,23.841,0.211033
train,10859.tif,0.603179,23.692,0.233531
train,1086.tif,0.577842,21.0479,0.29701
train,10860.tif,0.609673,22.3771,0.236941
train,10861.tif,0.536835,20.5565,0.313633
train,10862.tif,0.61709,22.5513,0.246051
train,10863.tif,0.480381,19.7419,0.283403
train,10864.tif,0.511123,18.6871,0.276978
train,10865.tif,0.430916,20.6898,0.334492
train,10866.tif,0.711683,24.3749,0.200503
train,10867.tif,0.535643,21.2466,0.252662
train,10868.tif,0.683173,22.4926,0.214659
train,10869.tif,0.465086,19.8754,0.262492
train,1087.tif,0.655893,23.085,0.278456
train,10870.tif,0.545274,19.6997,0.286602
train,10871.tif,0.703869,23.87,0.208648
train,10872.tif,0.590216,20.6707,0.252343
train,10873.tif,0.5285,19.9392,0.265512
train,10874.tif,0.708756,23.4549,0.231947
train,10875.tif,0.671396,22.9606,0.246586
train,10876.tif,0.600991,20.8074,0.257081
train,10877.tif,0.683075,23.8548,0.273128
train,10878.tif,0.64897,19.6372,0.3004
train,10879.tif,0.609647,22.8427,0.24987
train,1088.tif,0.506006,18.8628,0.314287
train,10880.tif,0.680112,23.02,0.290004
train,10881.tif,0.583577,22.6274,0.274786
train,10882.tif,0.614226,22.2895,0.247945
train,10883.tif,0.54682,21.5252,0.236876
train,10884.tif,0.48477,18.474,0.308696
train,10885.tif,0.534784,20.7834,0.263412
train,10886.tif,0.470201,20.6769,0.309653
train,10887.tif,0.685046,24.2708,0.212299
train,10888.tif,0.667842,22.6363,0.243116
train,10889.tif,0.659437,20.8841,0.288371
train,1089.tif,0.605671,17.9731,0.286493
train,10890.tif,0.722108,22.8638,0.208198
train,10891.tif,0.643764,22.9521,0.247205
train,10892.tif,0.52571,21.8002,0.271888
train,10893.tif,0.538074,21.1654,0.263713
train,10894.tif,0.533137,20.5102,0.272218
train,10895.tif,0.645318,21.8117,0.23792
train,10896.tif,0.657214,22.6174,0.224608
train,10897.tif,0.600535,21.216,0.347833
train,10898.tif,0.70539,22.5206,0.248979
train,10899.tif,0.609159,22.5078,0.257403
train,109.tif,0.573039,19.9597,0.308445
train,1090.tif,0.512884,20.0379,0.268167
train,10900.tif,0.638392,23.4725,0.247128
train,10901.tif,0.607239,21.202,0.287128
train,10902.tif,0.676568,23.9887,0.257601
train,10903.tif,0.697705,23.2964,0.262308
train,10904.tif,0.640381,23.4427,0.240189
train,10905.tif,0.541467,21.0412,0.261433
train,10906.tif,0.676843,24.6137,0.238169
train,10907.tif,0.666385,22.4844,0.242887
train,10908.tif,0.594599,21.2446,0.257491
train,10909.tif,0.619456,22.5707,0.240277
train,1091.tif,0.641466,23.6854,0.329096
train,10910.tif,0.635778,23.3383,0.261515
train,10911.tif,0.655048,22.9586,0.30843
train,10912.tif,0.547109,21.831,0.220277
train,10913.tif,0.60578,21.7958,0.257786
train,10914.tif,0.620327,24.1106,0.280015
train,10915.tif,0.624785,23.1124,0.255755
train,10916.tif,0.690556,24.0924,0.199778
train,10917.tif,0.510188,20.8531,0.274108
train,10918.tif,0.698994,23.8755,0.257432
train,10919.tif,0.4901,20.2621,0.290203
train,1092.tif,0.513691,21.4703,0.307325
train,10920.tif,0.574817,22.3142,0.325468
train,10921.tif,0.55571,19.934,0.280154
train,10922.tif,0.594903,22.1733,0.295955
train,10923.tif,0.682973,23.3416,0.228835
train,10924.tif,0.517352,19.8253,0.328772
train,10925.tif,0.680174,23.7025,0.238824
train,10926.tif,0.532132,19.8478,0.262719
train,10927.tif,0.595364,23.3662,0.322366
train,10928.tif,0.536831,22.4592,0.279593
train,10929.tif,0.47939,21.4594,0.329856
train,1093.tif,0.522634,22.4804,0.297609
train,10930.tif,0.479142,19.6051,0.31707
train,10931.tif,0.607632,23.5876,0.266843
train,10932.tif,0.491794,19.3765,0.343115
train,10933.tif,0.674876,22.818,0.241707
train,10934.tif,0.617575,21.554,0.28424
train,10935.tif,0.596332,22.0247,0.249076
train,10936.tif,0.600559,21.9756,0.250822
train,10937.tif,0.639538,22.2715,0.269789
train,10938.tif,0.510854,20.4084,0.326393
train,10939.tif,0.620506,22.3757,0.226627
train,1094.tif,0.479465,18.6131,0.301472
train,10940.tif,0.535923,20.7681,0.229353
train,10941.tif,0.732185,23.7546,0.252764
train,10942.tif,0.695213,25.3457,0.258736
train,10943.tif,0.586416,23.5917,0.246936
train,10944.tif,0.667996,23.6966,0.258431
train,10945.tif,0.489162,21.2757,0.297021
train,10946.tif,0.532661,21.549,0.267833
train,10947.tif,0.60919,21.637,0.364594
train,10948.tif,0.591784,22.5261,0.282537
train,10949.tif,0.656774,24.3017,0.266091
train,1095.tif,0.705149,20.6673,0.266384
train,10950.tif,0.617874,23.7485,0.254987
train,10951.tif,0.517637,21.2493,0.272054
train,10952.tif,0.730365,23.0155,0.252471
train,10953.tif,0.584557,23.1277,0.243663
train,10954.tif,0.512578,20.2106,0.274305
train,10955.tif,0.559343,22.2407,0.255547
train,10956.tif,0.472081,20.3452,0.267146
train,10957.tif,0.541831,19.8243,0.290002
train,10958.tif,0.602834,22.4717,0.25738
train,10959.tif,0.681801,23.9693,0.235028
train,1096.tif,0.677282,23.9157,0.322099
train,10960.tif,0.641668,23.7032,0.239449
train,10961.tif,0.580715,18.2501,0.295537
train,10962.tif,0.693734,23.6314,0.197557
train,10963.tif,0.61299,22.8623,0.272788
train,10964.tif,0.650548,23.5661,0.25777
train,10965.tif,0.646993,21.5937,0.208369
train,10966.tif,0.689205,23.5988,0.222151
train,10967.tif,0.603302,23.2594,0.253505
train,10968.tif,0.701105,22.8644,0.238662
train,10969.tif,0.629373,21.7524,0.284629
train,1097.tif,0.66043,24.4909,0.262437
train,10970.tif,0.705396,22.3992,0.263799
train,10971.tif,0.58356,22.6142,0.238867
train,10972.tif,0.701708,23.9142,0.237042
train,10973.tif,0.542526,20.7752,0.251999
train,10974.tif,0.592066,21.0049,0.24615
train,10975.tif,0.560162,21.3685,0.285247
train,10976.tif,0.704684,24.4643,0.220229
train,10977.tif,0.567076,23.2533,0.242382
train,10978.tif,0.566785,23.6915,0.318079
train,10979.tif,0.587975,22.0718,0.272162
train,1098.tif,0.562802,20.1787,0.330796
train,10980.tif,0.516319,19.7487,0.292273
train,10981.tif,0.60649,22.946,0.251062
train,10982.tif,0.65328,22.9475,0.25325
train,10983.tif,0.613086,22.5134,0.298268
train,10984.tif,0.59204,21.7877,0.248036
train,10985.tif,0.685457,22.3946,0.23453
train,10986.tif,0.522466,20.7139,0.264298
train,10987.tif,0.546026,22.2137,0.262183
train,10988.tif,0.563269,21.4854,0.286318
train,10989.tif,0.390316,19.0104,0.317091
train,1099.tif,0.78381,21.7231,0.250225
train,10990.tif,0.605643,22.0324,0.245611
train,10991.tif,0.749815,22.7951,0.230495
train,10992.tif,0.632473,22.6979,0.241752
train,10993.tif,0.57387,21.5501,0.288728
train,10994.tif,0.675983,23.7308,0.259569
train,10995.tif,0.556959,22.187,0.267813
train,10996.tif,0.620309,22.7106,0.223079
train,10997.tif,0.674831,23.4541,0.227673
train,10998.tif,0.466789,19.8281,0.272386
train,10999.tif,0.597186,22.4124,0.241159
train,11.tif,0.656083,22.5327,0.271879
train,110.tif,0.515778,19.3126,0.250136
train,1100.tif,0.509007,20.1971,0.309291
train,11000.tif,0.578358,22.2357,0.271172
train,11001.tif,0.542529,21.5881,0.251407
train,11002.tif,0.618992,23.3626,0.271863
train,11003.tif,0.579493,20.8748,0.241231
train,11004.tif,0.546913,20.992,0.240473
train,11005.tif,0.522775,20.7191,0.275212
train,11006.tif,0.484575,19.9379,0.271746
train,11007.tif,0.650848,21.5867,0.238254
train,11008.tif,0.706828,24.0345,0.271945
train,11009.tif,0.569893,21.351,0.261243
train,1101.tif,0.624425,21.5072,0.286663
train,11010.tif,0.625961,22.2796,0.244825
train,11011.tif,0.594801,21.5025,0.269844
train,11012.tif,0.649461,23.5083,0.234837
train,11013.tif,0.629407,22.9041,0.22793
train,11014.tif,0.617123,23.311,0.273315
train,11015.tif,0.544046,21.5121,0.28271
train,11016.tif,0.627517,19.3417,0.277179
train,11017.tif,0.487767,20.2125,0.280206
train,11018.tif,0.679803,23.4313,0.253356
train,11019.tif,0.643642,23.6017,0.234817
train,1102.tif,0.503988,19.1106,0.298851
train,11020.tif,0.639541,22.2573,0.212832
train,11021.tif,0.462543,20.2501,0.275059
train,11022.tif,0.608646,22.9349,0.250547
train,11023.tif,0.656553,22.327,0.235691
train,11024.tif,0.751949,20.4146,0.27558
train,11025.tif,0.450006,19.6987,0.253682
train,11026.tif,0.505832,21.2125,0.272437
train,11027.tif,0.648023,22.6344,0.247297
train,11028.tif,0.684146,22.6046,0.220685
train,11029.tif,0.611831,22.6373,0.235699
train,1103.tif,0.546545,21.3093,0.280933
train,11030.tif,0.611925,22.7314,0.26801
train,11031.tif,0.570767,21.9624,0.218786
train,11032.tif,0.61948,22.5381,0.254362
train,11033.tif,0.533895,20.1094,0.311647
train,11034.tif,0.675847,23.4857,0.282553
train,11035.tif,0.621252,23.3996,0.270684
train,11036.tif,0.698273,24.1806,0.247864
train,11037.tif,0.60233,22.4936,0.254448
train,11038.tif,0.653782,23.5618,0.232048
train,11039.tif,0.602741,22.3536,0.297324
train,1104.tif,0.628559,22.6423,0.246011
train,11040.tif,0.589424,20.8363,0.279206
train,11041.tif,0.63328,23.9206,0.244254
train,11042.tif,0.680628,22.2323,0.257912
train,11043.tif,0.555493,22.1944,0.275135
train,11044.tif,0.706149,24.1819,0.282877
train,11045.tif,0.440348,19.8347,0.285786
train,11046.tif,0.732768,23.5399,0.223843
train,11047.tif,0.438757,19.5852,0.291454
train,11048.tif,0.685777,21.8911,0.248608
train,11049.tif,0.629441,22.5894,0.274683
train,1105.tif,0.561451,21.1493,0.281003
train,11050.tif,0.710441,24.6383,0.213337
train,11051.tif,0.701932,22.6996,0.233002
train,11052.tif,0.546823,21.766,0.27582
train,11053.tif,0.735191,22.5372,0.227028
train,11054.tif,0.483462,20.5283,0.26771
train,11055.tif,0.651907,18.8869,0.226724
train,11056.tif,0.676707,21.6042,0.224816
train,11057.tif,0.60881,22.7313,0.254684
train,11058.tif,0.604742,21.3219,0.300915
train,11059.tif,0.454915,18.8309,0.274814
train,1106.tif,0.530904,19.5982,0.305383
train,11060.tif,0.56838,21.8513,0.269332
train,11061.tif,0.716223,23.9578,0.237901
train,11062.tif,0.598559,18.0739,0.273344
train,11063.tif,0.579357,22.0317,0.254278
train,11064.tif,0.62201,23.7463,0.277333
train,11065.tif,0.65644,22.3328,0.266906
train,11066.tif,0.463048,20.713,0.258806
train,11067.tif,0.582374,21.2186,0.29856
train,11068.tif,0.49639,19.4196,0.275194
train,11069.tif,0.525992,19.6093,0.272626
train,1107.tif,0.532712,20.1534,0.27816
train,11070.tif,0.474205,21.1261,0.29864
train,11071.tif,0.701962,23.5683,0.221628
train,11072.tif,0.665139,22.5712,0.226741
train,11073.tif,0.707614,22.8269,0.24103
train,11074.tif,0.565407,21.3639,0.253919
train,11075.tif,0.678873,23.605,0.246307
train,11076.tif,0.593772,23.3034,0.250641
train,11077.tif,0.588877,21.1521,0.240095
train,11078.tif,0.581852,21.5823,0.279526
train,11079.tif,0.511528,20.1813,0.250918
train,1108.tif,0.578563,18.4724,0.2822
train,11080.tif,0.602372,22.3347,0.220363
train,11081.tif,0.479498,18.5595,0.287904
train,11082.tif,0.559979,19.1647,0.28458
train,11083.tif,0.709589,22.7803,0.267779
train,11084.tif,0.624314,22.7959,0.25998
train,11085.tif,0.551376,20.871,0.240327
train,11086.tif,0.697775,22.4286,0.251572
train,11087.tif,0.723835,24.5531,0.229325
train,11088.tif,0.623371,24.2363,0.241243
train,11089.tif,0.59369,21.8355,0.257511
train,1109.tif,0.529866,17.4424,0.26527
train,11090.tif,0.581176,22.2012,0.270902
train,11091.tif,0.660032,21.7739,0.262091
train,11092.tif,0.644324,22.6108,0.216976
train,11093.tif,0.583846,22.9559,0.251168
train,11094.tif,0.604924,22.5617,0.282218
train,11095.tif,0.612967,21.8762,0.238527
train,11096.tif,0.445687,20.8411,0.288211
train,11097.tif,0.562472,21.8616,0.307557
train,11098.tif,0.437745,19.2452,0.260784
train,11099.tif,0.512962,20.8047,0.268171
train,111.tif,0.573475,21.243,0.258575
train,1110.tif,0.688764,20.837,0.256794
train,11100.tif,0.494471,20.5938,0.287837
train,11101.tif,0.482237,19.9558,0.237283
train,11102.tif,0.558185,22.0967,0.271844
train,11103.tif,0.684132,19.5856,0.354619
train,11104.tif,0.549912,19.6735,0.326931
train,11105.tif,0.538391,20.5413,0.250892
train,11106.tif,0.51218,19.9537,0.236112
train,11107.tif,0.56334,21.9998,0.257639
train,11108.tif,0.575874,19.7799,0.294718
train,11109.tif,0.585112,22.4655,0.241275
train,1111.tif,0.512416,18.3521,0.325309
train,11110.tif,0.533749,21.8615,0.241813
train,11111.tif,0.522329,21.8984,0.256085
train,11112.tif,0.626194,22.7224,0.246387
train,11113.tif,0.639227,21.2291,0.248402
train,11114.tif,0.615899,20.7726,0.290598
train,11115.tif,0.55778,16.7227,0.413298
train,11116.tif,0.705034,24.1939,0.238191
train,11117.tif,0.590266,22.2196,0.375579
train,11118.tif,0.513624,20.9896,0.261996
train,11119.tif,0.547013,22.4919,0.253389
train,1112.tif,0.628945,19.1055,0.266995
train,11120.tif,0.609045,20.7446,0.31305
train,11121.tif,0.519963,20.2335,0.254852
train,11122.tif,0.618478,23.1226,0.225232
train,11123.tif,0.526533,20.409,0.262481
train,11124.tif,0.416643,19.7374,0.295818
train,11125.tif,0.556514,21.8439,0.256715
train,11126.tif,0.534114,21.9392,0.253949
train,11127.tif,0.600554,22.7014,0.258627
train,11128.tif,0.598071,17.1172,0.540786
train,11129.tif,0.651132,24.207,0.243009
train,1113.tif,0.627441,19.7933,0.260925
train,11130.tif,0.58436,23.1468,0.252626
train,11131.tif,0.661818,23.1208,0.246746
train,11132.tif,0.611878,22.9092,0.261368
train,11133.tif,0.637007,22.9052,0.230211
train,11134.tif,0.470174,20.1829,0.318294
train,11135.tif,0.628395,24.4393,0.282379
train,11136.tif,0.604978,22.9771,0.246976
train,11137.tif,0.707737,23.1334,0.232128
train,11138.tif,0.790839,23.0463,0.231013
train,11139.tif,0.555496,21.569,0.251518
train,1114.tif,0.754359,23.3083,0.194644
train,11140.tif,0.608287,21.255,0.260056
train,11141.tif,0.627574,22.0708,0.27776
train,11142.tif,0.617216,22.9613,0.279435
train,11143.tif,0.654333,20.5303,0.26787
train,11144.tif,0.668681,22.6386,0.234892
train,11145.tif,0.67585,23.7791,0.228228
train,11146.tif,0.552125,21.3821,0.253434
train,11147.tif,0.511688,18.817,0.30329
train,11148.tif,0.587024,21.9907,0.251009
train,11149.tif,0.729528,21.8634,0.245756
train,1115.tif,0.715746,23.2361,0.28841
train,11150.tif,0.560451,21.4295,0.265913
train,11151.tif,0.538747,22.0742,0.267122
train,11152.tif,0.558343,21.8752,0.249624
train,11153.tif,0.485315,21.3226,0.248735
train,11154.tif,0.539531,19.2075,0.296176
train,11155.tif,0.497274,20.735,0.276897
train,11156.tif,0.662342,23.2863,0.281487
train,11157.tif,0.531008,20.5454,0.27063
train,11158.tif,0.648576,23.9384,0.237015
train,11159.tif,0.512071,21.2523,0.236697
train,1116.tif,0.553136,22.3166,0.254662
train,11160.tif,0.418845,19.4302,0.267375
train,11161.tif,0.692751,23.5721,0.239822
train,11162.tif,0.554462,19.9698,0.278141
train,11163.tif,0.476707,20.2571,0.266276
train,11164.tif,0.489809,20.0951,0.252435
train,11165.tif,0.706058,22.3466,0.239798
train,11166.tif,0.488975,19.6431,0.272534
train,11167.tif,0.525464,21.2659,0.277242
train,11168.tif,0.719722,23.2335,0.23956
train,11169.tif,0.573515,22.6972,0.24659
train,1117.tif,0.644014,22.222,0.268825
train,11170.tif,0.486293,20.7174,0.266842
train,11171.tif,0.636936,22.5778,0.245113
train,11172.tif,0.674345,23.2536,0.253256
train,11173.tif,0.523166,19.8824,0.260525
train,11174.tif,0.674519,22.9146,0.235871
train,11175.tif,0.492092,20.2696,0.285865
train,11176.tif,0.714988,24.4672,0.22628
train,11177.tif,0.620121,22.4846,0.240274
train,11178.tif,0.612009,20.7929,0.27095
train,11179.tif,0.513038,21.1431,0.25279
train,1118.tif,0.561685,22.8058,0.325555
train,11180.tif,0.556839,22.2577,0.243491
train,11181.tif,0.589003,20.7211,0.317141
train,11182.tif,0.61081,22.9072,0.27012
train,11183.tif,0.516213,20.5695,0.272501
train,11184.tif,0.533464,20.7449,0.292541
train,11185.tif,0.652542,18.5875,0.350171
train,11186.tif,0.579259,21.6586,0.287228
train,11187.tif,0.663924,24.0717,0.211867
train,11188.tif,0.737714,24.4247,0.22169
train,11189.tif,0.590052,21.0653,0.224235
train,1119.tif,0.520242,18.4123,0.272243
train,11190.tif,0.648319,19.5315,0.268598
train,11191.tif,0.479357,20.6703,0.309403
train,11192.tif,0.558249,22.1203,0.278359
train,11193.tif,0.486833,21.1333,0.264064
train,11194.tif,0.679936,24.0266,0.19682
train,11195.tif,0.481182,19.0207,0.251142
train,11196.tif,0.518395,20.17,0.262879
train,11197.tif,0.471846,20.8346,0.273246
train,11198.tif,0.703527,23.1285,0.232828
train,11199.tif,0.624757,21.9681,0.243829
train,112.tif,0.630102,20.9324,0.307314
train,1120.tif,0.775718,24.1474,0.234783
train,11200.tif,0.679834,24.3011,0.214605
train,11201.tif,0.582558,21.4542,0.252509
train,11202.tif,0.672177,21.2617,0.319193
train,11203.tif,0.560491,20.6516,0.314341
train,11204.tif,0.708346,23.3643,0.226561
train,11205.tif,0.539498,21.1171,0.263261
train,11206.tif,0.625477,22.5507,0.317943
train,11207.tif,0.519365,19.8658,0.284827
train,11208.tif,0.504696,20.7425,0.257837
train,11209.tif,0.602062,24.0491,0.240539
train,1121.tif,0.640935,23.1188,0.220019
train,11210.tif,0.647829,23.0463,0.236048
train,11211.tif,0.557456,21.7943,0.275548
train,11212.tif,0.441715,20.0032,0.286454
train,11213.tif,0.766811,24.0097,0.23105
train,11214.tif,0.561957,21.6244,0.289095
train,11215.tif,0.490819,20.237,0.274236
train,11216.tif,0.596123,20.7217,0.247078
train,11217.tif,0.580093,23.4657,0.259464
train,11218.tif,0.663728,23.3789,0.310348
train,11219.tif,0.617539,21.0663,0.259608
train,1122.tif,0.632169,22.9656,0.292662
train,11220.tif,0.634014,22.7049,0.255522
train,11221.tif,0.58934,20.3823,0.252508
train,11222.tif,0.593891,22.5318,0.229481
train,11223.tif,0.518841,21.5955,0.329011
train,11224.tif,0.678529,23.9032,0.210632
train,11225.tif,0.517074,21.0653,0.260917
train,11226.tif,0.661217,24.3304,0.217321
train,11227.tif,0.541033,20.6631,0.225145
train,11228.tif,0.556948,20.326,0.386443
train,11229.tif,0.694996,24.6158,0.277512
train,1123.tif,0.531518,18.1782,0.265739
train,11230.tif,0.537286,20.4156,0.256341
train,11231.tif,0.482922,20.7392,0.248076
train,11232.tif,0.674623,25.2673,0.337046
train,11233.tif,0.498574,18.8764,0.276775
train,11234.tif,0.521514,21.0515,0.245147
train,11235.tif,0.509887,20.0348,0.328507
train,11236.tif,0.478794,20.9507,0.280214
train,11237.tif,0.509178,19.2424,0.319341
train,11238.tif,0.535982,21.0842,0.254278
train,11239.tif,0.701413,24.672,0.261133
train,1124.tif,0.626181,24.0626,0.236459
train,11240.tif,0.67511,19.6386,0.437002
train,11241.tif,0.500481,21.4214,0.231081
train,11242.tif,0.570351,20.7974,0.273476
train,11243.tif,0.581516,20.9818,0.292034
train,11244.tif,0.543316,19.8904,0.394005
train,11245.tif,0.494258,18.2737,0.289447
train,11246.tif,0.774636,24.9229,0.298645
train,11247.tif,0.595019,21.2217,0.266402
train,11248.tif,0.528209,22.0222,0.236025
train,11249.tif,0.699441,22.8965,0.303609
train,1125.tif,0.539617,20.1661,0.308955
train,11250.tif,0.51028,20.0749,0.296177
train,11251.tif,0.484614,19.916,0.276328
train,11252.tif,0.599363,19.5434,0.285505
train,11253.tif,0.644312,22.8959,0.299081
train,11254.tif,0.696154,22.3467,0.206786
train,11255.tif,0.496826,19.7511,0.238616
train,11256.tif,0.572924,21.6071,0.272995
train,11257.tif,0.545059,20.0087,0.271739
train,11258.tif,0.576861,20.3492,0.28595
train,11259.tif,0.559797,20.5712,0.277081
train,1126.tif,0.547129,18.8484,0.303022
train,11260.tif,0.659728,23.0387,0.248367
train,11261.tif,0.621434,23.4961,0.222618
train,11262.tif,0.719343,23.6375,0.196562
train,11263.tif,0.47983,20.9892,0.258071
train,11264.tif,0.527813,21.2649,0.23307
train,11265.tif,0.592117,21.335,0.267647
train,11266.tif,0.501371,18.0312,0.28217
train,11267.tif,0.491378,19.2864,0.266666
train,11268.tif,0.50089,20.8923,0.283969
train,11269.tif,0.747519,24.9327,0.235554
train,1127.tif,0.632661,23.1438,0.281261
train,11270.tif,0.49472,20.9884,0.259881
train,11271.tif,0.400423,17.4618,0.333578
train,11272.tif,0.750198,24.4445,0.218838
train,11273.tif,0.697412,22.784,0.215052
train,11274.tif,0.57662,20.8015,0.250163
train,11275.tif,0.454477,20.7445,0.265794
train,11276.tif,0.592891,22.9853,0.273068
train,11277.tif,0.616435,21.6584,0.273839
train,11278.tif,0.556076,20.2661,0.276701
train,11279.tif,0.494828,19.4853,0.292025
train,1128.tif,0.533606,19.9071,0.328868
train,11280.tif,0.596888,21.5916,0.240891
train,11281.tif,0.537028,21.5418,0.240523
train,11282.tif,0.626061,22.6382,0.242557
train,11283.tif,0.625008,22.3497,0.305642
train,11284.tif,0.528445,21.0407,0.312706
train,11285.tif,0.648142,24.1283,0.28168
train,11286.tif,0.63078,23.3466,0.24751
train,11287.tif,0.656087,21.6081,0.245704
train,11288.tif,0.698168,21.9305,0.224344
train,11289.tif,0.498569,21.2386,0.248295
train,1129.tif,0.52486,14.318,0.314763
train,11290.tif,0.630229,22.0481,0.229274
train,11291.tif,0.609877,23.1002,0.22784
train,11292.tif,0.493462,20.6417,0.268387
train,11293.tif,0.622292,22.4831,0.270511
train,11294.tif,0.68476,23.4306,0.2158
train,11295.tif,0.663791,22.5039,0.225611
train,11296.tif,0.558405,21.7983,0.267082
train,11297.tif,0.630224,24.0126,0.239998
train,11298.tif,0.461913,21.0601,0.268765
train,11299.tif,0.662407,23.7948,0.310457
train,113.tif,0.577176,23.0156,0.302371
train,1130.tif,0.518687,21.9038,0.256298
train,11300.tif,0.665124,21.4297,0.272933
train,11301.tif,0.575937,21.6948,0.263807
train,11302.tif,0.725635,22.6166,0.203244
train,11303.tif,0.551924,21.9839,0.24785
train,11304.tif,0.568102,20.3526,0.29962
train,11305.tif,0.472223,20.4555,0.268405
train,11306.tif,0.672129,23.2992,0.229809
train,11307.tif,0.604026,21.3392,0.248047
train,11308.tif,0.547356,19.0813,0.267576
train,11309.tif,0.636206,22.3258,0.254305
train,1131.tif,0.586239,21.5646,0.273397
train,11310.tif,0.641733,23.3375,0.258781
train,11311.tif,0.716396,24.3349,0.198718
train,11312.tif,0.623969,22.3501,0.294175
train,11313.tif,0.716986,23.2328,0.206578
train,11314.tif,0.570015,21.4814,0.256068
train,11315.tif,0.618693,22.0253,0.269679
train,11316.tif,0.537751,20.805,0.290977
train,11317.tif,0.689331,24.0439,0.194201
train,11318.tif,0.662677,22.1604,0.26664
train,11319.tif,0.48004,20.6231,0.27705
train,1132.tif,0.545185,23.2339,0.288166
train,11320.tif,0.710466,24.5219,0.202305
train,11321.tif,0.559148,21.8037,0.254373
train,11322.tif,0.475281,20.6578,0.256773
train,11323.tif,0.567377,21.9025,0.283181
train,11324.tif,0.625992,22.3588,0.22837
train,11325.tif,0.604882,20.978,0.249235
train,11326.tif,0.580963,21.9308,0.259084
train,11327.tif,0.608709,23.6093,0.231771
train,11328.tif,0.625962,19.9163,0.280772
train,11329.tif,0.759628,24.337,0.222727
train,1133.tif,0.677119,22.8289,0.219698
train,11330.tif,0.545173,20.4102,0.260011
train,11331.tif,0.701069,22.5146,0.215297
train,11332.tif,0.528986,21.4313,0.258268
train,11333.tif,0.520888,21.8153,0.26735
train,11334.tif,0.675447,22.6952,0.232466
train,11335.tif,0.519996,21.1433,0.278009
train,11336.tif,0.702083,21.4757,0.252777
train,11337.tif,0.646283,22.67,0.279444
train,11338.tif,0.660325,22.9968,0.287005
train,11339.tif,0.675144,23.009,0.232135
train,1134.tif,0.530512,20.5681,0.257144
train,11340.tif,0.66195,24.0918,0.267674
train,11341.tif,0.567844,22.8936,0.252393
train,11342.tif,0.643889,21.3911,0.247743
train,11343.tif,0.517399,19.2898,0.306898
train,11344.tif,0.46135,18.0198,0.306327
train,11345.tif,0.603856,21.7899,0.338757
train,11346.tif,0.518444,20.4497,0.260616
train,11347.tif,0.623809,21.7944,0.31729
train,11348.tif,0.571695,18.6454,0.297997
train,11349.tif,0.528096,21.5081,0.273389
train,1135.tif,0.539764,21.2335,0.286282
train,11350.tif,0.669243,24.3467,0.243738
train,11351.tif,0.599543,21.5664,0.284746
train,11352.tif,0.543772,21.2825,0.269021
train,11353.tif,0.682046,23.3344,0.219671
train,11354.tif,0.566474,20.4238,0.252684
train,11355.tif,0.607711,22.5015,0.292426
train,11356.tif,0.645698,23.0934,0.258342
train,11357.tif,0.840137,25.4771,0.223957
train,11358.tif,0.624583,21.8323,0.28311
train,11359.tif,0.572766,21.4773,0.244715
train,1136.tif,0.48861,21.2258,0.312219
train,11360.tif,0.515438,20.0865,0.296465
train,11361.tif,0.47563,20.9355,0.26482
train,11362.tif,0.531668,19.3687,0.275663
train,11363.tif,0.532648,20.836,0.272766
train,11364.tif,0.640318,22.4052,0.238084
train,11365.tif,0.548693,22.2239,0.26426
train,11366.tif,0.547128,22.1182,0.270443
train,11367.tif,0.477243,17.4534,0.269388
train,11368.tif,0.600922,23.3066,0.249524
train,11369.tif,0.523548,20.7686,0.245627
train,1137.tif,0.587395,20.8308,0.283612
train,11370.tif,0.501387,20.0742,0.275734
train,11371.tif,0.599127,19.685,0.292973
train,11372.tif,0.600277,23.0201,0.254228
train,11373.tif,0.718364,24.6191,0.223053
train,11374.tif,0.57133,22.0435,0.282613
train,11375.tif,0.610611,23.2624,0.211888
train,11376.tif,0.529744,20.6156,0.280696
train,11377.tif,0.675748,22.9464,0.240254
train,11378.tif,0.604567,21.0165,0.24794
train,11379.tif,0.659093,21.9512,0.249049
train,1138.tif,0.592279,23.5728,0.373767
train,11380.tif,0.616727,21.3542,0.288211
train,11381.tif,0.719135,24.1768,0.207667
train,11382.tif,0.565588,22.6119,0.253657
train,11383.tif,0.69151,23.0506,0.250798
train,11384.tif,0.613896,21.8988,0.260148
train,11385.tif,0.673737,24.8155,0.227668
train,11386.tif,0.532518,20.9768,0.259169
train,11387.tif,0.536252,20.9134,0.267094
train,11388.tif,0.696327,22.2159,0.217272
train,11389.tif,0.671214,23.1993,0.219433
train,1139.tif,0.528199,20.6086,0.289091
train,11390.tif,0.527692,19.5461,0.259974
train,11391.tif,0.600554,22.5382,0.296609
train,11392.tif,0.657755,22.5946,0.242742
train,11393.tif,0.531075,22.0319,0.277848
train,11394.tif,0.431805,18.9722,0.351939
train,11395.tif,0.579942,22.0866,0.260103
train,11396.tif,0.545055,20.3829,0.238827
train,11397.tif,0.58423,20.2046,0.273972
train,11398.tif,0.634524,23.1588,0.239385
train,11399.tif,0.735075,24.9565,0.219768
train,114.tif,0.58531,18.3869,0.280353
train,1140.tif,0.472558,20.4326,0.272811
train,11400.tif,0.488195,20.4185,0.322267
train,11401.tif,0.58133,22.6853,0.279379
train,11402.tif,0.610193,23.5287,0.264381
train,11403.tif,0.564904,22.011,0.283442
train,11404.tif,0.527343,21.4554,0.262154
train,11405.tif,0.602967,22.6731,0.258947
train,11406.tif,0.810154,25.7075,0.294393
train,11407.tif,0.568718,21.967,0.293505
train,11408.tif,0.579679,22.3454,0.282395
train,11409.tif,0.614819,23.6732,0.244698
train,1141.tif,0.520124,23.029,0.282498
train,11410.tif,0.551854,19.5186,0.360033
train,11411.tif,0.514931,18.7199,0.252407
train,11412.tif,0.682622,22.556,0.241195
train,11413.tif,0.523256,21.5782,0.242912
train,11414.tif,0.536448,20.4562,0.310995
train,11415.tif,0.50644,21.187,0.277395
train,11416.tif,0.522867,21.9362,0.261965
train,11417.tif,0.557123,20.5293,0.252514
train,11418.tif,0.652957,24.0833,0.275226
train,11419.tif,0.529954,21.5764,0.264037
train,1142.tif,0.591296,20.0866,0.253928
train,11420.tif,0.465305,20.697,0.308514
train,11421.tif,0.590689,22.9668,0.272345
train,11422.tif,0.469414,20.2654,0.289699
train,11423.tif,0.701727,23.4862,0.198523
train,11424.tif,0.652486,22.051,0.254255
train,11425.tif,0.616241,20.816,0.311221
train,11426.tif,0.618139,22.0454,0.269044
train,11427.tif,0.686313,24.2327,0.274047
train,11428.tif,0.662226,21.723,0.236173
train,11429.tif,0.599878,22.1633,0.249265
train,1143.tif,0.572599,22.3199,0.239576
train,11430.tif,0.630143,22.7878,0.270905
train,11431.tif,0.477911,19.2399,0.316347
train,11432.tif,0.607604,21.1446,0.251853
train,11433.tif,0.615844,21.6575,0.281594
train,11434.tif,0.69221,23.8919,0.21805
train,11435.tif,0.558074,21.9851,0.250191
train,11436.tif,0.523177,21.9655,0.239083
train,11437.tif,0.499335,21.5269,0.276387
train,11438.tif,0.523812,20.2135,0.25063
train,11439.tif,0.681184,23.0807,0.212113
train,1144.tif,0.54613,21.2629,0.261796
train,11440.tif,0.71753,25.0625,0.183222
train,11441.tif,0.605992,22.3022,0.247442
train,11442.tif,0.703752,21.4175,0.230237
train,11443.tif,0.625799,22.3771,0.253528
train,11444.tif,0.583924,22.7433,0.236289
train,11445.tif,0.722748,24.2773,0.20924
train,11446.tif,0.659113,22.0791,0.245081
train,11447.tif,0.592131,21.6118,0.244487
train,11448.tif,0.750825,24.7485,0.212025
train,11449.tif,0.572281,21.1771,0.263947
train,1145.tif,0.775021,24.2993,0.232132
train,11450.tif,0.586499,21.0455,0.261071
train,11451.tif,0.499942,20.818,0.268898
train,11452.tif,0.608446,21.9208,0.282249
train,11453.tif,0.63301,22.6657,0.280383
train,11454.tif,0.713788,23.8392,0.220015
train,11455.tif,0.598601,21.9869,0.248398
train,11456.tif,0.592284,22.8989,0.247252
train,11457.tif,0.637901,23.2833,0.234907
train,11458.tif,0.540585,22.3094,0.262742
train,11459.tif,0.695841,21.8458,0.237368
train,1146.tif,0.53571,18.6427,0.28459
train,11460.tif,0.608041,21.1214,0.264806
train,11461.tif,0.701827,24.3624,0.204248
train,11462.tif,0.594265,22.0948,0.262447
train,11463.tif,0.66948,23.3338,0.267812
train,11464.tif,0.541152,21.5956,0.245916
train,11465.tif,0.717035,23.9931,0.209358
train,11466.tif,0.564706,21.1883,0.28464
train,11467.tif,0.527487,21.543,0.289026
train,11468.tif,0.56226,22.4263,0.279916
train,11469.tif,0.622985,21.6127,0.244199
train,1147.tif,0.574703,17.0676,0.248101
train,11470.tif,0.621429,23.0244,0.254746
train,11471.tif,0.583485,22.8821,0.240944
train,11472.tif,0.550234,21.9145,0.286131
train,11473.tif,0.519893,20.9318,0.277371
train,11474.tif,0.570998,21.9115,0.237224
train,11475.tif,0.563543,22.6724,0.296661
train,11476.tif,0.660605,22.6362,0.269148
train,11477.tif,0.597133,22.2547,0.284176
train,11478.tif,0.749329,24.095,0.204697
train,11479.tif,0.570078,21.6878,0.272741
train,1148.tif,0.546879,21.2893,0.250413
train,11480.tif,0.576634,21.7288,0.25611
train,11481.tif,0.585865,22.0271,0.277443
train,11482.tif,0.659192,23.8881,0.224897
train,11483.tif,0.49647,21.5715,0.265387
train,11484.tif,0.534462,20.3766,0.299523
train,11485.tif,0.707694,23.7765,0.213439
train,11486.tif,0.493205,18.5436,0.259323
train,11487.tif,0.433704,18.6526,0.303334
train,11488.tif,0.573769,22.2319,0.287057
train,11489.tif,0.656255,23.6042,0.250281
train,1149.tif,0.548579,20.0541,0.276519
train,11490.tif,0.630031,23.7331,0.25051
train,11491.tif,0.524925,21.3722,0.284953
train,11492.tif,0.603658,22.7633,0.283761
train,11493.tif,0.60045,20.8905,0.28547
train,11494.tif,0.653076,23.9458,0.227575
train,11495.tif,0.642635,23.7082,0.232216
train,11496.tif,0.525993,19.9422,0.302309
train,11497.tif,0.558025,21.0015,0.236823
train,11498.tif,0.577317,19.8507,0.27851
train,11499.tif,0.600937,19.8624,0.268599
train,115.tif,0.555018,21.4392,0.259976
train,1150.tif,0.422507,18.9179,0.304254
train,11500.tif,0.548549,20.8918,0.279856
train,11501.tif,0.682639,21.942,0.251193
train,11502.tif,0.614978,23.4822,0.247971
train,11503.tif,0.715529,23.9028,0.228992
train,11504.tif,0.56335,21.687,0.30873
train,11505.tif,0.537636,21.0362,0.25518
train,11506.tif,0.661948,23.6616,0.219003
train,11507.tif,0.657557,22.6542,0.237647
train,11508.tif,0.466414,19.888,0.275791
train,11509.tif,0.574211,18.9696,0.254009
train,1151.tif,0.53271,18.4287,0.280019
train,11510.tif,0.651276,22.7803,0.263413
train,11511.tif,0.558113,22.9545,0.25387
train,11512.tif,0.662156,22.0522,0.250129
train,11513.tif,0.652511,23.4977,0.234561
train,11514.tif,0.499066,20.1473,0.280258
train,11515.tif,0.482124,19.9654,0.26591
train,11516.tif,0.606082,23.5554,0.269708
train,11517.tif,0.590388,21.0225,0.289582
train,11518.tif,0.828372,25.3588,0.245945
train,11519.tif,0.582031,21.2336,0.311688
train,1152.tif,0.61859,22.6034,0.282425
train,11520.tif,0.617693,22.1103,0.225742
train,11521.tif,0.462794,17.7595,0.294031
train,11522.tif,0.596107,21.1078,0.289008
train,11523.tif,0.587133,21.9881,0.260694
train,11524.tif,0.449221,20.3754,0.276226
train,11525.tif,0.57805,22.6259,0.244633
train,11526.tif,0.447587,20.9427,0.264352
train,11527.tif,0.506641,20.2283,0.328785
train,11528.tif,0.4613,19.3934,0.259434
train,11529.tif,0.562047,19.6162,0.3084
train,1153.tif,0.551468,17.7473,0.272542
train,11530.tif,0.543795,21.509,0.242393
train,11531.tif,0.548212,20.4826,0.271379
train,11532.tif,0.623604,20.7588,0.227435
train,11533.tif,0.628608,21.3921,0.291865
train,11534.tif,0.567563,20.8011,0.301028
train,11535.tif,0.517265,20.9178,0.244207
train,11536.tif,0.608238,22.3384,0.221604
train,11537.tif,0.607371,21.316,0.308317
train,11538.tif,0.619207,21.2623,0.240588
train,11539.tif,0.666664,23.9591,0.286754
train,1154.tif,0.559774,21.7131,0.306789
train,11540.tif,0.529539,20.8494,0.238551
train,11541.tif,0.475718,21.62,0.264583
train,11542.tif,0.509652,20.6021,0.251596
train,11543.tif,0.520204,19.7555,0.262053
train,11544.tif,0.484023,20.7022,0.294863
train,11545.tif,0.67037,20.934,0.27648
train,11546.tif,0.474092,19.1526,0.310246
train,11547.tif,0.689189,23.7174,0.238645
train,11548.tif,0.648093,21.9669,0.251218
train,11549.tif,0.610344,21.2202,0.239608
train,1155.tif,0.505525,20.4948,0.315699
train,11550.tif,0.625642,23.417,0.244687
train,11551.tif,0.646778,23.2307,0.25445
train,11552.tif,0.695382,24.1704,0.208297
train,11553.tif,0.646374,24.0816,0.231657
train,11554.tif,0.507563,19.9278,0.280475
train,11555.tif,0.621883,23.9732,0.231125
train,11556.tif,0.606628,22.3248,0.247057
train,11557.tif,0.481875,19.6324,0.288746
train,11558.tif,0.583237,22.775,0.275333
train,11559.tif,0.642622,22.5708,0.238903
train,1156.tif,0.562859,16.5929,0.281183
train,11560.tif,0.511154,21.1456,0.237024
train,11561.tif,0.567207,22.038,0.258487
train,11562.tif,0.492633,19.4741,0.259328
train,11563.tif,0.598896,21.691,0.27304
train,11564.tif,0.635343,21.7029,0.243487
train,11565.tif,0.473189,21.0938,0.261147
train,11566.tif,0.512899,19.0102,0.317891
train,11567.tif,0.52105,21.5696,0.297959
train,11568.tif,0.590348,21.2928,0.263978
train,11569.tif,0.586578,20.1301,0.267198
train,1157.tif,0.453816,21.5583,0.286394
train,11570.tif,0.563704,21.3529,0.289887
train,11571.tif,0.601218,21.016,0.270347
train,11572.tif,0.509953,21.124,0.278222
train,11573.tif,0.786055,25.7467,0.227039
train,11574.tif,0.532514,20.3182,0.276105
train,11575.tif,0.489801,20.5873,0.232139
train,11576.tif,0.54433,20.9818,0.260233
train,11577.tif,0.537534,21.1639,0.294588
train,11578.tif,0.486001,19.6328,0.248655
train,11579.tif,0.508942,20.5645,0.271668
train,1158.tif,0.567676,21.802,0.297365
train,11580.tif,0.486132,20.6728,0.29977
train,11581.tif,0.683654,23.2696,0.219171
train,11582.tif,0.639214,21.9822,0.225537
train,11583.tif,0.566738,20.5308,0.231142
train,11584.tif,0.540184,22.0287,0.298159
train,11585.tif,0.500815,19.1542,0.287294
train,11586.tif,0.502669,20.5586,0.245845
train,11587.tif,0.604548,23.1683,0.265777
train,11588.tif,0.672357,22.454,0.247021
train,11589.tif,0.469509,17.9183,0.244116
train,1159.tif,0.576832,20.0251,0.274075
train,11590.tif,0.423188,20.0958,0.278696
train,11591.tif,0.478706,21.6059,0.259224
train,11592.tif,0.568216,22.6189,0.234215
train,11593.tif,0.487156,20.2235,0.249248
train,11594.tif,0.637085,24.7315,0.239565
train,11595.tif,0.572405,22.6448,0.270572
train,11596.tif,0.770887,23.9477,0.212054
train,11597.tif,0.510726,21.3802,0.238411
train,11598.tif,0.574177,22.794,0.279199
train,11599.tif,0.632376,21.8892,0.291379
train,116.tif,0.491108,17.8379,0.289946
train,1160.tif,0.629429,22.7206,0.272114
train,11600.tif,0.78935,24.9531,0.21566
train,11601.tif,0.638744,21.8646,0.324553
train,11602.tif,0.625197,22.1977,0.291991
train,11603.tif,0.568384,23.2588,0.260149
train,11604.tif,0.546315,20.9655,0.304838
train,11605.tif,0.490048,18.7494,0.276619
train,11606.tif,0.621322,22.5348,0.265349
train,11607.tif,0.634967,22.6749,0.205854
train,11608.tif,0.608631,21.5577,0.250641
train,11609.tif,0.609532,23.1845,0.230379
train,1161.tif,0.550706,18.5269,0.366209
train,11610.tif,0.707354,19.9212,0.269028
train,11611.tif,0.616928,23.7626,0.20913
train,11612.tif,0.603145,23.3465,0.242549
train,11613.tif,0.540274,21.0774,0.288952
train,11614.tif,0.509881,19.9226,0.286674
train,11615.tif,0.475381,21.3999,0.248984
train,11616.tif,0.634317,23.6848,0.270206
train,11617.tif,0.506011,20.9547,0.267745
train,11618.tif,0.516702,20.7104,0.237383
train,11619.tif,0.555006,20.1349,0.309709
train,1162.tif,0.574001,18.3355,0.29624
train,11620.tif,0.681405,24.2925,0.220313
train,11621.tif,0.675257,23.1687,0.382997
train,11622.tif,0.715344,23.1828,0.255944
train,11623.tif,0.620966,20.6384,0.252267
train,11624.tif,0.695661,23.7559,0.238398
train,11625.tif,0.662526,22.9616,0.229124
train,11626.tif,0.488171,20.5019,0.263958
train,11627.tif,0.435553,20.4211,0.293157
train,11628.tif,0.612327,23.038,0.248896
train,11629.tif,0.652057,24.037,0.240069
train,1163.tif,0.519176,19.5893,0.319936
train,11630.tif,0.670394,23.7812,0.227315
train,11631.tif,0.570098,23.2003,0.289141
train,11632.tif,0.636304,23.4621,0.245871
train,11633.tif,0.627071,23.3657,0.22027
train,11634.tif,0.505608,21.8037,0.237298
train,11635.tif,0.626005,21.6917,0.258663
train,11636.tif,0.565414,21.3033,0.285818
train,11637.tif,0.46214,20.2642,0.284125
train,11638.tif,0.629606,22.3465,0.218688
train,11639.tif,0.519643,21.0836,0.311325
train,1164.tif,0.533165,20.2845,0.295025
train,11640.tif,0.552816,20.9924,0.281872
train,11641.tif,0.635113,20.7189,0.286806
train,11642.tif,0.607815,22.9724,0.238854
train,11643.tif,0.488735,19.9741,0.298979
train,11644.tif,0.572101,20.1289,0.322755
train,11645.tif,0.501453,21.4401,0.257596
train,11646.tif,0.602354,20.9934,0.266748
train,11647.tif,0.721631,23.9713,0.21706
train,11648.tif,0.682658,22.6742,0.235802
train,11649.tif,0.541699,21.5575,0.268197
train,1165.tif,0.567599,22.3907,0.229856
train,11650.tif,0.583565,22.4136,0.313698
train,11651.tif,0.668311,22.986,0.243372
train,11652.tif,0.803565,24.0177,0.284759
train,11653.tif,0.626783,22.5345,0.246798
train,11654.tif,0.464411,20.3498,0.252373
train,11655.tif,0.554052,21.2744,0.249791
train,11656.tif,0.603627,22.4888,0.3081
train,11657.tif,0.559713,22.0299,0.269962
train,11658.tif,0.63486,21.2882,0.276143
train,11659.tif,0.665717,23.8343,0.256943
train,1166.tif,0.641097,21.7705,0.258504
train,11660.tif,0.553165,21.5633,0.282272
train,11661.tif,0.507814,22.0185,0.218657
train,11662.tif,0.573397,23.2997,0.281327
train,11663.tif,0.492289,20.5473,0.257759
train,11664.tif,0.61423,20.6773,0.34802
train,11665.tif,0.480526,20.4846,0.270898
train,11666.tif,0.577165,22.01,0.252336
train,11667.tif,0.523306,20.0745,0.299533
train,11668.tif,0.498386,21.0983,0.262809
train,11669.tif,0.565625,22.3369,0.238553
train,1167.tif,0.467622,20.3595,0.319013
train,11670.tif,0.604892,23.2713,0.279544
train,11671.tif,0.481003,19.6445,0.293718
train,11672.tif,0.485303,19.4738,0.267298
train,11673.tif,0.578372,22.9147,0.260429
train,11674.tif,0.484208,21.1378,0.281181
train,11675.tif,0.571898,22.8776,0.286042
train,11676.tif,0.572547,22.0706,0.235319
train,11677.tif,0.632041,23.1822,0.242328
train,11678.tif,0.728489,24.7139,0.218196
train,11679.tif,0.450532,18.8398,0.28722
train,1168.tif,0.520463,22.407,0.283706
train,11680.tif,0.635953,20.5505,0.243913
train,11681.tif,0.656701,23.4636,0.226127
train,11682.tif,0.515486,20.888,0.253124
train,11683.tif,0.497597,19.5595,0.26207
train,11684.tif,0.518697,21.1508,0.260528
train,11685.tif,0.491597,20.9535,0.263355
train,11686.tif,0.533549,20.1614,0.249893
train,11687.tif,0.501714,20.4666,0.271358
train,11688.tif,0.662059,24.6603,0.263976
train,11689.tif,0.659558,23.2856,0.217973
train,1169.tif,0.526495,18.3854,0.25293
train,11690.tif,0.490359,20.8841,0.254625
train,11691.tif,0.498345,20.5964,0.276127
train,11692.tif,0.584465,23.0234,0.237752
train,11693.tif,0.843799,24.6113,0.192592
train,11694.tif,0.619367,23.5165,0.258248
train,11695.tif,0.696346,23.4869,0.218411
train,11696.tif,0.487983,20.2644,0.281824
train,11697.tif,0.578992,22.356,0.272185
train,11698.tif,0.678543,22.1705,0.27709
train,11699.tif,0.524645,19.1981,0.319696
train,117.tif,0.607926,20.6495,0.264493
train,1170.tif,0.531741,13.7596,0.381328
train,11700.tif,0.514332,21.5125,0.258396
train,11701.tif,0.701207,24.5485,0.203876
train,11702.tif,0.564098,21.0589,0.252843
train,11703.tif,0.635589,22.5463,0.257759
train,11704.tif,0.589035,22.2685,0.299628
train,11705.tif,0.661619,24.2453,0.220334
train,11706.tif,0.519181,20.8758,0.296643
train,11707.tif,0.589751,20.1769,0.264572
train,11708.tif,0.6725,20.1575,0.307725
train,11709.tif,0.703564,23.5399,0.214382
train,1171.tif,0.650647,21.5106,0.269103
train,11710.tif,0.519253,22.638,0.251417
train,11711.tif,0.521263,20.1767,0.310108
train,11712.tif,0.452488,19.6258,0.262894
train,11713.tif,0.644988,22.3799,0.235566
train,11714.tif,0.529527,19.4163,0.284281
train,11715.tif,0.636253,22.5392,0.237472
train,11716.tif,0.632336,23.2715,0.24643
train,11717.tif,0.683852,23.3628,0.234145
train,11718.tif,0.574035,19.9671,0.326547
train,11719.tif,0.673933,22.8908,0.255228
train,1172.tif,0.499542,18.5868,0.271109
train,11720.tif,0.475138,19.9374,0.249398
train,11721.tif,0.548097,21.4224,0.236542
train,11722.tif,0.587727,20.5682,0.292019
train,11723.tif,0.683597,23.2146,0.228759
train,11724.tif,0.693833,23.9823,0.243621
train,11725.tif,0.498645,19.9807,0.298859
train,11726.tif,0.594321,21.5093,0.266724
train,11727.tif,0.491987,19.1677,0.246977
train,11728.tif,0.548188,23.1352,0.276114
train,11729.tif,0.624898,22.5052,0.257485
train,1173.tif,0.686371,22.424,0.253091
train,11730.tif,0.665616,23.4702,0.233865
train,11731.tif,0.688808,23.0842,0.227921
train,11732.tif,0.695273,21.6326,0.222786
train,11733.tif,0.46898,21.5061,0.298789
train,11734.tif,0.519683,21.3766,0.263381
train,11735.tif,0.504083,20.3766,0.238704
train,11736.tif,0.682229,24.4362,0.259599
train,11737.tif,0.55094,22.1909,0.25239
train,11738.tif,0.554705,20.8053,0.264401
train,11739.tif,0.508689,21.1552,0.266437
train,1174.tif,0.515234,19.3705,0.312006
train,11740.tif,0.636856,21.5083,0.236621
train,11741.tif,0.64011,17.832,0.313955
train,11742.tif,0.710047,23.8672,0.221453
train,11743.tif,0.497955,20.2318,0.263109
train,11744.tif,0.537162,19.736,0.31415
train,11745.tif,0.492691,20.8403,0.274799
train,11746.tif,0.459841,19.763,0.279128
train,11747.tif,0.655903,23.1918,0.255035
train,11748.tif,0.491057,18.0397,0.284414
train,11749.tif,0.664026,22.7484,0.235509
train,1175.tif,0.488388,20.4284,0.278064
train,11750.tif,0.468614,20.8577,0.288408
train,11751.tif,0.604113,23.2505,0.255982
train,11752.tif,0.615715,21.4183,0.28956
train,11753.tif,0.667422,23.5968,0.205706
train,11754.tif,0.514068,19.5336,0.282691
train,11755.tif,0.618111,22.5445,0.26683
train,11756.tif,0.526649,20.9226,0.288517
train,11757.tif,0.544752,21.0768,0.257209
train,11758.tif,0.546508,22.2458,0.259103
train,11759.tif,0.545215,21.8875,0.293374
train,1176.tif,0.550996,19.9539,0.259192
train,11760.tif,0.75922,25.4358,0.239615
train,11761.tif,0.435976,20.0089,0.292535
train,11762.tif,0.456217,20.5976,0.278061
train,11763.tif,0.64536,22.2153,0.252003
train,11764.tif,0.687002,21.9907,0.238298
train,11765.tif,0.651673,21.6423,0.325128
train,11766.tif,0.504781,21.5256,0.295705
train,11767.tif,0.693233,22.5912,0.230296
train,11768.tif,0.684658,22.754,0.228766
train,11769.tif,0.580435,19.8738,0.258293
train,1177.tif,0.476836,19.8619,0.333899
train,11770.tif,0.54654,18.5062,0.282175
train,11771.tif,0.484746,19.4229,0.288338
train,11772.tif,0.473781,19.6995,0.250621
train,11773.tif,0.42108,19.5877,0.290305
train,11774.tif,0.565781,21.2815,0.281507
train,11775.tif,0.542033,21.018,0.264088
train,11776.tif,0.517861,21.7441,0.272642
train,11777.tif,0.581784,22.8671,0.227573
train,11778.tif,0.675013,23.7173,0.202207
train,11779.tif,0.554772,19.7738,0.254565
train,1178.tif,0.573869,21.2383,0.269713
train,11780.tif,0.735762,24.3638,0.22447
train,11781.tif,0.523428,21.6758,0.226164
train,11782.tif,0.601455,22.0224,0.255252
train,11783.tif,0.621623,21.3797,0.299703
train,11784.tif,0.526478,18.6294,0.291533
train,11785.tif,0.544908,21.3042,0.24406
train,11786.tif,0.629046,21.9453,0.244102
train,11787.tif,0.624783,20.6435,0.248923
train,11788.tif,0.617625,22.8173,0.251718
train,11789.tif,0.528561,20.6059,0.271189
train,1179.tif,0.687237,23.1804,0.274976
train,11790.tif,0.48343,20.4106,0.270529
train,11791.tif,0.599091,23.0763,0.289667
train,11792.tif,0.471899,18.892,0.292295
train,11793.tif,0.671581,23.5501,0.267574
train,11794.tif,0.702464,23.2385,0.249877
train,11795.tif,0.511767,20.2184,0.285491
train,11796.tif,0.450421,20.141,0.325343
train,11797.tif,0.699278,22.5289,0.206859
train,11798.tif,0.418785,19.449,0.294723
train,11799.tif,0.559624,21.1882,0.258465
train,118.tif,0.550245,19.4737,0.283175
train,1180.tif,0.544162,21.0372,0.303456
train,11800.tif,0.474741,21.5612,0.244553
train,11801.tif,0.512261,20.5826,0.282295
train,11802.tif,0.526787,20.8923,0.228936
train,11803.tif,0.564046,22.7307,0.222118
train,11804.tif,0.535929,21.9282,0.258841
train,11805.tif,0.581356,23.4828,0.273889
train,11806.tif,0.563879,21.6543,0.254959
train,11807.tif,0.687185,22.781,0.237169
train,11808.tif,0.53602,19.2984,0.269629
train,11809.tif,0.595877,19.8387,0.250728
train,1181.tif,0.637711,21.2189,0.281153
train,11810.tif,0.551425,20.0253,0.282298
train,11811.tif,0.644708,19.9206,0.274733
train,11812.tif,0.504777,20.986,0.287972
train,11813.tif,0.450735,19.844,0.282434
train,11814.tif,0.627,22.3131,0.270101
train,11815.tif,0.510222,20.912,0.265956
train,11816.tif,0.486297,20.1923,0.252288
train,11817.tif,0.522226,22.417,0.263765
train,11818.tif,0.606976,22.9378,0.271577
train,11819.tif,0.696699,24.0259,0.218248
train,1182.tif,0.568001,22.456,0.26733
train,11820.tif,0.592618,21.523,0.240377
train,11821.tif,0.574273,20.5084,0.251671
train,11822.tif,0.651251,22.5293,0.215493
train,11823.tif,0.665728,22.4603,0.215666
train,11824.tif,0.711116,24.3987,0.20422
train,11825.tif,0.63757,22.4448,0.242131
train,11826.tif,0.543265,22.0841,0.260118
train,11827.tif,0.535714,21.5893,0.258686
train,11828.tif,0.551166,21.2149,0.276559
train,11829.tif,0.50855,20.7844,0.247108
train,1183.tif,0.608779,23.7372,0.312191
train,11830.tif,0.526549,22.0825,0.26895
train,11831.tif,0.485575,19.0688,0.246633
train,11832.tif,0.575859,22.5416,0.23883
train,11833.tif,0.536884,21.3537,0.249277
train,11834.tif,0.462097,19.3985,0.278927
train,11835.tif,0.54117,21.8008,0.233585
train,11836.tif,0.634563,22.9223,0.24868
train,11837.tif,0.555492,21.4541,0.270507
train,11838.tif,0.460977,20.2165,0.258011
train,11839.tif,0.445672,19.9048,0.306255
train,1184.tif,0.557575,19.777,0.276464
train,11840.tif,0.603081,23.0742,0.269073
train,11841.tif,0.470847,20.2844,0.268807
train,11842.tif,0.536946,21.7986,0.256357
train,11843.tif,0.55483,22.2382,0.238392
train,11844.tif,0.539082,20.8116,0.290484
train,11845.tif,0.706651,23.7916,0.232026
train,11846.tif,0.598607,22.7978,0.273754
train,11847.tif,0.754371,20.8889,0.26938
train,11848.tif,0.640763,22.6336,0.31102
train,11849.tif,0.491717,19.8319,0.274325
train,1185.tif,0.495491,20.3257,0.262207
train,11850.tif,0.602379,22.4775,0.252224
train,11851.tif,0.565455,22.4122,0.230634
train,11852.tif,0.719555,21.293,0.285344
train,11853.tif,0.53803,22.0323,0.242158
train,11854.tif,0.627622,22.8651,0.257589
train,11855.tif,0.528424,21.1125,0.259003
train,11856.tif,0.406703,19.5166,0.294149
train,11857.tif,0.545635,20.2302,0.287257
train,11858.tif,0.678439,23.1292,0.292486
train,11859.tif,0.451881,19.3491,0.285253
train,1186.tif,0.54148,23.5911,0.302639
train,11860.tif,0.644967,23.3379,0.225244
train,11861.tif,0.529973,21.1964,0.241047
train,11862.tif,0.520787,18.9524,0.287475
train,11863.tif,0.566959,21.5684,0.249927
train,11864.tif,0.727002,25.0997,0.240746
train,11865.tif,0.504514,21.8747,0.271674
train,11866.tif,0.557123,20.8068,0.245495
train,11867.tif,0.705799,23.7416,0.235648
train,11868.tif,0.706386,19.4094,0.36265
train,11869.tif,0.580134,21.6261,0.211792
train,1187.tif,0.482399,20.3701,0.274811
train,11870.tif,0.696943,22.4756,0.242727
train,11871.tif,0.590274,21.4839,0.246256
train,11872.tif,0.498912,21.5367,0.263756
train,11873.tif,0.640668,20.96,0.265077
train,11874.tif,0.675023,23.4959,0.245261
train,11875.tif,0.578894,22.905,0.284128
train,11876.tif,0.497554,21.1073,0.256264
train,11877.tif,0.630789,23.3673,0.270928
train,11878.tif,0.488852,21.0741,0.342802
train,11879.tif,0.518606,20.7322,0.306893
train,1188.tif,0.484485,19.3729,0.303008
train,11880.tif,0.577079,19.8107,0.266068
train,11881.tif,0.775963,25.087,0.250418
train,11882.tif,0.610383,21.4913,0.256305
train,11883.tif,0.68816,21.9353,0.201914
train,11884.tif,0.663478,20.5616,0.248374
train,11885.tif,0.688316,23.94,0.259979
train,11886.tif,0.556091,22.0676,0.278943
train,11887.tif,0.522085,20.6509,0.361464
train,11888.tif,0.599011,21.9709,0.267125
train,11889.tif,0.53053,20.0089,0.277267
train,1189.tif,0.50612,19.9876,0.278958
train,11890.tif,0.666725,23.7276,0.20894
train,11891.tif,0.612173,19.7843,0.29678
train,11892.tif,0.576763,22.5434,0.265461
train,11893.tif,0.590337,19.9833,0.295009
train,11894.tif,0.578803,22.273,0.238577
train,11895.tif,0.47714,19.558,0.248239
train,11896.tif,0.633847,22.978,0.244857
train,11897.tif,0.448193,20.9037,0.289067
train,11898.tif,0.653851,20.1886,0.279426
train,11899.tif,0.509953,21.028,0.273591
train,119.tif,0.495317,20.6558,0.333612
train,1190.tif,0.537022,20.0489,0.291929
train,11900.tif,0.693057,24.7134,0.22235
train,11901.tif,0.634237,22.3721,0.311285
train,11902.tif,0.588006,20.5111,0.306674
train,11903.tif,0.478811,20.3706,0.261596
train,11904.tif,0.564987,21.7988,0.246029
train,11905.tif,0.636513,21.5807,0.261138
train,11906.tif,0.535839,21.9042,0.25317
train,11907.tif,0.444222,20.3256,0.264049
train,11908.tif,0.709601,22.9872,0.22357
train,11909.tif,0.624082,22.7741,0.244436
train,1191.tif,0.587771,22.9249,0.297478
train,11910.tif,0.606052,21.7109,0.249017
train,11911.tif,0.604084,19.9754,0.244778
train,11912.tif,0.520977,20.348,0.302494
train,11913.tif,0.552972,16.4241,0.379919
train,11914.tif,0.655616,22.4146,0.236108
train,11915.tif,0.614782,22.3069,0.250174
train,11916.tif,0.733303,21.4901,0.240339
train,11917.tif,0.66169,24.1875,0.229861
train,11918.tif,0.737966,24.2776,0.210702
train,11919.tif,0.527976,20.8815,0.286984
train,1192.tif,0.529742,19.7414,0.301844
train,11920.tif,0.504973,20.7141,0.251024
train,11921.tif,0.593728,22.346,0.286102
train,11922.tif,0.546275,20.8109,0.29546
train,11923.tif,0.609496,22.5167,0.25103
train,11924.tif,0.632526,22.1958,0.243913
train,11925.tif,0.607005,23.0368,0.276332
train,11926.tif,0.535698,21.6893,0.243181
train,11927.tif,0.758375,25.1129,0.209433
train,11928.tif,0.662279,23.0493,0.234686
train,11929.tif,0.672278,23.3137,0.219117
train,1193.tif,0.564053,21.7304,0.245022
train,11930.tif,0.609049,19.2538,0.275141
train,11931.tif,0.65139,23.3963,0.239787
train,11932.tif,0.525041,20.0316,0.259388
train,11933.tif,0.45856,20.9229,0.31383
train,11934.tif,0.613447,23.0527,0.255859
train,11935.tif,0.700954,23.7476,0.216469
train,11936.tif,0.66173,24.0243,0.233258
train,11937.tif,0.558183,21.2944,0.289006
train,11938.tif,0.584856,21.5722,0.247419
train,11939.tif,0.484314,19.2922,0.267309
train,1194.tif,0.607201,19.7052,0.276914
train,11940.tif,0.566378,21.369,0.273223
train,11941.tif,0.521436,21.6823,0.272347
train,11942.tif,0.529274,22.2439,0.268848
train,11943.tif,0.594995,20.6747,0.256733
train,11944.tif,0.528315,20.9056,0.269203
train,11945.tif,0.660589,20.9196,0.233642
train,11946.tif,0.70669,23.7862,0.237438
train,11947.tif,0.475637,20.027,0.300001
train,11948.tif,0.513138,21.6413,0.218277
train,11949.tif,0.487178,19.1395,0.320814
train,1195.tif,0.536749,21.195,0.251683
train,11950.tif,0.565628,21.5037,0.256816
train,11951.tif,0.51824,22.2362,0.303846
train,11952.tif,0.571722,21.8213,0.263957
train,11953.tif,0.549578,22.0562,0.258562
train,11954.tif,0.424594,19.0047,0.2997
train,11955.tif,0.546658,20.9951,0.277601
train,11956.tif,0.490457,21.7246,0.277336
train,11957.tif,0.662012,23.2954,0.2377
train,11958.tif,0.536979,21.0697,0.260209
train,11959.tif,0.531683,19.623,0.311532
train,1196.tif,0.615368,22.9148,0.283953
train,11960.tif,0.577849,22.5951,0.256733
train,11961.tif,0.645423,20.74,0.286013
train,11962.tif,0.714954,23.5136,0.326168
train,11963.tif,0.602987,23.4753,0.257501
train,11964.tif,0.683714,24.4283,0.246908
train,11965.tif,0.708667,23.2514,0.230055
train,11966.tif,0.681551,23.5317,0.285207
train,11967.tif,0.461664,20.1739,0.275804
train,11968.tif,0.644131,21.3472,0.285665
train,11969.tif,0.73024,23.7267,0.240853
train,1197.tif,0.460918,21.5882,0.355885
train,11970.tif,0.683726,24.0982,0.252055
train,11971.tif,0.538515,22.2466,0.268077
train,11972.tif,0.526895,19.6935,0.319068
train,11973.tif,0.687952,22.5096,0.221196
train,11974.tif,0.557347,21.1849,0.373865
train,11975.tif,0.586757,22.9251,0.284207
train,11976.tif,0.529877,21.3898,0.257711
train,11977.tif,0.587317,22.1511,0.233595
train,11978.tif,0.507731,20.5795,0.238251
train,11979.tif,0.588462,21.41,0.278694
train,1198.tif,0.536139,22.8493,0.356902
train,11980.tif,0.676511,23.5691,0.245137
train,11981.tif,0.479678,20.7565,0.268055
train,11982.tif,0.563552,18.4862,0.309544
train,11983.tif,0.533489,21.6271,0.26309
train,11984.tif,0.497662,20.3629,0.271925
train,11985.tif,0.555329,22.3703,0.276735
train,11986.tif,0.481262,20.8383,0.302614
train,11987.tif,0.623731,22.7766,0.264756
train,11988.tif,0.480622,17.5943,0.351731
train,11989.tif,0.60308,21.4399,0.237425
train,1199.tif,0.493603,18.2576,0.309236
train,11990.tif,0.602593,22.2482,0.252496
train,11991.tif,0.513159,21.2906,0.285783
train,11992.tif,0.602924,21.0384,0.262504
train,11993.tif,0.571177,22.101,0.274667
train,11994.tif,0.636946,22.4942,0.226238
train,11995.tif,0.545199,21.2544,0.272126
train,11996.tif,0.713149,25.3319,0.225825
train,11997.tif,0.531237,21.8817,0.241142
train,11998.tif,0.506319,20.9788,0.280353
train,11999.tif,0.616836,22.7854,0.277029
train,12.tif,0.663792,22.3552,0.283713
train,120.tif,0.443319,19.2167,0.338342
train,1200.tif,0.633193,21.812,0.275939
train,12000.tif,0.633647,23.2448,0.274889
train,12001.tif,0.51993,21.7505,0.236783
train,12002.tif,0.557104,19.7637,0.281347
train,12003.tif,0.654912,22.9118,0.210941
train,12004.tif,0.736644,25.578,0.224657
train,12005.tif,0.625591,22.4145,0.230492
train,12006.tif,0.817649,23.7058,0.274808
train,12007.tif,0.795429,25.807,0.253851
train,12008.tif,0.541818,20.9935,0.276982
train,12009.tif,0.485501,19.3095,0.313822
train,1201.tif,0.508147,19.8083,0.251156
train,12010.tif,0.524136,21.1041,0.270821
train,12011.tif,0.694369,24.113,0.242825
train,12012.tif,0.651661,22.0429,0.260881
train,12013.tif,0.614961,22.0793,0.276833
train,12014.tif,0.560619,22.3439,0.249185
train,12015.tif,0.617493,23.0147,0.253891
train,12016.tif,0.624475,21.4319,0.241368
train,12017.tif,0.645436,22.9045,0.219807
train,12018.tif,0.660582,21.6997,0.268861
train,12019.tif,0.537437,19.6684,0.270905
train,1202.tif,0.56161,21.635,0.303442
train,12020.tif,0.618786,22.7904,0.269502
train,12021.tif,0.49288,20.4307,0.271409
train,12022.tif,0.607217,23.3413,0.25906
train,12023.tif,0.650889,22.2558,0.269477
train,12024.tif,0.493843,19.7151,0.303824
train,12025.tif,0.686105,24.3791,0.239931
train,12026.tif,0.557077,22.7692,0.239228
train,12027.tif,0.739424,24.0085,0.221118
train,12028.tif,0.457109,17.9201,0.280609
train,12029.tif,0.611172,22.4161,0.279257
train,1203.tif,0.568128,21.1476,0.273485
train,12030.tif,0.498151,21.1197,0.255588
train,12031.tif,0.477859,19.5327,0.324614
train,12032.tif,0.507705,19.5256,0.295532
train,12033.tif,0.453992,20.0171,0.329801
train,12034.tif,0.729112,24.1075,0.19065
train,12035.tif,0.561927,19.1798,0.275302
train,12036.tif,0.485477,20.3887,0.297358
train,12037.tif,0.639158,21.2316,0.235744
train,12038.tif,0.553059,20.6966,0.304249
train,12039.tif,0.663103,20.1409,0.244684
train,1204.tif,0.568078,22.5708,0.294538
train,12040.tif,0.540698,21.2898,0.261983
train,12041.tif,0.506187,20.4368,0.289093
train,12042.tif,0.685776,23.6766,0.219782
train,12043.tif,0.458288,20.7529,0.31972
train,12044.tif,0.569438,22.1955,0.222008
train,12045.tif,0.596221,21.9945,0.258165
train,12046.tif,0.661404,24.4468,0.266487
train,12047.tif,0.761708,24.2293,0.19442
train,12048.tif,0.559765,22.3213,0.238221
train,12049.tif,0.624231,23.1534,0.251224
train,1205.tif,0.705825,23.5589,0.20181
train,12050.tif,0.429957,19.7717,0.252249
train,12051.tif,0.596544,23.4447,0.231507
train,12052.tif,0.611835,22.0898,0.2795
train,12053.tif,0.562332,22.493,0.24519
train,12054.tif,0.602049,22.7855,0.251273
train,12055.tif,0.576099,22.177,0.267722
train,12056.tif,0.584708,22.4658,0.29895
train,12057.tif,0.534085,21.8514,0.277403
train,12058.tif,0.576297,21.6101,0.251785
train,12059.tif,0.658976,21.7619,0.261033
train,1206.tif,0.509737,19.1827,0.27289
train,12060.tif,0.536047,20.761,0.251492
train,12061.tif,0.613703,21.5715,0.242316
train,12062.tif,0.486263,19.9458,0.266959
train,12063.tif,0.601031,22.5765,0.239123
train,12064.tif,0.645016,23.4852,0.238998
train,12065.tif,0.612235,23.688,0.229826
train,12066.tif,0.568417,20.6347,0.260703
train,12067.tif,0.450215,19.3128,0.287274
train,12068.tif,0.44685,20.6557,0.280939
train,12069.tif,0.553973,22.3388,0.265642
train,1207.tif,0.559932,19.2,0.246515
train,12070.tif,0.514059,20.5852,0.252143
train,12071.tif,0.674144,21.9996,0.305927
train,12072.tif,0.529286,21.2092,0.264572
train,12073.tif,0.663933,22.9126,0.236942
train,12074.tif,0.668393,23.2454,0.245908
train,12075.tif,0.665482,23.2127,0.216203
train,12076.tif,0.504128,20.9732,0.265211
train,12077.tif,0.557519,20.793,0.302521
train,12078.tif,0.683857,24.7328,0.228271
train,12079.tif,0.458506,19.881,0.255975
train,1208.tif,0.683002,21.4972,0.261669
train,12080.tif,0.520746,21.1649,0.238628
train,12081.tif,0.655895,22.5589,0.231136
train,12082.tif,0.613749,23.1704,0.24815
train,12083.tif,0.550508,20.8376,0.258283
train,12084.tif,0.677456,23.0553,0.238816
train,12085.tif,0.63901,23.0109,0.233868
train,12086.tif,0.669274,22.8505,0.229238
train,12087.tif,0.513505,20.7302,0.276596
train,12088.tif,0.527841,18.1089,0.323368
train,12089.tif,0.612122,21.6013,0.266604
train,1209.tif,0.693372,19.8672,0.277225
train,12090.tif,0.60899,21.1476,0.268061
train,12091.tif,0.624309,23.4343,0.213362
train,12092.tif,0.559413,20.8134,0.247922
train,12093.tif,0.687873,24.0207,0.238248
train,12094.tif,0.615194,21.159,0.284397
train,12095.tif,0.470929,20.2081,0.267931
train,12096.tif,0.606103,21.8624,0.232514
train,12097.tif,0.639249,23.5839,0.258761
train,12098.tif,0.621624,22.8052,0.276763
train,12099.tif,0.640086,22.1224,0.254057
train,121.tif,0.714779,23.7046,0.254662
train,1210.tif,0.491067,19.1933,0.3155
train,12100.tif,0.669054,21.9209,0.229551
train,12101.tif,0.561056,22.4195,0.249554
train,12102.tif,0.647704,22.6172,0.336383
train,12103.tif,0.504185,20.3864,0.260854
train,12104.tif,0.531216,19.8274,0.265887
train,12105.tif,0.505543,22.6765,0.290403
train,12106.tif,0.608009,22.3809,0.246112
train,12107.tif,0.677088,22.6968,0.231745
train,12108.tif,0.626814,22.7147,0.226346
train,12109.tif,0.555423,23.2034,0.268744
train,1211.tif,0.460874,19.0575,0.291112
train,12110.tif,0.640824,22.8825,0.219428
train,12111.tif,0.573631,22.0679,0.298953
train,12112.tif,0.574538,21.8325,0.247085
train,12113.tif,0.52285,21.3189,0.274712
train,12114.tif,0.586994,22.2649,0.250016
train,12115.tif,0.482688,21.0307,0.250612
train,12116.tif,0.505116,22.2231,0.270956
train,12117.tif,0.489026,20.6489,0.264885
train,12118.tif,0.64954,24.2098,0.22885
train,12119.tif,0.679898,23.5998,0.291007
train,1212.tif,0.556221,18.1392,0.275696
train,12120.tif,0.609824,22.8905,0.28178
train,12121.tif,0.551177,20.5581,0.283093
train,12122.tif,0.710898,24.1249,0.227336
train,12123.tif,0.604794,21.1054,0.267715
train,12124.tif,0.640588,21.9718,0.230667
train,12125.tif,0.529385,20.7973,0.268042
train,12126.tif,0.671803,23.9965,0.235512
train,12127.tif,0.647716,20.5903,0.283324
train,12128.tif,0.628389,23.0793,0.267645
train,12129.tif,0.472791,19.7442,0.263165
train,1213.tif,0.64688,23.3957,0.255573
train,12130.tif,0.511139,20.4798,0.269224
train,12131.tif,0.51508,20.4881,0.256286
train,12132.tif,0.543457,22.1697,0.239545
train,12133.tif,0.600417,20.2361,0.249642
train,12134.tif,0.651085,20.6619,0.244141
train,12135.tif,0.657042,24.0318,0.244853
train,12136.tif,0.764098,24.3703,0.226989
train,12137.tif,0.583341,22.6501,0.255014
train,12138.tif,0.557848,21.4976,0.274439
train,12139.tif,0.734931,24.7913,0.254131
train,1214.tif,0.522409,19.2391,0.281132
train,12140.tif,0.687277,23.4732,0.231845
train,12141.tif,0.781048,23.1093,0.267432
train,12142.tif,0.672952,21.9045,0.244949
train,12143.tif,0.463793,19.8224,0.309202
train,12144.tif,0.645212,21.019,0.228772
train,12145.tif,0.692289,23.3597,0.234877
train,12146.tif,0.543873,22.9293,0.239341
train,12147.tif,0.693516,23.6128,0.236771
train,12148.tif,0.425553,19.2757,0.27308
train,12149.tif,0.724873,24.3266,0.215232
train,1215.tif,0.490973,20.1891,0.265445
train,12150.tif,0.606701,20.9287,0.295945
train,12151.tif,0.613005,22.4992,0.281983
train,12152.tif,0.529924,20.5304,0.334069
train,12153.tif,0.581515,20.9808,0.26033
train,12154.tif,0.593551,22.8454,0.247207
train,12155.tif,0.717845,24.808,0.216784
train,12156.tif,0.629178,23.1059,0.242086
train,12157.tif,0.520097,20.6645,0.282012
train,12158.tif,0.686066,23.2165,0.251925
train,12159.tif,0.564083,18.7475,0.250446
train,1216.tif,0.614356,21.7405,0.245534
train,12160.tif,0.530442,21.3162,0.317827
train,12161.tif,0.694741,24.4887,0.248084
train,12162.tif,0.51129,21.5127,0.265185
train,12163.tif,0.543855,21.5382,0.285579
train,12164.tif,0.483535,20.0406,0.264827
train,12165.tif,0.567941,19.1264,0.301218
train,12166.tif,0.651997,23.6437,0.264031
train,12167.tif,0.693223,23.5973,0.252325
train,12168.tif,0.686424,24.4276,0.261551
train,12169.tif,0.551833,19.167,0.35836
train,1217.tif,0.515195,21.1261,0.282207
train,12170.tif,0.688165,22.6879,0.224731
train,12171.tif,0.587541,22.7095,0.282459
train,12172.tif,0.534209,21.1487,0.263228
train,12173.tif,0.660139,23.3982,0.250148
train,12174.tif,0.507018,21.829,0.246388
train,12175.tif,0.629105,21.5603,0.246107
train,12176.tif,0.648361,18.5875,0.267465
train,12177.tif,0.487743,20.8164,0.254307
train,12178.tif,0.752136,22.5868,0.288314
train,12179.tif,0.544196,20.9126,0.313033
train,1218.tif,0.495276,20.9687,0.237594
train,12180.tif,0.567952,22.4177,0.28776
train,12181.tif,0.646619,21.9459,0.218375
train,12182.tif,0.587767,23.7269,0.275836
train,12183.tif,0.471338,21.3889,0.258784
train,12184.tif,0.599962,22.9442,0.264843
train,12185.tif,0.564244,22.4818,0.221502
train,12186.tif,0.482084,20.8892,0.268058
train,12187.tif,0.506077,19.8585,0.274241
train,12188.tif,0.626785,21.6417,0.2422
train,12189.tif,0.67674,23.2239,0.234184
train,1219.tif,0.486085,21.8815,0.348241
train,12190.tif,0.635692,23.744,0.232255
train,12191.tif,0.618604,19.0463,0.281805
train,12192.tif,0.662283,20.9517,0.223244
train,12193.tif,0.491417,20.6758,0.266363
train,12194.tif,0.737925,23.2258,0.304891
train,12195.tif,0.633798,20.6908,0.2776
train,12196.tif,0.638714,22.5693,0.243624
train,12197.tif,0.4832,21.1035,0.259483
train,12198.tif,0.660093,23.6144,0.272871
train,12199.tif,0.598318,21.4521,0.346311
train,122.tif,0.71522,23.6209,0.25266
train,1220.tif,0.643022,23.0422,0.272396
train,12200.tif,0.576045,23.0401,0.272975
train,12201.tif,0.499219,21.0437,0.262381
train,12202.tif,0.501361,20.7102,0.291861
train,12203.tif,0.595529,22.1229,0.270183
train,12204.tif,0.661423,22.9288,0.245208
train,12205.tif,0.532536,20.2836,0.280364
train,12206.tif,0.751371,24.9234,0.225383
train,12207.tif,0.550838,20.4979,0.328295
train,12208.tif,0.564362,20.6006,0.300478
train,12209.tif,0.729627,20.6815,0.299144
train,1221.tif,0.645595,20.6718,0.2309
train,12210.tif,0.645452,22.4565,0.274974
train,12211.tif,0.616422,20.9405,0.265776
train,12212.tif,0.579218,22.8206,0.267508
train,12213.tif,0.523795,20.8878,0.263197
train,12214.tif,0.68251,23.9403,0.21613
train,12215.tif,0.681643,23.4921,0.229237
train,12216.tif,0.668711,21.4076,0.274355
train,12217.tif,0.661047,23.5969,0.234933
train,12218.tif,0.558086,21.7612,0.269795
train,12219.tif,0.55886,22.4157,0.330932
train,1222.tif,0.586788,18.5539,0.281462
train,12220.tif,0.49494,20.6613,0.28186
train,12221.tif,0.678305,23.1833,0.234535
train,12222.tif,0.611166,22.8592,0.25418
train,12223.tif,0.618607,22.9275,0.266766
train,12224.tif,0.657138,22.9272,0.222215
train,12225.tif,0.456466,19.5802,0.30542
train,12226.tif,0.493243,21.4373,0.272605
train,12227.tif,0.615769,23.2694,0.290968
train,12228.tif,0.721234,24.6089,0.268404
train,12229.tif,0.477961,21.0579,0.280449
train,1223.tif,0.645181,23.63,0.281391
train,12230.tif,0.64617,24.1814,0.251293
train,12231.tif,0.511035,21.5063,0.269796
train,12232.tif,0.676122,18.2304,0.268254
train,12233.tif,0.473944,19.0268,0.270359
train,12234.tif,0.569892,22.1046,0.291806
train,12235.tif,0.529087,20.8581,0.245417
train,12236.tif,0.518165,21.4706,0.249566
train,12237.tif,0.574802,21.9845,0.313972
train,12238.tif,0.659935,24.2489,0.24305
train,12239.tif,0.661497,24.0802,0.247889
train,1224.tif,0.538332,21.3476,0.286287
train,12240.tif,0.577006,21.6836,0.224062
train,12241.tif,0.609493,21.6765,0.237714
train,12242.tif,0.471989,21.33,0.285592
train,12243.tif,0.673342,23.9803,0.196132
train,12244.tif,0.547329,22.2443,0.243255
train,12245.tif,0.642534,22.7743,0.247954
train,12246.tif,0.612792,23.5454,0.250389
train,12247.tif,0.695719,24.7619,0.258332
train,12248.tif,0.651957,22.2072,0.272003
train,12249.tif,0.63374,22.0685,0.263686
train,1225.tif,0.651102,22.9708,0.285489
train,12250.tif,0.621039,23.1526,0.218529
train,12251.tif,0.546916,21.9476,0.244664
train,12252.tif,0.567213,23.0424,0.2676
train,12253.tif,0.476132,21.2648,0.271877
train,12254.tif,0.597903,23.7926,0.262683
train,12255.tif,0.524714,19.6096,0.285066
train,12256.tif,0.677013,22.695,0.269219
train,12257.tif,0.737866,22.7375,0.252267
train,12258.tif,0.543797,20.6298,0.282199
train,12259.tif,0.656112,22.028,0.201763
train,1226.tif,0.823259,24.0855,0.261913
train,12260.tif,0.644776,21.2679,0.306017
train,12261.tif,0.676659,22.6117,0.275478
train,12262.tif,0.683997,22.0266,0.282434
train,12263.tif,0.571654,20.7888,0.261562
train,12264.tif,0.574258,21.8314,0.298328
train,12265.tif,0.702775,23.7197,0.219948
train,12266.tif,0.536057,21.374,0.261311
train,12267.tif,0.698246,24.3413,0.216509
train,12268.tif,0.622255,23.6332,0.272942
train,12269.tif,0.597399,20.7366,0.229979
train,1227.tif,0.54966,21.3433,0.278711
train,12270.tif,0.710397,24.8383,0.234865
train,12271.tif,0.587087,21.6546,0.270669
train,12272.tif,0.698317,21.5029,0.297851
train,12273.tif,0.679798,23.5509,0.21654
train,12274.tif,0.741228,24.1707,0.276353
train,12275.tif,0.656476,24.4886,0.265682
train,12276.tif,0.449166,20.3595,0.28306
train,12277.tif,0.618563,22.2254,0.295917
train,12278.tif,0.467667,20.6,0.254719
train,12279.tif,0.676838,23.8479,0.210513
train,1228.tif,0.634682,21.5194,0.254812
train,12280.tif,0.529908,20.0956,0.27495
train,12281.tif,0.647117,23.971,0.21891
train,12282.tif,0.496271,21.0177,0.341853
train,12283.tif,0.72597,24.401,0.211734
train,12284.tif,0.678009,24.1184,0.219974
train,12285.tif,0.553199,20.4581,0.295408
train,12286.tif,0.668703,24.1526,0.239552
train,12287.tif,0.699613,22.9719,0.253975
train,12288.tif,0.577974,21.9192,0.243811
train,12289.tif,0.46252,19.3806,0.280966
train,1229.tif,0.620803,23.7948,0.237627
train,12290.tif,0.549645,22.7096,0.250865
train,12291.tif,0.577097,22.4809,0.239721
train,12292.tif,0.698367,24.1713,0.252154
train,12293.tif,0.480457,20.7902,0.267133
train,12294.tif,0.662025,23.3283,0.247344
train,12295.tif,0.475964,20.4498,0.268958
train,12296.tif,0.557787,20.0297,0.313412
train,12297.tif,0.468646,18.4059,0.280595
train,12298.tif,0.602923,20.996,0.24533
train,12299.tif,0.537633,20.2404,0.307691
train,123.tif,0.695206,21.0317,0.281218
train,1230.tif,0.664066,22.9577,0.277849
train,12300.tif,0.528123,21.8151,0.296335
train,12301.tif,0.56863,18.0067,0.278752
train,12302.tif,0.635933,23.4928,0.25588
train,12303.tif,0.807382,25.017,0.32654
train,12304.tif,0.646044,22.5753,0.250272
train,12305.tif,0.682028,23.326,0.237401
train,12306.tif,0.659381,23.1035,0.233106
train,12307.tif,0.50185,19.175,0.299102
train,12308.tif,0.617298,21.2645,0.264954
train,12309.tif,0.683345,23.8442,0.224075
train,1231.tif,0.494304,18.7563,0.294625
train,12310.tif,0.545221,22.1903,0.255235
train,12311.tif,0.610468,21.8719,0.270394
train,12312.tif,0.466968,20.2218,0.26169
train,12313.tif,0.437158,19.8777,0.331845
train,12314.tif,0.644862,23.2699,0.225549
train,12315.tif,0.634204,21.8388,0.258999
train,12316.tif,0.648919,22.1816,0.247613
train,12317.tif,0.475861,19.4823,0.255968
train,12318.tif,0.54784,19.7324,0.259996
train,12319.tif,0.593287,22.2218,0.275973
train,1232.tif,0.558741,20.5161,0.247411
train,12320.tif,0.715739,23.8566,0.207782
train,12321.tif,0.660884,23.5053,0.247479
train,12322.tif,0.589446,21.9711,0.281969
train,12323.tif,0.527613,22.5097,0.329752
train,12324.tif,0.575805,22.6821,0.299827
train,12325.tif,0.525228,21.6207,0.288628
train,12326.tif,0.539902,20.8965,0.291274
train,12327.tif,0.559471,17.4183,0.269567
train,12328.tif,0.850218,25.2789,0.232339
train,12329.tif,0.621741,23.8178,0.21363
train,1233.tif,0.696271,24.4479,0.309283
train,12330.tif,0.688726,24.1511,0.213718
train,12331.tif,0.51832,22.1844,0.255941
train,12332.tif,0.570857,21.3892,0.28956
train,12333.tif,0.577361,20.8227,0.256437
train,12334.tif,0.640808,23.3575,0.235585
train,12335.tif,0.517842,21.0426,0.295194
train,12336.tif,0.680474,22.091,0.257943
train,12337.tif,0.671186,23.1801,0.224784
train,12338.tif,0.656789,22.3709,0.240404
train,12339.tif,0.534603,21.4118,0.278862
train,1234.tif,0.477929,18.5133,0.339704
train,12340.tif,0.559385,20.9063,0.284738
train,12341.tif,0.57552,21.8279,0.275415
train,12342.tif,0.495794,20.7703,0.25438
train,12343.tif,0.564863,21.7297,0.299387
train,12344.tif,0.790663,25.1734,0.22963
train,12345.tif,0.673918,23.9482,0.223968
train,12346.tif,0.585672,21.3373,0.260435
train,12347.tif,0.652345,21.5129,0.233392
train,12348.tif,0.610265,22.8482,0.25752
train,12349.tif,0.629034,22.751,0.237514
train,1235.tif,0.587694,21.9803,0.294576
train,12350.tif,0.568882,21.9658,0.27163
train,12351.tif,0.638344,23.0813,0.252525
train,12352.tif,0.767156,23.8937,0.293932
train,12353.tif,0.474174,21.3312,0.295338
train,12354.tif,0.644216,19.9315,0.311128
train,12355.tif,0.517837,20.8704,0.261353
train,12356.tif,0.547912,22.0812,0.255536
train,12357.tif,0.596588,23.8214,0.271013
train,12358.tif,0.608947,22.3896,0.271621
train,12359.tif,0.696217,18.9499,0.305859
train,1236.tif,0.680816,23.4098,0.237957
train,12360.tif,0.465219,17.2336,0.286931
train,12361.tif,0.498974,20.0706,0.326574
train,12362.tif,0.549168,22.3921,0.235882
train,12363.tif,0.597411,22.7908,0.277667
train,12364.tif,0.592802,22.0662,0.261312
train,12365.tif,0.438738,19.1407,0.281522
train,12366.tif,0.654743,22.8219,0.224298
train,12367.tif,0.495142,18.8048,0.281518
train,12368.tif,0.436561,20.2985,0.264936
train,12369.tif,0.586249,22.398,0.284817
train,1237.tif,0.574528,19.3072,0.271138
train,12370.tif,0.591988,21.1472,0.258918
train,12371.tif,0.659068,21.7769,0.238263
train,12372.tif,0.665079,21.4992,0.295465
train,12373.tif,0.772266,24.1083,0.240993
train,12374.tif,0.507342,20.6356,0.32682
train,12375.tif,0.593615,22.8076,0.271381
train,12376.tif,0.614326,21.7943,0.240003
train,12377.tif,0.549751,21.3568,0.260809
train,12378.tif,0.537784,21.4285,0.262766
train,12379.tif,0.55463,20.2968,0.296691
train,1238.tif,0.584297,19.5129,0.271489
train,12380.tif,0.824091,23.9286,0.194596
train,12381.tif,0.447418,19.4937,0.271871
train,12382.tif,0.669312,23.443,0.241725
train,12383.tif,0.717042,23.5704,0.223467
train,12384.tif,0.595437,22.1521,0.237486
train,12385.tif,0.70172,21.1269,0.242845
train,12386.tif,0.600847,21.8848,0.280185
train,12387.tif,0.645861,22.7818,0.261455
train,12388.tif,0.51602,20.6808,0.258816
train,12389.tif,0.653473,22.8311,0.23885
train,1239.tif,0.49906,20.6937,0.353475
train,12390.tif,0.64619,22.4097,0.237745
train,12391.tif,0.422427,19.2626,0.268638
train,12392.tif,0.631041,22.6535,0.246672
train,12393.tif,0.557979,21.8032,0.276444
train,12394.tif,0.583991,22.4071,0.25752
train,12395.tif,0.537895,20.2066,0.281942
train,12396.tif,0.637902,20.7773,0.233552
train,12397.tif,0.579606,20.9272,0.282689
train,12398.tif,0.604631,22.9274,0.247265
train,12399.tif,0.528917,21.2094,0.316256
train,124.tif,0.581749,21.7185,0.296738
train,1240.tif,0.617922,22.4814,0.289621
train,12400.tif,0.646404,22.8798,0.241737
train,12401.tif,0.690974,21.5961,0.273132
train,12402.tif,0.501921,21.0474,0.276254
train,12403.tif,0.579379,21.45,0.270699
train,12404.tif,0.650162,23.2218,0.234062
train,12405.tif,0.590716,20.2644,0.25022
train,12406.tif,0.454363,20.4273,0.274573
train,12407.tif,0.504856,18.9875,0.308808
train,12408.tif,0.658332,22.0395,0.255521
train,12409.tif,0.614281,20.5509,0.322578
train,1241.tif,0.722809,22.7663,0.237911
train,12410.tif,0.623083,23.4375,0.249886
train,12411.tif,0.603206,20.3636,0.262771
train,12412.tif,0.581893,21.1731,0.250207
train,12413.tif,0.63828,23.5729,0.257413
train,12414.tif,0.536771,21.2806,0.273843
train,12415.tif,0.571101,22.9622,0.223239
train,12416.tif,0.583332,22.4817,0.27299
train,12417.tif,0.439813,19.9019,0.306314
train,12418.tif,0.67675,23.3699,0.234659
train,12419.tif,0.596876,22.6684,0.231491
train,1242.tif,0.610075,22.9811,0.258482
train,12420.tif,0.643208,23.435,0.247469
train,12421.tif,0.644056,23.8288,0.245001
train,12422.tif,0.571646,17.2145,0.292207
train,12423.tif,0.600789,20.3983,0.256507
train,12424.tif,0.508165,17.5594,0.264289
train,12425.tif,0.492227,20.9746,0.236642
train,12426.tif,0.62966,16.5777,0.329768
train,12427.tif,0.66317,23.1457,0.267802
train,12428.tif,0.598581,22.3879,0.245284
train,12429.tif,0.546022,19.5979,0.28565
train,1243.tif,0.711417,24.5507,0.230021
train,12430.tif,0.534276,22.4725,0.286409
train,12431.tif,0.577551,23.5252,0.269605
train,12432.tif,0.540401,21.948,0.252077
train,12433.tif,0.628277,21.0436,0.25514
train,12434.tif,0.569077,21.963,0.313124
train,12435.tif,0.62111,22.0637,0.219411
train,12436.tif,0.543318,19.5903,0.261737
train,12437.tif,0.602675,22.0544,0.272674
train,12438.tif,0.516348,20.1906,0.279844
train,12439.tif,0.558019,20.3915,0.250021
train,1244.tif,0.525223,20.3438,0.298992
train,12440.tif,0.484228,20.7364,0.260899
train,12441.tif,0.423142,19.4985,0.287371
train,12442.tif,0.662188,22.1808,0.226569
train,12443.tif,0.591581,23.1354,0.23936
train,12444.tif,0.623909,22.6995,0.261541
train,12445.tif,0.522155,19.7505,0.312336
train,12446.tif,0.653405,23.7742,0.234766
train,12447.tif,0.659072,24.1218,0.241
train,12448.tif,0.567555,21.6966,0.301604
train,12449.tif,0.684836,23.717,0.237894
train,1245.tif,0.569897,22.6421,0.27129
train,12450.tif,0.640688,22.8222,0.256239
train,12451.tif,0.452812,20.1447,0.281029
train,12452.tif,0.527906,21.1156,0.267654
train,12453.tif,0.575352,21.8322,0.325422
train,12454.tif,0.481151,20.2265,0.292022
train,12455.tif,0.53909,20.6534,0.280062
train,12456.tif,0.562101,21.8326,0.245864
train,12457.tif,0.530701,21.2699,0.29936
train,12458.tif,0.684179,23.5123,0.242559
train,12459.tif,0.565898,20.5978,0.272107
train,1246.tif,0.620317,21.3438,0.262229
train,12460.tif,0.548508,20.1001,0.279918
train,12461.tif,0.529412,21.0407,0.275965
train,12462.tif,0.633926,23.3469,0.26649
train,12463.tif,0.619223,21.8774,0.253217
train,12464.tif,0.647941,22.484,0.263215
train,12465.tif,0.444469,18.5581,0.258857
train,12466.tif,0.575138,21.4164,0.271236
train,12467.tif,0.567812,20.4414,0.277532
train,12468.tif,0.416348,20.0942,0.296149
train,12469.tif,0.595519,18.9284,0.268504
train,1247.tif,0.50503,17.9669,0.300658
train,12470.tif,0.577089,22.3412,0.29419
train,12471.tif,0.689891,23.9861,0.251531
train,12472.tif,0.657871,22.581,0.236972
train,12473.tif,0.648432,23.6459,0.267807
train,12474.tif,0.533285,21.3837,0.231167
train,12475.tif,0.598771,21.9289,0.250433
train,12476.tif,0.465749,20.1869,0.259461
train,12477.tif,0.684123,21.2725,0.244031
train,12478.tif,0.62952,22.8212,0.277518
train,12479.tif,0.563084,21.5927,0.267353
train,1248.tif,0.521836,19.7532,0.263594
train,12480.tif,0.692074,23.1218,0.279301
train,12481.tif,0.532242,20.0217,0.235205
train,12482.tif,0.506236,21.5879,0.247707
train,12483.tif,0.656697,23.1641,0.233753
train,12484.tif,0.597058,23.2102,0.240901
train,12485.tif,0.560163,20.1256,0.308617
train,12486.tif,0.589915,23.0231,0.247452
train,12487.tif,0.681531,23.4415,0.288956
train,12488.tif,0.545687,22.0557,0.309358
train,12489.tif,0.672679,24.6501,0.220165
train,1249.tif,0.501925,21.838,0.250338
train,12490.tif,0.546203,20.588,0.232475
train,12491.tif,0.728919,23.6531,0.23501
train,12492.tif,0.416031,19.9143,0.271964
train,12493.tif,0.487725,20.8414,0.26469
train,12494.tif,0.659385,22.4255,0.27904
train,12495.tif,0.476558,18.8998,0.284842
train,12496.tif,0.541064,22.257,0.346148
train,12497.tif,0.447123,20.1534,0.270175
train,12498.tif,0.604635,20.167,0.274225
train,12499.tif,0.547787,20.9792,0.263954
train,125.tif,0.532127,19.9315,0.312577
train,1250.tif,0.530849,21.0917,0.271813
train,12500.tif,0.571016,20.754,0.285604
train,12501.tif,0.566545,22.2308,0.272139
train,12502.tif,0.722012,23.6343,0.222174
train,12503.tif,0.45494,20.974,0.257614
train,12504.tif,0.422794,19.5609,0.304533
train,12505.tif,0.63899,20.8064,0.253675
train,12506.tif,0.485208,20.1914,0.268681
train,12507.tif,0.518287,21.5521,0.281347
train,12508.tif,0.583954,21.7193,0.283873
train,12509.tif,0.726961,22.9746,0.226747
train,1251.tif,0.544287,21.5878,0.323567
train,12510.tif,0.669833,23.8587,0.226962
train,12511.tif,0.726439,23.017,0.228681
train,12512.tif,0.592534,22.517,0.250285
train,12513.tif,0.615682,23.0465,0.25032
train,12514.tif,0.609231,22.2132,0.242277
train,12515.tif,0.482994,21.5305,0.234572
train,12516.tif,0.481073,19.0662,0.302748
train,12517.tif,0.509999,21.5902,0.269568
train,12518.tif,0.634403,23.0753,0.247861
train,12519.tif,0.430244,19.6946,0.281674
train,1252.tif,0.566141,21.5379,0.309863
train,12520.tif,0.73798,23.0799,0.253583
train,12521.tif,0.584514,22.4366,0.2494
train,12522.tif,0.672686,24.1362,0.238747
train,12523.tif,0.528331,19.2399,0.263591
train,12524.tif,0.440876,20.474,0.264956
train,12525.tif,0.5947,23.3497,0.262353
train,12526.tif,0.582348,20.3128,0.248125
train,12527.tif,0.605678,22.6794,0.253327
train,12528.tif,0.393264,19.8686,0.304305
train,12529.tif,0.634764,23.0066,0.260572
train,1253.tif,0.576001,22.6895,0.278223
train,12530.tif,0.555721,21.4775,0.259639
train,12531.tif,0.56966,22.8325,0.301367
train,12532.tif,0.492574,20.2556,0.273802
train,12533.tif,0.691414,21.4304,0.259809
train,12534.tif,0.603976,22.904,0.256533
train,12535.tif,0.634223,21.9711,0.24609
train,12536.tif,0.601813,22.5658,0.267799
train,12537.tif,0.50732,20.4286,0.288662
train,12538.tif,0.659333,21.8503,0.251883
train,12539.tif,0.642483,22.401,0.280921
train,1254.tif,0.571051,18.9647,0.328263
train,12540.tif,0.585053,21.6033,0.295635
train,12541.tif,0.72687,24.1609,0.239569
train,12542.tif,0.574257,21.7117,0.286484
train,12543.tif,0.4742,20.0079,0.273623
train,12544.tif,0.556242,22.0806,0.287242
train,12545.tif,0.707836,24.0593,0.232883
train,12546.tif,0.571562,21.8578,0.301213
train,12547.tif,0.484249,21.3133,0.301658
train,12548.tif,0.652582,20.659,0.252491
train,12549.tif,0.705714,24.6734,0.23253
train,1255.tif,0.548549,21.4989,0.274572
train,12550.tif,0.633773,23.1556,0.265367
train,12551.tif,0.504796,18.9664,0.31058
train,12552.tif,0.613946,24.2142,0.284992
train,12553.tif,0.597086,21.4674,0.230471
train,12554.tif,0.542771,21.1315,0.29023
train,12555.tif,0.490994,21.0432,0.310036
train,12556.tif,0.528804,21.3877,0.255407
train,12557.tif,0.536175,21.6952,0.257558
train,12558.tif,0.67752,25.7662,0.323278
train,12559.tif,0.480222,20.8693,0.318111
train,1256.tif,0.664865,20.6744,0.263032
train,12560.tif,0.508204,20.7047,0.301369
train,12561.tif,0.509516,20.5215,0.257576
train,12562.tif,0.561362,22.8484,0.262794
train,12563.tif,0.621382,23.3954,0.271279
train,12564.tif,0.565839,23.0419,0.229654
train,12565.tif,0.509011,19.5107,0.331289
train,12566.tif,0.644585,23.3332,0.217926
train,12567.tif,0.651669,23.1473,0.229726
train,12568.tif,0.647291,24.285,0.253267
train,12569.tif,0.598136,21.6086,0.304833
train,1257.tif,0.644741,21.1493,0.264924
train,12570.tif,0.486352,21.2693,0.304529
train,12571.tif,0.53828,19.6605,0.324787
train,12572.tif,0.728269,23.9212,0.231849
train,12573.tif,0.649818,22.4208,0.248178
train,12574.tif,0.703462,24.3066,0.242576
train,12575.tif,0.675225,24.0469,0.268714
train,12576.tif,0.557618,21.7763,0.222175
train,12577.tif,0.604564,23.8534,0.342245
train,12578.tif,0.431101,18.9555,0.355532
train,12579.tif,0.5078,21.9454,0.212139
train,1258.tif,0.465904,21.1728,0.341049
train,12580.tif,0.742616,24.4131,0.22146
train,12581.tif,0.604233,23.7644,0.292628
train,12582.tif,0.530049,21.945,0.267927
train,12583.tif,0.594615,22.5591,0.310311
train,12584.tif,0.581055,22.2688,0.221403
train,12585.tif,0.547934,21.8387,0.227209
train,12586.tif,0.492689,20.1634,0.287296
train,12587.tif,0.578261,22.6003,0.278341
train,12588.tif,0.678189,24.9605,0.284139
train,12589.tif,0.567652,21.5054,0.290068
train,1259.tif,0.52135,21.5245,0.28522
train,12590.tif,0.728138,24.653,0.273221
train,12591.tif,0.574815,20.8738,0.271834
train,12592.tif,0.470927,20.4598,0.34991
train,12593.tif,0.66605,23.7668,0.256682
train,12594.tif,0.677586,23.3238,0.220395
train,12595.tif,0.702551,24.6165,0.251884
train,12596.tif,0.592375,21.4215,0.236619
train,12597.tif,0.547102,19.988,0.251812
train,12598.tif,0.754263,24.684,0.271969
train,12599.tif,0.608987,22.4139,0.235915
train,126.tif,0.560629,21.2264,0.266521
train,1260.tif,0.597163,22.7175,0.250615
train,12600.tif,0.57893,22.7171,0.256
train,12601.tif,0.577829,21.7751,0.24756
train,12602.tif,0.642911,23.1281,0.254869
train,12603.tif,0.526039,21.665,0.30167
train,12604.tif,0.51368,21.6383,0.288159
train,12605.tif,0.618941,21.7088,0.233569
train,12606.tif,0.483763,19.2621,0.351569
train,12607.tif,0.63759,23.2049,0.216408
train,12608.tif,0.553353,19.2762,0.27409
train,12609.tif,0.549533,19.5734,0.30183
train,1261.tif,0.558576,21.5687,0.255034
train,12610.tif,0.663493,24.1195,0.30896
train,12611.tif,0.564336,21.8119,0.314734
train,12612.tif,0.577777,23.2224,0.260504
train,12613.tif,0.471154,21.3911,0.224482
train,12614.tif,0.539263,22.6216,0.288103
train,12615.tif,0.577465,20.7342,0.238048
train,12616.tif,0.49795,19.5565,0.284922
train,12617.tif,0.634682,24.2577,0.236747
train,12618.tif,0.724678,24.9036,0.282751
train,12619.tif,0.701524,24.0244,0.203108
train,1262.tif,0.537302,20.3587,0.329787
train,12620.tif,0.614684,22.0861,0.274784
train,12621.tif,0.663431,22.7724,0.244514
train,12622.tif,0.523605,22.0207,0.253959
train,12623.tif,0.641905,24.0471,0.270928
train,12624.tif,0.572037,22.5154,0.265603
train,12625.tif,0.41787,20.7005,0.307635
train,12626.tif,0.54575,21.0417,0.260341
train,12627.tif,0.552586,22.8863,0.331019
train,12628.tif,0.514941,20.8329,0.290078
train,12629.tif,0.53053,21.6289,0.273265
train,1263.tif,0.694439,23.3108,0.239215
train,12630.tif,0.576313,22.0652,0.248725
train,12631.tif,0.646334,22.5059,0.256434
train,12632.tif,0.501907,20.917,0.250986
train,12633.tif,0.644699,23.2172,0.203782
train,12634.tif,0.488484,19.585,0.320258
train,12635.tif,0.561774,21.7774,0.304694
train,12636.tif,0.586831,22.3574,0.303899
train,12637.tif,0.559566,19.691,0.298066
train,12638.tif,0.740361,24.2611,0.208222
train,12639.tif,0.428853,19.7968,0.293494
train,1264.tif,0.630265,21.3055,0.258445
train,12640.tif,0.626061,22.8846,0.268131
train,12641.tif,0.466148,21.4842,0.27092
train,12642.tif,0.641837,23.0318,0.242985
train,12643.tif,0.46208,20.5586,0.283851
train,12644.tif,0.538477,22.4197,0.262163
train,12645.tif,0.616823,24.6061,0.253172
train,12646.tif,0.64564,22.55,0.24926
train,12647.tif,0.451582,20.5266,0.284751
train,12648.tif,0.665202,22.8252,0.267404
train,12649.tif,0.610184,22.8834,0.225228
train,1265.tif,0.561536,20.5485,0.288797
train,12650.tif,0.585899,20.7601,0.242408
train,12651.tif,0.494185,21.0536,0.278944
train,12652.tif,0.487703,20.1761,0.295325
train,12653.tif,0.595337,20.9415,0.304583
train,12654.tif,0.481595,19.2291,0.293336
train,12655.tif,0.723523,25.7,0.244497
train,12656.tif,0.638961,21.7029,0.24154
train,12657.tif,0.697875,24.3593,0.203991
train,12658.tif,0.5468,22.3828,0.311158
train,12659.tif,0.517418,20.0009,0.29951
train,1266.tif,0.574706,21.53,0.229824
train,12660.tif,0.624627,23.8079,0.251988
train,12661.tif,0.540715,19.4871,0.30794
train,12662.tif,0.44036,20.6404,0.26143
train,12663.tif,0.485912,20.4154,0.268292
train,12664.tif,0.605386,21.5749,0.24701
train,12665.tif,0.50883,21.4904,0.249488
train,12666.tif,0.56773,22.9229,0.251835
train,12667.tif,0.587375,21.6545,0.217952
train,12668.tif,0.650008,19.1996,0.323914
train,12669.tif,0.632635,22.6318,0.211534
train,1267.tif,0.544484,18.6998,0.353717
train,12670.tif,0.564047,20.9878,0.391754
train,12671.tif,0.493795,21.5165,0.241746
train,12672.tif,0.544599,22.644,0.250515
train,12673.tif,0.523216,19.6319,0.317034
train,12674.tif,0.570528,21.2864,0.288849
train,12675.tif,0.540668,21.2402,0.259327
train,12676.tif,0.527158,21.5455,0.228299
train,12677.tif,0.508675,21.7811,0.308783
train,12678.tif,0.666075,23.5539,0.270892
train,12679.tif,0.724162,23.9741,0.31258
train,1268.tif,0.675168,22.8638,0.242377
train,12680.tif,0.652057,21.9116,0.265272
train,12681.tif,0.61833,24.4645,0.330677
train,12682.tif,0.50103,21.7863,0.263434
train,12683.tif,0.518536,22.1321,0.288485
train,12684.tif,0.620053,21.3448,0.29501
train,12685.tif,0.483168,20.7763,0.32868
train,12686.tif,0.664609,23.2323,0.274113
train,12687.tif,0.426725,19.9822,0.313042
train,12688.tif,0.573747,24.3445,0.301186
train,12689.tif,0.616848,23.1396,0.247415
train,1269.tif,0.495498,20.6979,0.300638
train,12690.tif,0.594144,22.041,0.283915
train,12691.tif,0.568935,21.6504,0.258365
train,12692.tif,0.674837,22.9285,0.24027
train,12693.tif,0.483343,21.4587,0.273534
train,12694.tif,0.682563,23.5336,0.204528
train,12695.tif,0.476024,19.4759,0.314433
train,12696.tif,0.584468,21.5494,0.263205
train,12697.tif,0.581191,23.6832,0.292151
train,12698.tif,0.786764,24.7987,0.255204
train,12699.tif,0.575181,21.58,0.264062
train,127.tif,0.548647,20.9839,0.255357
train,1270.tif,0.569379,22.6785,0.290762
train,12700.tif,0.501201,21.2085,0.253857
train,12701.tif,0.631217,23.6094,0.291671
train,12702.tif,0.524936,22.1452,0.238841
train,12703.tif,0.531558,21.4499,0.235088
train,12704.tif,0.608892,22.5503,0.259692
train,12705.tif,0.50016,20.5532,0.310365
train,12706.tif,0.676256,23.4857,0.216168
train,12707.tif,0.609659,22.5597,0.263858
train,12708.tif,0.527549,21.753,0.239137
train,12709.tif,0.507949,22.6626,0.239935
train,1271.tif,0.568913,19.3957,0.281465
train,12710.tif,0.638506,22.224,0.289722
train,12711.tif,0.491852,21.9168,0.248045
train,12712.tif,0.569658,20.7784,0.282213
train,12713.tif,0.507567,22.0746,0.268291
train,12714.tif,0.819278,24.212,0.172583
train,12715.tif,0.628558,22.4244,0.218711
train,12716.tif,0.497184,19.9718,0.295356
train,12717.tif,0.527117,21.5246,0.250337
train,12718.tif,0.53968,20.4474,0.304485
train,12719.tif,0.625024,21.854,0.247442
train,1272.tif,0.558873,19.1662,0.288142
train,12720.tif,0.543608,22.2972,0.264323
train,12721.tif,0.571961,21.2298,0.302861
train,12722.tif,0.623537,22.3179,0.251398
train,12723.tif,0.500235,19.2041,0.308936
train,12724.tif,0.653664,22.8298,0.226887
train,12725.tif,0.48535,19.5864,0.293779
train,12726.tif,0.663233,24.1481,0.313359
train,12727.tif,0.735694,24.3431,0.302478
train,12728.tif,0.54047,21.0956,0.258371
train,12729.tif,0.490081,19.8548,0.35307
train,1273.tif,0.63025,22.2425,0.238526
train,12730.tif,0.447193,21.0851,0.268379
train,12731.tif,0.53606,21.0291,0.271442
train,12732.tif,0.471886,20.5861,0.324391
train,12733.tif,0.540266,21.5213,0.283343
train,12734.tif,0.500118,20.5018,0.306683
train,12735.tif,0.539237,21.7733,0.27398
train,12736.tif,0.643277,23.7512,0.246224
train,12737.tif,0.648893,23.5442,0.255168
train,12738.tif,0.618912,22.558,0.27053
train,12739.tif,0.62801,23.7665,0.259063
train,1274.tif,0.533935,22.0521,0.306244
train,12740.tif,0.489424,21.3003,0.324148
train,12741.tif,0.616572,22.2448,0.257691
train,12742.tif,0.597463,20.9194,0.296334
train,12743.tif,0.675598,25.0034,0.256522
train,12744.tif,0.565024,22.8006,0.208534
train,12745.tif,0.572881,23.9855,0.275953
train,12746.tif,0.556118,21.699,0.325457
train,12747.tif,0.697583,24.2229,0.209651
train,12748.tif,0.614078,24.6748,0.233676
train,12749.tif,0.57023,21.6835,0.25042
train,1275.tif,0.620029,20.3002,0.260794
train,12750.tif,0.522415,22.042,0.259814
train,12751.tif,0.465622,21.1855,0.320189
train,12752.tif,0.571703,22.9536,0.326982
train,12753.tif,0.635263,21.1969,0.243939
train,12754.tif,0.540928,21.1761,0.277597
train,12755.tif,0.609536,21.4944,0.236753
train,12756.tif,0.497047,20.8944,0.264839
train,12757.tif,0.55606,22.1394,0.25719
train,12758.tif,0.554387,22.1421,0.265143
train,12759.tif,0.572029,21.5068,0.309145
train,1276.tif,0.542994,21.8872,0.249928
train,12760.tif,0.550128,22.3191,0.247969
train,12761.tif,0.68759,21.6285,0.271299
train,12762.tif,0.611541,23.0697,0.256998
train,12763.tif,0.652634,22.2829,0.257935
train,12764.tif,0.602589,22.7384,0.245263
train,12765.tif,0.513066,20.4377,0.312947
train,12766.tif,0.591747,22.34,0.234449
train,12767.tif,0.567526,21.951,0.245022
train,12768.tif,0.586992,21.489,0.270519
train,12769.tif,0.57069,23.1551,0.230122
train,1277.tif,0.49494,19.0118,0.280129
train,12770.tif,0.551239,21.0102,0.257998
train,12771.tif,0.522041,20.4717,0.290589
train,12772.tif,0.692445,24.2269,0.251136
train,12773.tif,0.66437,23.8796,0.209273
train,12774.tif,0.646976,23.1615,0.266888
train,12775.tif,0.674697,24.1739,0.254872
train,12776.tif,0.565787,23.1684,0.260944
train,12777.tif,0.635771,23.9905,0.305578
train,12778.tif,0.486527,21.4729,0.287629
train,12779.tif,0.628524,22.8853,0.258076
train,1278.tif,0.682532,22.2201,0.238846
train,12780.tif,0.628525,23.3561,0.246236
train,12781.tif,0.572061,22.339,0.245457
train,12782.tif,0.54782,23.048,0.225308
train,12783.tif,0.420367,19.9391,0.325246
train,12784.tif,0.651079,23.9019,0.291738
train,12785.tif,0.49703,20.7051,0.338463
train,12786.tif,0.540246,22.2664,0.27196
train,12787.tif,0.513133,20.6744,0.313345
train,12788.tif,0.522701,20.4584,0.269079
train,12789.tif,0.622552,24.5681,0.35547
train,1279.tif,0.655008,19.8921,0.30828
train,12790.tif,0.549129,21.05,0.356973
train,12791.tif,0.457446,21.5822,0.29738
train,12792.tif,0.672345,22.6445,0.274795
train,12793.tif,0.487316,20.6325,0.294572
train,12794.tif,0.574828,22.4147,0.292302
train,12795.tif,0.591773,24.3409,0.333663
train,12796.tif,0.702436,23.7877,0.266542
train,12797.tif,0.611234,21.96,0.267704
train,12798.tif,0.55201,21.9693,0.251593
train,12799.tif,0.569208,21.5079,0.249145
train,128.tif,0.453432,20.2852,0.335968
train,1280.tif,0.510324,19.929,0.277764
train,12800.tif,0.497959,20.8793,0.286076
train,12801.tif,0.561585,21.1266,0.275824
train,12802.tif,0.454852,20.9821,0.274851
train,12803.tif,0.659318,25.3529,0.261638
train,12804.tif,0.51437,20.9998,0.343832
train,12805.tif,0.502893,18.0271,0.290397
train,12806.tif,0.598805,22.3343,0.279851
train,12807.tif,0.509579,19.6862,0.278357
train,12808.tif,0.590832,22.9186,0.265245
train,12809.tif,0.631933,21.8761,0.271442
train,1281.tif,0.523888,20.8261,0.267689
train,12810.tif,0.554444,20.2653,0.344075
train,12811.tif,0.50936,21.211,0.298941
train,12812.tif,0.482196,20.9896,0.348809
train,12813.tif,0.51693,21.7493,0.267296
train,12814.tif,0.668397,22.2448,0.310743
train,12815.tif,0.544603,18.8225,0.320474
train,12816.tif,0.524966,20.2891,0.255952
train,12817.tif,0.514902,21.1772,0.269455
train,12818.tif,0.504262,21.1925,0.237871
train,12819.tif,0.571317,21.3197,0.251142
train,1282.tif,0.752136,26.0555,0.188515
train,12820.tif,0.51252,21.1788,0.28508
train,12821.tif,0.657925,22.7453,0.244555
train,12822.tif,0.602219,22.2618,0.257225
train,12823.tif,0.511663,20.6158,0.307593
train,12824.tif,0.51078,22.0744,0.281281
train,12825.tif,0.668425,25.4072,0.237568
train,12826.tif,0.64397,22.8661,0.261646
train,12827.tif,0.60515,19.954,0.28583
train,12828.tif,0.467755,20.8943,0.264804
train,12829.tif,0.565038,21.5589,0.251838
train,1283.tif,0.520954,20.6355,0.2789
train,12830.tif,0.56492,22.2007,0.215909
train,12831.tif,0.715325,24.2081,0.198339
train,12832.tif,0.518981,22.0771,0.237379
train,12833.tif,0.555225,22.6755,0.263023
train,12834.tif,0.485679,20.8024,0.258984
train,12835.tif,0.51994,22.034,0.260999
train,12836.tif,0.591171,22.3428,0.247945
train,12837.tif,0.533551,21.682,0.256473
train,12838.tif,0.543302,21.5611,0.274756
train,12839.tif,0.583336,23.8406,0.282614
train,1284.tif,0.723543,23.2029,0.268478
train,12840.tif,0.407062,19.9344,0.355549
train,12841.tif,0.574056,21.6878,0.333763
train,12842.tif,0.549918,20.0387,0.269833
train,12843.tif,0.804322,25.7443,0.304847
train,12844.tif,0.47605,20.0463,0.361231
train,12845.tif,0.436837,20.7657,0.243153
train,12846.tif,0.667498,25.5813,0.312597
train,12847.tif,0.773494,26.1497,0.258926
train,12848.tif,0.505025,21.2536,0.257034
train,12849.tif,0.532135,22.773,0.246757
train,1285.tif,0.535446,18.6992,0.372146
train,12850.tif,0.495568,20.4919,0.32143
train,12851.tif,0.509295,22.1914,0.287611
train,12852.tif,0.699169,24.3354,0.231136
train,12853.tif,0.463198,20.5964,0.260793
train,12854.tif,0.511258,20.9635,0.288614
train,12855.tif,0.588154,22.2657,0.246162
train,12856.tif,0.654253,21.8016,0.273971
train,12857.tif,0.489284,20.7363,0.30896
train,12858.tif,0.554969,21.3966,0.271031
train,12859.tif,0.476082,21.1168,0.260423
train,1286.tif,0.540716,19.8912,0.277971
train,12860.tif,0.628759,23.9277,0.265228
train,12861.tif,0.641503,22.8664,0.260106
train,12862.tif,0.644914,21.096,0.259383
train,12863.tif,0.506073,18.9661,0.264325
train,12864.tif,0.546746,21.752,0.309286
train,12865.tif,0.576405,21.1085,0.266788
train,12866.tif,0.514499,20.7795,0.278647
train,12867.tif,0.54359,23.1542,0.28223
train,12868.tif,0.59801,19.7058,0.348883
train,12869.tif,0.664256,24.1565,0.295459
train,1287.tif,0.565998,21.7613,0.24845
train,12870.tif,0.626328,22.56,0.327639
train,12871.tif,0.483861,20.1907,0.334133
train,12872.tif,0.505082,21.133,0.290366
train,12873.tif,0.514564,20.6235,0.322367
train,12874.tif,0.601998,22.8309,0.246245
train,12875.tif,0.536115,19.2356,0.321792
train,12876.tif,0.598089,22.3521,0.24911
train,12877.tif,0.640853,24.0639,0.291825
train,12878.tif,0.508284,22.0297,0.228062
train,12879.tif,0.574628,22.0274,0.254331
train,1288.tif,0.596896,19.9394,0.269525
train,12880.tif,0.566304,22.7987,0.262157
train,12881.tif,0.642842,23.1986,0.254066
train,12882.tif,0.675048,22.4272,0.190625
train,12883.tif,0.539692,20.8688,0.29866
train,12884.tif,0.565874,20.3211,0.282348
train,12885.tif,0.592471,20.3295,0.252724
train,12886.tif,0.576746,23.2289,0.280389
train,12887.tif,0.514566,20.8616,0.250972
train,12888.tif,0.506583,19.9904,0.318054
train,12889.tif,0.518859,21.769,0.294597
train,1289.tif,0.552025,21.4898,0.276852
train,12890.tif,0.71626,24.2224,0.240733
train,12891.tif,0.562094,21.5859,0.254251
train,12892.tif,0.641996,22.2565,0.263991
train,12893.tif,0.783093,25.8056,0.371037
train,12894.tif,0.541807,21.9317,0.294376
train,12895.tif,0.517223,21.7381,0.316408
train,12896.tif,0.673643,23.5944,0.253402
train,12897.tif,0.582989,24.034,0.261096
train,12898.tif,0.474325,21.6053,0.367644
train,12899.tif,0.501799,20.2822,0.330679
train,129.tif,0.591908,20.512,0.314014
train,1290.tif,0.545959,19.6577,0.264235
train,12900.tif,0.488849,21.0448,0.273337
train,12901.tif,0.676118,23.8878,0.225544
train,12902.tif,0.515726,20.287,0.291291
train,12903.tif,0.594444,21.435,0.272585
train,12904.tif,0.624539,23.7639,0.242809
train,12905.tif,0.629369,22.9698,0.300842
train,12906.tif,0.692645,24.1109,0.233647
train,12907.tif,0.558478,21.0526,0.251107
train,12908.tif,0.71217,24.9364,0.298957
train,12909.tif,0.589172,23.2359,0.212753
train,1291.tif,0.621747,21.5091,0.247934
train,12910.tif,0.527639,21.098,0.288088
train,12911.tif,0.469516,21.0912,0.270156
train,12912.tif,0.611588,22.5085,0.273215
train,12913.tif,0.521977,20.904,0.335285
train,12914.tif,0.537368,20.8078,0.311507
train,12915.tif,0.564325,22.4361,0.243357
train,12916.tif,0.637682,21.9225,0.282267
train,12917.tif,0.692638,20.4143,0.238732
train,12918.tif,0.681287,23.0391,0.24599
train,12919.tif,0.506856,20.9685,0.331222
train,1292.tif,0.520935,18.7364,0.264017
train,12920.tif,0.548874,22.2198,0.297038
train,12921.tif,0.50208,21.866,0.278446
train,12922.tif,0.572425,22.0061,0.274355
train,12923.tif,0.510845,21.9859,0.264969
train,12924.tif,0.588894,22.2911,0.232314
train,12925.tif,0.615711,20.7039,0.275936
train,12926.tif,0.669653,22.4812,0.287223
train,12927.tif,0.637702,23.1273,0.240653
train,12928.tif,0.564376,19.929,0.290303
train,12929.tif,0.685836,23.5231,0.217906
train,1293.tif,0.691993,22.1335,0.247448
train,12930.tif,0.607351,22.1366,0.303734
train,12931.tif,0.540361,21.2818,0.343585
train,12932.tif,0.57361,23.0791,0.244906
train,12933.tif,0.607592,22.5744,0.228935
train,12934.tif,0.712168,23.8741,0.203395
train,12935.tif,0.62686,21.5163,0.276631
train,12936.tif,0.556135,20.8987,0.289356
train,12937.tif,0.664339,23.1364,0.21955
train,12938.tif,0.538453,22.7755,0.269275
train,12939.tif,0.70702,24.6552,0.237122
train,1294.tif,0.683179,23.6435,0.294767
train,12940.tif,0.607719,23.8275,0.263905
train,12941.tif,0.637902,21.6981,0.236809
train,12942.tif,0.575728,22.9115,0.258665
train,12943.tif,0.467303,21.583,0.293782
train,12944.tif,0.441512,19.8895,0.281231
train,12945.tif,0.616915,21.5268,0.253796
train,12946.tif,0.544179,20.05,0.259549
train,12947.tif,0.437601,20.629,0.260423
train,12948.tif,0.498452,19.9797,0.272858
train,12949.tif,0.600647,22.2608,0.272989
train,1295.tif,0.623115,20.1015,0.249316
train,12950.tif,0.659592,21.7922,0.248772
train,12951.tif,0.541886,22.893,0.258499
train,12952.tif,0.598576,22.5729,0.2722
train,12953.tif,0.65723,22.4942,0.277134
train,12954.tif,0.637466,24.8459,0.278983
train,12955.tif,0.485245,20.7981,0.336417
train,12956.tif,0.591413,23.0395,0.280374
train,12957.tif,0.518463,21.6805,0.237336
train,12958.tif,0.525972,21.6453,0.256589
train,12959.tif,0.657783,21.7668,0.239418
train,1296.tif,0.790104,24.1337,0.206542
train,12960.tif,0.577487,22.5229,0.251888
train,12961.tif,0.618045,21.8468,0.244818
train,12962.tif,0.661161,22.0274,0.261048
train,12963.tif,0.507984,21.1863,0.265119
train,12964.tif,0.474883,20.2929,0.337211
train,12965.tif,0.554568,23.4738,0.271108
train,12966.tif,0.480788,19.7917,0.26739
train,12967.tif,0.540028,20.8434,0.293628
train,12968.tif,0.645528,22.7589,0.233285
train,12969.tif,0.649506,24.6429,0.21836
train,1297.tif,0.553114,23.421,0.307999
train,12970.tif,0.585618,22.9894,0.285665
train,12971.tif,0.697843,23.733,0.246918
train,12972.tif,0.506538,21.7361,0.302772
train,12973.tif,0.480327,19.7516,0.271362
train,12974.tif,0.569532,21.9346,0.299571
train,12975.tif,0.647947,22.9068,0.233098
train,12976.tif,0.549554,21.5083,0.252768
train,12977.tif,0.446841,19.963,0.358339
train,12978.tif,0.685008,23.9589,0.241539
train,12979.tif,0.541258,22.4435,0.241435
train,1298.tif,0.586296,18.5403,0.308233
train,12980.tif,0.640094,23.4309,0.242823
train,12981.tif,0.711947,24.1717,0.252721
train,12982.tif,0.632876,22.8285,0.282468
train,12983.tif,0.580132,22.0514,0.274312
train,12984.tif,0.603087,22.8112,0.258187
train,12985.tif,0.521681,20.6586,0.293163
train,12986.tif,0.584062,21.2092,0.259852
train,12987.tif,0.570219,22.0751,0.257132
train,12988.tif,0.489278,20.4728,0.311793
train,12989.tif,0.751093,25.0789,0.24206
train,1299.tif,0.55015,22.1307,0.281404
train,12990.tif,0.646133,24.931,0.279204
train,12991.tif,0.538245,20.8769,0.298722
train,12992.tif,0.584002,20.9643,0.262827
train,12993.tif,0.546045,21.9838,0.259232
train,12994.tif,0.498491,21.0006,0.275719
train,12995.tif,0.587764,22.1656,0.288001
train,12996.tif,0.661247,23.4332,0.260179
train,12997.tif,0.543062,22.4866,0.268644
train,12998.tif,0.649448,23.1368,0.240186
train,12999.tif,0.59599,23.6312,0.303039
train,13.tif,0.451399,15.1848,0.36814
train,130.tif,0.561044,18.4475,0.312237
train,1300.tif,0.679802,21.0873,0.242334
train,13000.tif,0.510555,20.9542,0.294601
train,13001.tif,0.532772,20.0879,0.308504
train,13002.tif,0.521839,21.7664,0.273698
train,13003.tif,0.672638,22.7184,0.274564
train,13004.tif,0.581703,22.9047,0.255306
train,13005.tif,0.511664,20.3774,0.276596
train,13006.tif,0.789169,25.5635,0.25378
train,13007.tif,0.603849,17.2779,0.296319
train,13008.tif,0.564336,22.1747,0.313539
train,13009.tif,0.747722,23.6883,0.249523
train,1301.tif,0.576429,20.9116,0.25799
train,13010.tif,0.771893,24.8684,0.276074
train,13011.tif,0.510679,21.8645,0.292043
train,13012.tif,0.587963,22.5887,0.272319
train,13013.tif,0.615323,19.4499,0.294994
train,13014.tif,0.601428,22.4429,0.205331
train,13015.tif,0.703948,24.9386,0.260014
train,13016.tif,0.722472,24.5347,0.227344
train,13017.tif,0.550549,22.5443,0.229749
train,13018.tif,0.48402,21.4097,0.287538
train,13019.tif,0.478906,20.1851,0.305018
train,1302.tif,0.560619,20.2478,0.267119
train,13020.tif,0.60227,22.8227,0.268353
train,13021.tif,0.600215,22.1203,0.252646
train,13022.tif,0.460758,20.2655,0.298903
train,13023.tif,0.609107,21.9524,0.260735
train,13024.tif,0.562497,23.1462,0.239934
train,13025.tif,0.462963,20.5989,0.252046
train,13026.tif,0.666151,22.9673,0.244111
train,13027.tif,0.500684,21.3908,0.264627
train,13028.tif,0.792767,23.7342,0.242045
train,13029.tif,0.49259,21.2471,0.281795
train,1303.tif,0.545749,17.8766,0.299756
train,13030.tif,0.657154,23.5327,0.258599
train,13031.tif,0.578824,22.5223,0.301708
train,13032.tif,0.549874,23.0425,0.286758
train,13033.tif,0.652041,21.9299,0.26348
train,13034.tif,0.562422,21.3439,0.25395
train,13035.tif,0.571024,21.1742,0.275442
train,13036.tif,0.623893,22.9226,0.332212
train,13037.tif,0.554078,21.6386,0.254619
train,13038.tif,0.730378,26.4818,0.285674
train,13039.tif,0.655547,23.8349,0.226143
train,1304.tif,0.598775,20.8025,0.26287
train,13040.tif,0.62825,22.3259,0.240465
train,13041.tif,0.47874,20.8174,0.240902
train,13042.tif,0.459159,20.9906,0.259292
train,13043.tif,0.560705,23.058,0.302448
train,13044.tif,0.635205,22.7019,0.251544
train,13045.tif,0.616829,23.7029,0.244456
train,13046.tif,0.682624,24.0011,0.228718
train,13047.tif,0.658343,21.7363,0.298493
train,13048.tif,0.528712,21.8213,0.248643
train,13049.tif,0.5263,21.871,0.241637
train,1305.tif,0.761456,21.5856,0.248809
train,13050.tif,0.617009,23.0911,0.275753
train,13051.tif,0.711292,23.1479,0.237637
train,13052.tif,0.48043,19.371,0.33597
train,13053.tif,0.6546,23.8961,0.294626
train,13054.tif,0.569529,22.7216,0.269686
train,13055.tif,0.487821,19.1913,0.293394
train,13056.tif,0.839565,27.4245,0.199211
train,13057.tif,0.607254,22.5826,0.274769
train,13058.tif,0.684548,24.2865,0.234314
train,13059.tif,0.529886,21.683,0.249336
train,1306.tif,0.53872,21.4299,0.289329
train,13060.tif,0.636241,23.0092,0.237784
train,13061.tif,0.522232,21.579,0.298036
train,13062.tif,0.563018,21.6684,0.281858
train,13063.tif,0.552922,22.6064,0.304892
train,13064.tif,0.641917,23.5449,0.240433
train,13065.tif,0.565092,21.4867,0.247316
train,13066.tif,0.455591,21.0089,0.267839
train,13067.tif,0.564437,21.0694,0.279959
train,13068.tif,0.66958,23.3867,0.2761
train,13069.tif,0.457177,19.6315,0.333349
train,1307.tif,0.556382,19.4244,0.277808
train,13070.tif,0.603126,22.8319,0.294351
train,13071.tif,0.479621,20.9616,0.296539
train,13072.tif,0.642347,23.6295,0.26287
train,13073.tif,0.652724,20.108,0.301656
train,13074.tif,0.438159,20.5907,0.280649
train,13075.tif,0.52695,22.0383,0.2529
train,13076.tif,0.571228,22.6361,0.247822
train,13077.tif,0.536047,22.1995,0.216509
train,13078.tif,0.610486,22.774,0.261984
train,13079.tif,0.658276,24.1326,0.267415
train,1308.tif,0.653979,22.7468,0.269005
train,13080.tif,0.496451,22.4922,0.29153
train,13081.tif,0.517639,20.7879,0.281424
train,13082.tif,0.59772,22.5969,0.278627
train,13083.tif,0.511977,22.0262,0.2553
train,13084.tif,0.518986,20.4379,0.347598
train,13085.tif,0.564312,21.3939,0.256705
train,13086.tif,0.508347,21.5429,0.301448
train,13087.tif,0.62879,20.1995,0.238955
train,13088.tif,0.645846,23.4059,0.239808
train,13089.tif,0.623146,22.772,0.265973
train,1309.tif,0.501722,21.8706,0.267284
train,13090.tif,0.53866,21.996,0.292462
train,13091.tif,0.656973,23.2371,0.260681
train,13092.tif,0.524527,20.1389,0.335783
train,13093.tif,0.622248,22.1307,0.230362
train,13094.tif,0.518112,18.5018,0.322965
train,13095.tif,0.468043,21.0105,0.334203
train,13096.tif,0.49547,18.8851,0.292449
train,13097.tif,0.64483,21.9882,0.27019
train,13098.tif,0.697719,23.7547,0.216208
train,13099.tif,0.561915,22.8998,0.25053
train,131.tif,0.654955,22.9934,0.259854
train,1310.tif,0.480844,20.5032,0.302604
train,13100.tif,0.571277,23.6254,0.222282
train,13101.tif,0.705076,23.0249,0.300578
train,13102.tif,0.493211,21.6811,0.235742
train,13103.tif,0.548176,20.8506,0.295196
train,13104.tif,0.654746,22.3856,0.232119
train,13105.tif,0.58212,22.9546,0.236192
train,13106.tif,0.646585,23.2499,0.23231
train,13107.tif,0.491109,19.3513,0.31749
train,13108.tif,0.601035,22.3375,0.251468
train,13109.tif,0.559783,21.8956,0.24034
train,1311.tif,0.628335,19.9744,0.300849
train,13110.tif,0.61913,22.5623,0.23704
train,13111.tif,0.563055,22.0469,0.291826
train,13112.tif,0.59608,21.452,0.262834
train,13113.tif,0.73163,24.712,0.251513
train,13114.tif,0.52039,21.703,0.309941
train,13115.tif,0.499386,21.397,0.264062
train,13116.tif,0.469553,20.9771,0.304836
train,13117.tif,0.599121,23.3438,0.256259
train,13118.tif,0.497548,21.641,0.256526
train,13119.tif,0.576646,22.17,0.276881
train,1312.tif,0.533177,21.0918,0.280547
train,13120.tif,0.496056,21.5877,0.248159
train,13121.tif,0.649906,24.3765,0.256197
train,13122.tif,0.534666,21.0324,0.288394
train,13123.tif,0.529512,22.1177,0.315093
train,13124.tif,0.498689,21.2104,0.275639
train,13125.tif,0.680364,23.6624,0.245795
train,13126.tif,0.624412,21.7682,0.262684
train,13127.tif,0.616342,25.7193,0.257533
train,13128.tif,0.630341,21.9149,0.270955
train,13129.tif,0.740383,22.2163,0.221372
train,1313.tif,0.564558,23.5468,0.334871
train,13130.tif,0.6143,22.1984,0.222029
train,13131.tif,0.483663,20.447,0.288914
train,13132.tif,0.479933,20.3902,0.296935
train,13133.tif,0.563584,22.318,0.285126
train,13134.tif,0.526125,20.0713,0.330559
train,13135.tif,0.690255,23.8205,0.254656
train,13136.tif,0.622265,17.9663,0.289293
train,13137.tif,0.606089,22.6681,0.272468
train,13138.tif,0.708978,24.379,0.240248
train,13139.tif,0.572884,23.2293,0.262373
train,1314.tif,0.573054,22.3375,0.276487
train,13140.tif,0.645297,23.9977,0.268384
train,13141.tif,0.50052,21.0515,0.308165
train,13142.tif,0.591926,23.3774,0.246907
train,13143.tif,0.649629,23.2074,0.231729
train,13144.tif,0.549181,22.7782,0.266892
train,13145.tif,0.545047,18.0227,0.287356
train,13146.tif,0.585181,18.1136,0.326108
train,13147.tif,0.530839,21.8542,0.293122
train,13148.tif,0.617385,22.2279,0.278231
train,13149.tif,0.588706,23.2222,0.270857
train,1315.tif,0.690889,20.6748,0.226825
train,13150.tif,0.462853,20.3336,0.312415
train,13151.tif,0.633648,25.0491,0.291179
train,13152.tif,0.478787,18.0781,0.316495
train,13153.tif,0.596393,23.2898,0.255965
train,13154.tif,0.636956,22.8382,0.264891
train,13155.tif,0.666105,23.404,0.228397
train,13156.tif,0.54655,21.2952,0.266832
train,13157.tif,0.627096,21.9744,0.241743
train,13158.tif,0.644201,22.6862,0.229971
train,13159.tif,0.561472,21.6555,0.295243
train,1316.tif,0.537226,19.4462,0.327694
train,13160.tif,0.595234,20.7408,0.254177
train,13161.tif,0.487449,20.8292,0.26318
train,13162.tif,0.679358,22.2803,0.231033
train,13163.tif,0.610756,22.3525,0.267661
train,13164.tif,0.627485,21.1323,0.24668
train,13165.tif,0.667611,22.3211,0.246768
train,13166.tif,0.656817,23.1954,0.250958
train,13167.tif,0.475666,20.824,0.259781
train,13168.tif,0.636532,23.5855,0.241695
train,13169.tif,0.567992,23.8261,0.262297
train,1317.tif,0.595974,23.7569,0.313575
train,13170.tif,0.603598,21.4006,0.317277
train,13171.tif,0.640022,23.6975,0.2207
train,13172.tif,0.570483,22.1615,0.254977
train,13173.tif,0.539901,22.2516,0.256759
train,13174.tif,0.586306,22.3366,0.240878
train,13175.tif,0.564437,22.6749,0.268055
train,13176.tif,0.679699,23.0385,0.300461
train,13177.tif,0.481358,20.9497,0.249606
train,13178.tif,0.508564,21.737,0.310955
train,13179.tif,0.50897,21.5732,0.270844
train,1318.tif,0.597794,22.3348,0.302603
train,13180.tif,0.611012,23.2299,0.257296
train,13181.tif,0.532497,21.2219,0.308313
train,13182.tif,0.594403,22.7241,0.276897
train,13183.tif,0.656482,22.8958,0.257515
train,13184.tif,0.584536,20.9673,0.257768
train,13185.tif,0.576952,21.158,0.295901
train,13186.tif,0.594577,23.4008,0.243639
train,13187.tif,0.540408,19.4554,0.30099
train,13188.tif,0.623374,24.3284,0.25729
train,13189.tif,0.597531,24.2558,0.227896
train,1319.tif,0.526773,20.6233,0.281926
train,13190.tif,0.558951,21.686,0.269146
train,13191.tif,0.590369,23.7474,0.243271
train,13192.tif,0.653108,23.3173,0.248899
train,13193.tif,0.582975,22.6169,0.268973
train,13194.tif,0.607195,20.9713,0.266666
train,13195.tif,0.511566,19.5783,0.295066
train,13196.tif,0.55759,21.8,0.299537
train,13197.tif,0.612992,23.0575,0.291938
train,13198.tif,0.590082,22.9482,0.253792
train,13199.tif,0.532004,21.9781,0.228339
train,132.tif,0.518317,21.4229,0.294362
train,1320.tif,0.464378,20.9181,0.301054
train,13200.tif,0.638226,21.8243,0.248544
train,13201.tif,0.535931,22.7026,0.287009
train,13202.tif,0.509208,20.325,0.318445
train,13203.tif,0.519108,21.6577,0.228892
train,13204.tif,0.637648,23.4666,0.280056
train,13205.tif,0.872112,28.1287,0.200145
train,13206.tif,0.480082,21.6393,0.269829
train,13207.tif,0.615873,23.4178,0.287827
train,13208.tif,0.597466,24.2257,0.260811
train,13209.tif,0.641598,24.1371,0.253236
train,1321.tif,0.583854,18.6801,0.290855
train,13210.tif,0.694516,23.3111,0.228967
train,13211.tif,0.634709,22.7138,0.323463
train,13212.tif,0.481784,19.4321,0.30096
train,13213.tif,0.64077,22.2325,0.244722
train,13214.tif,0.580725,23.8927,0.273232
train,13215.tif,0.571377,22.1118,0.312619
train,13216.tif,0.453084,20.2846,0.340814
train,13217.tif,0.519962,20.5814,0.27368
train,13218.tif,0.613452,23.585,0.251387
train,13219.tif,0.511706,21.4703,0.245426
train,1322.tif,0.68098,21.7595,0.250436
train,13220.tif,0.574911,22.5461,0.225643
train,13221.tif,0.560273,23.0133,0.308724
train,13222.tif,0.635457,23.7274,0.265924
train,13223.tif,0.454571,20.2468,0.315479
train,13224.tif,0.591979,22.9657,0.2897
train,13225.tif,0.649098,24.4295,0.287202
train,13226.tif,0.667161,24.1909,0.253105
train,13227.tif,0.587972,19.3868,0.27942
train,13228.tif,0.678555,23.134,0.261096
train,13229.tif,0.558439,20.3153,0.286746
train,1323.tif,0.441712,20.9268,0.391686
train,13230.tif,0.694359,23.7229,0.254341
train,13231.tif,0.629691,24.9661,0.287258
train,13232.tif,0.665137,23.1469,0.253685
train,13233.tif,0.504162,20.477,0.298201
train,13234.tif,0.529643,19.5659,0.314833
train,13235.tif,0.697394,22.489,0.212116
train,13236.tif,0.712804,23.0944,0.175529
train,13237.tif,0.721905,22.0162,0.254953
train,13238.tif,0.536033,21.9013,0.287605
train,13239.tif,0.544814,21.5108,0.247779
train,1324.tif,0.550408,19.7081,0.249518
train,13240.tif,0.653106,20.3216,0.236582
train,13241.tif,0.553181,22.2,0.306344
train,13242.tif,0.60216,22.9275,0.247305
train,13243.tif,0.51928,20.5009,0.278924
train,13244.tif,0.614839,22.396,0.244994
train,13245.tif,0.631518,22.4354,0.2253
train,13246.tif,0.582123,19.2658,0.273534
train,13247.tif,0.593539,21.1929,0.259504
train,13248.tif,0.683916,23.1643,0.20018
train,13249.tif,0.489719,18.4451,0.323049
train,1325.tif,0.622155,22.8081,0.247515
train,13250.tif,0.758217,24.2231,0.264112
train,13251.tif,0.526478,20.6803,0.265132
train,13252.tif,0.472396,19.3533,0.294374
train,13253.tif,0.648327,21.6107,0.228233
train,13254.tif,0.536125,22.1596,0.251387
train,13255.tif,0.679363,23.6554,0.234544
train,13256.tif,0.474505,20.0058,0.264759
train,13257.tif,0.573466,21.2698,0.277778
train,13258.tif,0.572653,21.9138,0.269687
train,13259.tif,0.577147,20.1499,0.302215
train,1326.tif,0.496346,18.7846,0.315819
train,13260.tif,0.535417,23.9623,0.285289
train,13261.tif,0.608892,24.1963,0.250954
train,13262.tif,0.591344,19.831,0.273624
train,13263.tif,0.61403,20.8559,0.253247
train,13264.tif,0.575167,22.1654,0.238723
train,13265.tif,0.614389,23.2701,0.265148
train,13266.tif,0.575099,22.0389,0.270222
train,13267.tif,0.588816,18.5139,0.400248
train,13268.tif,0.606124,19.9037,0.262029
train,13269.tif,0.672722,22.8369,0.242926
train,1327.tif,0.547561,21.1962,0.277021
train,13270.tif,0.604345,22.8056,0.236379
train,13271.tif,0.635824,20.4007,0.249388
train,13272.tif,0.676359,23.0008,0.244179
train,13273.tif,0.5806,22.0266,0.242549
train,13274.tif,0.514397,20.2809,0.328014
train,13275.tif,0.541962,21.3035,0.245347
train,13276.tif,0.433217,18.6406,0.317522
train,13277.tif,0.548634,20.8895,0.279906
train,13278.tif,0.634632,18.528,0.317175
train,13279.tif,0.475046,20.5685,0.306562
train,1328.tif,0.726183,24.4385,0.204827
train,13280.tif,0.745159,24.2521,0.338014
train,13281.tif,0.655797,23.3149,0.211121
train,13282.tif,0.60948,22.3817,0.285215
train,13283.tif,0.528427,19.2341,0.307751
train,13284.tif,0.469902,18.9047,0.329833
train,13285.tif,0.59913,20.1389,0.264984
train,13286.tif,0.506373,19.9106,0.286114
train,13287.tif,0.577976,20.7482,0.225488
train,13288.tif,0.675229,24.8199,0.249306
train,13289.tif,0.540541,20.759,0.272996
train,1329.tif,0.544429,20.6522,0.282026
train,13290.tif,0.752797,25.0622,0.195814
train,13291.tif,0.476785,21.1128,0.274184
train,13292.tif,0.638193,21.6723,0.232178
train,13293.tif,0.692315,24.0983,0.247199
train,13294.tif,0.74572,23.5846,0.279996
train,13295.tif,0.660924,23.9909,0.272514
train,13296.tif,0.592954,23.2053,0.246031
train,13297.tif,0.78332,25.148,0.236502
train,13298.tif,0.542888,21.6999,0.300206
train,13299.tif,0.506835,19.0537,0.307894
train,133.tif,0.618972,22.3468,0.273984
train,1330.tif,0.666018,20.8817,0.283318
train,13300.tif,0.524086,22.0362,0.262632
train,13301.tif,0.524244,19.5287,0.280792
train,13302.tif,0.474932,20.1422,0.291301
train,13303.tif,0.567933,21.3439,0.268786
train,13304.tif,0.55935,21.6121,0.263583
train,13305.tif,0.817712,24.3623,0.218127
train,13306.tif,0.794778,25.5336,0.244847
train,13307.tif,0.605519,23.4548,0.290316
train,13308.tif,0.577178,20.4391,0.306852
train,13309.tif,0.504034,20.0559,0.33723
train,1331.tif,0.50702,21.0474,0.251883
train,13310.tif,0.603637,23.6376,0.234274
train,13311.tif,0.607745,21.0205,0.222575
train,13312.tif,0.684827,23.9372,0.27924
train,13313.tif,0.66131,16.3729,0.386348
train,13314.tif,0.630177,22.3626,0.226553
train,13315.tif,0.622291,21.8545,0.214355
train,13316.tif,0.539164,21.6639,0.263485
train,13317.tif,0.609698,19.9365,0.250062
train,13318.tif,0.326988,19.7381,0.531224
train,13319.tif,0.485059,20.3472,0.281148
train,1332.tif,0.58504,22.1438,0.275462
train,13320.tif,0.463273,20.1074,0.266588
train,13321.tif,0.622025,22.9424,0.229355
train,13322.tif,0.548847,21.4259,0.273535
train,13323.tif,0.646673,20.4933,0.254387
train,13324.tif,0.535806,20.1834,0.270579
train,13325.tif,0.560838,19.2325,0.309997
train,13326.tif,0.530489,18.8703,0.279361
train,13327.tif,0.600525,22.2825,0.245667
train,13328.tif,0.533435,20.5,0.296907
train,13329.tif,0.524934,22.3069,0.305003
train,1333.tif,0.666815,22.0567,0.270506
train,13330.tif,0.67914,24.1575,0.218355
train,13331.tif,0.627119,22.2839,0.222281
train,13332.tif,0.658607,20.7815,0.239995
train,13333.tif,0.491059,20.3729,0.279594
train,13334.tif,0.64846,23.4123,0.254685
train,13335.tif,0.638668,22.7929,0.237298
train,13336.tif,0.590279,20.1158,0.296881
train,13337.tif,0.616942,23.0623,0.230031
train,13338.tif,0.612992,22.4676,0.259164
train,13339.tif,0.541832,19.863,0.360196
train,1334.tif,0.451852,20.5763,0.286733
train,13340.tif,0.538756,20.8488,0.277777
train,13341.tif,0.540921,20.7708,0.298167
train,13342.tif,0.552434,22.0879,0.265754
train,13343.tif,0.586161,19.8595,0.259182
train,13344.tif,0.628047,23.3823,0.225855
train,13345.tif,0.574738,22.3614,0.258244
train,13346.tif,0.668183,21.3983,0.247398
train,13347.tif,0.565819,21.6445,0.253389
train,13348.tif,0.592503,21.2221,0.247414
train,13349.tif,0.589184,22.1119,0.256077
train,1335.tif,0.645421,21.8039,0.238553
train,13350.tif,0.594183,22.2311,0.247226
train,13351.tif,0.608448,21.348,0.304963
train,13352.tif,0.601248,20.7706,0.256916
train,13353.tif,0.625519,23.1831,0.32419
train,13354.tif,0.739196,21.5323,0.237188
train,13355.tif,0.598682,21.4731,0.270553
train,13356.tif,0.632859,23.1824,0.247306
train,13357.tif,0.653331,22.5907,0.242461
train,13358.tif,0.64405,23.3684,0.240735
train,13359.tif,0.596078,22.2221,0.264552
train,1336.tif,0.473532,22.06,0.344651
train,13360.tif,0.558108,21.0675,0.293057
train,13361.tif,0.547745,20.8959,0.305203
train,13362.tif,0.619279,21.7334,0.272769
train,13363.tif,0.637222,21.6167,0.25646
train,13364.tif,0.625836,20.3779,0.253662
train,13365.tif,0.587393,20.8261,0.299482
train,13366.tif,0.527731,21.5303,0.248005
train,13367.tif,0.600622,22.2953,0.242114
train,13368.tif,0.595715,19.1492,0.28966
train,13369.tif,0.582025,21.8148,0.268189
train,1337.tif,0.552275,21.0479,0.322141
train,13370.tif,0.585119,21.8839,0.254816
train,13371.tif,0.656427,21.1876,0.368586
train,13372.tif,0.592707,24.075,0.257391
train,13373.tif,0.695871,23.1998,0.26364
train,13374.tif,0.595013,23.354,0.267893
train,13375.tif,0.57575,20.7674,0.282785
train,13376.tif,0.710118,24.5883,0.237361
train,13377.tif,0.518044,21.2867,0.276558
train,13378.tif,0.504548,21.4958,0.297251
train,13379.tif,0.566114,23.3277,0.267234
train,1338.tif,0.589474,23.2246,0.283739
train,13380.tif,0.607955,22.4144,0.289192
train,13381.tif,0.57985,21.0637,0.259959
train,13382.tif,0.666683,21.6387,0.231281
train,13383.tif,0.53856,20.4681,0.291337
train,13384.tif,0.716932,23.3744,0.210645
train,13385.tif,0.501388,20.8623,0.265121
train,13386.tif,0.882632,24.6804,0.186679
train,13387.tif,0.643086,24.5553,0.234858
train,13388.tif,0.512487,19.26,0.284957
train,13389.tif,0.58036,21.3487,0.329257
train,1339.tif,0.465747,20.0148,0.308296
train,13390.tif,0.526988,21.6413,0.270726
train,13391.tif,0.6203,23.1617,0.267765
train,13392.tif,0.515513,19.8638,0.283137
train,13393.tif,0.565299,20.2944,0.241041
train,13394.tif,0.542244,22.8592,0.329329
train,13395.tif,0.515391,20.6413,0.308714
train,13396.tif,0.502235,20.7053,0.266864
train,13397.tif,0.654791,23.0238,0.218846
train,13398.tif,0.618228,23.7601,0.222995
train,13399.tif,0.49267,19.1699,0.320051
train,134.tif,0.574394,20.9508,0.276372
train,1340.tif,0.544249,22.2531,0.304564
train,13400.tif,0.552385,20.338,0.242603
train,13401.tif,0.691014,21.6506,0.241408
train,13402.tif,0.517662,21.6837,0.272957
train,13403.tif,0.590995,21.7521,0.27212
train,13404.tif,0.581685,19.3032,0.242951
train,13405.tif,0.659093,22.3026,0.243396
train,13406.tif,0.775677,25.9031,0.296774
train,13407.tif,0.600667,17.9679,0.274554
train,13408.tif,0.613182,21.962,0.241579
train,13409.tif,0.711937,25.2099,0.273492
train,1341.tif,0.624174,20.8601,0.26757
train,13410.tif,0.506677,21.325,0.237198
train,13411.tif,0.658056,22.9871,0.208563
train,13412.tif,0.559891,22.1805,0.303277
train,13413.tif,0.61404,21.6879,0.247856
train,13414.tif,0.571626,22.0276,0.25931
train,13415.tif,0.604852,21.8721,0.236483
train,13416.tif,0.590413,23.1302,0.244372
train,13417.tif,0.702026,21.4135,0.262568
train,13418.tif,0.610877,22.4879,0.249807
train,13419.tif,0.62193,23.5626,0.275155
train,1342.tif,0.395637,19.8458,0.309821
train,13420.tif,0.667943,22.4077,0.233702
train,13421.tif,0.618062,22.8346,0.220884
train,13422.tif,0.692959,22.8948,0.269564
train,13423.tif,0.503197,17.7948,0.299533
train,13424.tif,0.593566,22.2041,0.275389
train,13425.tif,0.637713,22.2333,0.24464
train,13426.tif,0.637766,21.6701,0.232561
train,13427.tif,0.508618,21.0518,0.255307
train,13428.tif,0.576256,21.819,0.316101
train,13429.tif,0.562972,21.4665,0.277416
train,1343.tif,0.490811,16.1558,0.285906
train,13430.tif,0.636523,22.6236,0.242005
train,13431.tif,0.712008,23.5214,0.227194
train,13432.tif,0.518237,21.2133,0.252556
train,13433.tif,0.754414,23.2031,0.201434
train,13434.tif,0.558578,23.8528,0.295458
train,13435.tif,0.632933,23.232,0.214986
train,13436.tif,0.521588,20.3879,0.304747
train,13437.tif,0.569839,22.215,0.270203
train,13438.tif,0.523676,20.7298,0.283696
train,13439.tif,0.506767,20.7647,0.315117
train,1344.tif,0.696993,21.9671,0.269121
train,13440.tif,0.614136,22.7481,0.231478
train,13441.tif,0.633008,23.5282,0.204853
train,13442.tif,0.533618,20.7968,0.283612
train,13443.tif,0.626754,20.927,0.268059
train,13444.tif,0.583948,20.1522,0.303724
train,13445.tif,0.59183,21.9866,0.259374
train,13446.tif,0.565702,21.6137,0.29902
train,13447.tif,0.686396,23.9982,0.248831
train,13448.tif,0.675847,23.7913,0.317828
train,13449.tif,0.633106,21.3587,0.24
train,1345.tif,0.657616,21.5361,0.262241
train,13450.tif,0.524905,21.1256,0.257312
train,13451.tif,0.591977,21.5407,0.25808
train,13452.tif,0.667495,22.9256,0.262792
train,13453.tif,0.583479,22.2528,0.259402
train,13454.tif,0.573412,21.5493,0.308222
train,13455.tif,0.447941,19.957,0.318206
train,13456.tif,0.505002,21.138,0.335211
train,13457.tif,0.671552,22.3514,0.219312
train,13458.tif,0.556713,19.312,0.251623
train,13459.tif,0.669947,24.0253,0.234557
train,1346.tif,0.652716,19.0666,0.280724
train,13460.tif,0.606558,22.4225,0.26749
train,13461.tif,0.548386,19.7639,0.299782
train,13462.tif,0.522788,21.6218,0.274747
train,13463.tif,0.469989,19.69,0.297402
train,13464.tif,0.674497,22.6833,0.218536
train,13465.tif,0.473605,21.0939,0.277606
train,13466.tif,0.569434,18.6181,0.294133
train,13467.tif,0.620255,17.5355,0.297032
train,13468.tif,0.584092,21.6766,0.293362
train,13469.tif,0.631199,21.8341,0.29054
train,1347.tif,0.76792,22.163,0.290595
train,13470.tif,0.636898,22.8117,0.232569
train,13471.tif,0.615014,17.8913,0.352571
train,13472.tif,0.649555,22.4773,0.247971
train,13473.tif,0.577286,22.455,0.2963
train,13474.tif,0.62532,23.6954,0.276191
train,13475.tif,0.601471,22.4415,0.209994
train,13476.tif,0.472859,20.8651,0.235176
train,13477.tif,0.748266,25.208,0.240475
train,13478.tif,0.551133,19.8465,0.319549
train,13479.tif,0.679409,21.8894,0.242513
train,1348.tif,0.555715,20.5091,0.348014
train,13480.tif,0.629634,21.8291,0.258855
train,13481.tif,0.566554,22.208,0.250083
train,13482.tif,0.683151,22.3571,0.225454
train,13483.tif,0.664125,23.2979,0.258039
train,13484.tif,0.553421,19.5444,0.30137
train,13485.tif,0.571528,21.3092,0.239562
train,13486.tif,0.619117,22.8481,0.263754
train,13487.tif,0.539613,19.3125,0.307487
train,13488.tif,0.572299,20.0461,0.270688
train,13489.tif,0.499207,20.8955,0.272832
train,1349.tif,0.567406,21.4899,0.303093
train,13490.tif,0.658221,22.2936,0.223938
train,13491.tif,0.484855,20.5496,0.267092
train,13492.tif,0.646912,23.689,0.251908
train,13493.tif,0.542182,20.0596,0.314633
train,13494.tif,0.560986,21.8642,0.249379
train,13495.tif,0.563603,20.5137,0.232342
train,13496.tif,0.516553,21.058,0.306009
train,13497.tif,0.530034,21.3176,0.231009
train,13498.tif,0.52514,22.2114,0.293789
train,13499.tif,0.65383,23.181,0.25873
train,135.tif,0.500432,20.2315,0.295621
train,1350.tif,0.548164,20.5997,0.312623
train,13500.tif,0.681981,22.6513,0.216013
train,13501.tif,0.549921,19.9987,0.285823
train,13502.tif,0.528827,21.6871,0.245663
train,13503.tif,0.529374,20.4005,0.265879
train,13504.tif,0.6443,22.4635,0.248445
train,13505.tif,0.798204,25.3593,0.256924
train,13506.tif,0.677462,22.3349,0.222131
train,13507.tif,0.473995,18.8317,0.335194
train,13508.tif,0.675544,23.2683,0.264487
train,13509.tif,0.564008,22.1444,0.27488
train,1351.tif,0.578703,21.76,0.25101
train,13510.tif,0.507342,22.1292,0.283105
train,13511.tif,0.589029,20.5535,0.282164
train,13512.tif,0.638691,22.0707,0.251274
train,13513.tif,0.561892,21.5889,0.279352
train,13514.tif,0.575351,21.8069,0.317895
train,13515.tif,0.52704,21.5597,0.33349
train,13516.tif,0.450068,18.0583,0.326758
train,13517.tif,0.590879,22.1839,0.266932
train,13518.tif,0.554283,21.9143,0.293776
train,13519.tif,0.569331,19.3286,0.315039
train,1352.tif,0.587922,22.0034,0.28677
train,13520.tif,0.605381,20.8193,0.243162
train,13521.tif,0.595154,21.0914,0.309254
train,13522.tif,0.535367,20.2516,0.306731
train,13523.tif,0.774592,25.619,0.211336
train,13524.tif,0.520533,20.5444,0.261212
train,13525.tif,0.653928,21.6728,0.261266
train,13526.tif,0.647818,22.885,0.215763
train,13527.tif,0.52998,19.5449,0.276714
train,13528.tif,0.57538,21.059,0.311222
train,13529.tif,0.634394,22.8175,0.205081
train,1353.tif,0.554099,22.4899,0.250939
train,13530.tif,0.719122,23.1121,0.255244
train,13531.tif,0.618295,22.7982,0.218192
train,13532.tif,0.525454,21.0524,0.239989
train,13533.tif,0.522044,20.5968,0.276649
train,13534.tif,0.579708,20.7408,0.272265
train,13535.tif,0.475245,18.9385,0.314992
train,13536.tif,0.51362,20.6078,0.303165
train,13537.tif,0.592574,21.5796,0.257812
train,13538.tif,0.591139,23.5016,0.309632
train,13539.tif,0.530913,20.9921,0.294325
train,1354.tif,0.603042,20.2372,0.259048
train,13540.tif,0.464859,19.4095,0.276132
train,13541.tif,0.609733,22.1099,0.264829
train,13542.tif,0.642834,24.0752,0.241281
train,13543.tif,0.59144,20.7015,0.30343
train,13544.tif,0.571659,21.9284,0.245762
train,13545.tif,0.538942,21.1963,0.292241
train,13546.tif,0.749019,24.9989,0.179351
train,13547.tif,0.642917,22.3089,0.22867
train,13548.tif,0.499789,19.7813,0.275673
train,13549.tif,0.567396,21.8678,0.262303
train,1355.tif,0.475294,19.4344,0.294307
train,13550.tif,0.686385,23.002,0.206082
train,13551.tif,0.505352,18.3563,0.350182
train,13552.tif,0.541877,21.7376,0.292374
train,13553.tif,0.593689,23.1392,0.254066
train,13554.tif,0.756958,22.7129,0.250956
train,13555.tif,0.353496,17.8902,0.51034
train,13556.tif,0.497875,20.4701,0.264731
train,13557.tif,0.606556,20.9932,0.280664
train,13558.tif,0.534898,20.6559,0.320778
train,13559.tif,0.547602,14.4572,0.34411
train,1356.tif,0.502807,20.6691,0.294384
train,13560.tif,0.647928,22.9576,0.256502
train,13561.tif,0.610757,22.4347,0.250168
train,13562.tif,0.597218,22.6511,0.26751
train,13563.tif,0.579048,20.545,0.278521
train,13564.tif,0.674589,23.0122,0.231831
train,13565.tif,0.666476,22.5267,0.220583
train,13566.tif,0.75724,24.1736,0.252359
train,13567.tif,0.563655,20.739,0.277803
train,13568.tif,0.508241,21.5878,0.31281
train,13569.tif,0.556058,22.0149,0.264978
train,1357.tif,0.45996,18.9113,0.28571
train,13570.tif,0.580116,22.486,0.267143
train,13571.tif,0.549171,21.8895,0.298613
train,13572.tif,0.576375,22.9565,0.288208
train,13573.tif,0.485798,20.7798,0.253065
train,13574.tif,0.474537,19.7446,0.283006
train,13575.tif,0.582358,21.3418,0.233167
train,13576.tif,0.537074,21.3129,0.286257
train,13577.tif,0.664428,22.9385,0.237258
train,13578.tif,0.63382,23.0703,0.242092
train,13579.tif,0.588556,21.6364,0.277478
train,1358.tif,0.522852,22.1335,0.272806
train,13580.tif,0.564276,19.4156,0.313823
train,13581.tif,0.521262,20.9641,0.293181
train,13582.tif,0.576991,19.958,0.268866
train,13583.tif,0.662399,23.4488,0.233911
train,13584.tif,0.79476,21.3514,0.235134
train,13585.tif,0.647044,21.4312,0.242003
train,13586.tif,0.690255,21.9464,0.20511
train,13587.tif,0.578754,22.5811,0.276995
train,13588.tif,0.570628,22.546,0.229762
train,13589.tif,0.508602,20.6715,0.323001
train,1359.tif,0.567,21.1273,0.257066
train,13590.tif,0.571708,20.149,0.272511
train,13591.tif,0.556346,20.5168,0.290933
train,13592.tif,0.677762,23.3386,0.219386
train,13593.tif,0.595065,21.9887,0.26206
train,13594.tif,0.563772,19.7907,0.271049
train,13595.tif,0.54408,21.4199,0.272917
train,13596.tif,0.588167,21.7154,0.269279
train,13597.tif,0.664993,23.7167,0.216461
train,13598.tif,0.525023,18.5483,0.327718
train,13599.tif,0.472838,18.4653,0.323782
train,136.tif,0.629191,19.7431,0.28087
train,1360.tif,0.340602,17.8764,0.336947
train,13600.tif,0.619348,23.0138,0.265598
train,13601.tif,0.555767,19.5343,0.252471
train,13602.tif,0.653279,22.9293,0.240818
train,13603.tif,0.561344,22.3481,0.29133
train,13604.tif,0.614441,18.2434,0.323943
train,13605.tif,0.642432,23.2569,0.28009
train,13606.tif,0.579462,21.4963,0.300255
train,13607.tif,0.600879,21.8218,0.287647
train,13608.tif,0.611736,21.2719,0.242802
train,13609.tif,0.586331,21.8009,0.268473
train,1361.tif,0.593037,17.9937,0.349881
train,13610.tif,0.641923,23.7747,0.243375
train,13611.tif,0.646322,20.3163,0.288911
train,13612.tif,0.591737,20.7603,0.259042
train,13613.tif,0.551247,19.8696,0.294957
train,13614.tif,0.596162,22.8445,0.245339
train,13615.tif,0.491182,19.6414,0.330361
train,13616.tif,0.522453,20.3851,0.264739
train,13617.tif,0.662926,23.1149,0.286027
train,13618.tif,0.483661,19.4568,0.302988
train,13619.tif,0.568242,21.7951,0.262056
train,1362.tif,0.551619,20.474,0.270988
train,13620.tif,0.511167,20.9616,0.31519
train,13621.tif,0.636966,21.94,0.258468
train,13622.tif,0.708251,22.5372,0.2242
train,13623.tif,0.594788,23.0853,0.269467
train,13624.tif,0.567056,21.1544,0.280191
train,13625.tif,0.571977,19.9112,0.329673
train,13626.tif,0.502397,19.5846,0.275677
train,13627.tif,0.681091,22.8708,0.229245
train,13628.tif,0.613108,22.1267,0.258928
train,13629.tif,0.596863,21.1886,0.269533
train,1363.tif,0.598954,22.1352,0.275807
train,13630.tif,0.707595,22.9063,0.373811
train,13631.tif,0.587948,23.0181,0.275423
train,13632.tif,0.639747,22.871,0.249836
train,13633.tif,0.543133,19.8806,0.310299
train,13634.tif,0.590284,22.295,0.234384
train,13635.tif,0.612826,21.9967,0.247137
train,13636.tif,0.675208,22.9356,0.222382
train,13637.tif,0.51121,19.7801,0.312186
train,13638.tif,0.71894,25.5073,0.248187
train,13639.tif,0.531213,18.5858,0.344189
train,1364.tif,0.657944,23.0689,0.272165
train,13640.tif,0.565417,19.4107,0.274853
train,13641.tif,0.634751,21.7743,0.264459
train,13642.tif,0.607902,22.4251,0.242322
train,13643.tif,0.518111,20.8327,0.283795
train,13644.tif,0.606544,23.0606,0.256768
train,13645.tif,0.652899,25.0015,0.267468
train,13646.tif,0.512112,20.4427,0.301432
train,13647.tif,0.603929,22.4869,0.250489
train,13648.tif,0.643098,20.8174,0.325026
train,13649.tif,0.544506,20.7175,0.287403
train,1365.tif,0.544898,22.8459,0.293841
train,13650.tif,0.585198,22.4745,0.296775
train,13651.tif,0.591384,22.8016,0.282137
train,13652.tif,0.567383,21.7441,0.277856
train,13653.tif,0.533611,13.787,0.448324
train,13654.tif,0.494006,20.6601,0.279323
train,13655.tif,0.657569,22.0729,0.230418
train,13656.tif,0.639773,22.6138,0.251622
train,13657.tif,0.498191,18.8544,0.302916
train,13658.tif,0.662592,22.3833,0.267634
train,13659.tif,0.737992,24.3325,0.182292
train,1366.tif,0.530182,22.5716,0.329201
train,13660.tif,0.526614,21.2558,0.258481
train,13661.tif,0.616076,22.6682,0.229087
train,13662.tif,0.535764,21.4148,0.254585
train,13663.tif,0.610616,19.8002,0.258816
train,13664.tif,0.620697,21.1362,0.294588
train,13665.tif,0.532819,20.7647,0.26941
train,13666.tif,0.609406,21.0384,0.236478
train,13667.tif,0.625794,21.3347,0.233297
train,13668.tif,0.512392,18.6377,0.335
train,13669.tif,0.534783,20.3822,0.330861
train,1367.tif,0.457795,20.2971,0.297419
train,13670.tif,0.594067,22.3584,0.256499
train,13671.tif,0.828786,23.1279,0.2029
train,13672.tif,0.753412,22.5106,0.233394
train,13673.tif,0.556263,21.8874,0.253094
train,13674.tif,0.505617,19.5638,0.274683
train,13675.tif,0.725294,22.8809,0.303353
train,13676.tif,0.619756,23.7936,0.252583
train,13677.tif,0.6901,23.8333,0.216465
train,13678.tif,0.657603,21.9286,0.207409
train,13679.tif,0.639199,21.7336,0.269895
train,1368.tif,0.52594,19.8783,0.274489
train,13680.tif,0.694078,23.744,0.217282
train,13681.tif,0.576469,21.1525,0.250924
train,13682.tif,0.536046,19.1319,0.330666
train,13683.tif,0.563578,20.842,0.283927
train,13684.tif,0.606483,23.0751,0.286119
train,13685.tif,0.693997,23.3667,0.181628
train,13686.tif,0.589051,19.9717,0.263334
train,13687.tif,0.53892,20.5588,0.249116
train,13688.tif,0.736441,23.1273,0.234471
train,13689.tif,0.563862,20.997,0.327139
train,1369.tif,0.593807,20.4277,0.270981
train,13690.tif,0.590517,22.9083,0.239544
train,13691.tif,0.514089,20.9021,0.259224
train,13692.tif,0.457649,21.191,0.238919
train,13693.tif,0.571181,21.0264,0.267693
train,13694.tif,0.487926,20.426,0.240809
train,13695.tif,0.503146,20.4256,0.306229
train,13696.tif,0.553133,21.1124,0.28353
train,13697.tif,0.49095,18.9159,0.274916
train,13698.tif,0.634339,23.6991,0.257538
train,13699.tif,0.500724,21.4228,0.262646
train,137.tif,0.613863,21.8032,0.27121
train,1370.tif,0.628506,19.1802,0.290514
train,13700.tif,0.590072,22.037,0.268147
train,13701.tif,0.662327,23.3809,0.258275
train,13702.tif,0.654829,22.1387,0.244774
train,13703.tif,0.590156,22.6809,0.317407
train,13704.tif,0.663756,23.5341,0.246285
train,13705.tif,0.552254,21.2869,0.310896
train,13706.tif,0.491473,18.7739,0.27427
train,13707.tif,0.553222,21.8054,0.261667
train,13708.tif,0.51542,20.0284,0.339088
train,13709.tif,0.517973,20.9909,0.366813
train,1371.tif,0.555742,23.4092,0.34374
train,13710.tif,0.561951,21.2938,0.273745
train,13711.tif,0.559363,19.851,0.28226
train,13712.tif,0.658339,22.4998,0.258537
train,13713.tif,0.732105,23.7047,0.234781
train,13714.tif,0.537599,20.2742,0.307498
train,13715.tif,0.494257,20.3342,0.303769
train,13716.tif,0.63934,22.4001,0.213269
train,13717.tif,0.779818,23.9007,0.424049
train,13718.tif,0.53494,21.0237,0.311688
train,13719.tif,0.643851,23.3459,0.227352
train,1372.tif,0.59554,23.0239,0.265647
train,13720.tif,0.69599,24.3899,0.223633
train,13721.tif,0.486347,19.1568,0.288558
train,13722.tif,0.543834,22.1235,0.241242
train,13723.tif,0.569691,16.3994,0.29842
train,13724.tif,0.624973,20.8357,0.236742
train,13725.tif,0.559502,22.1667,0.245525
train,13726.tif,0.611456,21.5576,0.293606
train,13727.tif,0.561536,21.5392,0.243832
train,13728.tif,0.665094,23.1334,0.325065
train,13729.tif,0.496553,20.5332,0.2528
train,1373.tif,0.797211,24.8846,0.181372
train,13730.tif,0.487613,19.9585,0.299356
train,13731.tif,0.539246,19.0138,0.281252
train,13732.tif,0.625685,22.2627,0.28561
train,13733.tif,0.683882,22.9711,0.215398
train,13734.tif,0.635275,21.337,0.292056
train,13735.tif,0.607741,22.5633,0.209291
train,13736.tif,0.589831,20.4301,0.295759
train,13737.tif,0.534194,20.9607,0.270382
train,13738.tif,0.506167,20.6174,0.28447
train,13739.tif,0.594704,22.481,0.238916
train,1374.tif,0.518382,18.9897,0.301156
train,13740.tif,0.522996,20.0491,0.331048
train,13741.tif,0.491273,19.693,0.297533
train,13742.tif,0.545283,23.4014,0.28012
train,13743.tif,0.548837,21.3003,0.286107
train,13744.tif,0.727733,24.2402,0.237382
train,13745.tif,0.522083,19.9516,0.264408
train,13746.tif,0.653717,21.8919,0.257164
train,13747.tif,0.608652,23.1751,0.223419
train,13748.tif,0.550777,20.8054,0.2715
train,13749.tif,0.594817,21.5925,0.248742
train,1375.tif,0.531172,21.5777,0.324958
train,13750.tif,0.578752,22.3952,0.240022
train,13751.tif,0.508962,19.1491,0.252312
train,13752.tif,0.65217,22.4699,0.233326
train,13753.tif,0.635352,21.8697,0.236656
train,13754.tif,0.701129,23.2625,0.233614
train,13755.tif,0.610988,23.6999,0.231221
train,13756.tif,0.554891,21.4411,0.256528
train,13757.tif,0.668559,24.4992,0.23291
train,13758.tif,0.57078,22.5304,0.234097
train,13759.tif,0.520948,21.8265,0.313443
train,1376.tif,0.61476,21.2049,0.255111
train,13760.tif,0.663237,19.6909,0.289447
train,13761.tif,0.594101,23.2179,0.219724
train,13762.tif,0.583256,21.1738,0.233113
train,13763.tif,0.61688,22.6594,0.248914
train,13764.tif,0.701852,23.6378,0.310329
train,13765.tif,0.838066,24.1208,0.161084
train,13766.tif,0.541326,21.4661,0.277368
train,13767.tif,0.270879,18.7827,0.512057
train,13768.tif,0.567884,21.5028,0.245933
train,13769.tif,0.57016,20.0861,0.264375
train,1377.tif,0.508095,21.4411,0.321671
train,13770.tif,0.596173,22.0706,0.220733
train,13771.tif,0.523642,21.3431,0.257775
train,13772.tif,0.607645,21.5499,0.255924
train,13773.tif,0.574563,22.4091,0.266883
train,13774.tif,0.50628,20.8292,0.28125
train,13775.tif,0.526706,21.276,0.266536
train,13776.tif,0.645427,22.304,0.229872
train,13777.tif,0.619984,21.769,0.253941
train,13778.tif,0.54186,20.8331,0.282477
train,13779.tif,0.681704,24.7504,0.241629
train,1378.tif,0.443773,21.1929,0.318654
train,13780.tif,0.552884,21.676,0.264101
train,13781.tif,0.622897,20.9804,0.245525
train,13782.tif,0.590512,22.4374,0.283002
train,13783.tif,0.578585,22.2371,0.221681
train,13784.tif,0.516326,21.0899,0.232143
train,13785.tif,0.499903,19.4509,0.321567
train,13786.tif,0.626664,22.0498,0.238487
train,13787.tif,0.598425,22.4861,0.243682
train,13788.tif,0.617476,22.8725,0.26612
train,13789.tif,0.51332,20.3431,0.31428
train,1379.tif,0.80833,23.2027,0.236127
train,13790.tif,0.593462,21.9343,0.24501
train,13791.tif,0.702816,23.0637,0.224558
train,13792.tif,0.527266,19.1071,0.303846
train,13793.tif,0.591582,21.3805,0.345243
train,13794.tif,0.669182,22.8733,0.226105
train,13795.tif,0.493396,19.6732,0.298613
train,13796.tif,0.523083,19.4604,0.310447
train,13797.tif,0.685779,23.4337,0.22664
train,13798.tif,0.477051,19.2458,0.29884
train,13799.tif,0.572644,21.7821,0.28108
train,138.tif,0.493277,20.1788,0.287968
train,1380.tif,0.57246,16.7245,0.290165
train,13800.tif,0.562749,21.2802,0.268414
train,13801.tif,0.760853,22.6256,0.209199
train,13802.tif,0.560532,21.8846,0.279442
train,13803.tif,0.552437,20.3077,0.285229
train,13804.tif,0.628627,23.4967,0.258736
train,13805.tif,0.611919,21.6843,0.239363
train,13806.tif,0.597806,23.2493,0.274074
train,13807.tif,0.719118,25.6094,0.236682
train,13808.tif,0.436282,19.7813,0.343636
train,13809.tif,0.528682,20.6004,0.260886
train,1381.tif,0.532346,18.029,0.283615
train,13810.tif,0.602736,23.3343,0.238554
train,13811.tif,0.529271,19.2139,0.244871
train,13812.tif,0.587787,21.7768,0.244656
train,13813.tif,0.592478,23.0891,0.27014
train,13814.tif,0.666449,22.671,0.232137
train,13815.tif,0.534806,20.6806,0.275376
train,13816.tif,0.562736,21.3921,0.251023
train,13817.tif,0.686927,24.026,0.223878
train,13818.tif,0.552933,21.1691,0.270228
train,13819.tif,0.708181,24.3886,0.20804
train,1382.tif,0.658743,25.4763,0.28379
train,13820.tif,0.577717,20.4148,0.286251
train,13821.tif,0.50355,19.8325,0.317549
train,13822.tif,0.704619,21.5238,0.257768
train,13823.tif,0.687234,23.8878,0.288825
train,13824.tif,0.578966,20.3866,0.242141
train,13825.tif,0.668088,21.0557,0.257182
train,13826.tif,0.573941,21.757,0.254638
train,13827.tif,0.496494,18.9202,0.304318
train,13828.tif,0.54672,22.3431,0.317411
train,13829.tif,0.598235,22.1871,0.23726
train,1383.tif,0.673698,19.6041,0.259205
train,13830.tif,0.546859,20.7151,0.27076
train,13831.tif,0.596025,21.9165,0.249129
train,13832.tif,0.706162,23.8504,0.223822
train,13833.tif,0.543375,21.6158,0.266545
train,13834.tif,0.471454,20.1604,0.299291
train,13835.tif,0.598024,22.1115,0.237872
train,13836.tif,0.516302,19.3246,0.278617
train,13837.tif,0.53689,21.6502,0.334321
train,13838.tif,0.50306,21.1163,0.258522
train,13839.tif,0.547275,21.0651,0.292699
train,1384.tif,0.50806,20.3728,0.281824
train,13840.tif,0.578435,21.2505,0.242565
train,13841.tif,0.677052,22.8817,0.247371
train,13842.tif,0.593992,20.379,0.241008
train,13843.tif,0.58442,21.0511,0.26115
train,13844.tif,0.561661,18.0109,0.280737
train,13845.tif,0.574839,21.2518,0.259698
train,13846.tif,0.657464,24.1608,0.212054
train,13847.tif,0.531747,20.6347,0.29733
train,13848.tif,0.578687,19.497,0.337408
train,13849.tif,0.712281,24.1136,0.222918
train,1385.tif,0.52667,18.2436,0.277055
train,13850.tif,0.608112,22.0587,0.273349
train,13851.tif,0.593201,22.6801,0.217935
train,13852.tif,0.571492,21.264,0.282759
train,13853.tif,0.617363,20.5001,0.322269
train,13854.tif,0.568068,22.3111,0.262663
train,13855.tif,0.585147,21.832,0.242747
train,13856.tif,0.68105,22.436,0.30436
train,13857.tif,0.516011,20.8089,0.304993
train,13858.tif,0.636073,22.5317,0.238242
train,13859.tif,0.63462,21.09,0.236396
train,1386.tif,0.591835,22.8092,0.314882
train,13860.tif,0.627642,19.6579,0.277443
train,13861.tif,0.600111,21.7245,0.23354
train,13862.tif,0.545754,20.3986,0.252699
train,13863.tif,0.543011,19.5946,0.310878
train,13864.tif,0.726136,25.5536,0.202099
train,13865.tif,0.656546,23.0393,0.226965
train,13866.tif,0.552869,20.5719,0.244011
train,13867.tif,0.623354,23.2386,0.229071
train,13868.tif,0.559056,22.842,0.253502
train,13869.tif,0.655375,22.0995,0.259321
train,1387.tif,0.674926,23.4626,0.261035
train,13870.tif,0.650082,23.3997,0.238467
train,13871.tif,0.65768,21.8222,0.257386
train,13872.tif,0.508286,20.8078,0.24926
train,13873.tif,0.537581,19.3509,0.286678
train,13874.tif,0.676089,23.408,0.238985
train,13875.tif,0.637148,22.6897,0.246947
train,13876.tif,0.664733,24.5851,0.22786
train,13877.tif,0.541163,20.9367,0.309131
train,13878.tif,0.527181,21.3061,0.261563
train,13879.tif,0.567694,21.4048,0.255489
train,1388.tif,0.581821,14.7453,0.319369
train,13880.tif,0.558843,19.2913,0.299606
train,13881.tif,0.697938,23.3722,0.229665
train,13882.tif,0.603918,22.4452,0.254515
train,13883.tif,0.583417,21.4793,0.245201
train,13884.tif,0.595754,21.4693,0.275126
train,13885.tif,0.572833,22.1254,0.253986
train,13886.tif,0.60782,23.0249,0.258701
train,13887.tif,0.597769,21.8706,0.325037
train,13888.tif,0.522391,19.1273,0.304849
train,13889.tif,0.529157,20.7158,0.2823
train,1389.tif,0.632747,24.7757,0.266978
train,13890.tif,0.549696,21.5033,0.301811
train,13891.tif,0.612115,23.3303,0.333505
train,13892.tif,0.592107,22.7894,0.263469
train,13893.tif,0.562449,22.0768,0.230914
train,13894.tif,0.65274,22.7086,0.237381
train,13895.tif,0.571413,22.5503,0.277724
train,13896.tif,0.667916,21.1477,0.202487
train,13897.tif,0.686877,22.6009,0.208407
train,13898.tif,0.63389,22.9397,0.235022
train,13899.tif,0.519542,17.4999,0.289643
train,139.tif,0.603845,19.8058,0.278772
train,1390.tif,0.537193,21.0628,0.280315
train,13900.tif,0.485454,21.439,0.238712
train,13901.tif,0.558644,20.6948,0.266457
train,13902.tif,0.667031,22.5097,0.235227
train,13903.tif,0.647805,21.1251,0.274723
train,13904.tif,0.653834,24.0696,0.257929
train,13905.tif,0.558472,21.1539,0.248357
train,13906.tif,0.693417,25.041,0.24571
train,13907.tif,0.84536,23.9471,0.227047
train,13908.tif,0.692138,23.6589,0.247939
train,13909.tif,0.622442,19.1384,0.285153
train,1391.tif,0.641823,20.8186,0.238504
train,13910.tif,0.592196,21.5315,0.266126
train,13911.tif,0.630975,20.7652,0.273981
train,13912.tif,0.67415,23.0763,0.252444
train,13913.tif,0.517449,20.7371,0.287662
train,13914.tif,0.629622,24.2475,0.260332
train,13915.tif,0.520533,19.8284,0.273732
train,13916.tif,0.472092,18.1119,0.377072
train,13917.tif,0.549536,21.8425,0.261313
train,13918.tif,0.526514,20.5536,0.243925
train,13919.tif,0.568882,18.7607,0.302834
train,1392.tif,0.520064,20.4758,0.309905
train,13920.tif,0.51182,19.8208,0.277184
train,13921.tif,0.608837,22.0272,0.32885
train,13922.tif,0.544709,21.0013,0.250394
train,13923.tif,0.63006,21.9738,0.241431
train,13924.tif,0.546854,21.733,0.273807
train,13925.tif,0.622132,22.4297,0.283002
train,13926.tif,0.527109,20.5985,0.278332
train,13927.tif,0.674324,24.2231,0.203554
train,13928.tif,0.557039,21.3252,0.276707
train,13929.tif,0.483291,20.8451,0.274619
train,1393.tif,0.556562,19.858,0.266058
train,13930.tif,0.614444,23.3631,0.234939
train,13931.tif,0.665794,23.2562,0.197821
train,13932.tif,0.577839,22.6437,0.25051
train,13933.tif,0.502612,19.4797,0.263215
train,13934.tif,0.827336,24.9229,0.196175
train,13935.tif,0.481332,19.0789,0.279205
train,13936.tif,0.586916,22.0243,0.239195
train,13937.tif,0.652696,22.8833,0.246349
train,13938.tif,0.519722,20.1198,0.297356
train,13939.tif,0.558519,22.945,0.314178
train,1394.tif,0.460833,21.945,0.40404
train,13940.tif,0.676024,21.9593,0.253339
train,13941.tif,0.608588,22.1202,0.23457
train,13942.tif,0.621452,23.2112,0.317404
train,13943.tif,0.501116,20.774,0.285064
train,13944.tif,0.643486,22.5929,0.275504
train,13945.tif,0.55562,21.8,0.302559
train,13946.tif,0.554166,21.0335,0.291965
train,13947.tif,0.608573,21.3209,0.273451
train,13948.tif,0.548548,22.5268,0.268941
train,13949.tif,0.605807,20.4446,0.315935
train,1395.tif,0.616,21.2613,0.263317
train,13950.tif,0.59849,21.2907,0.275738
train,13951.tif,0.62037,23.456,0.280824
train,13952.tif,0.569967,21.8232,0.2591
train,13953.tif,0.644282,22.9652,0.223708
train,13954.tif,0.66056,23.3291,0.263337
train,13955.tif,0.670811,21.3803,0.206019
train,13956.tif,0.619354,23.1549,0.264606
train,13957.tif,0.663834,23.494,0.278363
train,13958.tif,0.715534,24.2666,0.224526
train,13959.tif,0.576367,23.4767,0.258652
train,1396.tif,0.632429,21.5126,0.28612
train,13960.tif,0.628178,20.2659,0.213663
train,13961.tif,0.51585,21.3408,0.254989
train,13962.tif,0.690586,24.2052,0.275115
train,13963.tif,0.563666,19.7917,0.32455
train,13964.tif,0.642722,21.9801,0.25343
train,13965.tif,0.601215,22.8939,0.234646
train,13966.tif,0.595101,22.9222,0.303929
train,13967.tif,0.623882,21.4186,0.288488
train,13968.tif,0.678882,24.8383,0.23959
train,13969.tif,0.752971,23.5881,0.231297
train,1397.tif,0.490956,22.7721,0.357261
train,13970.tif,0.743636,23.0221,0.377957
train,13971.tif,0.833733,25.6029,0.301979
train,13972.tif,0.590732,22.9964,0.244593
train,13973.tif,0.538649,22.2325,0.296348
train,13974.tif,0.551275,21.7799,0.24586
train,13975.tif,0.611412,22.5033,0.229397
train,13976.tif,0.517092,21.1915,0.278792
train,13977.tif,0.469822,20.3148,0.307639
train,13978.tif,0.661479,22.1947,0.24489
train,13979.tif,0.636813,22.9404,0.237899
train,1398.tif,0.573022,22.454,0.340973
train,13980.tif,0.614536,20.8329,0.222443
train,13981.tif,0.653446,22.4515,0.298187
train,13982.tif,0.58586,21.7964,0.250502
train,13983.tif,0.531839,21.5188,0.268122
train,13984.tif,0.68985,22.9607,0.237009
train,13985.tif,0.600778,21.8763,0.304825
train,13986.tif,0.83118,24.8242,0.238493
train,13987.tif,0.479462,19.943,0.269509
train,13988.tif,0.52025,21.8397,0.27713
train,13989.tif,0.499743,20.4647,0.295296
train,1399.tif,0.595855,20.1396,0.243167
train,13990.tif,0.55255,21.1372,0.275992
train,13991.tif,0.610819,22.2922,0.244975
train,13992.tif,0.609404,21.8361,0.277095
train,13993.tif,0.485283,19.8518,0.340878
train,13994.tif,0.54092,21.1574,0.247817
train,13995.tif,0.655317,22.406,0.25504
train,13996.tif,0.719843,19.9395,0.350097
train,13997.tif,0.604608,22.5224,0.215108
train,13998.tif,0.58341,20.7475,0.267516
train,13999.tif,0.58322,21.5401,0.266757
train,14.tif,0.523785,17.8784,0.277497
train,140.tif,0.555883,19.7345,0.284159
train,1400.tif,0.646944,24.8015,0.308107
train,14000.tif,0.432428,18.7303,0.301102
train,14001.tif,0.539747,21.6804,0.237749
train,14002.tif,0.65755,23.0721,0.238504
train,14003.tif,0.495192,19.6479,0.307958
train,14004.tif,0.483776,20.1508,0.301035
train,14005.tif,0.576031,19.7965,0.283139
train,14006.tif,0.767239,22.4589,0.234552
train,14007.tif,0.702091,23.9132,0.215208
train,14008.tif,0.689463,23.0519,0.262228
train,14009.tif,0.582027,22.2642,0.252203
train,1401.tif,0.668201,23.4812,0.244031
train,14010.tif,0.659254,23.5899,0.230863
train,14011.tif,0.616833,21.6273,0.266278
train,14012.tif,0.552609,20.259,0.284619
train,14013.tif,0.490732,20.6831,0.243904
train,14014.tif,0.65881,23.6629,0.231123
train,14015.tif,0.54338,21.6743,0.251985
train,14016.tif,0.547232,19.8954,0.308366
train,14017.tif,0.638979,20.9404,0.222643
train,14018.tif,0.624579,22.929,0.240805
train,14019.tif,0.524595,19.7014,0.335061
train,1402.tif,0.746192,24.3933,0.237773
train,14020.tif,0.760513,22.8266,0.266502
train,14021.tif,0.597085,22.5158,0.267499
train,14022.tif,0.645269,24.2483,0.253141
train,14023.tif,0.556142,22.6049,0.254591
train,14024.tif,0.630838,22.5194,0.228693
train,14025.tif,0.554251,20.8056,0.29527
train,14026.tif,0.574101,22.0555,0.255558
train,14027.tif,0.569926,20.8925,0.295279
train,14028.tif,0.702151,23.4044,0.222012
train,14029.tif,0.601446,22.9271,0.268596
train,1403.tif,0.675224,23.1782,0.251307
train,14030.tif,0.569342,21.71,0.248486
train,14031.tif,0.539367,21.4997,0.251371
train,14032.tif,0.615097,21.4694,0.254925
train,14033.tif,0.534672,22.438,0.296658
train,14034.tif,0.683342,23.282,0.25915
train,14035.tif,0.555606,23.0063,0.248035
train,14036.tif,0.681255,22.101,0.263689
train,14037.tif,0.626581,21.8127,0.235093
train,14038.tif,0.540344,20.1991,0.282527
train,14039.tif,0.521897,19.2791,0.314173
train,1404.tif,0.722455,19.9499,0.241628
train,14040.tif,0.503612,21.8716,0.297861
train,14041.tif,0.541124,18.6327,0.320422
train,14042.tif,0.616236,22.2382,0.267207
train,14043.tif,0.51572,20.6072,0.270365
train,14044.tif,0.624132,20.7759,0.246471
train,14045.tif,0.580651,22.7523,0.305631
train,14046.tif,0.772574,22.8757,0.207843
train,14047.tif,0.552105,21.7451,0.274259
train,14048.tif,0.621237,21.9418,0.237159
train,14049.tif,0.555819,18.5266,0.296428
train,1405.tif,0.658289,22.948,0.279589
train,14050.tif,0.638312,22.8633,0.27415
train,14051.tif,0.647391,23.3535,0.229948
train,14052.tif,0.550089,21.8102,0.243839
train,14053.tif,0.6048,23.2045,0.216876
train,14054.tif,0.739534,25.5144,0.27323
train,14055.tif,0.561871,20.3374,0.2585
train,14056.tif,0.547904,21.0259,0.287669
train,14057.tif,0.562538,21.1571,0.339853
train,14058.tif,0.534627,21.4804,0.262979
train,14059.tif,0.482202,19.6001,0.422167
train,1406.tif,0.513639,18.7483,0.281919
train,14060.tif,0.514545,21.1296,0.234189
train,14061.tif,0.532786,20.9868,0.307561
train,14062.tif,0.677567,22.0283,0.22962
train,14063.tif,0.560369,21.8287,0.27291
train,14064.tif,0.567276,21.058,0.319116
train,14065.tif,0.675949,22.4864,0.238568
train,14066.tif,0.659107,23.2092,0.253624
train,14067.tif,0.524531,19.767,0.283032
train,14068.tif,0.597541,22.0815,0.269613
train,14069.tif,0.653895,21.6593,0.230505
train,1407.tif,0.514048,19.0594,0.254343
train,14070.tif,0.642588,23.0566,0.265515
train,14071.tif,0.665163,23.1483,0.215485
train,14072.tif,0.578584,21.2199,0.252524
train,14073.tif,0.546358,19.7423,0.252398
train,14074.tif,0.722667,24.3763,0.226695
train,14075.tif,0.597529,18.2595,0.252926
train,14076.tif,0.6068,17.9443,0.296654
train,14077.tif,0.580964,20.4076,0.249954
train,14078.tif,0.576362,18.6884,0.339164
train,14079.tif,0.566052,21.7223,0.246839
train,1408.tif,0.641493,23.6151,0.299781
train,14080.tif,0.815019,26.4266,0.217216
train,14081.tif,0.556866,20.9533,0.314195
train,14082.tif,0.530146,22.0847,0.295252
train,14083.tif,0.6769,22.7835,0.243824
train,14084.tif,0.575091,21.8792,0.259241
train,14085.tif,0.684442,23.7132,0.300951
train,14086.tif,0.485234,20.119,0.318293
train,14087.tif,0.506342,20.5135,0.284947
train,14088.tif,0.59619,22.1605,0.244022
train,14089.tif,0.636282,22.4515,0.22557
train,1409.tif,0.500561,20.0602,0.29934
train,14090.tif,0.590002,21.7966,0.300112
train,14091.tif,0.700063,23.8193,0.222059
train,14092.tif,0.674022,22.511,0.237573
train,14093.tif,0.651652,25.0851,0.255196
train,14094.tif,0.674544,24.0317,0.238391
train,14095.tif,0.635905,23.1034,0.246964
train,14096.tif,0.526083,20.6207,0.300007
train,14097.tif,0.67088,23.6067,0.247737
train,14098.tif,0.612551,23.3208,0.2946
train,14099.tif,0.643405,22.6106,0.229955
train,141.tif,0.620211,20.3377,0.276873
train,1410.tif,0.493308,18.41,0.278184
train,14100.tif,0.614721,21.7603,0.284137
train,14101.tif,0.535288,20.0165,0.263728
train,14102.tif,0.614084,22.9555,0.241122
train,14103.tif,0.553496,18.0722,0.333636
train,14104.tif,0.649918,23.8008,0.24555
train,14105.tif,0.566318,21.2922,0.246226
train,14106.tif,0.661088,23.8269,0.24122
train,14107.tif,0.624704,22.9842,0.277502
train,14108.tif,0.627038,23.507,0.222529
train,14109.tif,0.446603,19.5068,0.315324
train,1411.tif,0.620857,20.9609,0.291053
train,14110.tif,0.61902,18.0329,0.267475
train,14111.tif,0.786405,24.5599,0.309409
train,14112.tif,0.530051,20.7032,0.255272
train,14113.tif,0.628747,22.6902,0.239295
train,14114.tif,0.576176,22.9547,0.266473
train,14115.tif,0.625367,20.123,0.299479
train,14116.tif,0.632976,24.1147,0.269463
train,14117.tif,0.644553,22.912,0.195896
train,14118.tif,0.574363,19.2722,0.283487
train,14119.tif,0.592218,21.8894,0.245455
train,1412.tif,0.650739,22.9273,0.277015
train,14120.tif,0.614802,22.5747,0.268426
train,14121.tif,0.582591,22.1637,0.315738
train,14122.tif,0.644745,22.3721,0.24721
train,14123.tif,0.587362,18.2789,0.392259
train,14124.tif,0.774206,25.7657,0.236682
train,14125.tif,0.638115,22.9646,0.227394
train,14126.tif,0.564658,21.7063,0.297088
train,14127.tif,0.601003,24.1297,0.260873
train,14128.tif,0.643541,21.7051,0.263238
train,14129.tif,0.546027,20.011,0.295278
train,1413.tif,0.702533,22.7969,0.236946
train,14130.tif,0.594865,23.0899,0.243446
train,14131.tif,0.634616,20.8044,0.247265
train,14132.tif,0.60178,21.6112,0.278944
train,14133.tif,0.706822,23.9802,0.351805
train,14134.tif,0.690884,23.6687,0.219556
train,14135.tif,0.568419,22.0997,0.276028
train,14136.tif,0.51162,20.1146,0.317157
train,14137.tif,0.617166,21.8714,0.265533
train,14138.tif,0.521965,21.5374,0.294312
train,14139.tif,0.65697,24.4158,0.273563
train,1414.tif,0.542737,17.8037,0.302702
train,14140.tif,0.573215,22.1789,0.307931
train,14141.tif,0.654262,23.6268,0.252924
train,14142.tif,0.770062,26.0856,0.178503
train,14143.tif,0.6307,22.654,0.26403
train,14144.tif,0.547697,20.437,0.26716
train,14145.tif,0.702864,23.8,0.264634
train,14146.tif,0.605078,22.3646,0.263807
train,14147.tif,0.502498,20.3441,0.309379
train,14148.tif,0.590915,21.686,0.27225
train,14149.tif,0.623209,22.2455,0.233562
train,1415.tif,0.550316,18.853,0.272156
train,14150.tif,0.659659,23.6405,0.233064
train,14151.tif,0.648121,23.1106,0.223114
train,14152.tif,0.581782,21.6559,0.255303
train,14153.tif,0.51024,21.2521,0.286919
train,14154.tif,0.552652,21.3579,0.233546
train,14155.tif,0.564966,21.0297,0.355109
train,14156.tif,0.556593,20.7927,0.297826
train,14157.tif,0.701183,24.6119,0.209472
train,14158.tif,0.639559,23.504,0.235898
train,14159.tif,0.60042,22.6507,0.253108
train,1416.tif,0.680148,23.2573,0.259875
train,14160.tif,0.602187,22.3329,0.278584
train,14161.tif,0.648426,22.8377,0.24532
train,14162.tif,0.514518,20.6125,0.282746
train,14163.tif,0.574574,21.2089,0.227132
train,14164.tif,0.629707,21.2241,0.233516
train,14165.tif,0.58176,20.8145,0.322077
train,14166.tif,0.703004,24.6942,0.29224
train,14167.tif,0.584637,21.221,0.267121
train,14168.tif,0.63574,22.176,0.244026
train,14169.tif,0.596544,24.0626,0.273091
train,1417.tif,0.563055,21.8843,0.246181
train,14170.tif,0.564676,20.1278,0.284235
train,14171.tif,0.545242,21.6432,0.313513
train,14172.tif,0.620618,21.9061,0.250409
train,14173.tif,0.603566,22.782,0.23681
train,14174.tif,0.590869,23.5676,0.28619
train,14175.tif,0.532724,21.0437,0.308486
train,14176.tif,0.601574,22.8245,0.235867
train,14177.tif,0.664304,22.6578,0.237687
train,14178.tif,0.613853,21.4277,0.260703
train,14179.tif,0.571506,20.8712,0.280693
train,1418.tif,0.602633,21.2036,0.236972
train,14180.tif,0.604838,22.3018,0.259039
train,14181.tif,0.614292,19.782,0.28143
train,14182.tif,0.636137,22.9187,0.21596
train,14183.tif,0.54119,19.6627,0.313989
train,14184.tif,0.623387,21.5717,0.233982
train,14185.tif,0.537091,20.8647,0.303129
train,14186.tif,0.468001,19.4573,0.321347
train,14187.tif,0.622451,22.4497,0.266511
train,14188.tif,0.437197,19.9293,0.349866
train,14189.tif,0.62942,22.8027,0.238181
train,1419.tif,0.620125,20.7001,0.285322
train,14190.tif,0.59754,22.2925,0.345834
train,14191.tif,0.624304,21.9534,0.27689
train,14192.tif,0.586594,21.564,0.315765
train,14193.tif,0.672919,21.4736,0.302878
train,14194.tif,0.652648,23.0339,0.252055
train,14195.tif,0.538513,19.5211,0.277127
train,14196.tif,0.586044,22.1191,0.245252
train,14197.tif,0.755223,24.9149,0.248283
train,14198.tif,0.527859,20.9727,0.268434
train,14199.tif,0.668577,20.4227,0.233301
train,142.tif,0.490303,20.026,0.298404
train,1420.tif,0.621279,23.3965,0.263156
train,14200.tif,0.649814,21.1981,0.26719
train,14201.tif,0.750857,24.544,0.239219
train,14202.tif,0.487605,19.252,0.3029
train,14203.tif,0.574389,21.5574,0.28051
train,14204.tif,0.491832,17.361,0.328231
train,14205.tif,0.651039,24.7128,0.246918
train,14206.tif,0.582706,21.0884,0.25605
train,14207.tif,0.646596,22.1279,0.239222
train,14208.tif,0.676593,23.662,0.227583
train,14209.tif,0.637272,23.7133,0.249323
train,1421.tif,0.477845,19.3179,0.272525
train,14210.tif,0.590288,21.0371,0.30165
train,14211.tif,0.662723,22.8861,0.254627
train,14212.tif,0.641564,22.1344,0.250331
train,14213.tif,0.621968,24.0206,0.305209
train,14214.tif,0.552744,21.9734,0.249381
train,14215.tif,0.593269,20.9192,0.285236
train,14216.tif,0.669662,23.4667,0.233515
train,14217.tif,0.548209,20.0144,0.352401
train,14218.tif,0.567113,18.8635,0.319265
train,14219.tif,0.43775,16.8599,0.524801
train,1422.tif,0.470581,20.195,0.342733
train,14220.tif,0.57657,22.5909,0.275094
train,14221.tif,0.555561,19.5391,0.316781
train,14222.tif,0.519418,20.9859,0.258254
train,14223.tif,0.604542,22.202,0.274234
train,14224.tif,0.622799,23.7971,0.348417
train,14225.tif,0.549856,20.9888,0.309779
train,14226.tif,0.537179,20.6294,0.293566
train,14227.tif,0.589929,22.4486,0.264044
train,14228.tif,0.599499,22.7679,0.272876
train,14229.tif,0.509666,21.3648,0.304046
train,1423.tif,0.568436,24.583,0.296363
train,14230.tif,0.607841,22.844,0.270122
train,14231.tif,0.622412,22.9761,0.242344
train,14232.tif,0.696023,24.3776,0.228505
train,14233.tif,0.734465,18.8897,0.210851
train,14234.tif,0.548533,18.8262,0.305173
train,14235.tif,0.703582,24.1788,0.220047
train,14236.tif,0.60733,22.2928,0.240743
train,14237.tif,0.692771,24.1098,0.263763
train,14238.tif,0.558865,21.8326,0.280052
train,14239.tif,0.655011,23.9275,0.219966
train,1424.tif,0.464086,19.9347,0.302212
train,14240.tif,0.696909,23.6436,0.216615
train,14241.tif,0.610138,21.4035,0.261812
train,14242.tif,0.652299,23.7799,0.225649
train,14243.tif,0.664891,22.5619,0.279004
train,14244.tif,0.591869,20.0073,0.273085
train,14245.tif,0.599647,19.5587,0.26117
train,14246.tif,0.654154,21.552,0.239193
train,14247.tif,0.627402,23.0244,0.276892
train,14248.tif,0.619903,21.1078,0.232224
train,14249.tif,0.554605,22.4876,0.268915
train,1425.tif,0.542268,22.3222,0.301423
train,14250.tif,0.556992,20.8193,0.256905
train,14251.tif,0.562887,20.9559,0.288699
train,14252.tif,0.561498,22.0095,0.277149
train,14253.tif,0.658137,18.9659,0.314897
train,14254.tif,0.587288,22.6901,0.262609
train,14255.tif,0.632709,23.0826,0.235086
train,14256.tif,0.546167,21.6081,0.273747
train,14257.tif,0.811831,26.3245,0.278931
train,14258.tif,0.717519,24.0933,0.214918
train,14259.tif,0.543161,21.0101,0.300619
train,1426.tif,0.758319,22.6003,0.255032
train,14260.tif,0.612352,21.1021,0.237139
train,14261.tif,0.636474,22.0116,0.248941
train,14262.tif,0.571736,20.6323,0.283152
train,14263.tif,0.490921,20.6305,0.288146
train,14264.tif,0.537342,20.6313,0.271559
train,14265.tif,0.695553,24.0551,0.223673
train,14266.tif,0.535173,23.3758,0.303825
train,14267.tif,0.690504,22.4434,0.222468
train,14268.tif,0.606646,22.0572,0.234055
train,14269.tif,0.52942,18.5165,0.322159
train,1427.tif,0.417533,20.0716,0.277256
train,14270.tif,0.607433,22.5038,0.286248
train,14271.tif,0.677864,23.9049,0.244224
train,14272.tif,0.563054,22.4203,0.280312
train,14273.tif,0.581669,22.018,0.24256
train,14274.tif,0.627204,24.2556,0.266368
train,14275.tif,0.599878,20.7243,0.316124
train,14276.tif,0.477437,18.866,0.444848
train,14277.tif,0.614592,21.0399,0.279717
train,14278.tif,0.467945,21.4799,0.289618
train,14279.tif,0.533532,21.255,0.299499
train,1428.tif,0.502056,18.7946,0.309685
train,14280.tif,0.618843,23.0735,0.285326
train,14281.tif,0.704012,24.4437,0.243658
train,14282.tif,0.579568,22.9925,0.309505
train,14283.tif,0.632979,22.4881,0.253082
train,14284.tif,0.511326,21.1615,0.301119
train,14285.tif,0.665704,22.5999,0.263112
train,14286.tif,0.776204,21.5399,0.231722
train,14287.tif,0.569276,21.6473,0.254
train,14288.tif,0.460868,19.5098,0.327459
train,14289.tif,0.600888,21.401,0.299394
train,1429.tif,0.607111,20.5149,0.243962
train,14290.tif,0.701831,22.4757,0.242782
train,14291.tif,0.619902,22.743,0.237258
train,14292.tif,0.540353,19.3557,0.259609
train,14293.tif,0.589833,21.3629,0.300276
train,14294.tif,0.524418,19.3494,0.276875
train,14295.tif,0.608079,22.2194,0.270198
train,14296.tif,0.556191,21.4562,0.308426
train,14297.tif,0.381747,19.3544,0.548655
train,14298.tif,0.643085,22.1278,0.236704
train,14299.tif,0.567473,18.3361,0.278074
train,143.tif,0.525208,16.5021,0.306017
train,1430.tif,0.573805,21.6335,0.277397
train,14300.tif,0.695701,22.632,0.241944
train,14301.tif,0.604297,21.0782,0.269845
train,14302.tif,0.677152,23.3458,0.25332
train,14303.tif,0.5676,21.2019,0.268962
train,14304.tif,0.617004,21.7496,0.281838
train,14305.tif,0.679514,23.7644,0.258495
train,14306.tif,0.571118,22.193,0.31122
train,14307.tif,0.536222,21.5385,0.252731
train,14308.tif,0.534873,20.0126,0.32595
train,14309.tif,0.663495,23.191,0.247438
train,1431.tif,0.759186,22.0538,0.212276
train,14310.tif,0.61845,20.5009,0.276293
train,14311.tif,0.519651,19.7679,0.342411
train,14312.tif,0.538544,22.837,0.288002
train,14313.tif,0.532632,20.4739,0.279233
train,14314.tif,0.733157,23.9495,0.196551
train,14315.tif,0.66844,22.3216,0.23728
train,14316.tif,0.657535,24.1398,0.240977
train,14317.tif,0.553294,21.0424,0.337501
train,14318.tif,0.673608,22.9036,0.244427
train,14319.tif,0.518561,19.8871,0.316521
train,1432.tif,0.54599,20.8606,0.300335
train,14320.tif,0.606519,21.9696,0.302049
train,14321.tif,0.646696,23.1636,0.205413
train,14322.tif,0.618544,22.8986,0.272586
train,14323.tif,0.622147,21.8923,0.233566
train,14324.tif,0.668011,23.2771,0.280603
train,14325.tif,0.548179,20.9804,0.305951
train,14326.tif,0.689748,23.5887,0.208279
train,14327.tif,0.525924,19.7521,0.29901
train,14328.tif,0.482634,19.654,0.270968
train,14329.tif,0.685475,24.1789,0.243996
train,1433.tif,0.562425,21.6545,0.324604
train,14330.tif,0.669965,22.5795,0.230797
train,14331.tif,0.588097,22.6836,0.251638
train,14332.tif,0.643107,22.511,0.282337
train,14333.tif,0.531719,20.9787,0.272226
train,14334.tif,0.801674,24.6022,0.231837
train,14335.tif,0.627163,23.4171,0.281216
train,14336.tif,0.637717,24.1927,0.258912
train,14337.tif,0.561502,21.8866,0.225781
train,14338.tif,0.563164,21.4944,0.281354
train,14339.tif,0.740392,23.9614,0.205367
train,1434.tif,0.500264,20.0423,0.283518
train,14340.tif,0.665852,22.6239,0.252962
train,14341.tif,0.554503,21.6146,0.266267
train,14342.tif,0.614884,22.9693,0.283953
train,14343.tif,0.668857,24.864,0.217307
train,14344.tif,0.689644,24.1775,0.208588
train,14345.tif,0.623616,22.2647,0.243266
train,14346.tif,0.708287,24.6901,0.252841
train,14347.tif,0.761946,23.7888,0.240804
train,14348.tif,0.527977,20.4259,0.267376
train,14349.tif,0.681456,23.2471,0.23269
train,1435.tif,0.453651,17.3592,0.284545
train,14350.tif,0.615424,21.8234,0.242138
train,14351.tif,0.612622,21.4797,0.354512
train,14352.tif,0.58989,20.7571,0.31654
train,14353.tif,0.55194,21.6517,0.275719
train,14354.tif,0.767164,24.0162,0.308513
train,14355.tif,0.578644,20.5935,0.265138
train,14356.tif,0.594436,21.2309,0.232939
train,14357.tif,0.653664,22.4804,0.251538
train,14358.tif,0.506286,19.9438,0.306487
train,14359.tif,0.629852,22.3544,0.237894
train,1436.tif,0.514037,19.7084,0.303655
train,14360.tif,0.593659,22.3354,0.29357
train,14361.tif,0.571187,22.3337,0.222389
train,14362.tif,0.624922,22.576,0.301262
train,14363.tif,0.573252,21.8276,0.230882
train,14364.tif,0.635765,23.1839,0.239417
train,14365.tif,0.646764,23.2891,0.206049
train,14366.tif,0.616638,21.9845,0.338719
train,14367.tif,0.689071,22.5952,0.208184
train,14368.tif,0.632089,22.625,0.230516
train,14369.tif,0.672831,22.793,0.209158
train,1437.tif,0.521425,20.8901,0.247054
train,14370.tif,0.577906,21.3838,0.32515
train,14371.tif,0.541121,20.2361,0.330395
train,14372.tif,0.533134,20.6237,0.282494
train,14373.tif,0.630536,22.0069,0.262056
train,14374.tif,0.558671,21.6268,0.274398
train,14375.tif,0.649851,21.358,0.345684
train,14376.tif,0.574632,21.0462,0.300313
train,14377.tif,0.816138,26.091,0.262375
train,14378.tif,0.649296,21.9224,0.285238
train,14379.tif,0.533474,22.3095,0.310663
train,1438.tif,0.530036,19.7661,0.281536
train,14380.tif,0.566782,21.7753,0.256108
train,14381.tif,0.594795,22.1994,0.250748
train,14382.tif,0.738553,24.5729,0.245379
train,14383.tif,0.602174,22.496,0.271436
train,14384.tif,0.687339,24.2836,0.223791
train,14385.tif,0.692975,23.427,0.239581
train,14386.tif,0.560485,22.0617,0.294935
train,14387.tif,0.685019,23.8657,0.211013
train,14388.tif,0.577766,20.1518,0.280462
train,14389.tif,0.667379,23.9937,0.248874
train,1439.tif,0.658225,20.199,0.286121
train,14390.tif,0.658426,22.1702,0.216092
train,14391.tif,0.664194,24.0738,0.258187
train,14392.tif,0.25121,17.2294,0.570238
train,14393.tif,0.786917,24.7494,0.242918
train,14394.tif,0.617895,23.4397,0.23792
train,14395.tif,0.546955,20.2761,0.23562
train,14396.tif,0.572125,21.716,0.327211
train,14397.tif,0.526404,20.4014,0.32394
train,14398.tif,0.572518,21.3903,0.320704
train,14399.tif,0.672078,24.5529,0.2317
train,144.tif,0.540934,19.9187,0.273153
train,1440.tif,0.553905,22.2182,0.286188
train,14400.tif,0.57539,22.1647,0.23498
train,14401.tif,0.626961,22.909,0.24094
train,14402.tif,0.603031,22.9875,0.289991
train,14403.tif,0.598103,21.5967,0.251794
train,14404.tif,0.735852,23.3929,0.268174
train,14405.tif,0.577411,21.2902,0.253241
train,14406.tif,0.511817,20.9381,0.265018
train,14407.tif,0.713099,22.9981,0.288661
train,14408.tif,0.644471,21.0259,0.264662
train,14409.tif,0.673976,23.4622,0.235364
train,1441.tif,0.61764,20.6565,0.250315
train,14410.tif,0.74883,24.7959,0.217589
train,14411.tif,0.510479,19.6646,0.30858
train,14412.tif,0.714841,24.986,0.3455
train,14413.tif,0.684378,23.9469,0.216621
train,14414.tif,0.52977,19.4013,0.312471
train,14415.tif,0.509298,20.0355,0.286988
train,14416.tif,0.717494,22.2251,0.269728
train,14417.tif,0.608802,21.17,0.26612
train,14418.tif,0.519044,20.7788,0.313343
train,14419.tif,0.615956,22.5105,0.301377
train,1442.tif,0.449577,18.1496,0.302919
train,14420.tif,0.497758,20.8164,0.275796
train,14421.tif,0.525643,21.7282,0.310351
train,14422.tif,0.636353,22.7963,0.231768
train,14423.tif,0.538162,19.4796,0.300313
train,14424.tif,0.557029,20.3287,0.274354
train,14425.tif,0.673604,23.6545,0.229614
train,14426.tif,0.594513,21.8476,0.265746
train,14427.tif,0.799325,23.7759,0.214437
train,14428.tif,0.616135,20.6008,0.254721
train,14429.tif,0.671857,24.3707,0.216494
train,1443.tif,0.769582,25.4207,0.237956
train,14430.tif,0.711862,25.487,0.26814
train,14431.tif,0.603965,21.8475,0.263006
train,14432.tif,0.509899,20.7163,0.280986
train,14433.tif,0.644719,23.957,0.284466
train,14434.tif,0.565673,21.2574,0.248608
train,14435.tif,0.638414,23.4527,0.235717
train,14436.tif,0.647446,24.4612,0.285115
train,14437.tif,0.765891,24.7307,0.211835
train,14438.tif,0.592263,21.3471,0.244236
train,14439.tif,0.604245,21.1001,0.266152
train,1444.tif,0.411686,17.443,0.294614
train,14440.tif,0.749121,24.5194,0.241806
train,14441.tif,0.525581,21.3642,0.274752
train,14442.tif,0.627755,23.5702,0.222355
train,14443.tif,0.574286,21.5732,0.243598
train,14444.tif,0.620939,21.0965,0.273743
train,14445.tif,0.675017,23.1036,0.26215
train,14446.tif,0.577815,22.1465,0.28917
train,14447.tif,0.574327,21.1102,0.257372
train,14448.tif,0.715943,23.7615,0.251929
train,14449.tif,0.546832,20.5356,0.26848
train,1445.tif,0.512759,20.1193,0.275435
train,14450.tif,0.503772,19.1718,0.327276
train,14451.tif,0.543453,20.5737,0.269809
train,14452.tif,0.698148,24.3888,0.215039
train,14453.tif,0.581671,23.2489,0.243804
train,14454.tif,0.549596,20.717,0.310138
train,14455.tif,0.61242,22.9939,0.277982
train,14456.tif,0.529979,20.7198,0.278745
train,14457.tif,0.585522,23.0354,0.24119
train,14458.tif,0.811363,24.2401,0.220321
train,14459.tif,0.609255,22.3522,0.238146
train,1446.tif,0.598538,21.0187,0.272329
train,14460.tif,0.684938,24.8486,0.238303
train,14461.tif,0.606398,21.1063,0.258149
train,14462.tif,0.78046,24.4392,0.222761
train,14463.tif,0.643999,23.9516,0.256607
train,14464.tif,0.616716,21.2638,0.300584
train,14465.tif,0.590259,22.8261,0.272421
train,14466.tif,0.600151,21.7965,0.291476
train,14467.tif,0.607875,22.2283,0.281316
train,14468.tif,0.549323,22.2185,0.243417
train,14469.tif,0.582663,22.0228,0.278183
train,1447.tif,0.527173,20.7014,0.251296
train,14470.tif,0.703103,22.787,0.246194
train,14471.tif,0.591798,21.6228,0.280705
train,14472.tif,0.58749,22.4624,0.269265
train,14473.tif,0.573994,19.4346,0.291394
train,14474.tif,0.556546,21.8101,0.288386
train,14475.tif,0.597622,21.0316,0.300818
train,14476.tif,0.662908,22.8898,0.226357
train,14477.tif,0.695845,24.2397,0.231806
train,14478.tif,0.655655,22.677,0.226269
train,14479.tif,0.607779,22.1285,0.295909
train,1448.tif,0.821636,23.6342,0.200859
train,14480.tif,0.571077,22.1513,0.271636
train,14481.tif,0.646437,23.3917,0.245235
train,14482.tif,0.611196,21.7377,0.262298
train,14483.tif,0.576375,20.3721,0.308825
train,14484.tif,0.570654,22.6808,0.272751
train,14485.tif,0.618951,22.7968,0.235911
train,14486.tif,0.565652,22.1651,0.239663
train,14487.tif,0.572432,21.3313,0.284447
train,14488.tif,0.562114,23.6849,0.313554
train,14489.tif,0.600435,22.4903,0.266327
train,1449.tif,0.543169,19.71,0.273689
train,14490.tif,0.65937,24.2576,0.25111
train,14491.tif,0.661309,24.3408,0.212137
train,14492.tif,0.258136,18.243,0.59251
train,14493.tif,0.54119,21.925,0.290375
train,14494.tif,0.650313,23.281,0.218479
train,14495.tif,0.58058,21.7761,0.278976
train,14496.tif,0.556518,19.8764,0.275724
train,14497.tif,0.529159,21.4977,0.24745
train,14498.tif,0.701461,25.3356,0.203275
train,14499.tif,0.674895,21.0464,0.215492
train,145.tif,0.494714,21.6528,0.271833
train,1450.tif,0.713175,21.3552,0.298925
train,14500.tif,0.566199,21.387,0.300967
train,14501.tif,0.64085,22.7497,0.273223
train,14502.tif,0.544279,22.7646,0.293785
train,14503.tif,0.518128,20.1311,0.246901
train,14504.tif,0.614834,23.3212,0.226797
train,14505.tif,0.467125,20.2917,0.308293
train,14506.tif,0.612955,19.5671,0.298194
train,14507.tif,0.783151,23.6564,0.240733
train,14508.tif,0.669919,24.2948,0.222815
train,14509.tif,0.59724,20.8278,0.264976
train,1451.tif,0.430426,16.8951,0.318777
train,14510.tif,0.605335,22.8409,0.228058
train,14511.tif,0.67535,23.9965,0.230433
train,14512.tif,0.682006,23.6374,0.225174
train,14513.tif,0.695885,23.6594,0.244718
train,14514.tif,0.544758,20.3741,0.274762
train,14515.tif,0.503967,20.7153,0.279481
train,14516.tif,0.746342,25.0528,0.304543
train,14517.tif,0.651218,22.1512,0.231739
train,14518.tif,0.467911,19.5549,0.289114
train,14519.tif,0.525849,21.553,0.2886
train,1452.tif,0.594283,21.2673,0.255977
train,14520.tif,0.430754,20.0805,0.490657
train,14521.tif,0.603129,21.0247,0.241884
train,14522.tif,0.526315,20.8104,0.294113
train,14523.tif,0.503482,21.6562,0.267403
train,14524.tif,0.62059,22.8598,0.286866
train,14525.tif,0.648643,21.0826,0.243933
train,14526.tif,0.581904,22.4115,0.258055
train,14527.tif,0.633048,23.1065,0.271007
train,14528.tif,0.543605,20.3312,0.329251
train,14529.tif,0.68275,24.4001,0.241013
train,1453.tif,0.594009,22.2256,0.239452
train,14530.tif,0.605385,23.2928,0.272862
train,14531.tif,0.684399,23.9597,0.226354
train,14532.tif,0.568809,21.9503,0.300077
train,14533.tif,0.631492,22.8288,0.220454
train,14534.tif,0.548528,21.798,0.287617
train,14535.tif,0.617638,21.9506,0.343964
train,14536.tif,0.670112,23.246,0.24033
train,14537.tif,0.61271,22.0139,0.264937
train,14538.tif,0.599993,21.4538,0.250443
train,14539.tif,0.621483,22.5578,0.25242
train,1454.tif,0.679741,21.792,0.27641
train,14540.tif,0.651334,23.6386,0.271717
train,14541.tif,0.581512,20.9395,0.259808
train,14542.tif,0.513541,17.4682,0.306857
train,14543.tif,0.577913,23.1148,0.292605
train,14544.tif,0.562429,21.8982,0.267703
train,14545.tif,0.566727,21.6096,0.288513
train,14546.tif,0.612197,22.4289,0.240225
train,14547.tif,0.605164,21.584,0.291977
train,14548.tif,0.622926,23.5235,0.258446
train,14549.tif,0.534612,20.404,0.284841
train,1455.tif,0.562811,19.7942,0.275841
train,14550.tif,0.645977,20.5818,0.339955
train,14551.tif,0.794567,25.0462,0.213031
train,14552.tif,0.668732,20.9803,0.24521
train,14553.tif,0.612034,23.0593,0.252918
train,14554.tif,0.601037,20.9262,0.281778
train,14555.tif,0.573501,22.5852,0.262765
train,14556.tif,0.681805,23.9261,0.341306
train,14557.tif,0.610936,23.2315,0.244007
train,14558.tif,0.679985,24.7189,0.309701
train,14559.tif,0.558096,19.2088,0.311804
train,1456.tif,0.631458,24.3228,0.284153
train,14560.tif,0.544044,19.4734,0.338663
train,14561.tif,0.513234,20.8538,0.303697
train,14562.tif,0.617997,22.7413,0.29917
train,14563.tif,0.493584,20.4015,0.265513
train,14564.tif,0.640204,22.5236,0.327572
train,14565.tif,0.568808,21.5043,0.304914
train,14566.tif,0.549633,22.2001,0.270745
train,14567.tif,0.571348,21.9435,0.249157
train,14568.tif,0.682586,23.1087,0.221289
train,14569.tif,0.582751,23.6552,0.324625
train,1457.tif,0.577285,22.8313,0.23937
train,14570.tif,0.506352,20.311,0.325836
train,14571.tif,0.569562,21.171,0.279698
train,14572.tif,0.495665,22.7711,0.313969
train,14573.tif,0.577348,23.0304,0.326264
train,14574.tif,0.696564,23.3455,0.26323
train,14575.tif,0.729697,21.2759,0.32848
train,14576.tif,0.650423,22.2368,0.263235
train,14577.tif,0.66203,22.7331,0.222708
train,14578.tif,0.582461,22.6872,0.285065
train,14579.tif,0.562528,22.235,0.248367
train,1458.tif,0.439234,18.3675,0.287551
train,14580.tif,0.680847,23.0863,0.226217
train,14581.tif,0.583944,20.8898,0.306918
train,14582.tif,0.635121,22.603,0.270321
train,14583.tif,0.615444,22.8069,0.254836
train,14584.tif,0.58869,23.045,0.280065
train,14585.tif,0.550388,19.5175,0.341762
train,14586.tif,0.626958,21.7466,0.295962
train,14587.tif,0.682929,24.8677,0.230237
train,14588.tif,0.659765,23.1739,0.220019
train,14589.tif,0.577504,22.273,0.254087
train,1459.tif,0.621548,23.7032,0.224025
train,14590.tif,0.639447,21.2225,0.251957
train,14591.tif,0.476326,20.7475,0.343111
train,14592.tif,0.801862,25.8646,0.246565
train,14593.tif,0.693298,23.1922,0.231251
train,14594.tif,0.259223,18.8374,0.520879
train,14595.tif,0.590115,18.7779,0.274237
train,14596.tif,0.526463,19.639,0.297211
train,14597.tif,0.562444,21.3472,0.274976
train,14598.tif,0.512349,20.9503,0.269647
train,14599.tif,0.702706,24.7199,0.234334
train,146.tif,0.673953,22.3855,0.272054
train,1460.tif,0.650024,22.5347,0.230851
train,14600.tif,0.579421,21.0897,0.266775
train,14601.tif,0.352519,18.0079,0.495405
train,14602.tif,0.598139,23.3116,0.274298
train,14603.tif,0.64982,22.2223,0.247516
train,14604.tif,0.537257,20.2797,0.302146
train,14605.tif,0.56266,21.8941,0.306202
train,14606.tif,0.527255,20.5745,0.310905
train,14607.tif,0.619536,21.6035,0.280321
train,14608.tif,0.560611,19.3495,0.364275
train,14609.tif,0.52384,19.1944,0.306944
train,1461.tif,0.658062,22.8364,0.216085
train,14610.tif,0.610467,22.8953,0.264306
train,14611.tif,0.648746,23.2132,0.210352
train,14612.tif,0.74944,24.7856,0.241201
train,14613.tif,0.710423,22.9376,0.23298
train,14614.tif,0.623039,22.0252,0.201297
train,14615.tif,0.582692,19.8656,0.344652
train,14616.tif,0.702059,24.3193,0.277598
train,14617.tif,0.651743,23.2448,0.273088
train,14618.tif,0.669908,21.6705,0.248903
train,14619.tif,0.664289,22.5891,0.212442
train,1462.tif,0.558873,21.9034,0.318043
train,14620.tif,0.54312,21.9909,0.278688
train,14621.tif,0.584776,23.2452,0.2687
train,14622.tif,0.693512,22.6687,0.210904
train,14623.tif,0.766645,24.6626,0.212452
train,14624.tif,0.692931,23.6746,0.205088
train,14625.tif,0.508644,19.9984,0.27783
train,14626.tif,0.629816,22.3744,0.249554
train,14627.tif,0.558692,20.3458,0.266195
train,14628.tif,0.592592,19.755,0.334039
train,14629.tif,0.632136,23.0574,0.289778
train,1463.tif,0.578235,18.4024,0.280975
train,14630.tif,0.564221,21.7747,0.253219
train,14631.tif,0.580752,22.2487,0.285075
train,14632.tif,0.727725,25.3266,0.216414
train,14633.tif,0.535218,20.809,0.250075
train,14634.tif,0.582395,18.1169,0.297365
train,14635.tif,0.703785,24.4544,0.247302
train,14636.tif,0.639626,23.1348,0.25713
train,14637.tif,0.487777,19.8274,0.294015
train,14638.tif,0.635113,21.747,0.26682
train,14639.tif,0.540341,20.382,0.329204
train,1464.tif,0.602863,19.687,0.314032
train,14640.tif,0.562139,19.7274,0.265542
train,14641.tif,0.571642,22.1225,0.270149
train,14642.tif,0.635765,22.2569,0.249331
train,14643.tif,0.570034,21.3809,0.294961
train,14644.tif,0.662648,21.9777,0.25158
train,14645.tif,0.616737,22.0782,0.250085
train,14646.tif,0.721097,23.3634,0.236406
train,14647.tif,0.667937,21.5584,0.239257
train,14648.tif,0.60882,24.5616,0.314609
train,14649.tif,0.613897,23.1477,0.237647
train,1465.tif,0.654726,23.0836,0.311187
train,14650.tif,0.578761,21.1935,0.2438
train,14651.tif,0.650713,23.2513,0.242979
train,14652.tif,0.638981,22.6819,0.272295
train,14653.tif,0.512772,20.8401,0.276629
train,14654.tif,0.722656,23.7544,0.199352
train,14655.tif,0.605465,22.8039,0.241901
train,14656.tif,0.48023,20.0344,0.301921
train,14657.tif,0.602127,22.1659,0.278969
train,14658.tif,0.502577,20.1199,0.285506
train,14659.tif,0.521559,22.1446,0.302232
train,1466.tif,0.599492,20.2718,0.27412
train,14660.tif,0.756828,23.9588,0.205742
train,14661.tif,0.589759,21.299,0.267905
train,14662.tif,0.667615,22.4739,0.240141
train,14663.tif,0.632572,23.4103,0.219722
train,14664.tif,0.582105,17.4254,0.372814
train,14665.tif,0.524638,19.2232,0.265542
train,14666.tif,0.639356,23.0342,0.261227
train,14667.tif,0.614402,23.045,0.249691
train,14668.tif,0.539149,19.3552,0.296749
train,14669.tif,0.685353,22.9891,0.210657
train,1467.tif,0.573246,20.8999,0.269323
train,14670.tif,0.541489,20.6236,0.308518
train,14671.tif,0.801189,25.3438,0.234116
train,14672.tif,0.576683,21.7795,0.263203
train,14673.tif,0.667683,18.5879,0.272685
train,14674.tif,0.511983,21.4429,0.263119
train,14675.tif,0.651764,23.4651,0.255207
train,14676.tif,0.539116,20.4673,0.301856
train,14677.tif,0.770962,23.8093,0.232556
train,14678.tif,0.597687,21.9907,0.242043
train,14679.tif,0.634479,20.6768,0.25181
train,1468.tif,0.505506,22.3088,0.299435
train,14680.tif,0.515419,20.4649,0.265612
train,14681.tif,0.550803,19.977,0.267576
train,14682.tif,0.574662,20.6797,0.284212
train,14683.tif,0.524428,20.2866,0.321722
train,14684.tif,0.665653,23.5144,0.208495
train,14685.tif,0.592939,21.4602,0.286495
train,14686.tif,0.662703,22.8955,0.260491
train,14687.tif,0.553162,20.2887,0.316834
train,14688.tif,0.545684,21.6853,0.236754
train,14689.tif,0.754354,25.5909,0.208238
train,1469.tif,0.588039,19.2645,0.254347
train,14690.tif,0.662161,23.2795,0.232475
train,14691.tif,0.692807,24.0466,0.237208
train,14692.tif,0.659137,22.5172,0.254651
train,14693.tif,0.642334,22.6684,0.243401
train,14694.tif,0.475704,19.2537,0.340644
train,14695.tif,0.59518,23.0213,0.305102
train,14696.tif,0.61417,21.9915,0.275094
train,14697.tif,0.59487,21.1304,0.266228
train,14698.tif,0.635101,23.4645,0.257459
train,14699.tif,0.714503,23.504,0.234007
train,147.tif,0.532673,20.0779,0.298062
train,1470.tif,0.627379,21.7346,0.273593
train,14700.tif,0.559415,21.1488,0.278496
train,14701.tif,0.608587,21.3091,0.311145
train,14702.tif,0.656197,22.0836,0.245141
train,14703.tif,0.716203,23.7067,0.202696
train,14704.tif,0.535977,20.9896,0.276063
train,14705.tif,0.623185,20.8549,0.259576
train,14706.tif,0.554194,20.159,0.291779
train,14707.tif,0.661708,23.9688,0.308074
train,14708.tif,0.687113,23.5779,0.206081
train,14709.tif,0.493586,21.4278,0.315316
train,1471.tif,0.573508,17.9815,0.31277
train,14710.tif,0.620786,22.0021,0.246337
train,14711.tif,0.531359,19.2832,0.287275
train,14712.tif,0.561468,21.7729,0.302325
train,14713.tif,0.817921,23.0358,0.251455
train,14714.tif,0.655441,23.4964,0.240995
train,14715.tif,0.629062,21.9993,0.253213
train,14716.tif,0.625539,21.5223,0.268212
train,14717.tif,0.54562,21.3505,0.2621
train,14718.tif,0.530726,20.8623,0.293645
train,14719.tif,0.554815,20.8023,0.297097
train,1472.tif,0.482197,17.6153,0.352834
train,14720.tif,0.666874,24.0553,0.256073
train,14721.tif,0.634212,23.4892,0.222207
train,14722.tif,0.488414,20.7599,0.29899
train,14723.tif,0.500873,21.2381,0.256845
train,14724.tif,0.545635,21.6607,0.245034
train,14725.tif,0.552083,21.4124,0.280766
train,14726.tif,0.672593,23.6961,0.245466
train,14727.tif,0.482056,19.6466,0.341505
train,14728.tif,0.696783,22.8546,0.2498
train,14729.tif,0.635036,21.7547,0.279041
train,1473.tif,0.542632,22.451,0.259179
train,14730.tif,0.629268,22.142,0.263957
train,14731.tif,0.678986,23.9026,0.234268
train,14732.tif,0.57684,22.1216,0.286091
train,14733.tif,0.528122,20.9617,0.271182
train,14734.tif,0.801728,25.0223,0.252351
train,14735.tif,0.699778,24.2555,0.182613
train,14736.tif,0.519559,18.5635,0.345092
train,14737.tif,0.534155,20.4839,0.304223
train,14738.tif,0.565131,21.6006,0.241802
train,14739.tif,0.553262,21.6729,0.285065
train,1474.tif,0.57547,19.6488,0.259078
train,14740.tif,0.693587,24.5621,0.227218
train,14741.tif,0.495345,23.0341,0.383709
train,14742.tif,0.619919,21.524,0.249596
train,14743.tif,0.672697,23.6469,0.242544
train,14744.tif,0.711717,23.1125,0.27698
train,14745.tif,0.534736,20.5795,0.313969
train,14746.tif,0.65777,23.604,0.234137
train,14747.tif,0.561352,23.2074,0.295422
train,14748.tif,0.715327,22.8953,0.258563
train,14749.tif,0.549519,20.8788,0.254145
train,1475.tif,0.549917,21.5396,0.26437
train,14750.tif,0.661829,23.7855,0.274462
train,14751.tif,0.631945,23.7472,0.238095
train,14752.tif,0.723136,23.3409,0.320081
train,14753.tif,0.589122,20.2864,0.290195
train,14754.tif,0.503131,17.6638,0.395549
train,14755.tif,0.549827,20.9573,0.296916
train,14756.tif,0.512073,19.4292,0.31892
train,14757.tif,0.621631,20.5335,0.266224
train,14758.tif,0.73903,21.2984,0.256691
train,14759.tif,0.514403,20.4059,0.292811
train,1476.tif,0.518684,23.1505,0.304768
train,14760.tif,0.561932,21.0288,0.302013
train,14761.tif,0.511767,20.7567,0.294554
train,14762.tif,0.506048,19.2059,0.319873
train,14763.tif,0.549038,21.7109,0.314186
train,14764.tif,0.514328,20.6607,0.260826
train,14765.tif,0.516033,19.8036,0.336023
train,14766.tif,0.495813,18.9346,0.315359
train,14767.tif,0.668121,24.5503,0.27119
train,14768.tif,0.518887,20.0271,0.33308
train,14769.tif,0.505265,20.5898,0.293949
train,1477.tif,0.461295,17.2358,0.306673
train,14770.tif,0.485949,19.7526,0.254451
train,14771.tif,0.567859,18.9583,0.26608
train,14772.tif,0.535328,17.567,0.263366
train,14773.tif,0.645859,22.6173,0.336112
train,14774.tif,0.503717,20.9074,0.306115
train,14775.tif,0.656352,22.2612,0.249635
train,14776.tif,0.500072,17.9825,0.352037
train,14777.tif,0.564601,21.3141,0.296488
train,14778.tif,0.546979,21.9827,0.315913
train,14779.tif,0.623726,23.0521,0.24771
train,1478.tif,0.58812,21.5936,0.317935
train,14780.tif,0.504742,21.4479,0.299449
train,14781.tif,0.549587,14.9689,0.412576
train,14782.tif,0.681545,21.5529,0.28245
train,14783.tif,0.508021,19.0749,0.327921
train,14784.tif,0.662081,23.042,0.22676
train,14785.tif,0.525452,18.5601,0.291374
train,14786.tif,0.438431,18.5633,0.367705
train,14787.tif,0.671733,19.2611,0.281914
train,14788.tif,0.537601,21.5729,0.337768
train,14789.tif,0.443848,21.0324,0.298319
train,1479.tif,0.584369,22.638,0.236269
train,14790.tif,0.823766,23.427,0.241841
train,14791.tif,0.530837,17.9761,0.317683
train,14792.tif,0.498569,20.4336,0.325641
train,14793.tif,0.550436,20.8142,0.300332
train,14794.tif,0.784663,21.5204,0.216827
train,14795.tif,0.572417,21.8499,0.357066
train,14796.tif,0.555356,21.1608,0.387301
train,14797.tif,0.482291,19.1765,0.410067
train,14798.tif,0.514235,19.5852,0.251485
train,14799.tif,0.515788,22.2279,0.297335
train,148.tif,0.527917,22.5463,0.272276
train,1480.tif,0.635416,19.136,0.267287
train,14800.tif,0.662883,23.4398,0.218629
train,14801.tif,0.677604,23.7556,0.20395
train,14802.tif,0.571692,18.3161,0.308155
train,14803.tif,0.489995,20.6894,0.371064
train,14804.tif,0.565593,22.5049,0.240887
train,14805.tif,0.646119,25.4984,0.247234
train,14806.tif,0.716487,22.1918,0.259583
train,14807.tif,0.500271,20.3208,0.306806
train,14808.tif,0.550293,20.2343,0.30026
train,14809.tif,0.635977,22.6602,0.380636
train,1481.tif,0.552785,20.9605,0.248718
train,14810.tif,0.656535,23.1981,0.236825
train,14811.tif,0.622024,21.1478,0.32154
train,14812.tif,0.698369,23.3737,0.226114
train,14813.tif,0.749791,22.5198,0.286299
train,14814.tif,0.726895,20.4482,0.337113
train,14815.tif,0.670736,20.2028,0.357568
train,14816.tif,0.60242,21.5263,0.292507
train,14817.tif,0.441165,19.6827,0.349294
train,14818.tif,0.619735,23.1058,0.251368
train,14819.tif,0.709458,22.7634,0.295946
train,1482.tif,0.660277,23.2597,0.270763
train,14820.tif,0.533133,19.2045,0.304623
train,14821.tif,0.606519,18.4,0.303806
train,14822.tif,0.820158,21.7434,0.179315
train,14823.tif,0.540606,19.9131,0.291947
train,14824.tif,0.574463,22.4341,0.302242
train,14825.tif,0.626582,21.892,0.217486
train,14826.tif,0.506275,20.2153,0.284652
train,14827.tif,0.52196,21.3452,0.392455
train,14828.tif,0.52868,20.555,0.37188
train,14829.tif,0.497396,21.4237,0.287498
train,1483.tif,0.670383,21.9796,0.237115
train,14830.tif,0.624111,22.8391,0.322949
train,14831.tif,0.508566,21.0916,0.348534
train,14832.tif,0.658059,23.4653,0.263216
train,14833.tif,0.575568,23.0673,0.29091
train,14834.tif,0.737904,20.9487,0.262965
train,14835.tif,0.507399,19.3423,0.307696
train,14836.tif,0.566611,19.5231,0.305313
train,14837.tif,0.633709,22.8034,0.263918
train,14838.tif,0.59938,20.9532,0.2966
train,14839.tif,0.489719,20.6558,0.338155
train,1484.tif,0.522036,18.7272,0.313193
train,14840.tif,0.533243,20.9827,0.289179
train,14841.tif,0.618551,19.846,0.265132
train,14842.tif,0.58571,21.5683,0.30821
train,14843.tif,0.427988,18.1016,0.317618
train,14844.tif,0.592718,20.6138,0.269762
train,14845.tif,0.629614,22.5988,0.329312
train,14846.tif,0.81543,21.4118,0.197371
train,14847.tif,0.627333,22.43,0.259577
train,14848.tif,0.585398,20.0536,0.310007
train,14849.tif,0.625515,22.4205,0.255541
train,1485.tif,0.690154,23.4037,0.265966
train,14850.tif,0.751956,22.2657,0.264374
train,14851.tif,0.528463,18.1173,0.323036
train,14852.tif,0.529257,19.3114,0.256716
train,14853.tif,0.467308,20.5681,0.331322
train,14854.tif,0.740393,20.5989,0.288738
train,14855.tif,0.492848,22.0138,0.325851
train,14856.tif,0.535001,19.0172,0.337286
train,14857.tif,0.565887,20.6851,0.341133
train,14858.tif,0.543602,21.3804,0.300103
train,14859.tif,0.484482,17.2917,0.353612
train,1486.tif,0.733324,22.5536,0.268913
train,14860.tif,0.746972,23.1426,0.265545
train,14861.tif,0.512936,20.8673,0.301411
train,14862.tif,0.625846,19.9103,0.263419
train,14863.tif,0.443966,20.8517,0.321065
train,14864.tif,0.546806,20.1381,0.281255
train,14865.tif,0.640636,22.1771,0.322765
train,14866.tif,0.459251,18.8326,0.341593
train,14867.tif,0.691064,22.4515,0.229525
train,14868.tif,0.57191,20.9998,0.363352
train,14869.tif,0.506559,19.7128,0.321925
train,1487.tif,0.43961,20.0425,0.300029
train,14870.tif,0.535369,20.0903,0.34261
train,14871.tif,0.501983,19.3565,0.300423
train,14872.tif,0.648938,21.4935,0.240011
train,14873.tif,0.686272,24.592,0.190474
train,14874.tif,0.528022,19.9573,0.296019
train,14875.tif,0.506614,23.1517,0.323856
train,14876.tif,0.579901,22.3807,0.262641
train,14877.tif,0.53793,19.0932,0.313467
train,14878.tif,0.830073,21.8861,0.190988
train,14879.tif,0.463868,18.026,0.311292
train,1488.tif,0.565685,20.1428,0.265845
train,14880.tif,0.676479,19.0644,0.249132
train,14881.tif,0.593819,22.9958,0.22417
train,14882.tif,0.549623,21.4055,0.283964
train,14883.tif,0.628892,20.7912,0.329342
train,14884.tif,0.745608,20.7238,0.251018
train,14885.tif,0.52454,21.2894,0.338611
train,14886.tif,0.701357,21.5453,0.272921
train,14887.tif,0.482554,20.0716,0.327133
train,14888.tif,0.527197,19.8598,0.273888
train,14889.tif,0.56381,20.5748,0.302916
train,1489.tif,0.67831,22.1989,0.237335
train,14890.tif,0.544753,21.3194,0.30024
train,14891.tif,0.673494,22.0892,0.228299
train,14892.tif,0.687969,20.4226,0.280316
train,14893.tif,0.5086,19.9237,0.279081
train,14894.tif,0.498157,17.4802,0.330835
train,14895.tif,0.674917,20.7056,0.270228
train,14896.tif,0.549038,19.82,0.254223
train,14897.tif,0.530591,20.8392,0.28136
train,14898.tif,0.670307,24.6742,0.187417
train,14899.tif,0.548707,19.9967,0.2636
train,149.tif,0.581473,20.7271,0.280308
train,1490.tif,0.596899,17.609,0.274731
train,14900.tif,0.690366,22.0799,0.251845
train,14901.tif,0.552439,19.5454,0.340057
train,14902.tif,0.661304,22.1493,0.274086
train,14903.tif,0.627608,21.9025,0.274202
train,14904.tif,0.505094,22.2411,0.294263
train,14905.tif,0.532346,20.4528,0.320255
train,14906.tif,0.573518,20.3959,0.320574
train,14907.tif,0.509521,21.8184,0.349224
train,14908.tif,0.468476,17.0135,0.34582
train,14909.tif,0.539385,21.694,0.307627
train,1491.tif,0.557909,21.1491,0.268016
train,14910.tif,0.562941,19.1343,0.295416
train,14911.tif,0.857981,23.4099,0.162019
train,14912.tif,0.642973,23.3605,0.241672
train,14913.tif,0.504428,18.7675,0.383443
train,14914.tif,0.641985,23.8713,0.233838
train,14915.tif,0.651049,23.4305,0.248031
train,14916.tif,0.589428,20.2663,0.320854
train,14917.tif,0.681451,22.7827,0.271324
train,14918.tif,0.730667,22.2832,0.270647
train,14919.tif,0.491078,19.8414,0.29975
train,1492.tif,0.490711,20.1348,0.276313
train,14920.tif,0.613513,22.2349,0.303991
train,14921.tif,0.499898,20.9291,0.290369
train,14922.tif,0.569576,20.4596,0.292416
train,14923.tif,0.494164,22.0877,0.299449
train,14924.tif,0.512966,21.301,0.310696
train,14925.tif,0.581107,19.3333,0.358989
train,14926.tif,0.539089,21.4961,0.267165
train,14927.tif,0.528477,20.2354,0.358981
train,14928.tif,0.620876,19.4036,0.295044
train,14929.tif,0.474804,19.1103,0.262506
train,1493.tif,0.63538,23.197,0.267046
train,14930.tif,0.603025,20.1786,0.270323
train,14931.tif,0.617509,22.4545,0.264155
train,14932.tif,0.424689,20.2353,0.414194
train,14933.tif,0.619701,22.8013,0.265684
train,14934.tif,0.498235,20.9248,0.325132
train,14935.tif,0.782406,23.7007,0.331195
train,14936.tif,0.572191,20.7749,0.289985
train,14937.tif,0.692601,24.131,0.241738
train,14938.tif,0.508905,19.9973,0.360044
train,14939.tif,0.562369,20.1514,0.245737
train,1494.tif,0.501252,19.8244,0.277127
train,14940.tif,0.554753,19.954,0.326407
train,14941.tif,0.640152,23.2601,0.24254
train,14942.tif,0.561027,20.6302,0.29166
train,14943.tif,0.535342,21.4068,0.27222
train,14944.tif,0.54505,19.7475,0.279667
train,14945.tif,0.568541,20.5283,0.345835
train,14946.tif,0.511799,18.6799,0.334372
train,14947.tif,0.580191,20.1414,0.303297
train,14948.tif,0.518461,21.1043,0.278467
train,14949.tif,0.529822,20.5175,0.26933
train,1495.tif,0.558134,20.3655,0.27312
train,14950.tif,0.495096,17.8544,0.357308
train,14951.tif,0.505315,19.8909,0.280802
train,14952.tif,0.50229,19.086,0.318004
train,14953.tif,0.555303,20.5431,0.279382
train,14954.tif,0.503278,19.8572,0.285635
train,14955.tif,0.521362,19.811,0.346881
train,14956.tif,0.590452,22.6956,0.261339
train,14957.tif,0.698791,21.7975,0.333799
train,14958.tif,0.564474,21.0857,0.292835
train,14959.tif,0.761549,19.0417,0.396138
train,1496.tif,0.568148,20.146,0.259721
train,14960.tif,0.47995,17.1938,0.345105
train,14961.tif,0.515232,20.8256,0.281429
train,14962.tif,0.541219,18.6142,0.352013
train,14963.tif,0.469023,18.8578,0.332423
train,14964.tif,0.531779,20.7959,0.301546
train,14965.tif,0.653101,23.4106,0.22134
train,14966.tif,0.591118,20.3321,0.258012
train,14967.tif,0.765519,21.3657,0.242401
train,14968.tif,0.710674,20.7686,0.253201
train,14969.tif,0.620805,22.3904,0.234992
train,1497.tif,0.526911,20.8111,0.259561
train,14970.tif,0.71804,24.2647,0.228474
train,14971.tif,0.533937,18.3837,0.371568
train,14972.tif,0.65589,19.148,0.370679
train,14973.tif,0.536093,19.2169,0.315342
train,14974.tif,0.532265,18.5512,0.419996
train,14975.tif,0.495414,20.1061,0.295061
train,14976.tif,0.55121,20.7593,0.291304
train,14977.tif,0.497663,20.5397,0.327811
train,14978.tif,0.562135,22.2476,0.303231
train,14979.tif,0.525859,21.8698,0.293549
train,1498.tif,0.514227,19.1965,0.315563
train,14980.tif,0.548977,20.9706,0.313446
train,14981.tif,0.710744,25.2273,0.211377
train,14982.tif,0.643278,22.1747,0.267453
train,14983.tif,0.535673,19.6859,0.2905
train,14984.tif,0.749599,20.465,0.276421
train,14985.tif,0.778919,24.2736,0.261129
train,14986.tif,0.53569,21.1896,0.304373
train,14987.tif,0.561056,18.9384,0.364021
train,14988.tif,0.694826,23.1271,0.232311
train,14989.tif,0.70981,22.5791,0.244158
train,1499.tif,0.47302,19.5218,0.301861
train,14990.tif,0.516143,19.7232,0.308845
train,14991.tif,0.454659,18.8612,0.3438
train,14992.tif,0.706945,21.6004,0.265681
train,14993.tif,0.492214,20.2354,0.31997
train,14994.tif,0.750832,20.9069,0.229044
train,14995.tif,0.630257,21.33,0.305479
train,14996.tif,0.612896,20.7079,0.308997
train,14997.tif,0.674036,24.6239,0.2033
train,14998.tif,0.580553,23.5204,0.320084
train,14999.tif,0.647209,23.6519,0.241968
train,15.tif,0.574947,15.6087,0.30723
train,150.tif,0.532299,20.7602,0.260771
train,1500.tif,0.78717,26.4801,0.249947
train,15000.tif,0.796931,22.3681,0.249864
train,15001.tif,0.464287,20.2075,0.349668
train,15002.tif,0.54875,20.8578,0.279142
train,15003.tif,0.630393,21.2003,0.277243
train,15004.tif,0.556395,21.1701,0.327115
train,15005.tif,0.664864,24.3626,0.236408
train,15006.tif,0.54468,20.7019,0.240828
train,15007.tif,0.570085,19.6181,0.331358
train,15008.tif,0.510515,20.208,0.308733
train,15009.tif,0.583598,17.866,0.339893
train,1501.tif,0.590156,23.7105,0.278603
train,15010.tif,0.496394,20.8531,0.306345
train,15011.tif,0.6062,18.6996,0.294401
train,15012.tif,0.598561,21.0116,0.281128
train,15013.tif,0.578536,21.136,0.288492
train,15014.tif,0.603672,21.1693,0.2672
train,15015.tif,0.55489,17.4104,0.313499
train,15016.tif,0.628076,19.652,0.25263
train,15017.tif,0.59594,23.5541,0.272465
train,15018.tif,0.602307,21.5288,0.221105
train,15019.tif,0.714985,22.0985,0.27878
train,1502.tif,0.494814,20.4361,0.272098
train,15020.tif,0.585525,20.7365,0.269863
train,15021.tif,0.804175,25.3408,0.198274
train,15022.tif,0.807989,20.6714,0.225582
train,15023.tif,0.668403,19.8659,0.268556
train,15024.tif,0.547863,20.3305,0.218946
train,15025.tif,0.628158,22.7866,0.243564
train,15026.tif,0.585566,19.3744,0.234653
train,15027.tif,0.559906,20.7636,0.32239
train,15028.tif,0.54494,19.2652,0.268278
train,15029.tif,0.519778,18.9927,0.382642
train,1503.tif,0.498342,21.3619,0.289375
train,15030.tif,0.509963,19.7961,0.321977
train,15031.tif,0.742067,19.8334,0.293344
train,15032.tif,0.553814,21.4836,0.289525
train,15033.tif,0.712868,21.0664,0.262712
train,15034.tif,0.478043,18.9181,0.304758
train,15035.tif,0.513833,21.0837,0.299214
train,15036.tif,0.468863,19.8624,0.366393
train,15037.tif,0.737544,23.3392,0.200969
train,15038.tif,0.505397,18.7717,0.330847
train,15039.tif,0.552655,20.7254,0.37269
train,1504.tif,0.523973,21.7407,0.320561
train,15040.tif,0.673125,22.538,0.250658
train,15041.tif,0.615468,21.7582,0.288749
train,15042.tif,0.559295,22.2001,0.33346
train,15043.tif,0.663108,23.5822,0.259011
train,15044.tif,0.514159,20.4274,0.317374
train,15045.tif,0.640857,23.5348,0.25815
train,15046.tif,0.539293,20.5732,0.338052
train,15047.tif,0.551928,20.2202,0.327285
train,15048.tif,0.569708,21.9415,0.296061
train,15049.tif,0.642121,23.795,0.198763
train,1505.tif,0.446246,18.9883,0.303025
train,15050.tif,0.645545,23.4063,0.262686
train,15051.tif,0.548532,19.5961,0.320072
train,15052.tif,0.477895,17.9083,0.362635
train,15053.tif,0.523308,19.8229,0.314093
train,15054.tif,0.677746,21.69,0.261367
train,15055.tif,0.610126,20.1961,0.301823
train,15056.tif,0.476029,20.3658,0.420111
train,15057.tif,0.647469,22.1767,0.270838
train,15058.tif,0.685528,24.4201,0.225223
train,15059.tif,0.542197,21.3411,0.27562
train,1506.tif,0.58796,21.5727,0.25104
train,15060.tif,0.528525,21.6526,0.328014
train,15061.tif,0.654936,20.966,0.270974
train,15062.tif,0.530854,17.0894,0.317825
train,15063.tif,0.637115,23.92,0.225678
train,15064.tif,0.486237,20.4027,0.351417
train,15065.tif,0.499156,19.2584,0.289137
train,15066.tif,0.492468,20.0204,0.327097
train,15067.tif,0.552147,21.519,0.349304
train,15068.tif,0.561065,22.5995,0.351969
train,15069.tif,0.661321,21.9525,0.230104
train,1507.tif,0.74106,19.2615,0.314541
train,15070.tif,0.474005,19.1002,0.321595
train,15071.tif,0.642268,22.5032,0.241967
train,15072.tif,0.564387,22.6754,0.296174
train,15073.tif,0.54711,20.9607,0.351943
train,15074.tif,0.462646,18.5875,0.30574
train,15075.tif,0.532668,22.8518,0.314394
train,15076.tif,0.646687,22.9888,0.22044
train,15077.tif,0.368492,16.2409,0.415296
train,15078.tif,0.438222,19.4823,0.315595
train,15079.tif,0.585117,21.4938,0.257305
train,1508.tif,0.463518,17.7472,0.296527
train,15080.tif,0.696306,21.501,0.245132
train,15081.tif,0.58938,19.6069,0.338542
train,15082.tif,0.575141,18.6505,0.299873
train,15083.tif,0.632468,21.808,0.357232
train,15084.tif,0.482672,17.7262,0.33577
train,15085.tif,0.605251,18.2523,0.286067
train,15086.tif,0.639611,23.4182,0.254394
train,15087.tif,0.722046,23.4822,0.232854
train,15088.tif,0.578182,19.3554,0.2523
train,15089.tif,0.628904,23.3715,0.325067
train,1509.tif,0.606643,22.2349,0.293799
train,15090.tif,0.412735,17.7557,0.325863
train,15091.tif,0.617476,20.445,0.253884
train,15092.tif,0.47388,20.0174,0.285334
train,15093.tif,0.520529,21.7615,0.282647
train,15094.tif,0.565778,23.0895,0.320221
train,15095.tif,0.573069,22.0368,0.264896
train,15096.tif,0.607758,23.0482,0.255307
train,15097.tif,0.627701,22.68,0.281735
train,15098.tif,0.581906,19.6795,0.289947
train,15099.tif,0.626748,21.847,0.214967
train,151.tif,0.568681,18.8593,0.297332
train,1510.tif,0.813369,25.3736,0.228958
train,15100.tif,0.579246,22.0851,0.24091
train,15101.tif,0.555039,22.7855,0.225246
train,15102.tif,0.584926,22.0052,0.237264
train,15103.tif,0.82524,26.6664,0.202116
train,15104.tif,0.564845,22.5339,0.248624
train,15105.tif,0.472511,19.8995,0.297816
train,15106.tif,0.602167,23.1396,0.228703
train,15107.tif,0.566029,22.403,0.296154
train,15108.tif,0.614041,23.1309,0.219516
train,15109.tif,0.683419,23.6516,0.194158
train,1511.tif,0.476082,19.8749,0.281745
train,15110.tif,0.507276,20.6587,0.302972
train,15111.tif,0.729496,24.3531,0.233233
train,15112.tif,0.569878,19.0814,0.278732
train,15113.tif,0.703747,21.3425,0.24656
train,15114.tif,0.534604,20.1022,0.265521
train,15115.tif,0.522009,20.5564,0.278374
train,15116.tif,0.646522,23.6398,0.26763
train,15117.tif,0.639989,23.3378,0.223276
train,15118.tif,0.565046,20.7799,0.246596
train,15119.tif,0.498615,19.9549,0.278347
train,1512.tif,0.69086,23.3172,0.245669
train,15120.tif,0.568072,19.073,0.285991
train,15121.tif,0.567174,19.6302,0.284934
train,15122.tif,0.50871,20.4876,0.263409
train,15123.tif,0.609983,23.2119,0.232881
train,15124.tif,0.625727,24.3943,0.245866
train,15125.tif,0.688556,23.9751,0.229988
train,15126.tif,0.47739,17.9289,0.276637
train,15127.tif,0.62825,22.5526,0.25747
train,15128.tif,0.689354,24.1527,0.222108
train,15129.tif,0.880276,27.6276,0.182814
train,1513.tif,0.599312,23.5452,0.253361
train,15130.tif,0.689473,23.9334,0.226011
train,15131.tif,0.552827,19.681,0.27812
train,15132.tif,0.513578,21.5587,0.279677
train,15133.tif,0.468703,19.0604,0.295404
train,15134.tif,0.620173,23.0821,0.231726
train,15135.tif,0.560978,22.316,0.241295
train,15136.tif,0.744037,22.1965,0.261577
train,15137.tif,0.772608,22.4638,0.282479
train,15138.tif,0.590748,22.264,0.216095
train,15139.tif,0.703211,23.933,0.205927
train,1514.tif,0.588901,23.1269,0.260463
train,15140.tif,0.589458,19.6488,0.240565
train,15141.tif,0.57182,22.6004,0.228262
train,15142.tif,0.690075,23.5242,0.246019
train,15143.tif,0.598981,18.4393,0.289283
train,15144.tif,0.500548,19.7027,0.304182
train,15145.tif,0.492913,19.9103,0.284727
train,15146.tif,0.670772,24.2464,0.208084
train,15147.tif,0.506022,18.8278,0.320003
train,15148.tif,0.573578,21.8783,0.260097
train,15149.tif,0.673798,24.3367,0.213395
train,1515.tif,0.602391,22.8707,0.242157
train,15150.tif,0.702284,24.7343,0.21063
train,15151.tif,0.641718,19.3875,0.252019
train,15152.tif,0.516288,19.3769,0.291961
train,15153.tif,0.499341,20.0711,0.249688
train,15154.tif,0.690725,18.1636,0.245861
train,15155.tif,0.592921,21.1012,0.297027
train,15156.tif,0.60498,23.5566,0.251557
train,15157.tif,0.475636,19.5219,0.259855
train,15158.tif,0.567648,20.6658,0.273294
train,15159.tif,0.574918,21.8505,0.281917
train,1516.tif,0.463208,20.3366,0.296637
train,15160.tif,0.640978,23.2696,0.22402
train,15161.tif,0.611445,22.9309,0.258916
train,15162.tif,0.656189,22.395,0.228385
train,15163.tif,0.687188,23.6962,0.223226
train,15164.tif,0.641933,23.9593,0.253116
train,15165.tif,0.688566,24.1668,0.218948
train,15166.tif,0.634261,23.6423,0.264917
train,15167.tif,0.728877,23.5842,0.281947
train,15168.tif,0.601335,22.0411,0.231065
train,15169.tif,0.705575,23.9587,0.226567
train,1517.tif,0.520119,22.2328,0.26932
train,15170.tif,0.546945,22.3477,0.240551
train,15171.tif,0.623138,23.2454,0.220044
train,15172.tif,0.653648,23.7776,0.234342
train,15173.tif,0.511738,21.6115,0.268566
train,15174.tif,0.683553,24.9609,0.215222
train,15175.tif,0.498509,21.5042,0.243866
train,15176.tif,0.625482,23.1983,0.262145
train,15177.tif,0.49417,21.0439,0.237947
train,15178.tif,0.595567,22.2937,0.244488
train,15179.tif,0.471616,20.4283,0.29448
train,1518.tif,0.599041,22.0194,0.287029
train,15180.tif,0.546799,22.8057,0.236673
train,15181.tif,0.655437,19.6292,0.231578
train,15182.tif,0.660497,23.3529,0.260037
train,15183.tif,0.641669,24.7717,0.261893
train,15184.tif,0.682916,22.231,0.247977
train,15185.tif,0.535966,18.618,0.343838
train,15186.tif,0.629934,23.202,0.243052
train,15187.tif,0.487148,21.3153,0.23237
train,15188.tif,0.604333,20.6818,0.26425
train,15189.tif,0.518784,20.8566,0.278824
train,1519.tif,0.505842,20.3112,0.316049
train,15190.tif,0.61795,23.6795,0.229679
train,15191.tif,0.588403,20.0533,0.274219
train,15192.tif,0.550716,21.8006,0.256544
train,15193.tif,0.538126,19.4732,0.274286
train,15194.tif,0.641073,21.5412,0.239915
train,15195.tif,0.636598,23.1894,0.239954
train,15196.tif,0.571001,21.1038,0.246564
train,15197.tif,0.602371,24.0401,0.232706
train,15198.tif,0.49381,21.112,0.271377
train,15199.tif,0.619483,23.1356,0.253602
train,152.tif,0.537902,20.2197,0.306017
train,1520.tif,0.538082,23.776,0.300996
train,15200.tif,0.654673,23.4095,0.221736
train,15201.tif,0.508735,20.9918,0.258596
train,15202.tif,0.584171,22.903,0.292066
train,15203.tif,0.692696,23.4107,0.197912
train,15204.tif,0.675222,23.3045,0.213685
train,15205.tif,0.676671,23.9665,0.245984
train,15206.tif,0.547046,20.3817,0.265914
train,15207.tif,0.761621,24.5742,0.222112
train,15208.tif,0.510763,21.7151,0.27712
train,15209.tif,0.455844,20.3311,0.273638
train,1521.tif,0.567989,21.846,0.279668
train,15210.tif,0.532358,18.0848,0.282147
train,15211.tif,0.589346,21.929,0.237918
train,15212.tif,0.667266,21.3716,0.272365
train,15213.tif,0.638609,23.4945,0.220114
train,15214.tif,0.548858,20.4325,0.241554
train,15215.tif,0.508479,20.9428,0.250332
train,15216.tif,0.660538,22.3557,0.262604
train,15217.tif,0.471658,20.5676,0.290627
train,15218.tif,0.63151,22.4137,0.217676
train,15219.tif,0.654849,24.1393,0.231752
train,1522.tif,0.504239,20.1655,0.277064
train,15220.tif,0.645454,21.4414,0.267304
train,15221.tif,0.590853,22.3048,0.221316
train,15222.tif,0.516923,20.3868,0.241785
train,15223.tif,0.609891,23.1361,0.262004
train,15224.tif,0.631463,22.7008,0.260627
train,15225.tif,0.54451,21.5596,0.228985
train,15226.tif,0.620993,16.7999,0.335044
train,15227.tif,0.637164,23.413,0.287564
train,15228.tif,0.548899,19.0731,0.298882
train,15229.tif,0.594369,21.4641,0.27007
train,1523.tif,0.629063,23.1303,0.301643
train,15230.tif,0.680704,22.2196,0.238349
train,15231.tif,0.541602,20.919,0.263497
train,15232.tif,0.500448,19.6658,0.246456
train,15233.tif,0.653718,24.4638,0.221582
train,15234.tif,0.652414,23.1183,0.248931
train,15235.tif,0.660438,23.1047,0.249905
train,15236.tif,0.585772,22.2102,0.243001
train,15237.tif,0.661074,21.8358,0.244258
train,15238.tif,0.524263,22.1804,0.252587
train,15239.tif,0.442069,19.5567,0.314809
train,1524.tif,0.505139,19.2938,0.343369
train,15240.tif,0.563073,22.9779,0.238251
train,15241.tif,0.540085,21.5919,0.263414
train,15242.tif,0.530321,20.5933,0.252641
train,15243.tif,0.585288,23.7597,0.241773
train,15244.tif,0.598093,22.1706,0.259667
train,15245.tif,0.581301,22.2646,0.255466
train,15246.tif,0.666387,24.0617,0.218303
train,15247.tif,0.656663,23.974,0.252156
train,15248.tif,0.509793,21.145,0.265551
train,15249.tif,0.722967,23.6441,0.244479
train,1525.tif,0.582422,22.403,0.255862
train,15250.tif,0.616863,23.6116,0.235569
train,15251.tif,0.597517,20.2903,0.280182
train,15252.tif,0.463135,20.9277,0.314395
train,15253.tif,0.509799,19.6485,0.294085
train,15254.tif,0.536481,16.7349,0.2964
train,15255.tif,0.511732,21.0,0.243598
train,15256.tif,0.620438,24.8617,0.27058
train,15257.tif,0.582205,23.617,0.238171
train,15258.tif,0.666861,22.9811,0.235291
train,15259.tif,0.682667,24.624,0.251198
train,1526.tif,0.568246,20.5027,0.359386
train,15260.tif,0.634754,20.5863,0.268894
train,15261.tif,0.6625,23.017,0.270585
train,15262.tif,0.566858,21.5184,0.294878
train,15263.tif,0.655841,23.6871,0.206333
train,15264.tif,0.682354,24.2005,0.235713
train,15265.tif,0.658145,25.0004,0.223917
train,15266.tif,0.479545,21.461,0.244395
train,15267.tif,0.55229,19.6852,0.268454
train,15268.tif,0.631481,23.4403,0.242641
train,15269.tif,0.692038,22.3637,0.207632
train,1527.tif,0.527096,22.1885,0.277372
train,15270.tif,0.616327,22.2625,0.238808
train,15271.tif,0.536951,22.5401,0.343233
train,15272.tif,0.624329,23.428,0.263988
train,15273.tif,0.647548,22.64,0.252755
train,15274.tif,0.574552,22.0902,0.268898
train,15275.tif,0.608771,23.8248,0.271239
train,15276.tif,0.625307,23.4797,0.242654
train,15277.tif,0.682281,22.4812,0.236668
train,15278.tif,0.684786,24.1129,0.205
train,15279.tif,0.511343,22.8109,0.254545
train,1528.tif,0.531765,21.843,0.301199
train,15280.tif,0.555431,21.6675,0.276504
train,15281.tif,0.626487,24.2497,0.237749
train,15282.tif,0.663338,23.3018,0.288981
train,15283.tif,0.460575,20.5404,0.235227
train,15284.tif,0.538859,22.1782,0.271067
train,15285.tif,0.68393,22.1377,0.251374
train,15286.tif,0.626791,22.8711,0.238545
train,15287.tif,0.645893,23.0575,0.250234
train,15288.tif,0.614086,21.9858,0.251146
train,15289.tif,0.577836,22.0956,0.267196
train,1529.tif,0.661335,22.9062,0.285992
train,15290.tif,0.504518,18.1619,0.257877
train,15291.tif,0.759602,24.4054,0.235971
train,15292.tif,0.671461,22.8317,0.231196
train,15293.tif,0.818448,25.3219,0.243699
train,15294.tif,0.568482,23.0492,0.284542
train,15295.tif,0.590636,22.2048,0.30761
train,15296.tif,0.528,22.0285,0.303489
train,15297.tif,0.649245,23.6878,0.216583
train,15298.tif,0.677698,22.9718,0.264483
train,15299.tif,0.56902,22.4691,0.255696
train,153.tif,0.521071,18.5852,0.280489
train,1530.tif,0.615894,22.3163,0.307928
train,15300.tif,0.599094,23.4095,0.231907
train,15301.tif,0.45405,20.744,0.285333
train,15302.tif,0.634821,19.8793,0.259872
train,15303.tif,0.530618,21.5593,0.229369
train,15304.tif,0.605151,22.3068,0.205234
train,15305.tif,0.625217,23.1855,0.27207
train,15306.tif,0.660524,23.4401,0.221924
train,15307.tif,0.577492,19.1117,0.276956
train,15308.tif,0.629604,23.8287,0.265434
train,15309.tif,0.605982,19.3234,0.250272
train,1531.tif,0.569117,21.3593,0.296578
train,15310.tif,0.497914,21.3184,0.258111
train,15311.tif,0.63299,24.0428,0.263056
train,15312.tif,0.572654,21.5453,0.245663
train,15313.tif,0.598801,22.5979,0.243052
train,15314.tif,0.576225,20.4436,0.279306
train,15315.tif,0.671532,24.5679,0.249866
train,15316.tif,0.594539,22.6076,0.232716
train,15317.tif,0.597076,22.1701,0.291239
train,15318.tif,0.679976,21.9204,0.23941
train,15319.tif,0.641503,23.7316,0.243949
train,1532.tif,0.615993,21.4564,0.256032
train,15320.tif,0.616826,22.8962,0.251097
train,15321.tif,0.480655,21.0978,0.26634
train,15322.tif,0.654287,23.088,0.332159
train,15323.tif,0.527295,21.6864,0.246203
train,15324.tif,0.614341,24.0719,0.265726
train,15325.tif,0.587692,21.352,0.224906
train,15326.tif,0.653327,21.0356,0.269871
train,15327.tif,0.824749,26.1953,0.210091
train,15328.tif,0.588962,21.6573,0.272889
train,15329.tif,0.430458,20.5135,0.283788
train,1533.tif,0.529583,22.2285,0.309926
train,15330.tif,0.604754,21.6909,0.247747
train,15331.tif,0.656171,24.1687,0.247961
train,15332.tif,0.44568,20.5457,0.268359
train,15333.tif,0.533607,21.8934,0.232611
train,15334.tif,0.555501,21.4395,0.271464
train,15335.tif,0.652464,23.9889,0.238785
train,15336.tif,0.540994,21.6878,0.229689
train,15337.tif,0.689748,23.1334,0.202082
train,15338.tif,0.669475,24.0114,0.233231
train,15339.tif,0.632606,24.0047,0.261483
train,1534.tif,0.488002,20.8977,0.258693
train,15340.tif,0.666448,24.2422,0.24276
train,15341.tif,0.582849,21.9966,0.308174
train,15342.tif,0.588158,21.2496,0.274337
train,15343.tif,0.513327,21.6761,0.238891
train,15344.tif,0.6262,21.2846,0.245761
train,15345.tif,0.606022,18.0927,0.273229
train,15346.tif,0.706286,22.8715,0.239492
train,15347.tif,0.556153,21.6598,0.31693
train,15348.tif,0.627926,24.3719,0.251398
train,15349.tif,0.67174,24.2104,0.216332
train,1535.tif,0.574525,22.5516,0.257309
train,15350.tif,0.545002,22.7222,0.212062
train,15351.tif,0.688639,23.0623,0.246757
train,15352.tif,0.616723,22.9428,0.239052
train,15353.tif,0.640301,23.4277,0.265557
train,15354.tif,0.585051,23.8411,0.274283
train,15355.tif,0.530035,20.9393,0.277305
train,15356.tif,0.637891,22.6448,0.275927
train,15357.tif,0.536024,21.6961,0.239221
train,15358.tif,0.659283,23.2851,0.260965
train,15359.tif,0.656167,23.854,0.304462
train,1536.tif,0.622312,22.6246,0.252431
train,15360.tif,0.629949,22.335,0.218032
train,15361.tif,0.485957,21.65,0.281167
train,15362.tif,0.466488,17.9789,0.295127
train,15363.tif,0.698438,24.1919,0.214815
train,15364.tif,0.648398,21.6072,0.228531
train,15365.tif,0.660652,23.726,0.219101
train,15366.tif,0.663208,23.3503,0.254208
train,15367.tif,0.55919,22.4089,0.240257
train,15368.tif,0.60625,22.3673,0.264949
train,15369.tif,0.620572,22.2001,0.262145
train,1537.tif,0.60167,21.6283,0.276304
train,15370.tif,0.540147,21.2995,0.242962
train,15371.tif,0.690567,22.1672,0.270477
train,15372.tif,0.680256,24.3597,0.220799
train,15373.tif,0.573189,22.4622,0.237787
train,15374.tif,0.583065,22.32,0.244567
train,15375.tif,0.673384,23.1718,0.231433
train,15376.tif,0.546293,21.6977,0.221935
train,15377.tif,0.587035,24.5352,0.277892
train,15378.tif,0.616963,22.3216,0.243238
train,15379.tif,0.536559,22.5762,0.256952
train,1538.tif,0.597915,20.8013,0.303663
train,15380.tif,0.772486,23.3619,0.261822
train,15381.tif,0.535639,21.5605,0.251441
train,15382.tif,0.580327,21.5663,0.239703
train,15383.tif,0.668734,22.774,0.234736
train,15384.tif,0.723429,24.7877,0.299317
train,15385.tif,0.661746,21.8353,0.298966
train,15386.tif,0.676105,23.9524,0.218684
train,15387.tif,0.580361,22.4219,0.259348
train,15388.tif,0.601066,23.1507,0.231192
train,15389.tif,0.588087,20.3016,0.280192
train,1539.tif,0.640968,23.214,0.312094
train,15390.tif,0.61039,22.8616,0.250752
train,15391.tif,0.6227,21.7749,0.286186
train,15392.tif,0.661939,22.1196,0.271272
train,15393.tif,0.589096,22.4605,0.220298
train,15394.tif,0.681488,23.0084,0.275347
train,15395.tif,0.59908,21.7141,0.235547
train,15396.tif,0.597199,21.8088,0.253987
train,15397.tif,0.625537,24.2043,0.248141
train,15398.tif,0.579341,22.4783,0.284844
train,15399.tif,0.645831,22.5669,0.210488
train,154.tif,0.526377,18.2079,0.369829
train,1540.tif,0.636564,22.3953,0.289443
train,15400.tif,0.569068,23.7879,0.248718
train,15401.tif,0.562537,21.9133,0.262681
train,15402.tif,0.588477,20.9443,0.249949
train,15403.tif,0.678908,23.581,0.244098
train,15404.tif,0.535396,20.2076,0.288047
train,15405.tif,0.570947,22.1918,0.249133
train,15406.tif,0.647689,23.7227,0.238158
train,15407.tif,0.694008,23.8375,0.204685
train,15408.tif,0.511955,21.2203,0.212404
train,15409.tif,0.456323,18.9578,0.264035
train,1541.tif,0.465283,20.1286,0.328621
train,15410.tif,0.551403,23.6643,0.277493
train,15411.tif,0.581082,23.1051,0.250513
train,15412.tif,0.57869,22.2073,0.302739
train,15413.tif,0.557561,22.6843,0.268163
train,15414.tif,0.586023,22.5486,0.271425
train,15415.tif,0.661923,25.4367,0.23728
train,15416.tif,0.701817,24.5073,0.206094
train,15417.tif,0.686699,22.3006,0.221539
train,15418.tif,0.629293,23.9287,0.235373
train,15419.tif,0.504162,21.2337,0.242812
train,1542.tif,0.583843,22.0814,0.2535
train,15420.tif,0.563719,22.4042,0.272139
train,15421.tif,0.57653,20.6742,0.28399
train,15422.tif,0.68376,23.5064,0.231974
train,15423.tif,0.606272,22.4698,0.260842
train,15424.tif,0.737696,24.9134,0.20642
train,15425.tif,0.579003,19.2944,0.284505
train,15426.tif,0.548515,21.4537,0.261018
train,15427.tif,0.524685,21.0936,0.246805
train,15428.tif,0.547735,21.7782,0.263944
train,15429.tif,0.490286,20.4869,0.264865
train,1543.tif,0.672975,22.6061,0.256898
train,15430.tif,0.534405,20.9564,0.310312
train,15431.tif,0.59831,22.4443,0.246597
train,15432.tif,0.510791,20.0523,0.267724
train,15433.tif,0.601731,24.337,0.24197
train,15434.tif,0.620377,23.666,0.291704
train,15435.tif,0.621235,23.1224,0.227198
train,15436.tif,0.560808,21.4622,0.269795
train,15437.tif,0.516222,21.4724,0.245298
train,15438.tif,0.615536,20.3115,0.274514
train,15439.tif,0.698298,24.7663,0.220703
train,1544.tif,0.557962,21.8829,0.264305
train,15440.tif,0.548046,22.6133,0.253775
train,15441.tif,0.579322,21.7901,0.248093
train,15442.tif,0.57078,21.6575,0.229863
train,15443.tif,0.699123,24.528,0.224575
train,15444.tif,0.55702,22.6871,0.260363
train,15445.tif,0.625315,23.0835,0.23991
train,15446.tif,0.588774,22.9983,0.230316
train,15447.tif,0.589248,22.8084,0.209743
train,15448.tif,0.678869,23.5405,0.212856
train,15449.tif,0.652706,23.6977,0.259493
train,1545.tif,0.494793,21.221,0.264421
train,15450.tif,0.563995,22.1632,0.260488
train,15451.tif,0.683621,23.0001,0.253928
train,15452.tif,0.623833,23.2218,0.252293
train,15453.tif,0.51766,19.9102,0.27187
train,15454.tif,0.582249,22.9911,0.237279
train,15455.tif,0.496712,20.5807,0.271725
train,15456.tif,0.480918,21.0039,0.262481
train,15457.tif,0.453168,20.6506,0.257308
train,15458.tif,0.580858,22.4784,0.242027
train,15459.tif,0.681641,23.695,0.24086
train,1546.tif,0.572976,21.1946,0.289053
train,15460.tif,0.527762,22.1994,0.237351
train,15461.tif,0.690217,23.6852,0.249319
train,15462.tif,0.701839,23.1807,0.207636
train,15463.tif,0.597184,21.4729,0.232447
train,15464.tif,0.567525,23.3882,0.262991
train,15465.tif,0.769072,25.3793,0.245421
train,15466.tif,0.714729,24.2095,0.199016
train,15467.tif,0.598555,21.068,0.311488
train,15468.tif,0.601344,23.1326,0.213622
train,15469.tif,0.491004,20.0312,0.272878
train,1547.tif,0.485665,20.4477,0.243194
train,15470.tif,0.648613,22.2217,0.240239
train,15471.tif,0.492504,21.9216,0.245831
train,15472.tif,0.504373,21.9748,0.234891
train,15473.tif,0.649324,21.9246,0.242621
train,15474.tif,0.577559,19.7157,0.281559
train,15475.tif,0.629814,21.9022,0.249661
train,15476.tif,0.668303,23.9603,0.258121
train,15477.tif,0.662493,22.8924,0.25239
train,15478.tif,0.658784,23.9077,0.246359
train,15479.tif,0.541292,21.2201,0.221871
train,1548.tif,0.718154,22.88,0.26151
train,15480.tif,0.569904,22.9289,0.250873
train,15481.tif,0.706815,22.7864,0.254735
train,15482.tif,0.526793,20.9522,0.277445
train,15483.tif,0.54615,21.0668,0.273532
train,15484.tif,0.439572,21.0637,0.268416
train,15485.tif,0.636245,23.2162,0.231633
train,15486.tif,0.624275,22.8798,0.233747
train,15487.tif,0.476292,18.0238,0.266404
train,15488.tif,0.664461,18.1657,0.233319
train,15489.tif,0.505161,21.942,0.255992
train,1549.tif,0.474271,20.0494,0.298121
train,15490.tif,0.646478,22.9738,0.219433
train,15491.tif,0.520796,20.999,0.256504
train,15492.tif,0.727894,24.264,0.244661
train,15493.tif,0.681144,22.6489,0.256435
train,15494.tif,0.584483,23.4234,0.279276
train,15495.tif,0.494852,20.0906,0.273143
train,15496.tif,0.6177,22.6578,0.260317
train,15497.tif,0.620556,24.3027,0.287854
train,15498.tif,0.690483,24.9745,0.234506
train,15499.tif,0.53471,20.3922,0.29507
train,155.tif,0.574812,19.4219,0.336847
train,1550.tif,0.584846,20.5496,0.283958
train,15500.tif,0.590921,22.8515,0.215665
train,15501.tif,0.543158,21.2421,0.283614
train,15502.tif,0.564261,21.7551,0.278639
train,15503.tif,0.577585,19.7663,0.299317
train,15504.tif,0.416506,19.4127,0.31869
train,15505.tif,0.499191,20.7804,0.320748
train,15506.tif,0.663337,24.5588,0.260781
train,15507.tif,0.6307,23.9818,0.21599
train,15508.tif,0.580225,22.6565,0.25567
train,15509.tif,0.509703,20.7444,0.305106
train,1551.tif,0.425082,19.5152,0.355374
train,15510.tif,0.559445,21.5502,0.245475
train,15511.tif,0.578432,23.0138,0.246055
train,15512.tif,0.730934,24.7038,0.305862
train,15513.tif,0.588882,22.4707,0.243827
train,15514.tif,0.545815,21.2441,0.233442
train,15515.tif,0.605373,23.2566,0.225631
train,15516.tif,0.600061,22.9769,0.264565
train,15517.tif,0.693253,24.6153,0.223662
train,15518.tif,0.587081,23.6102,0.252381
train,15519.tif,0.530443,22.2167,0.307224
train,1552.tif,0.49701,21.8855,0.33733
train,15520.tif,0.599249,23.1966,0.230311
train,15521.tif,0.64379,23.3565,0.373274
train,15522.tif,0.615525,20.5754,0.287431
train,15523.tif,0.743465,22.2418,0.241382
train,15524.tif,0.485978,18.8655,0.262261
train,15525.tif,0.604388,23.1593,0.252906
train,15526.tif,0.562788,21.9742,0.237287
train,15527.tif,0.565969,21.6178,0.246884
train,15528.tif,0.634359,21.9247,0.275331
train,15529.tif,0.5941,23.8834,0.248574
train,1553.tif,0.679856,24.1858,0.288511
train,15530.tif,0.684482,25.1113,0.220325
train,15531.tif,0.604099,23.0672,0.266149
train,15532.tif,0.654578,23.7783,0.233112
train,15533.tif,0.627082,23.8623,0.26341
train,15534.tif,0.647435,23.774,0.250589
train,15535.tif,0.60365,22.5767,0.232023
train,15536.tif,0.597544,22.3166,0.275999
train,15537.tif,0.561568,21.9136,0.302811
train,15538.tif,0.550011,21.9575,0.238266
train,15539.tif,0.674637,24.5629,0.214588
train,1554.tif,0.48909,21.0565,0.247017
train,15540.tif,0.50295,21.7962,0.261975
train,15541.tif,0.512188,21.1446,0.218562
train,15542.tif,0.684155,22.6717,0.238191
train,15543.tif,0.591145,21.0498,0.237141
train,15544.tif,0.530971,20.7039,0.245382
train,15545.tif,0.577975,23.0555,0.252518
train,15546.tif,0.614164,22.783,0.225092
train,15547.tif,0.689196,23.8287,0.240409
train,15548.tif,0.515611,21.387,0.247949
train,15549.tif,0.532013,22.0715,0.305042
train,1555.tif,0.494251,22.4961,0.287819
train,15550.tif,0.674592,21.9203,0.211209
train,15551.tif,0.515259,20.7005,0.251659
train,15552.tif,0.484082,20.4017,0.28207
train,15553.tif,0.532222,21.1285,0.253561
train,15554.tif,0.549112,20.9184,0.268042
train,15555.tif,0.624109,18.9285,0.281827
train,15556.tif,0.596686,22.6838,0.278474
train,15557.tif,0.731203,24.5743,0.23861
train,15558.tif,0.538909,23.1853,0.300873
train,15559.tif,0.650488,20.1086,0.282411
train,1556.tif,0.565861,20.1475,0.310098
train,15560.tif,0.6385,22.4423,0.206036
train,15561.tif,0.451535,18.2532,0.266427
train,15562.tif,0.69666,23.1602,0.204718
train,15563.tif,0.660024,23.0096,0.220127
train,15564.tif,0.575461,22.2868,0.279067
train,15565.tif,0.577359,24.162,0.321954
train,15566.tif,0.634651,18.208,0.277078
train,15567.tif,0.708082,23.5683,0.203902
train,15568.tif,0.642013,23.3656,0.204999
train,15569.tif,0.579708,22.6024,0.275569
train,1557.tif,0.537015,21.8279,0.284706
train,15570.tif,0.610727,22.8048,0.26598
train,15571.tif,0.62499,23.0931,0.242787
train,15572.tif,0.555909,18.4796,0.27086
train,15573.tif,0.631778,23.724,0.251797
train,15574.tif,0.673825,22.6142,0.252962
train,15575.tif,0.551167,21.496,0.309101
train,15576.tif,0.583223,19.6858,0.253935
train,15577.tif,0.583249,22.761,0.235015
train,15578.tif,0.662293,23.6596,0.25945
train,15579.tif,0.492164,19.0336,0.244806
train,1558.tif,0.574062,20.6817,0.247879
train,15580.tif,0.519459,20.7812,0.245719
train,15581.tif,0.56708,22.2861,0.273734
train,15582.tif,0.630817,22.9651,0.309604
train,15583.tif,0.57959,21.7332,0.249452
train,15584.tif,0.495253,21.5517,0.239083
train,15585.tif,0.762888,20.6806,0.224249
train,15586.tif,0.611512,20.7435,0.290915
train,15587.tif,0.615001,22.8161,0.240805
train,15588.tif,0.532307,18.3303,0.268533
train,15589.tif,0.477476,18.9784,0.269362
train,1559.tif,0.503531,20.3233,0.272055
train,15590.tif,0.705475,24.3645,0.202895
train,15591.tif,0.47316,20.8249,0.251379
train,15592.tif,0.500486,21.8115,0.280076
train,15593.tif,0.637229,24.4636,0.236297
train,15594.tif,0.670255,20.847,0.264466
train,15595.tif,0.664743,23.2253,0.226032
train,15596.tif,0.611088,24.4737,0.244895
train,15597.tif,0.617267,21.7904,0.231464
train,15598.tif,0.606094,22.1687,0.275323
train,15599.tif,0.610362,23.5954,0.264439
train,156.tif,0.563227,20.8622,0.263888
train,1560.tif,0.709269,23.0313,0.266806
train,15600.tif,0.584908,22.3727,0.283738
train,15601.tif,0.56197,22.4973,0.230987
train,15602.tif,0.558156,20.7294,0.258381
train,15603.tif,0.628222,23.9274,0.288319
train,15604.tif,0.513121,21.4605,0.285625
train,15605.tif,0.673981,21.2653,0.286164
train,15606.tif,0.652172,21.3984,0.308317
train,15607.tif,0.622992,22.8016,0.209406
train,15608.tif,0.630026,23.0297,0.203461
train,15609.tif,0.588349,23.3171,0.264891
train,1561.tif,0.552733,20.9884,0.307989
train,15610.tif,0.542439,18.2866,0.319445
train,15611.tif,0.595075,22.3829,0.256645
train,15612.tif,0.680097,23.6578,0.284794
train,15613.tif,0.597798,22.4608,0.215595
train,15614.tif,0.618719,20.4387,0.27363
train,15615.tif,0.664873,24.4684,0.23526
train,15616.tif,0.52975,22.1258,0.214375
train,15617.tif,0.626013,23.4519,0.224475
train,15618.tif,0.626069,21.7219,0.295418
train,15619.tif,0.62943,24.4591,0.243429
train,1562.tif,0.50187,21.5189,0.265694
train,15620.tif,0.648882,22.0712,0.287507
train,15621.tif,0.634425,23.1669,0.218764
train,15622.tif,0.642848,22.5957,0.272454
train,15623.tif,0.650719,22.6294,0.276976
train,15624.tif,0.570575,22.0777,0.224046
train,15625.tif,0.552171,18.2328,0.270184
train,15626.tif,0.598004,21.8422,0.239169
train,15627.tif,0.591359,22.2802,0.253103
train,15628.tif,0.574311,23.0946,0.261507
train,15629.tif,0.465746,20.6813,0.362625
train,1563.tif,0.453628,19.7089,0.307213
train,15630.tif,0.6876,22.6061,0.290248
train,15631.tif,0.621841,23.2658,0.258727
train,15632.tif,0.642082,21.7381,0.280527
train,15633.tif,0.562037,22.6066,0.210087
train,15634.tif,0.606056,20.8983,0.248648
train,15635.tif,0.610442,22.0686,0.257623
train,15636.tif,0.661225,20.557,0.271328
train,15637.tif,0.597542,22.6673,0.250739
train,15638.tif,0.615753,22.6463,0.23263
train,15639.tif,0.600536,23.4839,0.215103
train,1564.tif,0.571727,22.7237,0.315104
train,15640.tif,0.670359,23.0087,0.235298
train,15641.tif,0.525497,20.8032,0.281027
train,15642.tif,0.585751,21.5641,0.25125
train,15643.tif,0.601705,20.1817,0.252042
train,15644.tif,0.704878,24.9335,0.207133
train,15645.tif,0.753705,24.6243,0.184938
train,15646.tif,0.570874,23.7317,0.28692
train,15647.tif,0.606142,20.863,0.269536
train,15648.tif,0.522079,21.3226,0.289748
train,15649.tif,0.632903,24.1325,0.234778
train,1565.tif,0.639163,23.0146,0.27601
train,15650.tif,0.672349,22.0853,0.233716
train,15651.tif,0.60341,22.232,0.253605
train,15652.tif,0.567313,21.8383,0.236984
train,15653.tif,0.612886,22.5936,0.209545
train,15654.tif,0.645794,20.9267,0.228215
train,15655.tif,0.669423,24.9038,0.225529
train,15656.tif,0.612429,23.2041,0.207426
train,15657.tif,0.660895,21.6388,0.265729
train,15658.tif,0.634985,24.2731,0.232615
train,15659.tif,0.467066,21.2034,0.29104
train,1566.tif,0.556927,21.8733,0.277907
train,15660.tif,0.741142,24.5635,0.237178
train,15661.tif,0.588841,22.575,0.267328
train,15662.tif,0.635932,23.294,0.276035
train,15663.tif,0.488963,21.4246,0.259636
train,15664.tif,0.683638,23.5477,0.208622
train,15665.tif,0.701779,23.4089,0.214162
train,15666.tif,0.53889,21.9477,0.299013
train,15667.tif,0.551298,21.6386,0.293832
train,15668.tif,0.48396,17.6922,0.273753
train,15669.tif,0.54498,21.4243,0.29245
train,1567.tif,0.725782,25.6731,0.2738
train,15670.tif,0.629558,25.1523,0.24246
train,15671.tif,0.627012,23.1611,0.233391
train,15672.tif,0.547695,20.1039,0.23201
train,15673.tif,0.67816,23.7999,0.235247
train,15674.tif,0.669502,24.0087,0.219005
train,15675.tif,0.560294,23.1853,0.255377
train,15676.tif,0.638595,16.0277,0.288401
train,15677.tif,0.745633,24.5,0.247836
train,15678.tif,0.565468,22.1653,0.228676
train,15679.tif,0.46718,16.6553,0.266533
train,1568.tif,0.566963,22.0224,0.314636
train,15680.tif,0.655501,23.328,0.237577
train,15681.tif,0.489973,19.6796,0.279522
train,15682.tif,0.54643,21.8205,0.257275
train,15683.tif,0.785093,23.9397,0.211377
train,15684.tif,0.60619,22.6703,0.265626
train,15685.tif,0.504037,18.7398,0.278622
train,15686.tif,0.695888,23.1003,0.233824
train,15687.tif,0.597193,21.921,0.245514
train,15688.tif,0.547169,21.7336,0.262028
train,15689.tif,0.53221,21.1409,0.263515
train,1569.tif,0.587053,19.6668,0.332278
train,15690.tif,0.72782,24.4156,0.192483
train,15691.tif,0.61803,22.1765,0.233968
train,15692.tif,0.598403,18.9297,0.243962
train,15693.tif,0.489087,19.948,0.247493
train,15694.tif,0.643919,24.6976,0.258005
train,15695.tif,0.557702,21.81,0.230494
train,15696.tif,0.579733,22.7065,0.212805
train,15697.tif,0.613746,23.7581,0.257021
train,15698.tif,0.65871,23.7603,0.227895
train,15699.tif,0.49216,21.6439,0.254637
train,157.tif,0.463568,17.5981,0.280582
train,1570.tif,0.662145,22.2574,0.333694
train,15700.tif,0.613517,23.4451,0.22658
train,15701.tif,0.645287,21.1085,0.234933
train,15702.tif,0.669935,23.0421,0.236676
train,15703.tif,0.59963,23.4773,0.202951
train,15704.tif,0.632118,24.0322,0.287264
train,15705.tif,0.584245,21.0133,0.253652
train,15706.tif,0.451477,19.1459,0.277367
train,15707.tif,0.589792,22.8655,0.239306
train,15708.tif,0.62809,21.1126,0.242859
train,15709.tif,0.547824,21.9321,0.276294
train,1571.tif,0.75318,23.9977,0.309309
train,15710.tif,0.581008,22.8431,0.28642
train,15711.tif,0.551854,21.4998,0.212253
train,15712.tif,0.635196,23.0006,0.254916
train,15713.tif,0.695219,23.7934,0.240987
train,15714.tif,0.691704,20.7725,0.219225
train,15715.tif,0.579214,22.1962,0.245998
train,15716.tif,0.558881,22.2681,0.273336
train,15717.tif,0.601623,20.4956,0.244883
train,15718.tif,0.613347,21.8706,0.328849
train,15719.tif,0.532946,21.2371,0.233901
train,1572.tif,0.567028,20.6876,0.30655
train,15720.tif,0.614173,24.0123,0.258733
train,15721.tif,0.60633,24.8909,0.270657
train,15722.tif,0.536896,22.5016,0.252666
train,15723.tif,0.678509,23.3205,0.233536
train,15724.tif,0.679576,23.6489,0.23705
train,15725.tif,0.491013,20.9166,0.267291
train,15726.tif,0.683315,23.4742,0.205058
train,15727.tif,0.606567,23.8534,0.222921
train,15728.tif,0.617656,21.1307,0.274436
train,15729.tif,0.632745,22.7416,0.25007
train,1573.tif,0.519548,20.9316,0.267669
train,15730.tif,0.647855,22.5736,0.226101
train,15731.tif,0.715061,23.7594,0.229603
train,15732.tif,0.494386,19.2372,0.284759
train,15733.tif,0.618897,22.6784,0.242859
train,15734.tif,0.509875,20.2403,0.296735
train,15735.tif,0.672014,23.675,0.236494
train,15736.tif,0.580578,20.8309,0.256944
train,15737.tif,0.637072,22.6684,0.225821
train,15738.tif,0.609264,19.5342,0.276352
train,15739.tif,0.487427,18.925,0.291696
train,1574.tif,0.406369,19.1107,0.333351
train,15740.tif,0.61896,24.4901,0.260975
train,15741.tif,0.627451,21.1873,0.272811
train,15742.tif,0.658608,23.5797,0.2174
train,15743.tif,0.611818,23.0401,0.241879
train,15744.tif,0.527809,20.5995,0.241896
train,15745.tif,0.563102,21.0235,0.324572
train,15746.tif,0.457804,21.7391,0.25017
train,15747.tif,0.684953,23.4746,0.225806
train,15748.tif,0.60174,22.9198,0.292899
train,15749.tif,0.577612,22.8241,0.236448
train,1575.tif,0.598975,22.4605,0.338835
train,15750.tif,0.57036,22.0293,0.259139
train,15751.tif,0.650341,23.5373,0.25449
train,15752.tif,0.437145,19.111,0.272454
train,15753.tif,0.703346,23.3059,0.225359
train,15754.tif,0.596771,21.5072,0.254699
train,15755.tif,0.582148,22.314,0.248673
train,15756.tif,0.543946,21.6409,0.268088
train,15757.tif,0.611872,21.6338,0.249305
train,15758.tif,0.466776,20.3749,0.26475
train,15759.tif,0.572398,21.32,0.259238
train,1576.tif,0.48557,19.6782,0.300623
train,15760.tif,0.525444,20.999,0.289748
train,15761.tif,0.445806,19.6542,0.300907
train,15762.tif,0.594964,18.4582,0.422322
train,15763.tif,0.694749,24.1443,0.243662
train,15764.tif,0.567412,20.0562,0.27229
train,15765.tif,0.517437,20.8482,0.302216
train,15766.tif,0.504863,21.577,0.265686
train,15767.tif,0.522076,22.6958,0.296993
train,15768.tif,0.650009,23.4677,0.238618
train,15769.tif,0.578841,19.8827,0.289873
train,1577.tif,0.569834,20.9668,0.290369
train,15770.tif,0.539348,20.7742,0.246079
train,15771.tif,0.501082,21.3495,0.249478
train,15772.tif,0.482311,21.6248,0.249474
train,15773.tif,0.587247,22.901,0.221509
train,15774.tif,0.516971,20.0922,0.292183
train,15775.tif,0.490414,19.7548,0.246072
train,15776.tif,0.602387,23.2567,0.279687
train,15777.tif,0.73646,24.8731,0.228927
train,15778.tif,0.524334,23.207,0.32717
train,15779.tif,0.657665,23.1369,0.275397
train,1578.tif,0.567055,21.7418,0.278489
train,15780.tif,0.580389,22.5485,0.250906
train,15781.tif,0.616276,22.2727,0.282445
train,15782.tif,0.516863,22.4162,0.285589
train,15783.tif,0.620825,22.7423,0.224526
train,15784.tif,0.599618,21.6029,0.246945
train,15785.tif,0.6505,23.933,0.266753
train,15786.tif,0.654148,20.812,0.266325
train,15787.tif,0.603029,21.5887,0.251317
train,15788.tif,0.563329,22.7529,0.31568
train,15789.tif,0.48009,19.9253,0.254487
train,1579.tif,0.527391,20.8579,0.285489
train,15790.tif,0.498601,20.7956,0.2367
train,15791.tif,0.729044,23.2227,0.212478
train,15792.tif,0.569928,22.881,0.264775
train,15793.tif,0.540745,22.9175,0.320431
train,15794.tif,0.465638,19.9037,0.260629
train,15795.tif,0.487724,19.9572,0.311872
train,15796.tif,0.491713,20.7788,0.277952
train,15797.tif,0.68792,16.3179,0.274147
train,15798.tif,0.611709,22.5969,0.250354
train,15799.tif,0.639084,23.5516,0.27306
train,158.tif,0.521553,18.2301,0.296942
train,1580.tif,0.514086,21.7671,0.32806
train,15800.tif,0.503679,20.9609,0.254129
train,15801.tif,0.531979,23.0194,0.235971
train,15802.tif,0.454843,20.3869,0.284504
train,15803.tif,0.680743,21.0296,0.239227
train,15804.tif,0.437059,21.0292,0.27301
train,15805.tif,0.459784,20.3373,0.300889
train,15806.tif,0.666655,23.2032,0.23765
train,15807.tif,0.559259,22.2428,0.244391
train,15808.tif,0.552716,21.5233,0.270676
train,15809.tif,0.633655,23.6677,0.256201
train,1581.tif,0.465681,20.3989,0.279446
train,15810.tif,0.661483,24.3221,0.245943
train,15811.tif,0.734448,22.1386,0.24183
train,15812.tif,0.464089,21.3818,0.271095
train,15813.tif,0.662595,24.2883,0.227257
train,15814.tif,0.58833,22.7284,0.296201
train,15815.tif,0.599984,23.2655,0.2634
train,15816.tif,0.647695,23.2281,0.248018
train,15817.tif,0.646199,21.7928,0.244994
train,15818.tif,0.472111,20.7326,0.265645
train,15819.tif,0.56052,23.3564,0.278175
train,1582.tif,0.48482,20.235,0.287829
train,15820.tif,0.423911,20.6473,0.256667
train,15821.tif,0.497082,19.0062,0.393263
train,15822.tif,0.474432,21.6318,0.274988
train,15823.tif,0.688104,24.0521,0.260375
train,15824.tif,0.430423,17.6744,0.266131
train,15825.tif,0.687426,23.8744,0.250714
train,15826.tif,0.593981,20.5451,0.285977
train,15827.tif,0.575991,22.5859,0.247176
train,15828.tif,0.516407,20.2881,0.275998
train,15829.tif,0.562401,22.3654,0.243135
train,1583.tif,0.620401,22.052,0.298137
train,15830.tif,0.537402,22.1028,0.245141
train,15831.tif,0.590441,23.1764,0.278616
train,15832.tif,0.561208,22.7703,0.288769
train,15833.tif,0.476959,21.5041,0.303257
train,15834.tif,0.416278,17.5783,0.271968
train,15835.tif,0.711125,21.4518,0.340338
train,15836.tif,0.431095,19.1607,0.301615
train,15837.tif,0.451077,19.4549,0.268674
train,15838.tif,0.497917,21.5037,0.241471
train,15839.tif,0.64976,24.0601,0.244644
train,1584.tif,0.569563,21.2097,0.246244
train,15840.tif,0.585125,23.293,0.22033
train,15841.tif,0.867076,25.9604,0.165094
train,15842.tif,0.59052,23.2972,0.270601
train,15843.tif,0.489912,22.279,0.336682
train,15844.tif,0.681322,24.4041,0.234624
train,15845.tif,0.575185,22.0701,0.324482
train,15846.tif,0.672062,23.7802,0.210728
train,15847.tif,0.486506,20.6729,0.309579
train,15848.tif,0.530402,20.657,0.247023
train,15849.tif,0.593339,23.7079,0.241543
train,1585.tif,0.61435,21.5495,0.291391
train,15850.tif,0.479939,20.0687,0.253907
train,15851.tif,0.688956,23.7147,0.22758
train,15852.tif,0.553623,23.5772,0.324556
train,15853.tif,0.539735,22.5776,0.293518
train,15854.tif,0.457014,20.5865,0.309174
train,15855.tif,0.487276,21.2731,0.29473
train,15856.tif,0.539751,21.6654,0.234058
train,15857.tif,0.571225,21.798,0.239649
train,15858.tif,0.668034,23.6799,0.230578
train,15859.tif,0.601723,22.3708,0.308277
train,1586.tif,0.438412,17.3958,0.312616
train,15860.tif,0.646513,22.3397,0.256427
train,15861.tif,0.723003,24.4243,0.230037
train,15862.tif,0.768132,24.6402,0.207936
train,15863.tif,0.576969,23.2793,0.305087
train,15864.tif,0.637932,23.3504,0.247132
train,15865.tif,0.686794,22.7231,0.208114
train,15866.tif,0.788485,17.8717,0.524661
train,15867.tif,0.474455,20.9232,0.289382
train,15868.tif,0.579196,23.147,0.252208
train,15869.tif,0.489626,20.7682,0.248228
train,1587.tif,0.624063,24.5846,0.239858
train,15870.tif,0.678426,24.3993,0.234015
train,15871.tif,0.397864,20.6285,0.259432
train,15872.tif,0.473577,20.912,0.251751
train,15873.tif,0.538805,22.2149,0.272178
train,15874.tif,0.66762,22.4648,0.257852
train,15875.tif,0.55488,20.6395,0.270789
train,15876.tif,0.6717,24.2168,0.205183
train,15877.tif,0.485254,20.2761,0.271645
train,15878.tif,0.45919,19.7131,0.284775
train,15879.tif,0.613711,19.1163,0.225892
train,1588.tif,0.699512,21.7321,0.2842
train,15880.tif,0.522433,22.235,0.274412
train,15881.tif,0.568287,23.2644,0.26661
train,15882.tif,0.480086,21.2433,0.264254
train,15883.tif,0.585248,21.2227,0.268563
train,15884.tif,0.646637,21.4127,0.25686
train,15885.tif,0.620369,23.3011,0.234149
train,15886.tif,0.614437,22.5137,0.241975
train,15887.tif,0.538613,20.4489,0.252844
train,15888.tif,0.667094,24.0346,0.235062
train,15889.tif,0.615658,22.3295,0.269846
train,1589.tif,0.531965,19.7315,0.300732
train,15890.tif,0.48034,20.4932,0.285723
train,15891.tif,0.62437,22.1811,0.252813
train,15892.tif,0.629517,23.7214,0.270651
train,15893.tif,0.539769,17.4772,0.281946
train,15894.tif,0.55806,22.584,0.297507
train,15895.tif,0.611575,15.3252,0.342761
train,15896.tif,0.6584,24.3655,0.222824
train,15897.tif,0.5927,22.6849,0.258651
train,15898.tif,0.556618,23.4274,0.269326
train,15899.tif,0.581906,22.7699,0.227129
train,159.tif,0.487297,18.9804,0.31739
train,1590.tif,0.509165,18.0725,0.300729
train,15900.tif,0.634275,21.9039,0.273612
train,15901.tif,0.554203,21.2889,0.282106
train,15902.tif,0.438081,20.5461,0.264401
train,15903.tif,0.587506,22.3927,0.259264
train,15904.tif,0.558351,22.8659,0.303251
train,15905.tif,0.586826,21.432,0.270179
train,15906.tif,0.597191,22.2624,0.229609
train,15907.tif,0.578766,20.1753,0.298482
train,15908.tif,0.634342,21.1732,0.256032
train,15909.tif,0.472788,21.068,0.243556
train,1591.tif,0.479335,21.3801,0.241875
train,15910.tif,0.57659,21.6963,0.270385
train,15911.tif,0.552372,21.7937,0.294088
train,15912.tif,0.518551,19.8707,0.333162
train,15913.tif,0.621464,16.2767,0.341314
train,15914.tif,0.505706,21.1572,0.248609
train,15915.tif,0.616053,22.1862,0.230508
train,15916.tif,0.647516,24.0714,0.267079
train,15917.tif,0.746851,23.2323,0.232861
train,15918.tif,0.657741,21.3372,0.248102
train,15919.tif,0.594495,22.8046,0.258495
train,1592.tif,0.530093,17.6665,0.298213
train,15920.tif,0.588801,22.3965,0.25074
train,15921.tif,0.549553,21.3093,0.276113
train,15922.tif,0.484459,21.6826,0.281799
train,15923.tif,0.625778,20.976,0.266116
train,15924.tif,0.488885,20.67,0.260637
train,15925.tif,0.545811,21.6857,0.259385
train,15926.tif,0.533936,21.4713,0.236423
train,15927.tif,0.501288,20.4427,0.270074
train,15928.tif,0.581688,23.1952,0.244765
train,15929.tif,0.54965,21.1747,0.318462
train,1593.tif,0.688828,24.3259,0.261585
train,15930.tif,0.502566,21.439,0.259253
train,15931.tif,0.650984,23.1365,0.308922
train,15932.tif,0.614228,20.4305,0.251593
train,15933.tif,0.515819,21.7451,0.26744
train,15934.tif,0.578133,22.2698,0.270661
train,15935.tif,0.547377,20.5383,0.273993
train,15936.tif,0.57311,19.2599,0.272551
train,15937.tif,0.619921,21.9768,0.235382
train,15938.tif,0.659025,23.0392,0.223343
train,15939.tif,0.646093,23.4062,0.2585
train,1594.tif,0.525131,20.5123,0.262144
train,15940.tif,0.494668,21.1958,0.280822
train,15941.tif,0.518608,21.7233,0.245384
train,15942.tif,0.545138,20.2435,0.305475
train,15943.tif,0.58808,23.756,0.280237
train,15944.tif,0.482091,20.1747,0.259146
train,15945.tif,0.591431,20.2056,0.263191
train,15946.tif,0.598184,23.5774,0.288309
train,15947.tif,0.595066,24.1743,0.287514
train,15948.tif,0.611541,20.8422,0.285075
train,15949.tif,0.557686,22.2783,0.280866
train,1595.tif,0.488514,20.159,0.302027
train,15950.tif,0.494653,20.6577,0.255135
train,15951.tif,0.582577,22.6702,0.237125
train,15952.tif,0.593152,21.8482,0.269039
train,15953.tif,0.596371,24.064,0.255769
train,15954.tif,0.69317,24.1284,0.259237
train,15955.tif,0.602879,21.7466,0.288445
train,15956.tif,0.637724,22.7381,0.245206
train,15957.tif,0.467123,19.5998,0.293722
train,15958.tif,0.591612,24.192,0.264491
train,15959.tif,0.631036,20.2071,0.373723
train,1596.tif,0.470204,20.0918,0.317927
train,15960.tif,0.66197,23.3638,0.249897
train,15961.tif,0.449314,19.8895,0.249151
train,15962.tif,0.637829,23.4251,0.255338
train,15963.tif,0.595609,23.1645,0.252634
train,15964.tif,0.579002,21.1207,0.259286
train,15965.tif,0.613509,22.1231,0.248826
train,15966.tif,0.438155,21.7638,0.274071
train,15967.tif,0.536624,22.7334,0.264159
train,15968.tif,0.637318,22.9826,0.324249
train,15969.tif,0.54685,20.6773,0.312096
train,1597.tif,0.5047,20.6268,0.254058
train,15970.tif,0.612917,23.1289,0.229921
train,15971.tif,0.636513,22.9861,0.227532
train,15972.tif,0.562285,22.6784,0.259302
train,15973.tif,0.573444,21.2104,0.262716
train,15974.tif,0.52366,21.6412,0.283769
train,15975.tif,0.660346,24.1776,0.220946
train,15976.tif,0.636303,24.091,0.239736
train,15977.tif,0.670022,22.4902,0.390452
train,15978.tif,0.6239,23.6719,0.281268
train,15979.tif,0.527659,22.34,0.264764
train,1598.tif,0.523721,21.4744,0.290761
train,15980.tif,0.567156,22.5984,0.245691
train,15981.tif,0.514916,22.0235,0.241494
train,15982.tif,0.664263,23.6571,0.258402
train,15983.tif,0.65396,23.3482,0.226132
train,15984.tif,0.508784,21.9125,0.300023
train,15985.tif,0.60501,21.604,0.253573
train,15986.tif,0.695662,23.9764,0.224271
train,15987.tif,0.522522,22.4543,0.263033
train,15988.tif,0.439741,20.016,0.294062
train,15989.tif,0.644036,23.6122,0.21014
train,1599.tif,0.615981,22.6676,0.268332
train,15990.tif,0.442614,20.5719,0.255931
train,15991.tif,0.561859,23.0168,0.267529
train,15992.tif,0.656659,22.7305,0.26395
train,15993.tif,0.500293,21.4832,0.275648
train,15994.tif,0.543611,22.0758,0.276891
train,15995.tif,0.514777,21.5989,0.285652
train,15996.tif,0.539148,22.5016,0.282166
train,15997.tif,0.500572,22.8996,0.346583
train,15998.tif,0.562988,24.3392,0.277737
train,15999.tif,0.58054,21.1896,0.242176
train,16.tif,0.679663,22.8962,0.244163
train,160.tif,0.532109,21.0086,0.293103
train,1600.tif,0.482728,21.1038,0.267834
train,16000.tif,0.540418,21.3232,0.295123
train,16001.tif,0.510301,21.0325,0.293808
train,16002.tif,0.590658,22.8115,0.281504
train,16003.tif,0.591668,20.1888,0.278832
train,16004.tif,0.613926,23.4876,0.283134
train,16005.tif,0.492604,22.3487,0.34854
train,16006.tif,0.4903,21.6145,0.274341
train,16007.tif,0.559525,23.6697,0.277216
train,16008.tif,0.437459,20.6655,0.27377
train,16009.tif,0.582481,21.3683,0.259177
train,1601.tif,0.542214,22.2896,0.259194
train,16010.tif,0.530747,19.2308,0.320866
train,16011.tif,0.687103,24.5885,0.233765
train,16012.tif,0.597606,24.9606,0.290932
train,16013.tif,0.636994,24.3965,0.273115
train,16014.tif,0.480933,19.9934,0.276051
train,16015.tif,0.570745,19.9403,0.295687
train,16016.tif,0.509973,21.852,0.246794
train,16017.tif,0.551442,22.8913,0.255935
train,16018.tif,0.624887,22.58,0.26792
train,16019.tif,0.593849,21.3237,0.2619
train,1602.tif,0.505263,21.5639,0.286526
train,16020.tif,0.667763,23.2525,0.241743
train,16021.tif,0.576152,23.1959,0.244685
train,16022.tif,0.55694,21.8058,0.251376
train,16023.tif,0.486102,21.2578,0.261684
train,16024.tif,0.488153,20.8109,0.278582
train,16025.tif,0.690083,24.2998,0.243809
train,16026.tif,0.611852,23.6479,0.226867
train,16027.tif,0.664289,22.1023,0.246634
train,16028.tif,0.612153,19.402,0.261031
train,16029.tif,0.513198,20.6081,0.271266
train,1603.tif,0.520813,21.4838,0.25605
train,16030.tif,0.681829,24.1738,0.22214
train,16031.tif,0.558075,22.3409,0.290474
train,16032.tif,0.66673,23.8054,0.215455
train,16033.tif,0.643268,22.9012,0.29596
train,16034.tif,0.647488,23.6702,0.210231
train,16035.tif,0.706941,23.5332,0.249427
train,16036.tif,0.54423,22.3536,0.234152
train,16037.tif,0.629583,24.3841,0.260727
train,16038.tif,0.459547,21.1715,0.289747
train,16039.tif,0.647507,24.6687,0.222418
train,1604.tif,0.466714,21.1272,0.284819
train,16040.tif,0.793268,24.9165,0.303152
train,16041.tif,0.614991,23.551,0.263829
train,16042.tif,0.594347,22.0109,0.225569
train,16043.tif,0.707811,24.0489,0.217907
train,16044.tif,0.581017,23.137,0.248322
train,16045.tif,0.60002,23.4673,0.234688
train,16046.tif,0.661418,23.2898,0.236454
train,16047.tif,0.475325,20.7593,0.271423
train,16048.tif,0.505768,20.6386,0.268881
train,16049.tif,0.684979,23.5996,0.217795
train,1605.tif,0.473245,20.5327,0.259305
train,16050.tif,0.503696,21.7609,0.239194
train,16051.tif,0.652738,21.9545,0.238243
train,16052.tif,0.57772,23.4511,0.316741
train,16053.tif,0.530006,21.0267,0.259548
train,16054.tif,0.534254,23.6304,0.371216
train,16055.tif,0.601433,20.8118,0.262535
train,16056.tif,0.649319,23.6809,0.316378
train,16057.tif,0.6707,23.3585,0.226105
train,16058.tif,0.589411,22.6295,0.215455
train,16059.tif,0.681005,23.8573,0.227866
train,1606.tif,0.561039,21.4344,0.219362
train,16060.tif,0.535184,21.678,0.279324
train,16061.tif,0.690949,23.8539,0.203876
train,16062.tif,0.463309,19.376,0.298167
train,16063.tif,0.537203,21.4312,0.288313
train,16064.tif,0.550112,23.0995,0.28451
train,16065.tif,0.581594,22.8994,0.268313
train,16066.tif,0.520236,22.3007,0.235426
train,16067.tif,0.541668,22.3847,0.263682
train,16068.tif,0.59993,20.1359,0.248586
train,16069.tif,0.504184,20.8367,0.262008
train,1607.tif,0.561699,21.5731,0.286314
train,16070.tif,0.448071,20.4982,0.318417
train,16071.tif,0.490425,21.5518,0.324076
train,16072.tif,0.615656,22.4036,0.266485
train,16073.tif,0.575793,22.4213,0.282025
train,16074.tif,0.561749,21.8254,0.309129
train,16075.tif,0.517823,22.1793,0.280027
train,16076.tif,0.465686,20.6262,0.246689
train,16077.tif,0.610793,23.5243,0.238122
train,16078.tif,0.645639,22.7496,0.290529
train,16079.tif,0.513146,22.0901,0.290043
train,1608.tif,0.571789,20.4207,0.297061
train,16080.tif,0.59398,20.8936,0.256385
train,16081.tif,0.512905,21.2225,0.278309
train,16082.tif,0.680752,25.3369,0.243932
train,16083.tif,0.52645,21.3663,0.258966
train,16084.tif,0.550257,23.0022,0.277716
train,16085.tif,0.593964,22.333,0.258038
train,16086.tif,0.569009,22.749,0.235074
train,16087.tif,0.503762,22.6162,0.235731
train,16088.tif,0.681813,23.2341,0.232671
train,16089.tif,0.466954,19.7355,0.266068
train,1609.tif,0.543741,22.0172,0.291816
train,16090.tif,0.647489,23.3509,0.229117
train,16091.tif,0.460712,21.5505,0.286185
train,16092.tif,0.438588,20.6023,0.275442
train,16093.tif,0.650915,24.0108,0.245954
train,16094.tif,0.465227,20.2558,0.283643
train,16095.tif,0.779266,24.1453,0.239009
train,16096.tif,0.574546,21.4223,0.291656
train,16097.tif,0.577173,19.5149,0.269647
train,16098.tif,0.535759,22.2648,0.277923
train,16099.tif,0.511962,21.6548,0.269755
train,161.tif,0.669563,18.6569,0.294821
train,1610.tif,0.756631,23.9414,0.346972
train,16100.tif,0.642659,22.682,0.214972
train,16101.tif,0.586948,21.2112,0.274147
train,16102.tif,0.514701,21.9852,0.228412
train,16103.tif,0.59782,22.0562,0.283312
train,16104.tif,0.498868,21.5588,0.304283
train,16105.tif,0.570281,22.4048,0.269982
train,16106.tif,0.610112,24.4345,0.239548
train,16107.tif,0.418901,21.6464,0.388006
train,16108.tif,0.545125,22.3406,0.23068
train,16109.tif,0.521682,21.0736,0.291461
train,1611.tif,0.587341,20.663,0.320863
train,16110.tif,0.494157,21.7425,0.286371
train,16111.tif,0.457177,22.0144,0.289508
train,16112.tif,0.608991,19.2869,0.299601
train,16113.tif,0.500053,21.1688,0.239739
train,16114.tif,0.729642,23.8019,0.22211
train,16115.tif,0.492914,21.2589,0.270075
train,16116.tif,0.734818,24.0676,0.255672
train,16117.tif,0.50011,21.2912,0.270188
train,16118.tif,0.538059,23.0603,0.288581
train,16119.tif,0.464346,19.7745,0.268927
train,1612.tif,0.57375,22.6591,0.298178
train,16120.tif,0.4612,19.6159,0.280442
train,16121.tif,0.488706,21.5786,0.259317
train,16122.tif,0.470852,20.554,0.303875
train,16123.tif,0.514803,21.4676,0.263686
train,16124.tif,0.485208,19.7205,0.308722
train,16125.tif,0.523928,22.6423,0.239401
train,16126.tif,0.658849,23.6536,0.249188
train,16127.tif,0.546667,23.1309,0.299569
train,16128.tif,0.523461,22.992,0.249698
train,16129.tif,0.528454,20.9703,0.290124
train,1613.tif,0.5344,20.3831,0.249098
train,16130.tif,0.553006,23.0558,0.283641
train,16131.tif,0.485087,20.5786,0.25577
train,16132.tif,0.609562,22.7868,0.264807
train,16133.tif,0.525062,21.7704,0.267868
train,16134.tif,0.436713,20.2845,0.295316
train,16135.tif,0.49097,20.9731,0.257035
train,16136.tif,0.780997,22.809,0.248344
train,16137.tif,0.664555,23.5993,0.256333
train,16138.tif,0.520823,22.7872,0.255485
train,16139.tif,0.590308,18.6099,0.32157
train,1614.tif,0.508734,21.0779,0.315779
train,16140.tif,0.631571,23.1197,0.259189
train,16141.tif,0.601132,21.4141,0.247908
train,16142.tif,0.444573,20.0549,0.31044
train,16143.tif,0.434974,20.4886,0.308875
train,16144.tif,0.60875,20.8729,0.257173
train,16145.tif,0.459632,20.1522,0.25607
train,16146.tif,0.514872,21.1724,0.299119
train,16147.tif,0.652437,24.3859,0.221103
train,16148.tif,0.694307,24.4742,0.213444
train,16149.tif,0.677856,22.5798,0.223627
train,1615.tif,0.584973,22.4964,0.269223
train,16150.tif,0.55655,21.2968,0.267783
train,16151.tif,0.539669,22.5287,0.272118
train,16152.tif,0.511582,19.0824,0.321489
train,16153.tif,0.538474,20.0178,0.259719
train,16154.tif,0.574886,22.0981,0.334407
train,16155.tif,0.637948,23.6773,0.257727
train,16156.tif,0.512716,20.5748,0.254121
train,16157.tif,0.539017,20.2936,0.273432
train,16158.tif,0.63548,23.259,0.223066
train,16159.tif,0.518714,22.0767,0.246857
train,1616.tif,0.475871,20.7623,0.303876
train,16160.tif,0.633677,23.1826,0.241259
train,16161.tif,0.522057,20.3557,0.260349
train,16162.tif,0.584492,22.6513,0.255375
train,16163.tif,0.557401,21.2523,0.227005
train,16164.tif,0.579246,23.8543,0.287015
train,16165.tif,0.668102,23.968,0.214725
train,16166.tif,0.449295,20.3328,0.282135
train,16167.tif,0.463395,19.9365,0.27055
train,16168.tif,0.499217,21.4348,0.243595
train,16169.tif,0.625849,23.1672,0.25782
train,1617.tif,0.587148,21.9617,0.260221
train,16170.tif,0.577863,22.8871,0.235537
train,16171.tif,0.539358,21.905,0.292255
train,16172.tif,0.493733,21.7851,0.283319
train,16173.tif,0.714329,24.5748,0.229727
train,16174.tif,0.567238,22.6338,0.250769
train,16175.tif,0.637117,21.7005,0.308049
train,16176.tif,0.577311,22.3077,0.266149
train,16177.tif,0.578701,21.7684,0.252679
train,16178.tif,0.672013,24.8614,0.235168
train,16179.tif,0.564009,21.4552,0.261483
train,1618.tif,0.604118,22.1211,0.342863
train,16180.tif,0.557297,17.9585,0.286749
train,16181.tif,0.551589,20.1155,0.264503
train,16182.tif,0.671996,24.2436,0.244717
train,16183.tif,0.510602,18.8779,0.299565
train,16184.tif,0.609837,22.3789,0.273431
train,16185.tif,0.62448,21.8218,0.263328
train,16186.tif,0.612008,24.0539,0.22499
train,16187.tif,0.444357,20.26,0.2642
train,16188.tif,0.619136,23.5235,0.260523
train,16189.tif,0.546455,21.814,0.256931
train,1619.tif,0.543544,20.3759,0.264212
train,16190.tif,0.415099,20.2297,0.284355
train,16191.tif,0.596709,23.3206,0.267338
train,16192.tif,0.589287,23.0759,0.240621
train,16193.tif,0.656578,24.0716,0.280004
train,16194.tif,0.562175,20.523,0.319866
train,16195.tif,0.468292,21.9433,0.258902
train,16196.tif,0.463109,19.9601,0.261972
train,16197.tif,0.65386,23.5077,0.266081
train,16198.tif,0.598774,23.0441,0.234606
train,16199.tif,0.682057,24.4037,0.213513
train,162.tif,0.535514,20.2346,0.330192
train,1620.tif,0.521007,19.9746,0.344963
train,16200.tif,0.519834,21.2342,0.232807
train,16201.tif,0.564696,22.5038,0.320253
train,16202.tif,0.44729,20.6596,0.30381
train,16203.tif,0.580328,23.0894,0.232457
train,16204.tif,0.676593,24.1091,0.235278
train,16205.tif,0.571442,17.8961,0.273734
train,16206.tif,0.561821,22.3898,0.286785
train,16207.tif,0.573379,22.7996,0.284228
train,16208.tif,0.50771,22.0321,0.265745
train,16209.tif,0.608836,23.8323,0.285585
train,1621.tif,0.500178,20.9116,0.252046
train,16210.tif,0.564927,22.5499,0.258908
train,16211.tif,0.675,23.4535,0.216819
train,16212.tif,0.664044,23.201,0.210518
train,16213.tif,0.543812,21.7579,0.26941
train,16214.tif,0.455926,21.4204,0.234899
train,16215.tif,0.432393,19.0309,0.310214
train,16216.tif,0.642556,24.1873,0.260546
train,16217.tif,0.667796,23.9551,0.268955
train,16218.tif,0.453041,19.4194,0.282361
train,16219.tif,0.678501,24.6108,0.215789
train,1622.tif,0.538185,21.0898,0.281385
train,16220.tif,0.556798,23.0324,0.276012
train,16221.tif,0.559748,17.9887,0.30734
train,16222.tif,0.576518,23.0093,0.250355
train,16223.tif,0.526123,20.4537,0.332287
train,16224.tif,0.586013,23.0917,0.265636
train,16225.tif,0.509708,21.9801,0.2395
train,16226.tif,0.600126,22.1068,0.285205
train,16227.tif,0.541241,22.8985,0.304701
train,16228.tif,0.611249,23.9655,0.232317
train,16229.tif,0.564044,23.2015,0.299577
train,1623.tif,0.486282,19.9227,0.389802
train,16230.tif,0.519988,20.2226,0.264144
train,16231.tif,0.677469,21.3057,0.266056
train,16232.tif,0.419438,19.8435,0.305631
train,16233.tif,0.513683,20.8095,0.287138
train,16234.tif,0.457383,18.0378,0.28019
train,16235.tif,0.572371,21.6654,0.276516
train,16236.tif,0.400924,19.9792,0.332727
train,16237.tif,0.512576,21.8464,0.29238
train,16238.tif,0.611226,20.7116,0.255897
train,16239.tif,0.568009,20.3768,0.252083
train,1624.tif,0.581502,21.5942,0.261158
train,16240.tif,0.587333,21.6038,0.262485
train,16241.tif,0.54329,22.5045,0.263516
train,16242.tif,0.620884,23.3433,0.247496
train,16243.tif,0.567849,23.3214,0.261593
train,16244.tif,0.643669,22.296,0.22082
train,16245.tif,0.556267,22.9259,0.2541
train,16246.tif,0.798819,25.0112,0.206231
train,16247.tif,0.712428,23.3631,0.217136
train,16248.tif,0.626094,22.1156,0.271693
train,16249.tif,0.494157,21.9257,0.230354
train,1625.tif,0.409886,18.4879,0.303268
train,16250.tif,0.46462,20.5454,0.315162
train,16251.tif,0.634557,22.849,0.270162
train,16252.tif,0.450595,19.3886,0.236018
train,16253.tif,0.648213,24.4071,0.253361
train,16254.tif,0.594327,22.6006,0.272093
train,16255.tif,0.701016,25.4042,0.231572
train,16256.tif,0.567323,21.7429,0.239755
train,16257.tif,0.486191,20.7732,0.3532
train,16258.tif,0.61798,23.2068,0.233304
train,16259.tif,0.691699,24.4839,0.212234
train,1626.tif,0.535766,22.2223,0.294266
train,16260.tif,0.554026,22.2087,0.306983
train,16261.tif,0.604291,22.7821,0.244385
train,16262.tif,0.629122,23.274,0.242173
train,16263.tif,0.534308,21.0285,0.275106
train,16264.tif,0.686508,24.4954,0.225245
train,16265.tif,0.61365,21.9782,0.264273
train,16266.tif,0.504652,18.7726,0.312139
train,16267.tif,0.424228,20.0401,0.313744
train,16268.tif,0.546676,22.6358,0.380601
train,16269.tif,0.649866,22.9037,0.268873
train,1627.tif,0.475233,20.6407,0.278259
train,16270.tif,0.633777,23.2956,0.258362
train,16271.tif,0.622365,17.2287,0.308344
train,16272.tif,0.526121,20.341,0.319354
train,16273.tif,0.630293,23.3848,0.229458
train,16274.tif,0.650625,23.8324,0.215511
train,16275.tif,0.600057,23.4972,0.274561
train,16276.tif,0.489178,20.6074,0.26116
train,16277.tif,0.455651,19.0926,0.276939
train,16278.tif,0.505809,21.8255,0.261312
train,16279.tif,0.51331,21.3817,0.294493
train,1628.tif,0.585496,19.697,0.305625
train,16280.tif,0.523653,22.0737,0.268028
train,16281.tif,0.671022,24.0301,0.223872
train,16282.tif,0.598814,22.333,0.277184
train,16283.tif,0.555039,21.5568,0.254907
train,16284.tif,0.556263,22.0842,0.264132
train,16285.tif,0.63792,23.6286,0.251211
train,16286.tif,0.574705,24.3305,0.357516
train,16287.tif,0.529654,21.7936,0.239217
train,16288.tif,0.458841,20.0695,0.303585
train,16289.tif,0.473641,16.8485,0.278732
train,1629.tif,0.522382,20.0552,0.34069
train,16290.tif,0.572799,23.4297,0.231406
train,16291.tif,0.558255,19.0067,0.302103
train,16292.tif,0.487342,21.0006,0.265961
train,16293.tif,0.492999,21.3826,0.315758
train,16294.tif,0.454672,19.8644,0.270218
train,16295.tif,0.606033,23.1018,0.29827
train,16296.tif,0.565338,22.558,0.232347
train,16297.tif,0.497035,20.9112,0.262919
train,16298.tif,0.590255,22.7974,0.242807
train,16299.tif,0.622292,22.8171,0.266045
train,163.tif,0.534751,19.5272,0.280166
train,1630.tif,0.555861,22.4217,0.26959
train,16300.tif,0.523258,21.5331,0.281855
train,16301.tif,0.521981,21.7788,0.256542
train,16302.tif,0.600845,21.7698,0.254626
train,16303.tif,0.569688,22.0691,0.276505
train,16304.tif,0.489987,20.0785,0.275434
train,16305.tif,0.702834,24.1153,0.209072
train,16306.tif,0.521504,20.2037,0.334521
train,16307.tif,0.614045,22.7178,0.25856
train,16308.tif,0.637412,22.0904,0.263894
train,16309.tif,0.509673,21.6505,0.312094
train,1631.tif,0.522468,22.447,0.25309
train,16310.tif,0.54414,21.5607,0.254667
train,16311.tif,0.520065,21.3468,0.284896
train,16312.tif,0.501077,22.1107,0.260382
train,16313.tif,0.542991,22.9651,0.298509
train,16314.tif,0.506364,19.8105,0.279487
train,16315.tif,0.514739,22.4508,0.254829
train,16316.tif,0.461033,20.1239,0.293374
train,16317.tif,0.628702,23.6285,0.25036
train,16318.tif,0.525367,23.2552,0.267063
train,16319.tif,0.483332,21.1325,0.291072
train,1632.tif,0.629323,22.9516,0.295566
train,16320.tif,0.509392,19.6325,0.281664
train,16321.tif,0.514796,21.7002,0.290483
train,16322.tif,0.635756,20.9104,0.262807
train,16323.tif,0.639547,23.2756,0.215559
train,16324.tif,0.630015,23.73,0.215501
train,16325.tif,0.654381,20.7219,0.352368
train,16326.tif,0.60441,21.6328,0.24527
train,16327.tif,0.591972,22.1574,0.24459
train,16328.tif,0.694747,23.8958,0.222695
train,16329.tif,0.519738,22.2709,0.287119
train,1633.tif,0.54319,19.6429,0.264964
train,16330.tif,0.461911,20.607,0.28919
train,16331.tif,0.511801,22.6437,0.277524
train,16332.tif,0.509018,21.308,0.302234
train,16333.tif,0.736845,24.8414,0.274402
train,16334.tif,0.58225,23.292,0.233175
train,16335.tif,0.561087,21.6827,0.263905
train,16336.tif,0.666395,24.1165,0.284896
train,16337.tif,0.541276,21.1936,0.233607
train,16338.tif,0.536572,21.7823,0.259381
train,16339.tif,0.6224,23.084,0.332394
train,1634.tif,0.522296,21.0607,0.270382
train,16340.tif,0.680984,24.4766,0.211278
train,16341.tif,0.596754,22.0129,0.248682
train,16342.tif,0.465108,22.1369,0.308932
train,16343.tif,0.470805,18.8039,0.30555
train,16344.tif,0.43689,20.3851,0.34357
train,16345.tif,0.558446,21.416,0.256843
train,16346.tif,0.787462,24.6221,0.255667
train,16347.tif,0.429047,20.1199,0.297949
train,16348.tif,0.667909,18.8551,0.416412
train,16349.tif,0.597924,21.108,0.247833
train,1635.tif,0.612786,23.089,0.31503
train,16350.tif,0.561115,21.518,0.246676
train,16351.tif,0.583393,20.5948,0.307477
train,16352.tif,0.541545,21.0183,0.274712
train,16353.tif,0.614497,22.3485,0.242562
train,16354.tif,0.516651,22.8098,0.303367
train,16355.tif,0.5897,24.0635,0.241527
train,16356.tif,0.481325,20.2058,0.289105
train,16357.tif,0.421427,18.7195,0.287381
train,16358.tif,0.627077,18.5609,0.412366
train,16359.tif,0.550003,21.2628,0.330394
train,1636.tif,0.521928,21.8071,0.287649
train,16360.tif,0.45232,20.0577,0.2722
train,16361.tif,0.630646,22.8619,0.243426
train,16362.tif,0.507242,19.6987,0.299652
train,16363.tif,0.611367,16.6529,0.30962
train,16364.tif,0.641756,22.9165,0.251068
train,16365.tif,0.464126,20.4563,0.277187
train,16366.tif,0.690723,21.9025,0.236701
train,16367.tif,0.701803,23.6392,0.245688
train,16368.tif,0.507703,22.279,0.266782
train,16369.tif,0.58518,23.8107,0.263418
train,1637.tif,0.584996,21.1177,0.258804
train,16370.tif,0.569685,24.1917,0.300412
train,16371.tif,0.45816,20.5981,0.257863
train,16372.tif,0.661905,23.138,0.237041
train,16373.tif,0.497257,20.6829,0.251391
train,16374.tif,0.667784,24.1229,0.240323
train,16375.tif,0.650619,24.1677,0.246966
train,16376.tif,0.479815,20.4567,0.313632
train,16377.tif,0.634448,23.3503,0.225104
train,16378.tif,0.713967,23.6151,0.240928
train,16379.tif,0.49753,22.184,0.270291
train,1638.tif,0.579204,20.5657,0.293225
train,16380.tif,0.503229,21.832,0.25698
train,16381.tif,0.529682,21.6767,0.240421
train,16382.tif,0.669192,24.0046,0.237915
train,16383.tif,0.652471,23.3657,0.252681
train,16384.tif,0.490146,20.6703,0.301602
train,16385.tif,0.529853,21.8348,0.291373
train,16386.tif,0.615142,22.2277,0.259735
train,16387.tif,0.476842,20.8689,0.286815
train,16388.tif,0.663132,23.3169,0.258876
train,16389.tif,0.62311,21.6837,0.233393
train,1639.tif,0.53765,20.7614,0.262986
train,16390.tif,0.468244,19.8843,0.339429
train,16391.tif,0.522711,21.4421,0.270965
train,16392.tif,0.524338,20.9471,0.295626
train,16393.tif,0.659325,23.3634,0.26829
train,16394.tif,0.571399,22.4757,0.319167
train,16395.tif,0.592965,22.9451,0.2718
train,16396.tif,0.529272,21.6613,0.284882
train,16397.tif,0.628393,22.9634,0.27431
train,16398.tif,0.535357,23.2112,0.31238
train,16399.tif,0.508197,21.6097,0.236496
train,164.tif,0.609672,19.2351,0.289384
train,1640.tif,0.580388,21.0683,0.309296
train,16400.tif,0.598365,19.6098,0.292543
train,16401.tif,0.609865,23.6358,0.248224
train,16402.tif,0.609821,23.3864,0.292197
train,16403.tif,0.602243,20.8176,0.270206
train,16404.tif,0.58606,22.5429,0.223566
train,16405.tif,0.589851,21.6276,0.253278
train,16406.tif,0.733692,18.5327,0.463634
train,16407.tif,0.574945,22.6183,0.232077
train,16408.tif,0.538284,21.8313,0.283837
train,16409.tif,0.651744,22.7511,0.260281
train,1641.tif,0.537217,21.9159,0.299677
train,16410.tif,0.586887,22.0431,0.260256
train,16411.tif,0.686039,17.3772,0.263074
train,16412.tif,0.58339,22.7792,0.243908
train,16413.tif,0.553285,22.4525,0.251819
train,16414.tif,0.552821,22.0991,0.229107
train,16415.tif,0.545791,21.6948,0.305846
train,16416.tif,0.652957,21.2696,0.248751
train,16417.tif,0.675946,24.0183,0.229952
train,16418.tif,0.703974,23.5748,0.228473
train,16419.tif,0.574092,23.0267,0.305424
train,1642.tif,0.525991,19.8185,0.252406
train,16420.tif,0.635776,22.3042,0.265034
train,16421.tif,0.432536,20.3446,0.291764
train,16422.tif,0.687301,20.8498,0.261687
train,16423.tif,0.737339,24.6103,0.202107
train,16424.tif,0.494525,20.0693,0.266615
train,16425.tif,0.500118,20.3539,0.268164
train,16426.tif,0.786091,24.3538,0.228094
train,16427.tif,0.638606,23.3572,0.282849
train,16428.tif,0.496441,21.8506,0.374992
train,16429.tif,0.655248,22.1667,0.241422
train,1643.tif,0.483354,21.6665,0.285715
train,16430.tif,0.446546,19.9164,0.291532
train,16431.tif,0.672246,23.3453,0.239997
train,16432.tif,0.585538,23.5209,0.246929
train,16433.tif,0.668177,23.3525,0.237043
train,16434.tif,0.733853,24.3391,0.209681
train,16435.tif,0.629891,23.1357,0.279082
train,16436.tif,0.50944,20.6439,0.254882
train,16437.tif,0.493419,21.5773,0.241122
train,16438.tif,0.63704,22.8562,0.245049
train,16439.tif,0.420059,18.686,0.378379
train,1644.tif,0.532905,20.5124,0.306431
train,16440.tif,0.618096,22.386,0.248045
train,16441.tif,0.577279,23.0457,0.233002
train,16442.tif,0.528085,20.2771,0.257268
train,16443.tif,0.569823,22.0574,0.257054
train,16444.tif,0.477623,18.9052,0.282002
train,16445.tif,0.62305,23.3241,0.228111
train,16446.tif,0.493857,18.6403,0.339897
train,16447.tif,0.596291,22.9789,0.263862
train,16448.tif,0.596908,21.2832,0.271705
train,16449.tif,0.529916,20.9844,0.269341
train,1645.tif,0.517202,20.9039,0.294878
train,16450.tif,0.505792,21.1642,0.285401
train,16451.tif,0.510587,20.855,0.277043
train,16452.tif,0.59877,23.4915,0.26636
train,16453.tif,0.537501,21.5963,0.27083
train,16454.tif,0.662879,23.1599,0.209542
train,16455.tif,0.610085,24.0654,0.222803
train,16456.tif,0.509214,20.885,0.308138
train,16457.tif,0.473193,20.7977,0.301573
train,16458.tif,0.62964,24.0897,0.291735
train,16459.tif,0.453207,21.0157,0.262098
train,1646.tif,0.503395,21.482,0.256909
train,16460.tif,0.507323,22.1815,0.272373
train,16461.tif,0.81341,22.3306,0.269671
train,16462.tif,0.694078,23.3682,0.238996
train,16463.tif,0.60096,23.2924,0.238295
train,16464.tif,0.507961,21.8949,0.245983
train,16465.tif,0.526751,22.7534,0.273747
train,16466.tif,0.519325,21.9319,0.246052
train,16467.tif,0.629359,23.1921,0.230301
train,16468.tif,0.499887,21.2104,0.253837
train,16469.tif,0.476155,21.6144,0.345446
train,1647.tif,0.522863,20.4145,0.246851
train,16470.tif,0.693338,22.4525,0.204984
train,16471.tif,0.586364,22.7383,0.329578
train,16472.tif,0.442216,21.3257,0.271581
train,16473.tif,0.555542,18.5435,0.304921
train,16474.tif,0.6817,24.7614,0.204136
train,16475.tif,0.509435,21.4287,0.340552
train,16476.tif,0.617856,23.9185,0.215903
train,16477.tif,0.555983,22.4667,0.221932
train,16478.tif,0.616165,21.8783,0.251112
train,16479.tif,0.643147,21.4116,0.365923
train,1648.tif,0.508752,20.864,0.27358
train,16480.tif,0.472617,22.302,0.294724
train,16481.tif,0.577309,22.9655,0.284513
train,16482.tif,0.678588,24.0448,0.239298
train,16483.tif,0.522909,17.5404,0.285495
train,16484.tif,0.586516,23.537,0.328483
train,16485.tif,0.648253,20.7522,0.254795
train,16486.tif,0.646561,23.366,0.26117
train,16487.tif,0.594172,21.0766,0.269068
train,16488.tif,0.663737,23.3479,0.213419
train,16489.tif,0.738429,24.7852,0.222128
train,1649.tif,0.479636,19.9659,0.273804
train,16490.tif,0.503249,21.2689,0.309538
train,16491.tif,0.504326,21.356,0.269804
train,16492.tif,0.656224,21.8334,0.231845
train,16493.tif,0.708077,23.2765,0.227673
train,16494.tif,0.598233,23.1702,0.275583
train,16495.tif,0.411514,19.4969,0.302143
train,16496.tif,0.504687,21.5549,0.308214
train,16497.tif,0.620858,24.2582,0.248888
train,16498.tif,0.552301,23.0865,0.235767
train,16499.tif,0.549727,21.1879,0.29286
train,165.tif,0.518202,18.8741,0.230726
train,1650.tif,0.549561,22.5862,0.295249
train,16500.tif,0.667908,24.124,0.246526
train,16501.tif,0.526166,22.6827,0.246354
train,16502.tif,0.652663,23.6696,0.222759
train,16503.tif,0.523786,21.2588,0.285373
train,16504.tif,0.632422,23.1043,0.237376
train,16505.tif,0.589681,23.8221,0.309904
train,16506.tif,0.688867,23.2516,0.24551
train,16507.tif,0.635013,23.3227,0.251771
train,16508.tif,0.510576,19.4066,0.304293
train,16509.tif,0.671197,22.4867,0.281598
train,1651.tif,0.503214,18.9964,0.294471
train,16510.tif,0.597995,23.4367,0.230133
train,16511.tif,0.531931,22.203,0.289315
train,16512.tif,0.690329,23.6227,0.269677
train,16513.tif,0.598508,22.1691,0.275971
train,16514.tif,0.583307,23.4232,0.25459
train,16515.tif,0.449441,19.3866,0.30135
train,16516.tif,0.613383,23.3649,0.298122
train,16517.tif,0.698048,24.5734,0.238171
train,16518.tif,0.500758,21.3184,0.260235
train,16519.tif,0.645794,23.4142,0.244276
train,1652.tif,0.549423,20.1129,0.276502
train,16520.tif,0.535435,21.2054,0.256951
train,16521.tif,0.525006,21.7178,0.267494
train,16522.tif,0.474498,21.5903,0.267584
train,16523.tif,0.687426,24.6197,0.232775
train,16524.tif,0.622662,22.9132,0.238062
train,16525.tif,0.581763,20.8294,0.270055
train,16526.tif,0.519307,20.7707,0.26311
train,16527.tif,0.734178,25.4487,0.228958
train,16528.tif,0.473474,21.6168,0.268307
train,16529.tif,0.530777,21.6011,0.263666
train,1653.tif,0.521952,19.0464,0.238693
train,16530.tif,0.460858,20.2372,0.288645
train,16531.tif,0.640175,20.8822,0.248433
train,16532.tif,0.538312,21.4986,0.267244
train,16533.tif,0.655712,22.1633,0.23866
train,16534.tif,0.484877,20.3973,0.267824
train,16535.tif,0.578429,22.1889,0.245682
train,16536.tif,0.59046,22.05,0.237206
train,16537.tif,0.450517,20.1268,0.301259
train,16538.tif,0.585122,20.9931,0.237843
train,16539.tif,0.442449,20.9674,0.280239
train,1654.tif,0.604314,22.5015,0.291495
train,16540.tif,0.623859,23.2823,0.239091
train,16541.tif,0.499461,17.5848,0.283583
train,16542.tif,0.540161,22.4006,0.243688
train,16543.tif,0.67565,23.9655,0.230233
train,16544.tif,0.512406,22.9272,0.283054
train,16545.tif,0.547173,22.2104,0.278184
train,16546.tif,0.517891,22.614,0.287762
train,16547.tif,0.607951,22.615,0.267271
train,16548.tif,0.517543,21.3051,0.258973
train,16549.tif,0.562551,22.9913,0.279752
train,1655.tif,0.554954,22.9749,0.286083
train,16550.tif,0.544566,22.3435,0.24293
train,16551.tif,0.674598,24.0412,0.262593
train,16552.tif,0.586611,21.3572,0.240862
train,16553.tif,0.606972,23.9171,0.277754
train,16554.tif,0.534044,22.0177,0.2515
train,16555.tif,0.660397,24.2416,0.217943
train,16556.tif,0.581515,20.9476,0.323835
train,16557.tif,0.472073,20.0292,0.250272
train,16558.tif,0.626348,22.61,0.215805
train,16559.tif,0.519451,21.881,0.26933
train,1656.tif,0.538484,21.639,0.320714
train,16560.tif,0.480243,20.287,0.282004
train,16561.tif,0.578236,21.2144,0.257498
train,16562.tif,0.670522,21.7472,0.249418
train,16563.tif,0.461558,20.2619,0.296532
train,16564.tif,0.695108,23.9336,0.241154
train,16565.tif,0.580573,24.5002,0.293081
train,16566.tif,0.559407,24.1244,0.301455
train,16567.tif,0.445204,20.8569,0.236023
train,16568.tif,0.537117,21.8682,0.256469
train,16569.tif,0.625205,22.7589,0.251223
train,1657.tif,0.493177,19.7535,0.323548
train,16570.tif,0.642959,23.9905,0.23502
train,16571.tif,0.5441,23.3005,0.276992
train,16572.tif,0.644547,23.4515,0.26541
train,16573.tif,0.469434,18.5943,0.293313
train,16574.tif,0.58205,20.9254,0.284607
train,16575.tif,0.648364,24.3855,0.202918
train,16576.tif,0.593318,21.8502,0.266012
train,16577.tif,0.601996,20.8852,0.241934
train,16578.tif,0.459345,21.8008,0.263057
train,16579.tif,0.759652,23.8088,0.246589
train,1658.tif,0.517113,20.1499,0.339723
train,16580.tif,0.410559,20.091,0.271106
train,16581.tif,0.457985,18.1035,0.267366
train,16582.tif,0.535305,22.2774,0.288327
train,16583.tif,0.543325,23.7841,0.300341
train,16584.tif,0.545996,20.6718,0.250235
train,16585.tif,0.591163,22.439,0.249563
train,16586.tif,0.476441,19.3655,0.278701
train,16587.tif,0.503087,21.4667,0.256497
train,16588.tif,0.517484,23.4694,0.248986
train,16589.tif,0.835867,23.7491,0.27598
train,1659.tif,0.556667,20.6796,0.274437
train,16590.tif,0.563599,21.8925,0.251428
train,16591.tif,0.665751,24.6175,0.245639
train,16592.tif,0.547555,22.4834,0.273084
train,16593.tif,0.6396,24.5369,0.225636
train,16594.tif,0.675525,24.0175,0.22311
train,16595.tif,0.484067,20.7521,0.26872
train,16596.tif,0.4203,19.8751,0.30365
train,16597.tif,0.574371,22.3711,0.236732
train,16598.tif,0.474021,18.9742,0.289627
train,16599.tif,0.469223,21.0142,0.259311
train,166.tif,0.574505,18.2552,0.28953
train,1660.tif,0.56234,20.967,0.276056
train,16600.tif,0.445922,17.5258,0.284905
train,16601.tif,0.523088,22.7492,0.274802
train,16602.tif,0.601078,23.0529,0.242425
train,16603.tif,0.495265,19.8587,0.249493
train,16604.tif,0.620848,24.3331,0.285335
train,16605.tif,0.509786,20.4369,0.314717
train,16606.tif,0.539507,20.8172,0.307335
train,16607.tif,0.541425,22.5852,0.273969
train,16608.tif,0.549099,21.6376,0.232178
train,16609.tif,0.664227,21.79,0.250725
train,1661.tif,0.793737,24.6977,0.265399
train,16610.tif,0.501471,20.2336,0.262926
train,16611.tif,0.61997,22.7859,0.284462
train,16612.tif,0.663605,21.0915,0.248858
train,16613.tif,0.632218,22.5127,0.233723
train,16614.tif,0.646707,23.5545,0.218064
train,16615.tif,0.472203,22.2993,0.290539
train,16616.tif,0.544202,21.7137,0.262741
train,16617.tif,0.678402,22.9908,0.237529
train,16618.tif,0.630942,23.1103,0.247321
train,16619.tif,0.577686,23.4696,0.270601
train,1662.tif,0.55878,20.0933,0.286066
train,16620.tif,0.681381,24.0944,0.260985
train,16621.tif,0.653972,22.7427,0.234988
train,16622.tif,0.393125,20.301,0.282907
train,16623.tif,0.589285,20.3446,0.244863
train,16624.tif,0.531119,21.7088,0.269773
train,16625.tif,0.592311,23.588,0.252087
train,16626.tif,0.659151,23.228,0.227561
train,16627.tif,0.559065,22.4285,0.271136
train,16628.tif,0.771194,22.5265,0.197829
train,16629.tif,0.661687,23.7862,0.269589
train,1663.tif,0.568543,22.4325,0.289254
train,16630.tif,0.682843,16.9787,0.272962
train,16631.tif,0.667808,23.5028,0.236871
train,16632.tif,0.495227,17.7448,0.28693
train,16633.tif,0.647035,21.8176,0.24022
train,16634.tif,0.453434,20.5457,0.27591
train,16635.tif,0.693217,24.2035,0.261646
train,16636.tif,0.436391,19.3419,0.276021
train,16637.tif,0.635055,23.6096,0.240333
train,16638.tif,0.618037,23.8184,0.247116
train,16639.tif,0.467292,19.4781,0.295266
train,1664.tif,0.511264,20.2381,0.277536
train,16640.tif,0.54741,22.4157,0.266224
train,16641.tif,0.493603,21.8235,0.252931
train,16642.tif,0.572247,21.4675,0.302343
train,16643.tif,0.601831,21.0427,0.250892
train,16644.tif,0.519021,21.5912,0.299342
train,16645.tif,0.472998,21.0693,0.292476
train,16646.tif,0.698175,22.6661,0.238208
train,16647.tif,0.56122,22.1071,0.233363
train,16648.tif,0.580805,23.9745,0.276758
train,16649.tif,0.474856,21.0153,0.25357
train,1665.tif,0.533712,21.5397,0.295538
train,16650.tif,0.539863,22.6377,0.253003
train,16651.tif,0.617353,23.4864,0.269053
train,16652.tif,0.587333,22.7211,0.284574
train,16653.tif,0.452963,20.1398,0.333903
train,16654.tif,0.619292,20.7017,0.24966
train,16655.tif,0.570542,22.2477,0.254709
train,16656.tif,0.433945,19.0871,0.265272
train,16657.tif,0.668233,22.0795,0.2437
train,16658.tif,0.58737,23.0681,0.275809
train,16659.tif,0.558365,22.773,0.246871
train,1666.tif,0.561864,23.0818,0.31013
train,16660.tif,0.537337,22.0426,0.306042
train,16661.tif,0.650651,19.6305,0.283256
train,16662.tif,0.644986,23.2164,0.236365
train,16663.tif,0.561046,22.3375,0.242068
train,16664.tif,0.625479,22.6234,0.214209
train,16665.tif,0.60328,22.89,0.237473
train,16666.tif,0.498319,21.5865,0.270297
train,16667.tif,0.617762,20.7099,0.23803
train,16668.tif,0.607308,22.8801,0.283011
train,16669.tif,0.486795,23.5597,0.335049
train,1667.tif,0.733268,24.3125,0.251886
train,16670.tif,0.622657,23.0238,0.214209
train,16671.tif,0.489401,20.4745,0.279261
train,16672.tif,0.732318,21.7939,0.247603
train,16673.tif,0.499067,20.8519,0.341912
train,16674.tif,0.585366,23.1916,0.234397
train,16675.tif,0.625236,23.9063,0.244862
train,16676.tif,0.622169,23.0853,0.260841
train,16677.tif,0.558133,20.6698,0.283078
train,16678.tif,0.566425,22.9567,0.277744
train,16679.tif,0.599689,20.8864,0.273668
train,1668.tif,0.571588,20.6822,0.300764
train,16680.tif,0.754453,23.8485,0.271793
train,16681.tif,0.721432,23.3922,0.206389
train,16682.tif,0.665105,22.3071,0.228459
train,16683.tif,0.552044,23.0842,0.232148
train,16684.tif,0.64186,23.3342,0.232342
train,16685.tif,0.480735,21.4171,0.267002
train,16686.tif,0.677952,23.7339,0.213591
train,16687.tif,0.555084,23.3336,0.298372
train,16688.tif,0.488174,19.6091,0.263182
train,16689.tif,0.65407,23.2944,0.232706
train,1669.tif,0.428559,20.1727,0.302064
train,16690.tif,0.579744,23.3337,0.25675
train,16691.tif,0.509914,20.8527,0.251093
train,16692.tif,0.597696,23.5172,0.229969
train,16693.tif,0.599602,20.7163,0.253983
train,16694.tif,0.593433,22.7304,0.250962
train,16695.tif,0.56152,22.8629,0.238331
train,16696.tif,0.622377,23.6195,0.262203
train,16697.tif,0.616285,22.2152,0.276915
train,16698.tif,0.60163,22.2155,0.25328
train,16699.tif,0.554149,22.9345,0.307461
train,167.tif,0.523884,20.2088,0.255228
train,1670.tif,0.430749,20.1672,0.339799
train,16700.tif,0.629342,22.2394,0.232082
train,16701.tif,0.525054,22.3536,0.272356
train,16702.tif,0.707954,24.0367,0.27721
train,16703.tif,0.602611,22.4627,0.228269
train,16704.tif,0.611019,21.9325,0.250446
train,16705.tif,0.511004,21.9768,0.226918
train,16706.tif,0.629637,22.5096,0.273279
train,16707.tif,0.575941,20.9673,0.261685
train,16708.tif,0.63656,24.1698,0.234084
train,16709.tif,0.490907,21.8524,0.256487
train,1671.tif,0.529243,21.7532,0.337351
train,16710.tif,0.602308,21.4437,0.272968
train,16711.tif,0.571347,21.9451,0.231683
train,16712.tif,0.636982,22.7767,0.246838
train,16713.tif,0.626507,21.1142,0.256304
train,16714.tif,0.694462,24.5152,0.24131
train,16715.tif,0.74419,24.9943,0.231251
train,16716.tif,0.582495,24.0021,0.27522
train,16717.tif,0.660609,22.9749,0.257249
train,16718.tif,0.626376,20.5458,0.231911
train,16719.tif,0.564341,19.5308,0.283903
train,1672.tif,0.585974,21.1897,0.279512
train,16720.tif,0.547531,22.0693,0.286159
train,16721.tif,0.616458,23.7208,0.27733
train,16722.tif,0.531716,20.528,0.336128
train,16723.tif,0.659783,23.6758,0.219015
train,16724.tif,0.487496,17.6374,0.287316
train,16725.tif,0.624568,22.6831,0.24959
train,16726.tif,0.6245,21.9009,0.300673
train,16727.tif,0.538426,23.3342,0.282205
train,16728.tif,0.566676,19.8436,0.296233
train,16729.tif,0.596106,22.8441,0.266907
train,1673.tif,0.48521,19.6748,0.314446
train,16730.tif,0.600468,22.1264,0.283329
train,16731.tif,0.563326,23.0898,0.244732
train,16732.tif,0.432845,18.7144,0.268721
train,16733.tif,0.564861,21.1682,0.230623
train,16734.tif,0.544796,20.1195,0.263255
train,16735.tif,0.694311,17.1447,0.279447
train,16736.tif,0.460111,21.8977,0.293603
train,16737.tif,0.617293,21.8809,0.330599
train,16738.tif,0.547798,23.8867,0.261504
train,16739.tif,0.631355,23.0337,0.228627
train,1674.tif,0.434546,20.4393,0.282966
train,16740.tif,0.6131,22.8389,0.260595
train,16741.tif,0.494685,20.702,0.269081
train,16742.tif,0.584046,23.9715,0.266357
train,16743.tif,0.652951,23.7348,0.264263
train,16744.tif,0.500175,20.6425,0.287727
train,16745.tif,0.53255,22.0938,0.285365
train,16746.tif,0.608559,20.5656,0.294515
train,16747.tif,0.561908,22.0186,0.266041
train,16748.tif,0.587133,22.6475,0.276927
train,16749.tif,0.534075,22.8457,0.280671
train,1675.tif,0.551412,20.5774,0.235029
train,16750.tif,0.569661,21.9976,0.258189
train,16751.tif,0.577444,19.8777,0.257639
train,16752.tif,0.666419,23.0094,0.24427
train,16753.tif,0.634389,21.7169,0.254275
train,16754.tif,0.632902,22.7188,0.247626
train,16755.tif,0.559552,21.8903,0.259927
train,16756.tif,0.552098,22.5971,0.256781
train,16757.tif,0.630632,23.3228,0.236203
train,16758.tif,0.687987,23.6751,0.228176
train,16759.tif,0.575355,22.1176,0.304615
train,1676.tif,0.576927,21.0357,0.304468
train,16760.tif,0.480245,20.4834,0.254628
train,16761.tif,0.570022,21.4108,0.260593
train,16762.tif,0.723442,23.1082,0.238399
train,16763.tif,0.577917,25.1725,0.261713
train,16764.tif,0.565129,22.3607,0.226511
train,16765.tif,0.713113,24.4058,0.219562
train,16766.tif,0.598347,23.1076,0.27836
train,16767.tif,0.585983,21.3436,0.282703
train,16768.tif,0.571966,20.1184,0.25301
train,16769.tif,0.533741,22.0077,0.291325
train,1677.tif,0.535892,21.8584,0.343295
train,16770.tif,0.630687,23.2581,0.266784
train,16771.tif,0.648,20.799,0.258947
train,16772.tif,0.556173,22.9187,0.28106
train,16773.tif,0.452037,20.2296,0.285598
train,16774.tif,0.538552,16.2125,0.334829
train,16775.tif,0.714274,24.7813,0.212028
train,16776.tif,0.632695,22.6836,0.23304
train,16777.tif,0.4786,21.0843,0.278775
train,16778.tif,0.604006,22.9674,0.224405
train,16779.tif,0.515843,22.4322,0.252842
train,1678.tif,0.531034,21.0697,0.244879
train,16780.tif,0.645612,21.0043,0.270066
train,16781.tif,0.547847,20.956,0.26165
train,16782.tif,0.48399,21.7247,0.288659
train,16783.tif,0.432469,19.7514,0.283255
train,16784.tif,0.493544,20.7226,0.345591
train,16785.tif,0.667365,23.2209,0.264761
train,16786.tif,0.65994,22.6343,0.21509
train,16787.tif,0.594658,21.9728,0.256635
train,16788.tif,0.595617,23.6159,0.266416
train,16789.tif,0.613717,22.7783,0.240814
train,1679.tif,0.548981,22.2016,0.302834
train,16790.tif,0.626169,21.3918,0.255748
train,16791.tif,0.688208,23.9652,0.236406
train,16792.tif,0.6359,23.7072,0.262243
train,16793.tif,0.60015,21.9902,0.265641
train,16794.tif,0.564295,21.437,0.222822
train,16795.tif,0.528841,21.1219,0.288634
train,16796.tif,0.647446,22.4861,0.23165
train,16797.tif,0.57472,20.0437,0.30268
train,16798.tif,0.516649,21.2355,0.249018
train,16799.tif,0.481316,21.1531,0.273682
train,168.tif,0.529883,20.9838,0.280294
train,1680.tif,0.510393,21.7367,0.277558
train,16800.tif,0.677075,24.4193,0.222255
train,16801.tif,0.517869,22.4215,0.242713
train,16802.tif,0.517228,21.5744,0.252728
train,16803.tif,0.474632,19.0892,0.25931
train,16804.tif,0.769129,24.8189,0.17261
train,16805.tif,0.627467,21.716,0.261222
train,16806.tif,0.585265,21.7476,0.244971
train,16807.tif,0.501751,22.518,0.286382
train,16808.tif,0.600435,21.7013,0.252201
train,16809.tif,0.617734,23.1806,0.259819
train,1681.tif,0.61232,21.3898,0.228377
train,16810.tif,0.522824,22.4091,0.254468
train,16811.tif,0.557871,23.7205,0.303969
train,16812.tif,0.59683,21.262,0.285332
train,16813.tif,0.563556,22.8224,0.282924
train,16814.tif,0.613671,24.6441,0.287884
train,16815.tif,0.511081,18.5527,0.273673
train,16816.tif,0.660775,23.3031,0.284824
train,16817.tif,0.49963,20.6936,0.258134
train,16818.tif,0.68808,22.5583,0.24628
train,16819.tif,0.448692,20.5725,0.244356
train,1682.tif,0.545007,21.3013,0.332431
train,16820.tif,0.458454,20.3976,0.298898
train,16821.tif,0.57801,22.1367,0.238864
train,16822.tif,0.543506,22.897,0.2589
train,16823.tif,0.569875,20.9863,0.339932
train,16824.tif,0.500629,21.2202,0.244569
train,16825.tif,0.586655,20.8096,0.28764
train,16826.tif,0.601555,24.4536,0.249422
train,16827.tif,0.498279,21.2562,0.279531
train,16828.tif,0.594094,23.4874,0.245356
train,16829.tif,0.589542,21.9817,0.261745
train,1683.tif,0.582165,21.607,0.265246
train,16830.tif,0.592732,24.1229,0.249844
train,16831.tif,0.622686,23.1414,0.263335
train,16832.tif,0.600973,22.8261,0.322085
train,16833.tif,0.491014,21.0684,0.277314
train,16834.tif,0.579714,20.1953,0.278833
train,16835.tif,0.513983,21.7615,0.303132
train,16836.tif,0.591744,22.2034,0.258215
train,16837.tif,0.549914,21.5761,0.291419
train,16838.tif,0.529444,21.4016,0.250105
train,16839.tif,0.509802,21.458,0.292046
train,1684.tif,0.565148,23.0969,0.311608
train,16840.tif,0.59167,20.2292,0.262705
train,16841.tif,0.456886,19.4824,0.284139
train,16842.tif,0.49534,21.7741,0.264481
train,16843.tif,0.493978,20.9731,0.268921
train,16844.tif,0.51778,20.3818,0.253074
train,16845.tif,0.604554,22.382,0.245515
train,16846.tif,0.571242,22.6349,0.272453
train,16847.tif,0.627172,23.803,0.244963
train,16848.tif,0.610108,23.7599,0.240108
train,16849.tif,0.517771,19.851,0.275386
train,1685.tif,0.427968,19.925,0.353077
train,16850.tif,0.542168,22.1117,0.256264
train,16851.tif,0.660903,24.685,0.265893
train,16852.tif,0.532227,20.8948,0.243091
train,16853.tif,0.629477,24.0542,0.230748
train,16854.tif,0.613018,22.5506,0.273426
train,16855.tif,0.655067,21.6685,0.229714
train,16856.tif,0.450242,21.3741,0.300719
train,16857.tif,0.474976,21.0883,0.279344
train,16858.tif,0.512129,21.0316,0.247996
train,16859.tif,0.502165,22.301,0.292157
train,1686.tif,0.588899,20.8733,0.324864
train,16860.tif,0.617055,21.586,0.245888
train,16861.tif,0.592987,23.7424,0.246505
train,16862.tif,0.64513,24.6988,0.216714
train,16863.tif,0.52765,19.5837,0.246711
train,16864.tif,0.480302,20.9485,0.326999
train,16865.tif,0.498868,22.1734,0.280611
train,16866.tif,0.722474,25.6637,0.208883
train,16867.tif,0.68682,24.2479,0.252706
train,16868.tif,0.687391,24.576,0.216322
train,16869.tif,0.634303,19.3793,0.253636
train,1687.tif,0.584063,22.2755,0.295523
train,16870.tif,0.614873,21.232,0.251134
train,16871.tif,0.551983,21.6268,0.280435
train,16872.tif,0.602696,21.545,0.256923
train,16873.tif,0.597283,22.6767,0.266772
train,16874.tif,0.641932,21.9833,0.230117
train,16875.tif,0.671064,23.4394,0.242931
train,16876.tif,0.665825,24.5639,0.211982
train,16877.tif,0.676513,20.1974,0.248076
train,16878.tif,0.6323,21.4807,0.227828
train,16879.tif,0.628664,23.3076,0.271751
train,1688.tif,0.499491,20.2905,0.267184
train,16880.tif,0.532131,21.4636,0.287746
train,16881.tif,0.529659,21.4487,0.245509
train,16882.tif,0.60905,20.1478,0.247302
train,16883.tif,0.603408,22.4493,0.250146
train,16884.tif,0.490413,22.1064,0.242781
train,16885.tif,0.657789,23.2495,0.245676
train,16886.tif,0.607948,23.0382,0.291339
train,16887.tif,0.601249,24.3858,0.325084
train,16888.tif,0.531685,19.9767,0.25249
train,16889.tif,0.5258,23.2778,0.311623
train,1689.tif,0.421943,19.6096,0.347341
train,16890.tif,0.611178,20.4016,0.268324
train,16891.tif,0.616693,21.7263,0.287101
train,16892.tif,0.597275,23.4541,0.23899
train,16893.tif,0.616549,22.9853,0.276572
train,16894.tif,0.453907,18.6421,0.278472
train,16895.tif,0.547101,22.3427,0.292077
train,16896.tif,0.522395,22.2703,0.257298
train,16897.tif,0.635906,23.211,0.258799
train,16898.tif,0.516487,22.416,0.23527
train,16899.tif,0.552404,21.7001,0.254481
train,169.tif,0.500353,19.4886,0.290992
train,1690.tif,0.612743,20.0034,0.272583
train,16900.tif,0.546054,22.2711,0.241034
train,16901.tif,0.633665,21.1585,0.257441
train,16902.tif,0.515177,17.0908,0.303679
train,16903.tif,0.556634,21.9433,0.232291
train,16904.tif,0.512446,19.8446,0.265425
train,16905.tif,0.585731,22.1586,0.244692
train,16906.tif,0.630248,23.2767,0.252743
train,16907.tif,0.62593,20.9167,0.264354
train,16908.tif,0.533523,20.7797,0.319489
train,16909.tif,0.670031,23.1233,0.248215
train,1691.tif,0.728376,22.3748,0.300402
train,16910.tif,0.642051,23.3101,0.237386
train,16911.tif,0.51888,19.9909,0.271657
train,16912.tif,0.565876,21.0219,0.24712
train,16913.tif,0.467014,20.9316,0.263841
train,16914.tif,0.58957,20.5479,0.237954
train,16915.tif,0.686166,24.0721,0.217633
train,16916.tif,0.672679,23.6882,0.291127
train,16917.tif,0.638011,22.736,0.223166
train,16918.tif,0.541065,22.1111,0.270713
train,16919.tif,0.537869,19.8683,0.285889
train,1692.tif,0.53539,20.8236,0.281575
train,16920.tif,0.575259,23.1582,0.213506
train,16921.tif,0.558773,19.4056,0.273706
train,16922.tif,0.677928,23.4538,0.270097
train,16923.tif,0.624098,22.936,0.277233
train,16924.tif,0.57785,22.7292,0.26711
train,16925.tif,0.626568,22.8664,0.245561
train,16926.tif,0.640369,22.2384,0.265643
train,16927.tif,0.705224,24.3639,0.243449
train,16928.tif,0.507916,21.053,0.258022
train,16929.tif,0.602138,24.5944,0.263398
train,1693.tif,0.665762,22.0412,0.277837
train,16930.tif,0.739331,25.2377,0.204295
train,16931.tif,0.540045,21.4635,0.261111
train,16932.tif,0.661832,23.5418,0.235055
train,16933.tif,0.664636,21.9864,0.217804
train,16934.tif,0.559874,21.492,0.234794
train,16935.tif,0.594668,22.4994,0.224317
train,16936.tif,0.57207,20.95,0.244095
train,16937.tif,0.629946,23.9191,0.269341
train,16938.tif,0.533622,21.8331,0.274833
train,16939.tif,0.652468,23.1346,0.246972
train,1694.tif,0.48973,19.3389,0.367006
train,16940.tif,0.604933,23.3365,0.220501
train,16941.tif,0.655975,23.5476,0.241638
train,16942.tif,0.555798,21.2336,0.246356
train,16943.tif,0.5009,23.0483,0.307168
train,16944.tif,0.562006,22.8057,0.248221
train,16945.tif,0.554713,19.667,0.251862
train,16946.tif,0.662075,21.4576,0.259352
train,16947.tif,0.568199,21.3158,0.296569
train,16948.tif,0.623347,23.4958,0.265244
train,16949.tif,0.510193,21.2621,0.239327
train,1695.tif,0.517506,21.2132,0.330796
train,16950.tif,0.498312,21.8096,0.2275
train,16951.tif,0.549361,23.0014,0.311874
train,16952.tif,0.574888,23.1564,0.26168
train,16953.tif,0.613268,23.6567,0.267147
train,16954.tif,0.472647,21.7099,0.298667
train,16955.tif,0.451376,21.0057,0.239304
train,16956.tif,0.581958,23.8386,0.331458
train,16957.tif,0.636388,22.5946,0.228269
train,16958.tif,0.618429,23.9807,0.28872
train,16959.tif,0.525826,21.1469,0.277788
train,1696.tif,0.481751,21.2644,0.248751
train,16960.tif,0.654237,22.5708,0.250062
train,16961.tif,0.536389,23.0831,0.231953
train,16962.tif,0.617948,23.6522,0.24587
train,16963.tif,0.555825,21.471,0.262828
train,16964.tif,0.658652,24.0293,0.22462
train,16965.tif,0.545047,22.4399,0.272781
train,16966.tif,0.648782,24.7722,0.237342
train,16967.tif,0.56906,22.5188,0.220392
train,16968.tif,0.653044,23.3612,0.284247
train,16969.tif,0.499914,20.3582,0.325654
train,1697.tif,0.455906,20.9273,0.3133
train,16970.tif,0.478176,21.3055,0.255648
train,16971.tif,0.550166,21.092,0.263699
train,16972.tif,0.632216,23.1653,0.230325
train,16973.tif,0.576285,19.0201,0.268781
train,16974.tif,0.636026,21.8101,0.259283
train,16975.tif,0.643002,22.2067,0.237893
train,16976.tif,0.60121,20.3191,0.236452
train,16977.tif,0.522822,22.003,0.261256
train,16978.tif,0.575726,22.6315,0.237589
train,16979.tif,0.434943,20.1477,0.261391
train,1698.tif,0.46443,19.7016,0.26377
train,16980.tif,0.461274,21.5154,0.268133
train,16981.tif,0.475434,21.1629,0.296393
train,16982.tif,0.527745,21.0084,0.252233
train,16983.tif,0.640747,22.9774,0.261228
train,16984.tif,0.462632,20.9054,0.292629
train,16985.tif,0.546994,20.8179,0.233752
train,16986.tif,0.638257,23.8873,0.271961
train,16987.tif,0.510197,18.5254,0.277455
train,16988.tif,0.459013,21.4726,0.267563
train,16989.tif,0.465108,22.4736,0.340389
train,1699.tif,0.587319,18.2424,0.294629
train,16990.tif,0.591262,22.1692,0.271715
train,16991.tif,0.644897,24.1194,0.239784
train,16992.tif,0.636374,20.214,0.269036
train,16993.tif,0.554748,21.1336,0.241044
train,16994.tif,0.646376,22.2257,0.239116
train,16995.tif,0.711957,24.3366,0.221646
train,16996.tif,0.570667,21.371,0.28242
train,16997.tif,0.595106,21.8486,0.24466
train,16998.tif,0.677054,24.1757,0.262604
train,16999.tif,0.731085,23.6889,0.245843
train,17.tif,0.620287,15.2892,0.383741
train,170.tif,0.685733,23.3043,0.267983
train,1700.tif,0.555318,22.2641,0.267742
train,17000.tif,0.51159,21.5923,0.256297
train,17001.tif,0.604863,22.3853,0.220358
train,17002.tif,0.560459,22.4197,0.264613
train,17003.tif,0.633707,24.1932,0.2395
train,17004.tif,0.606797,21.212,0.275081
train,17005.tif,0.560288,22.394,0.234418
train,17006.tif,0.550063,19.2398,0.244246
train,17007.tif,0.647642,24.1907,0.252444
train,17008.tif,0.467112,20.8644,0.287572
train,17009.tif,0.537828,20.6252,0.270034
train,1701.tif,0.531644,18.1964,0.300997
train,17010.tif,0.463878,21.1403,0.322268
train,17011.tif,0.631357,23.8965,0.251188
train,17012.tif,0.63062,22.3886,0.232404
train,17013.tif,0.472661,21.4803,0.290984
train,17014.tif,0.596851,21.6108,0.255753
train,17015.tif,0.565176,24.0977,0.294421
train,17016.tif,0.621696,22.5231,0.258519
train,17017.tif,0.586614,23.0018,0.262993
train,17018.tif,0.587801,21.3391,0.279949
train,17019.tif,0.695157,25.2559,0.224642
train,1702.tif,0.444111,20.8827,0.339666
train,17020.tif,0.652983,22.7216,0.275117
train,17021.tif,0.532339,20.3771,0.252251
train,17022.tif,0.495535,18.8772,0.303967
train,17023.tif,0.611594,23.2486,0.250937
train,17024.tif,0.701213,24.869,0.229534
train,17025.tif,0.704932,17.0269,0.273354
train,17026.tif,0.64192,23.875,0.240361
train,17027.tif,0.633943,22.7625,0.268578
train,17028.tif,0.639446,21.2271,0.252093
train,17029.tif,0.470829,18.9024,0.261603
train,1703.tif,0.61386,22.6205,0.246459
train,17030.tif,0.558181,22.0468,0.298116
train,17031.tif,0.460062,21.4259,0.288408
train,17032.tif,0.713501,24.1728,0.214784
train,17033.tif,0.691083,24.6958,0.229387
train,17034.tif,0.56815,22.6803,0.296294
train,17035.tif,0.541576,23.0343,0.277568
train,17036.tif,0.583481,23.7527,0.214805
train,17037.tif,0.58425,18.7013,0.307629
train,17038.tif,0.493227,21.5041,0.273937
train,17039.tif,0.573599,22.4423,0.284506
train,1704.tif,0.553631,19.7465,0.290482
train,17040.tif,0.52776,20.8275,0.227061
train,17041.tif,0.675592,22.5997,0.248365
train,17042.tif,0.566399,21.2808,0.248211
train,17043.tif,0.587299,21.9092,0.242001
train,17044.tif,0.580012,21.9065,0.219544
train,17045.tif,0.50092,22.244,0.218998
train,17046.tif,0.608688,20.8659,0.270799
train,17047.tif,0.620059,21.5849,0.268665
train,17048.tif,0.513134,22.5233,0.239283
train,17049.tif,0.480356,21.9441,0.272827
train,1705.tif,0.47254,20.5467,0.300052
train,17050.tif,0.621725,23.1334,0.275083
train,17051.tif,0.542915,22.992,0.257047
train,17052.tif,0.652196,23.4598,0.228179
train,17053.tif,0.595223,21.8056,0.266364
train,17054.tif,0.648347,22.9132,0.254338
train,17055.tif,0.655353,23.5927,0.237793
train,17056.tif,0.496871,21.5667,0.269943
train,17057.tif,0.595936,22.6798,0.242487
train,17058.tif,0.474539,19.9373,0.312267
train,17059.tif,0.584356,21.242,0.312256
train,1706.tif,0.54372,21.3028,0.2859
train,17060.tif,0.653866,23.2938,0.256998
train,17061.tif,0.591718,23.9337,0.22105
train,17062.tif,0.612446,23.4299,0.225853
train,17063.tif,0.568594,21.1962,0.290364
train,17064.tif,0.391531,20.8493,0.291721
train,17065.tif,0.487505,19.239,0.258017
train,17066.tif,0.66207,24.0823,0.218435
train,17067.tif,0.496718,18.4615,0.26816
train,17068.tif,0.665565,24.6651,0.259246
train,17069.tif,0.596713,21.2698,0.272574
train,1707.tif,0.518388,21.6366,0.244615
train,17070.tif,0.669887,24.4757,0.225226
train,17071.tif,0.58589,22.5108,0.254952
train,17072.tif,0.628997,23.2943,0.255272
train,17073.tif,0.541063,21.3268,0.247062
train,17074.tif,0.655804,21.954,0.249989
train,17075.tif,0.499481,21.9025,0.252487
train,17076.tif,0.534707,21.9739,0.263533
train,17077.tif,0.506799,19.5804,0.246134
train,17078.tif,0.631785,22.8446,0.253618
train,17079.tif,0.715692,24.4082,0.239989
train,1708.tif,0.557727,20.5213,0.277385
train,17080.tif,0.480962,21.4386,0.26884
train,17081.tif,0.571334,21.7372,0.239885
train,17082.tif,0.552125,21.6535,0.269508
train,17083.tif,0.502549,22.9588,0.335908
train,17084.tif,0.467001,20.2402,0.258545
train,17085.tif,0.485656,20.8768,0.262138
train,17086.tif,0.606721,21.2254,0.235785
train,17087.tif,0.530603,21.1719,0.261968
train,17088.tif,0.75876,22.2582,0.218708
train,17089.tif,0.641118,23.2598,0.228974
train,1709.tif,0.496688,18.4251,0.298385
train,17090.tif,0.464642,18.5847,0.276881
train,17091.tif,0.61221,23.5687,0.249766
train,17092.tif,0.557655,23.4951,0.307994
train,17093.tif,0.653159,24.5758,0.231904
train,17094.tif,0.615314,22.4812,0.239121
train,17095.tif,0.648413,23.2373,0.272759
train,17096.tif,0.645361,24.0276,0.239368
train,17097.tif,0.463876,21.5717,0.274122
train,17098.tif,0.80787,23.6836,0.218471
train,17099.tif,0.651419,23.8079,0.248835
train,171.tif,0.513789,18.0204,0.279167
train,1710.tif,0.587057,20.467,0.275619
train,17100.tif,0.52969,21.1456,0.250698
train,17101.tif,0.65627,22.8943,0.232086
train,17102.tif,0.523431,22.5789,0.23944
train,17103.tif,0.639049,22.616,0.205044
train,17104.tif,0.544028,23.3974,0.28685
train,17105.tif,0.659864,22.3374,0.23366
train,17106.tif,0.454411,20.5582,0.284636
train,17107.tif,0.620689,24.1681,0.22237
train,17108.tif,0.507731,20.4496,0.278946
train,17109.tif,0.520159,21.1652,0.291481
train,1711.tif,0.561618,22.2486,0.263627
train,17110.tif,0.655467,23.4801,0.224358
train,17111.tif,0.425241,18.6091,0.326705
train,17112.tif,0.443621,21.2277,0.272647
train,17113.tif,0.567474,24.4615,0.297952
train,17114.tif,0.472986,19.8932,0.271112
train,17115.tif,0.524074,22.2767,0.275652
train,17116.tif,0.40139,19.9176,0.279172
train,17117.tif,0.495736,21.2894,0.260569
train,17118.tif,0.66797,22.0083,0.265116
train,17119.tif,0.58543,22.5507,0.238457
train,1712.tif,0.528367,21.963,0.246096
train,17120.tif,0.551259,21.2488,0.273841
train,17121.tif,0.641468,23.7651,0.250658
train,17122.tif,0.64502,24.1944,0.232253
train,17123.tif,0.561659,21.6001,0.242787
train,17124.tif,0.614231,22.4324,0.285794
train,17125.tif,0.507282,20.8073,0.264678
train,17126.tif,0.777791,24.6883,0.246752
train,17127.tif,0.540054,22.9875,0.288159
train,17128.tif,0.690722,23.8758,0.211723
train,17129.tif,0.665497,24.5735,0.224793
train,1713.tif,0.506352,21.4803,0.275487
train,17130.tif,0.550389,19.8615,0.239446
train,17131.tif,0.587962,23.4599,0.270617
train,17132.tif,0.591338,21.5248,0.261361
train,17133.tif,0.601447,22.5556,0.2476
train,17134.tif,0.420609,20.289,0.317114
train,17135.tif,0.715207,24.4181,0.213772
train,17136.tif,0.717458,23.28,0.265829
train,17137.tif,0.508492,19.3406,0.279351
train,17138.tif,0.638465,23.5464,0.247121
train,17139.tif,0.480693,19.5044,0.262692
train,1714.tif,0.72199,21.8991,0.270812
train,17140.tif,0.471589,18.886,0.277499
train,17141.tif,0.520753,20.3014,0.235269
train,17142.tif,0.58703,22.3498,0.269688
train,17143.tif,0.51653,22.7619,0.288856
train,17144.tif,0.680106,23.8852,0.25231
train,17145.tif,0.539634,22.5305,0.297866
train,17146.tif,0.678999,23.3843,0.213678
train,17147.tif,0.559583,22.2407,0.263386
train,17148.tif,0.458662,16.8488,0.285894
train,17149.tif,0.44087,20.0646,0.290018
train,1715.tif,0.516187,20.2021,0.317402
train,17150.tif,0.553237,22.3862,0.245651
train,17151.tif,0.539584,23.9117,0.297527
train,17152.tif,0.518122,22.7009,0.255036
train,17153.tif,0.599987,20.4725,0.255466
train,17154.tif,0.650865,24.1638,0.216478
train,17155.tif,0.705105,23.2431,0.238449
train,17156.tif,0.603536,22.4003,0.245328
train,17157.tif,0.766331,21.937,0.249236
train,17158.tif,0.495418,20.1761,0.264083
train,17159.tif,0.621739,22.5747,0.284225
train,1716.tif,0.566668,21.1918,0.275369
train,17160.tif,0.725721,24.9909,0.207534
train,17161.tif,0.60121,22.8056,0.282268
train,17162.tif,0.607647,21.7197,0.26985
train,17163.tif,0.472347,21.2028,0.262625
train,17164.tif,0.464996,20.3693,0.28139
train,17165.tif,0.620091,23.1849,0.277602
train,17166.tif,0.557625,21.7657,0.293607
train,17167.tif,0.479608,21.3689,0.290513
train,17168.tif,0.670154,24.7328,0.23326
train,17169.tif,0.617297,22.5277,0.251091
train,1717.tif,0.617518,21.9298,0.24779
train,17170.tif,0.630928,22.2208,0.257119
train,17171.tif,0.505746,20.0325,0.277323
train,17172.tif,0.582949,21.6808,0.260374
train,17173.tif,0.508393,19.6961,0.256707
train,17174.tif,0.558396,21.4522,0.280313
train,17175.tif,0.530354,22.2309,0.247584
train,17176.tif,0.628437,23.559,0.260997
train,17177.tif,0.533446,21.7481,0.270315
train,17178.tif,0.647914,20.1054,0.26558
train,17179.tif,0.550662,20.2796,0.265101
train,1718.tif,0.591755,20.3148,0.384283
train,17180.tif,0.571888,19.6858,0.284905
train,17181.tif,0.631938,21.9421,0.256721
train,17182.tif,0.51206,21.7364,0.332591
train,17183.tif,0.583612,20.8837,0.283134
train,17184.tif,0.682893,24.1876,0.227622
train,17185.tif,0.495592,22.0174,0.263041
train,17186.tif,0.527864,21.3048,0.237797
train,17187.tif,0.46756,20.6818,0.278461
train,17188.tif,0.56071,21.5016,0.269079
train,17189.tif,0.578243,21.8679,0.270431
train,1719.tif,0.496302,21.0482,0.262234
train,17190.tif,0.483465,19.7906,0.276218
train,17191.tif,0.473942,20.9297,0.281551
train,17192.tif,0.604334,22.6446,0.267815
train,17193.tif,0.547907,22.6752,0.328054
train,17194.tif,0.597202,19.7832,0.265777
train,17195.tif,0.553909,23.0009,0.306194
train,17196.tif,0.670352,23.1246,0.256885
train,17197.tif,0.529177,21.8824,0.243499
train,17198.tif,0.614401,22.2888,0.273021
train,172.tif,0.501563,18.8303,0.297879
train,1720.tif,0.429865,15.3628,0.367546
train,1721.tif,0.542213,21.0723,0.27325
train,1722.tif,0.504464,21.739,0.24854
train,1723.tif,0.577833,22.1222,0.304189
train,1724.tif,0.569537,22.0183,0.278717
train,1725.tif,0.634391,21.5452,0.260188
train,1726.tif,0.586851,22.4893,0.27887
train,1727.tif,0.589617,22.157,0.264078
train,1728.tif,0.52008,21.235,0.253819
train,1729.tif,0.557543,20.873,0.341978
train,173.tif,0.580675,21.6525,0.261024
train,1730.tif,0.513198,19.6047,0.288604
train,1731.tif,0.536041,21.4126,0.279887
train,1732.tif,0.497349,20.2066,0.318443
train,1733.tif,0.598026,21.8871,0.275777
train,1734.tif,0.610708,20.7149,0.267017
train,1735.tif,0.613891,22.5052,0.335277
train,1736.tif,0.52163,20.489,0.298525
train,1737.tif,0.515043,20.754,0.283485
train,1738.tif,0.547238,22.1449,0.242298
train,1739.tif,0.524332,22.0691,0.295495
train,174.tif,0.487306,20.6511,0.288704
train,1740.tif,0.462611,20.205,0.278041
train,1741.tif,0.567704,21.7187,0.325526
train,1742.tif,0.540012,20.3771,0.275923
train,1743.tif,0.626065,22.0501,0.262045
train,1744.tif,0.536271,21.6674,0.262601
train,1745.tif,0.583507,22.3949,0.253879
train,1746.tif,0.565299,20.7025,0.253314
train,1747.tif,0.548567,19.9401,0.26857
train,1748.tif,0.50459,20.0636,0.302104
train,1749.tif,0.585923,21.4708,0.273598
train,175.tif,0.529648,21.4257,0.283682
train,1750.tif,0.504677,20.4252,0.346963
train,1751.tif,0.531453,22.4217,0.260659
train,1752.tif,0.614039,22.3072,0.295607
train,1753.tif,0.521321,19.8008,0.29174
train,1754.tif,0.498292,18.66,0.325826
train,1755.tif,0.404607,17.5405,0.331204
train,1756.tif,0.532685,18.8217,0.30265
train,1757.tif,0.475428,20.0039,0.282983
train,1758.tif,0.428045,17.0567,0.361149
train,1759.tif,0.768569,23.6718,0.271691
train,176.tif,0.508911,22.3685,0.278866
train,1760.tif,0.524816,19.0021,0.29956
train,1761.tif,0.607454,24.1599,0.280309
train,1762.tif,0.569174,22.6588,0.298509
train,1763.tif,0.563671,21.7027,0.27689
train,1764.tif,0.501386,21.8824,0.3065
train,1765.tif,0.679549,22.1017,0.279173
train,1766.tif,0.546564,22.0068,0.257676
train,1767.tif,0.527198,21.6696,0.26203
train,1768.tif,0.522919,21.0768,0.311568
train,1769.tif,0.52776,21.3377,0.246359
train,177.tif,0.563986,20.4303,0.247998
train,1770.tif,0.457456,18.8722,0.287087
train,1771.tif,0.536665,21.2613,0.321807
train,1772.tif,0.677459,21.9198,0.310837
train,1773.tif,0.558667,21.1291,0.273643
train,1774.tif,0.534736,22.4406,0.360024
train,1775.tif,0.471975,18.9922,0.348626
train,1776.tif,0.646987,21.6348,0.246845
train,1777.tif,0.596208,21.7961,0.267909
train,1778.tif,0.609678,22.0969,0.262553
train,1779.tif,0.509766,20.0518,0.278643
train,178.tif,0.548083,21.9011,0.281992
train,1780.tif,0.53312,22.1232,0.306082
train,1781.tif,0.537125,20.392,0.269727
train,1782.tif,0.501824,20.7027,0.271577
train,1783.tif,0.543555,21.2913,0.292813
train,1784.tif,0.763018,27.4731,0.222804
train,1785.tif,0.46908,21.3092,0.263258
train,1786.tif,0.461462,21.4203,0.283772
train,1787.tif,0.504722,20.6371,0.301606
train,1788.tif,0.490428,20.4714,0.280339
train,1789.tif,0.702275,25.2706,0.263813
train,179.tif,0.566105,22.3222,0.287426
train,1790.tif,0.649586,20.8068,0.274359
train,1791.tif,0.44854,19.9509,0.293665
train,1792.tif,0.60959,22.7391,0.300365
train,1793.tif,0.489394,21.0928,0.323701
train,1794.tif,0.472903,20.2943,0.284298
train,1795.tif,0.651241,21.9823,0.285971
train,1796.tif,0.539064,18.8571,0.301025
train,1797.tif,0.567639,21.4865,0.269865
train,1798.tif,0.548848,21.3928,0.295362
train,1799.tif,0.498591,20.3569,0.310984
train,18.tif,0.564124,22.1472,0.285628
train,180.tif,0.636552,22.2684,0.219071
train,1800.tif,0.46413,19.8449,0.303559
train,1801.tif,0.510225,21.3346,0.303364
train,1802.tif,0.531423,20.5103,0.26888
train,1803.tif,0.593764,22.7225,0.274793
train,1804.tif,0.606021,22.1549,0.250327
train,1805.tif,0.520923,20.4031,0.317452
train,1806.tif,0.486995,20.4494,0.321817
train,1807.tif,0.565547,21.831,0.30427
train,1808.tif,0.682236,23.8582,0.265441
train,1809.tif,0.560121,20.9607,0.26467
train,181.tif,0.511252,21.2126,0.289607
train,1810.tif,0.631336,22.1233,0.332315
train,1811.tif,0.567914,23.0077,0.233446
train,1812.tif,0.565615,19.9264,0.303173
train,1813.tif,0.538433,19.1614,0.282209
train,1814.tif,0.531195,21.9152,0.277619
train,1815.tif,0.69548,23.4774,0.295199
train,1816.tif,0.499376,21.5822,0.24653
train,1817.tif,0.733983,24.3799,0.257861
train,1818.tif,0.567978,19.0204,0.297016
train,1819.tif,0.542681,21.6338,0.277289
train,182.tif,0.583207,17.1348,0.370844
train,1820.tif,0.512016,20.1228,0.260854
train,1821.tif,0.537538,21.5724,0.273
train,1822.tif,0.651253,20.9403,0.311374
train,1823.tif,0.513786,20.8534,0.265508
train,1824.tif,0.5577,20.3739,0.259823
train,1825.tif,0.530604,20.3706,0.29928
train,1826.tif,0.455483,20.0781,0.29804
train,1827.tif,0.485891,21.8736,0.319344
train,1828.tif,0.553556,21.5164,0.253245
train,1829.tif,0.470457,21.9506,0.300072
train,183.tif,0.556146,19.093,0.262628
train,1830.tif,0.55844,20.3395,0.293363
train,1831.tif,0.517024,20.3415,0.298766
train,1832.tif,0.532813,21.3347,0.26181
train,1833.tif,0.512937,19.6961,0.288249
train,1834.tif,0.539689,21.0289,0.25769
train,1835.tif,0.610845,22.7105,0.255314
train,1836.tif,0.495343,19.664,0.273736
train,1837.tif,0.507275,22.0002,0.3273
train,1838.tif,0.519648,21.6884,0.226826
train,1839.tif,0.563998,22.1614,0.260612
train,184.tif,0.578921,22.3811,0.278148
train,1840.tif,0.526716,21.7446,0.249358
train,1841.tif,0.495755,18.816,0.292973
train,1842.tif,0.559814,22.0828,0.255598
train,1843.tif,0.607877,21.6696,0.331931
train,1844.tif,0.563826,21.3469,0.32186
train,1845.tif,0.509224,20.5365,0.249811
train,1846.tif,0.565255,22.7849,0.258217
train,1847.tif,0.604792,21.2949,0.271011
train,1848.tif,0.567294,22.0588,0.258362
train,1849.tif,0.606381,22.8374,0.286743
train,185.tif,0.496641,22.2612,0.274118
train,1850.tif,0.579799,21.9313,0.25584
train,1851.tif,0.557317,23.0403,0.304834
train,1852.tif,0.749721,24.9605,0.302988
train,1853.tif,0.440845,20.5553,0.318434
train,1854.tif,0.727223,24.3918,0.21881
train,1855.tif,0.553355,21.3677,0.24041
train,1856.tif,0.513758,20.5364,0.302488
train,1857.tif,0.578462,19.959,0.263594
train,1858.tif,0.552572,23.1047,0.322541
train,1859.tif,0.614422,21.3691,0.30264
train,186.tif,0.638376,22.4467,0.267123
train,1860.tif,0.679282,23.1111,0.247018
train,1861.tif,0.616641,19.8315,0.279575
train,1862.tif,0.467828,19.9397,0.317673
train,1863.tif,0.421426,19.6808,0.355498
train,1864.tif,0.523648,20.4285,0.280762
train,1865.tif,0.541849,21.6757,0.251695
train,1866.tif,0.52508,19.4713,0.323485
train,1867.tif,0.717307,24.7143,0.2937
train,1868.tif,0.51821,21.1741,0.262105
train,1869.tif,0.578445,21.0149,0.253174
train,187.tif,0.515824,21.4546,0.27351
train,1870.tif,0.581198,21.0947,0.26867
train,1871.tif,0.575628,20.6224,0.282322
train,1872.tif,0.50167,20.7499,0.264182
train,1873.tif,0.501209,21.5767,0.266134
train,1874.tif,0.585654,21.8951,0.259378
train,1875.tif,0.580705,20.8523,0.30416
train,1876.tif,0.476229,20.4013,0.281631
train,1877.tif,0.657259,22.4889,0.27259
train,1878.tif,0.557104,20.8557,0.272032
train,1879.tif,0.60109,21.1479,0.241498
train,188.tif,0.773928,22.0427,0.274399
train,1880.tif,0.531689,19.1349,0.273964
train,1881.tif,0.642107,19.8575,0.27467
train,1882.tif,0.518922,21.0734,0.283647
train,1883.tif,0.511283,19.4118,0.292909
train,1884.tif,0.521587,21.8151,0.327733
train,1885.tif,0.576744,21.1543,0.268475
train,1886.tif,0.510164,19.7786,0.343218
train,1887.tif,0.437589,18.6212,0.331693
train,1888.tif,0.564015,21.627,0.256863
train,1889.tif,0.533563,21.6484,0.27999
train,189.tif,0.534441,18.7473,0.273321
train,1890.tif,0.483805,19.319,0.307454
train,1891.tif,0.545137,19.236,0.27712
train,1892.tif,0.745053,25.487,0.282942
train,1893.tif,0.421026,18.6985,0.313159
train,1894.tif,0.456133,20.2284,0.317017
train,1895.tif,0.468241,19.84,0.306681
train,1896.tif,0.547304,20.6664,0.256581
train,1897.tif,0.557443,22.7453,0.272821
train,1898.tif,0.623196,22.3108,0.28458
train,1899.tif,0.530424,22.5996,0.270332
train,19.tif,0.681068,20.6546,0.303225
train,190.tif,0.604263,21.1404,0.293032
train,1900.tif,0.560749,17.7432,0.316122
train,1901.tif,0.521898,21.7035,0.28135
train,1902.tif,0.543476,21.2365,0.326793
train,1903.tif,0.524861,22.711,0.221563
train,1904.tif,0.564023,20.7723,0.257402
train,1905.tif,0.611638,18.8525,0.322979
train,1906.tif,0.613626,22.89,0.279613
train,1907.tif,0.46644,20.5046,0.267411
train,1908.tif,0.522081,22.3929,0.291935
train,1909.tif,0.523037,20.2021,0.261412
train,191.tif,0.578634,19.8635,0.282962
train,1910.tif,0.521319,20.2516,0.301617
train,1911.tif,0.597944,23.3004,0.304341
train,1912.tif,0.533463,19.9659,0.294115
train,1913.tif,0.623793,18.4566,0.304307
train,1914.tif,0.506137,21.123,0.283098
train,1915.tif,0.5182,21.5009,0.330162
train,1916.tif,0.483671,21.1673,0.257234
train,1917.tif,0.490399,20.4105,0.293934
train,1918.tif,0.70805,22.8974,0.240267
train,1919.tif,0.521079,21.2138,0.288445
train,192.tif,0.536577,17.5613,0.281549
train,1920.tif,0.490499,20.9944,0.258962
train,1921.tif,0.531319,20.2351,0.311176
train,1922.tif,0.65423,22.8954,0.22375
train,1923.tif,0.52877,20.393,0.258816
train,1924.tif,0.393528,17.5587,0.322696
train,1925.tif,0.537239,22.1017,0.271658
train,1926.tif,0.559997,20.7494,0.287625
train,1927.tif,0.458664,20.5486,0.337024
train,1928.tif,0.528333,20.9899,0.313283
train,1929.tif,0.532525,21.2443,0.246547
train,193.tif,0.584463,17.8319,0.268474
train,1930.tif,0.649482,21.5584,0.27541
train,1931.tif,0.544204,20.9952,0.273993
train,1932.tif,0.598663,20.947,0.266273
train,1933.tif,0.6532,22.1097,0.260052
train,1934.tif,0.418529,18.7052,0.339302
train,1935.tif,0.60794,19.5845,0.337822
train,1936.tif,0.495499,20.6635,0.296213
train,1937.tif,0.464081,20.4726,0.293835
train,1938.tif,0.495621,20.851,0.361561
train,1939.tif,0.63236,21.3361,0.272211
train,194.tif,0.602276,21.8086,0.302416
train,1940.tif,0.542077,18.6557,0.29231
train,1941.tif,0.500571,21.0213,0.268138
train,1942.tif,0.570191,24.3226,0.305183
train,1943.tif,0.472045,20.7115,0.263946
train,1944.tif,0.536794,20.9763,0.300599
train,1945.tif,0.680682,23.7523,0.24357
train,1946.tif,0.725225,23.016,0.274277
train,1947.tif,0.594745,20.4244,0.271333
train,1948.tif,0.577872,21.6893,0.237069
train,1949.tif,0.544048,20.12,0.264318
train,195.tif,0.512181,20.125,0.275984
train,1950.tif,0.514753,21.0257,0.301469
train,1951.tif,0.496612,20.2317,0.263418
train,1952.tif,0.513785,21.5221,0.301023
train,1953.tif,0.480564,21.9899,0.291617
train,1954.tif,0.535291,20.6623,0.313827
train,1955.tif,0.557376,22.4567,0.300373
train,1956.tif,0.488604,21.0304,0.319233
train,1957.tif,0.603917,22.8651,0.312565
train,1958.tif,0.367628,18.9133,0.389105
train,1959.tif,0.485635,20.5509,0.265713
train,196.tif,0.485582,20.1727,0.281215
train,1960.tif,0.529851,19.8941,0.332217
train,1961.tif,0.505748,21.4512,0.313868
train,1962.tif,0.638112,21.3097,0.36847
train,1963.tif,0.527628,21.5005,0.277412
train,1964.tif,0.52298,20.295,0.318859
train,1965.tif,0.515811,20.8377,0.316802
train,1966.tif,0.519859,19.3675,0.321639
train,1967.tif,0.587295,21.4531,0.263351
train,1968.tif,0.539811,20.8547,0.274563
train,1969.tif,0.593661,22.6954,0.251304
train,197.tif,0.539451,20.5605,0.276365
train,1970.tif,0.519738,21.27,0.325582
train,1971.tif,0.521752,20.3881,0.277374
train,1972.tif,0.606071,21.7304,0.264823
train,1973.tif,0.55069,20.389,0.30394
train,1974.tif,0.465209,20.5697,0.333707
train,1975.tif,0.539897,22.3232,0.298957
train,1976.tif,0.583648,21.2141,0.30232
train,1977.tif,0.611713,21.6385,0.319825
train,1978.tif,0.570044,20.7212,0.26561
train,1979.tif,0.520884,18.69,0.263373
train,198.tif,0.529005,21.8703,0.27616
train,1980.tif,0.53294,20.8657,0.276572
train,1981.tif,0.621177,22.4576,0.26057
train,1982.tif,0.601263,21.7705,0.277132
train,1983.tif,0.558852,21.5818,0.278998
train,1984.tif,0.48841,19.8352,0.340014
train,1985.tif,0.585224,21.1915,0.256801
train,1986.tif,0.462569,19.4119,0.271071
train,1987.tif,0.507637,21.6637,0.279764
train,1988.tif,0.533036,20.3399,0.312002
train,1989.tif,0.58538,20.4087,0.350869
train,199.tif,0.619672,21.1638,0.295204
train,1990.tif,0.644889,22.2822,0.310126
train,1991.tif,0.475437,19.8365,0.26537
train,1992.tif,0.484922,21.0037,0.249158
train,1993.tif,0.503431,20.8516,0.281253
train,1994.tif,0.54465,22.0493,0.320704
train,1995.tif,0.62213,20.7742,0.285572
train,1996.tif,0.548538,21.9144,0.265928
train,1997.tif,0.484473,20.0284,0.310291
train,1998.tif,0.585038,23.0808,0.317988
train,1999.tif,0.543955,22.3228,0.277282
train,2.tif,0.53889,20.2163,0.303382
train,20.tif,0.537199,19.3446,0.28794
train,200.tif,0.615265,20.8892,0.246479
train,2000.tif,0.558107,20.7888,0.276783
train,2001.tif,0.527744,22.6249,0.349767
train,2002.tif,0.565854,22.0674,0.323951
train,2003.tif,0.541239,20.735,0.271928
train,2004.tif,0.55096,21.3648,0.305626
train,2005.tif,0.473516,20.9251,0.274696
train,2006.tif,0.489239,20.5317,0.329098
train,2007.tif,0.520417,20.4053,0.274835
train,2008.tif,0.512135,21.7651,0.324662
train,2009.tif,0.524145,20.1645,0.264156
train,201.tif,0.535673,21.8499,0.271958
train,2010.tif,0.497032,20.5535,0.282611
train,2011.tif,0.625519,21.4434,0.259921
train,2012.tif,0.646909,22.5019,0.250457
train,2013.tif,0.511123,20.7595,0.285993
train,2014.tif,0.50358,20.1968,0.279651
train,2015.tif,0.693751,21.8049,0.300527
train,2016.tif,0.701977,24.0814,0.274
train,2017.tif,0.544718,22.0617,0.286309
train,2018.tif,0.618944,21.6222,0.284404
train,2019.tif,0.588297,23.8835,0.257564
train,202.tif,0.530351,18.7978,0.281961
train,2020.tif,0.439032,19.2086,0.346309
train,2021.tif,0.505777,21.6218,0.231684
train,2022.tif,0.688548,22.5877,0.312133
train,2023.tif,0.554975,21.8768,0.326241
train,2024.tif,0.548788,20.0316,0.269246
train,2025.tif,0.512675,21.1189,0.333598
train,2026.tif,0.537218,22.4397,0.288637
train,2027.tif,0.580815,21.7723,0.270408
train,2028.tif,0.607423,21.9536,0.254045
train,2029.tif,0.556936,20.5081,0.26728
train,203.tif,0.502382,18.2278,0.296063
train,2030.tif,0.651094,22.1338,0.255436
train,2031.tif,0.472555,20.1084,0.265493
train,2032.tif,0.550286,21.4124,0.290586
train,2033.tif,0.644359,22.1964,0.273478
train,2034.tif,0.643314,23.4132,0.242875
train,2035.tif,0.640488,22.6716,0.277679
train,2036.tif,0.531784,20.8803,0.304296
train,2037.tif,0.480297,20.2677,0.316637
train,2038.tif,0.630005,18.1129,0.320924
train,2039.tif,0.593812,21.4905,0.299025
train,204.tif,0.577592,21.1669,0.256142
train,2040.tif,0.471859,20.7595,0.290268
train,2041.tif,0.558659,22.7197,0.262527
train,2042.tif,0.538305,17.9283,0.303107
train,2043.tif,0.488567,20.2885,0.260244
train,2044.tif,0.522936,19.7389,0.292931
train,2045.tif,0.498667,21.8116,0.239004
train,2046.tif,0.629046,20.0381,0.280356
train,2047.tif,0.643404,20.7231,0.283984
train,2048.tif,0.540007,21.6519,0.266954
train,2049.tif,0.564797,22.6804,0.296441
train,205.tif,0.52416,20.6182,0.254911
train,2050.tif,0.488893,20.8602,0.273599
train,2051.tif,0.607105,20.8417,0.334308
train,2052.tif,0.498665,19.9047,0.275077
train,2053.tif,0.540324,20.9367,0.27775
train,2054.tif,0.518016,21.142,0.308207
train,2055.tif,0.523544,22.4028,0.333325
train,2056.tif,0.485731,21.3434,0.362015
train,2057.tif,0.556454,21.8174,0.233346
train,2058.tif,0.738384,23.1672,0.245761
train,2059.tif,0.448907,20.8868,0.280071
train,206.tif,0.554136,21.1391,0.301948
train,2060.tif,0.521305,21.4455,0.292809
train,2061.tif,0.513932,21.0863,0.253346
train,2062.tif,0.528703,20.383,0.278921
train,2063.tif,0.48934,20.3706,0.34332
train,2064.tif,0.525838,18.9636,0.307014
train,2065.tif,0.551202,21.41,0.245672
train,2066.tif,0.514911,21.1466,0.245849
train,2067.tif,0.441537,20.8783,0.296731
train,2068.tif,0.547898,22.5184,0.298044
train,2069.tif,0.677397,22.9324,0.306504
train,207.tif,0.565136,20.055,0.258059
train,2070.tif,0.533284,21.4404,0.273861
train,2071.tif,0.675256,23.9551,0.244304
train,2072.tif,0.541173,21.0241,0.297254
train,2073.tif,0.547957,19.3997,0.285969
train,2074.tif,0.437237,20.2785,0.372387
train,2075.tif,0.595682,25.1526,0.358036
train,2076.tif,0.618097,22.8719,0.285524
train,2077.tif,0.497947,19.6335,0.295824
train,2078.tif,0.73627,24.8986,0.273259
train,2079.tif,0.509155,19.0662,0.303547
train,208.tif,0.638807,21.5239,0.240509
train,2080.tif,0.5004,20.3256,0.283185
train,2081.tif,0.555876,20.5416,0.291568
train,2082.tif,0.581247,21.8302,0.234447
train,2083.tif,0.540091,20.2826,0.281972
train,2084.tif,0.597407,20.2903,0.306242
train,2085.tif,0.53779,20.4705,0.269607
train,2086.tif,0.488635,20.8992,0.335349
train,2087.tif,0.579093,21.9727,0.262796
train,2088.tif,0.83431,25.5482,0.218533
train,2089.tif,0.555429,19.5146,0.295852
train,209.tif,0.623437,17.7048,0.324526
train,2090.tif,0.541411,21.1896,0.261284
train,2091.tif,0.518564,19.9071,0.287213
train,2092.tif,0.557097,21.973,0.269553
train,2093.tif,0.600373,18.8968,0.287668
train,2094.tif,0.565208,22.063,0.311243
train,2095.tif,0.574626,20.0735,0.282537
train,2096.tif,0.535038,17.3801,0.30749
train,2097.tif,0.552294,21.7634,0.314242
train,2098.tif,0.592378,24.5613,0.275124
train,2099.tif,0.687447,22.9222,0.289048
train,21.tif,0.568657,19.5856,0.304988
train,210.tif,0.556667,19.0771,0.295992
train,2100.tif,0.50008,21.4678,0.364928
train,2101.tif,0.787254,24.8421,0.259843
train,2102.tif,0.468063,20.4797,0.291865
train,2103.tif,0.529086,21.2682,0.26831
train,2104.tif,0.552327,19.7112,0.289844
train,2105.tif,0.816187,22.9177,0.26992
train,2106.tif,0.590676,20.4743,0.304386
train,2107.tif,0.597768,21.3782,0.278271
train,2108.tif,0.501818,19.8171,0.261413
train,2109.tif,0.514747,21.3288,0.265511
train,211.tif,0.602027,22.011,0.319693
train,2110.tif,0.485343,20.8236,0.283687
train,2111.tif,0.859078,22.5488,0.203144
train,2112.tif,0.53226,19.7745,0.261609
train,2113.tif,0.49475,22.3773,0.27131
train,2114.tif,0.562642,21.9289,0.273441
train,2115.tif,0.530655,20.1416,0.293629
train,2116.tif,0.555563,21.0051,0.276381
train,2117.tif,0.517172,19.1646,0.297427
train,2118.tif,0.54151,22.4358,0.280084
train,2119.tif,0.626214,23.4884,0.304008
train,212.tif,0.5655,20.6677,0.264057
train,2120.tif,0.559788,21.9027,0.262825
train,2121.tif,0.511062,20.6759,0.26649
train,2122.tif,0.565799,20.2296,0.263234
train,2123.tif,0.540954,21.4103,0.253753
train,2124.tif,0.644841,21.0804,0.332511
train,2125.tif,0.609905,23.0333,0.257203
train,2126.tif,0.634228,21.7048,0.309642
train,2127.tif,0.522142,20.6714,0.265681
train,2128.tif,0.550242,21.6929,0.299698
train,2129.tif,0.460595,17.7923,0.29439
train,213.tif,0.527009,18.4637,0.300272
train,2130.tif,0.518057,20.5965,0.276859
train,2131.tif,0.647124,22.8249,0.273215
train,2132.tif,0.576199,21.6865,0.275049
train,2133.tif,0.580104,22.9154,0.340699
train,2134.tif,0.532076,17.725,0.313846
train,2135.tif,0.555584,22.4203,0.29618
train,2136.tif,0.534916,19.9599,0.320708
train,2137.tif,0.691391,20.6369,0.246259
train,2138.tif,0.470558,15.9738,0.36898
train,2139.tif,0.493795,18.8688,0.295023
train,214.tif,0.5367,19.0731,0.318344
train,2140.tif,0.543993,19.4414,0.270414
train,2141.tif,0.482668,20.1399,0.293034
train,2142.tif,0.731336,23.9948,0.216757
train,2143.tif,0.605016,23.7606,0.286112
train,2144.tif,0.669873,18.8187,0.480148
train,2145.tif,0.53788,23.2869,0.359384
train,2146.tif,0.603994,21.7327,0.276931
train,2147.tif,0.559423,20.4369,0.263538
train,2148.tif,0.514643,21.9553,0.24797
train,2149.tif,0.519628,19.6712,0.288
train,215.tif,0.614927,20.5677,0.297262
train,2150.tif,0.551506,22.8834,0.349844
train,2151.tif,0.499444,20.6071,0.323417
train,2152.tif,0.588462,22.7984,0.252727
train,2153.tif,0.6868,21.4666,0.255282
train,2154.tif,0.537041,20.5059,0.289608
train,2155.tif,0.486502,21.2142,0.264895
train,2156.tif,0.593866,20.5773,0.263973
train,2157.tif,0.614621,22.4625,0.278972
train,2158.tif,0.514818,19.1204,0.24806
train,2159.tif,0.475466,18.9723,0.326402
train,216.tif,0.500667,18.0356,0.337301
train,2160.tif,0.597858,22.014,0.254424
train,2161.tif,0.491008,21.8384,0.336352
train,2162.tif,0.538209,21.7328,0.28991
train,2163.tif,0.51697,22.073,0.349671
train,2164.tif,0.53186,16.8073,0.346168
train,2165.tif,0.630424,21.2724,0.250896
train,2166.tif,0.612828,23.9646,0.286279
train,2167.tif,0.468567,20.2071,0.290399
train,2168.tif,0.564576,19.4135,0.285709
train,2169.tif,0.626311,23.3398,0.313958
train,217.tif,0.52614,19.6804,0.273672
train,2170.tif,0.591762,24.5204,0.277486
train,2171.tif,0.615797,22.8536,0.32504
train,2172.tif,0.555863,19.1424,0.318691
train,2173.tif,0.551759,18.3649,0.289165
train,2174.tif,0.661799,22.1476,0.261039
train,2175.tif,0.524227,17.5859,0.331106
train,2176.tif,0.523567,20.227,0.291046
train,2177.tif,0.487708,16.3484,0.319385
train,2178.tif,0.568248,18.8756,0.313687
train,2179.tif,0.473674,22.6032,0.329478
train,218.tif,0.622076,18.8941,0.258667
train,2180.tif,0.57167,20.5045,0.250486
train,2181.tif,0.58512,20.4136,0.290912
train,2182.tif,0.665665,22.3648,0.285863
train,2183.tif,0.557944,21.8713,0.330847
train,2184.tif,0.53655,21.307,0.283152
train,2185.tif,0.508393,21.8431,0.3051
train,2186.tif,0.625864,24.1843,0.32749
train,2187.tif,0.526308,18.5518,0.324525
train,2188.tif,0.560767,23.297,0.218791
train,2189.tif,0.544841,21.766,0.295687
train,219.tif,0.650231,22.9931,0.247463
train,2190.tif,0.485632,18.6314,0.254664
train,2191.tif,0.485548,20.565,0.359735
train,2192.tif,0.752745,23.9111,0.235885
train,2193.tif,0.492616,21.9822,0.303244
train,2194.tif,0.573692,16.6149,0.342528
train,2195.tif,0.687083,17.6632,0.297004
train,2196.tif,0.560419,22.0359,0.271106
train,2197.tif,0.591079,17.7031,0.288754
train,2198.tif,0.531322,16.8204,0.325684
train,2199.tif,0.604148,20.561,0.260561
train,22.tif,0.492473,21.0057,0.292978
train,220.tif,0.527853,21.0132,0.285857
train,2200.tif,0.55918,19.3538,0.286415
train,2201.tif,0.571757,20.7015,0.304728
train,2202.tif,0.56835,19.6321,0.299535
train,2203.tif,0.620546,24.3966,0.25984
train,2204.tif,0.582647,22.2328,0.304589
train,2205.tif,0.694411,22.4736,0.282955
train,2206.tif,0.776696,24.6739,0.205111
train,2207.tif,0.587525,22.1931,0.266634
train,2208.tif,0.527266,19.8691,0.255312
train,2209.tif,0.411143,19.259,0.377901
train,221.tif,0.590176,20.911,0.339123
train,2210.tif,0.558535,23.0089,0.316163
train,2211.tif,0.557186,21.9347,0.304295
train,2212.tif,0.606643,21.2148,0.224673
train,2213.tif,0.480414,16.7256,0.300272
train,2214.tif,0.504108,22.4429,0.286748
train,2215.tif,0.565318,21.7112,0.268244
train,2216.tif,0.572778,22.877,0.306516
train,2217.tif,0.46188,18.5834,0.297408
train,2218.tif,0.61186,23.537,0.282486
train,2219.tif,0.556086,22.3406,0.288283
train,222.tif,0.605401,20.3611,0.270802
train,2220.tif,0.569735,19.504,0.314905
train,2221.tif,0.557346,21.4714,0.289329
train,2222.tif,0.573789,20.1785,0.259913
train,2223.tif,0.499862,19.0985,0.281023
train,2224.tif,0.551626,21.6317,0.329005
train,2225.tif,0.518766,20.2619,0.287689
train,2226.tif,0.686209,21.924,0.28963
train,2227.tif,0.562827,21.0419,0.277326
train,2228.tif,0.689918,23.2962,0.212739
train,2229.tif,0.526945,20.3783,0.316154
train,223.tif,0.521284,20.8933,0.2661
train,2230.tif,0.630765,21.4462,0.235999
train,2231.tif,0.558976,19.4862,0.327999
train,2232.tif,0.626933,21.4937,0.257147
train,2233.tif,0.565965,20.9063,0.336413
train,2234.tif,0.665365,18.3481,0.304754
train,2235.tif,0.495184,21.2906,0.299649
train,2236.tif,0.527781,17.849,0.285228
train,2237.tif,0.676014,24.1467,0.224996
train,2238.tif,0.634169,23.6411,0.299223
train,2239.tif,0.548546,22.1268,0.305703
train,224.tif,0.739261,24.8619,0.259252
train,2240.tif,0.629281,19.2086,0.279861
train,2241.tif,0.498145,21.4486,0.331809
train,2242.tif,0.689121,20.591,0.402747
train,2243.tif,0.478741,16.1281,0.327889
train,2244.tif,0.587773,22.7438,0.291564
train,2245.tif,0.529387,16.5073,0.356653
train,2246.tif,0.416015,19.7461,0.328707
train,2247.tif,0.471074,20.7699,0.302867
train,2248.tif,0.615664,23.4122,0.281864
train,2249.tif,0.612854,24.3613,0.37259
train,225.tif,0.519002,18.9425,0.309417
train,2250.tif,0.661939,19.7139,0.288503
train,2251.tif,0.574132,21.8671,0.410133
train,2252.tif,0.553143,19.2922,0.253442
train,2253.tif,0.579843,21.1952,0.313327
train,2254.tif,0.62902,20.2621,0.301281
train,2255.tif,0.570037,19.1906,0.289407
train,2256.tif,0.654721,21.9027,0.268078
train,2257.tif,0.476148,20.9121,0.276602
train,2258.tif,0.609605,23.9314,0.280957
train,2259.tif,0.498709,20.254,0.310803
train,226.tif,0.670916,23.617,0.261728
train,2260.tif,0.561741,21.886,0.274612
train,2261.tif,0.634904,23.6958,0.296738
train,2262.tif,0.547428,20.5644,0.251669
train,2263.tif,0.524722,20.7114,0.259633
train,2264.tif,0.769358,25.2114,0.221415
train,2265.tif,0.604762,20.6565,0.274097
train,2266.tif,0.460412,20.8457,0.284327
train,2267.tif,0.57787,20.921,0.28434
train,2268.tif,0.67657,22.3195,0.233192
train,2269.tif,0.543467,19.5787,0.30364
train,227.tif,0.585262,19.4964,0.279042
train,2270.tif,0.557508,19.8969,0.306452
train,2271.tif,0.487945,19.4139,0.277565
train,2272.tif,0.579576,23.4152,0.261505
train,2273.tif,0.586592,24.0405,0.247321
train,2274.tif,0.494385,20.4864,0.30343
train,2275.tif,0.652458,23.743,0.241999
train,2276.tif,0.569694,19.9479,0.280042
train,2277.tif,0.543772,22.0151,0.322239
train,2278.tif,0.694745,22.434,0.243431
train,2279.tif,0.558008,18.2599,0.330173
train,228.tif,0.579181,18.7342,0.296877
train,2280.tif,0.613741,19.1447,0.303306
train,2281.tif,0.5515,18.2415,0.326218
train,2282.tif,0.63641,22.0292,0.249502
train,2283.tif,0.582994,21.2104,0.247905
train,2284.tif,0.609532,23.1159,0.317402
train,2285.tif,0.573964,23.2046,0.253814
train,2286.tif,0.609934,22.8954,0.281954
train,2287.tif,0.57088,21.214,0.279059
train,2288.tif,0.494895,20.1902,0.330516
train,2289.tif,0.484394,21.8172,0.346592
train,229.tif,0.533557,21.3454,0.282155
train,2290.tif,0.589465,24.2308,0.261825
train,2291.tif,0.645343,22.5759,0.266327
train,2292.tif,0.530948,20.3266,0.273805
train,2293.tif,0.531569,18.622,0.330634
train,2294.tif,0.610318,20.8751,0.316086
train,2295.tif,0.618107,21.7377,0.294573
train,2296.tif,0.494143,20.1463,0.316747
train,2297.tif,0.554647,21.9687,0.260444
train,2298.tif,0.549283,16.025,0.295079
train,2299.tif,0.560519,20.0812,0.300122
train,23.tif,0.549613,22.0011,0.27691
train,230.tif,0.542159,17.8043,0.298398
train,2300.tif,0.606235,24.2272,0.270089
train,2301.tif,0.602401,19.9727,0.266232
train,2302.tif,0.483194,19.0581,0.272405
train,2303.tif,0.459576,19.8908,0.325337
train,2304.tif,0.571586,20.229,0.282741
train,2305.tif,0.579644,20.7832,0.242895
train,2306.tif,0.83598,24.8997,0.216425
train,2307.tif,0.570024,22.1154,0.264616
train,2308.tif,0.492683,21.6051,0.280494
train,2309.tif,0.622631,24.3137,0.260906
train,231.tif,0.747857,22.9314,0.245943
train,2310.tif,0.575748,22.3187,0.229405
train,2311.tif,0.591552,21.421,0.269449
train,2312.tif,0.729098,24.8614,0.211589
train,2313.tif,0.776995,24.6999,0.252451
train,2314.tif,0.684818,23.7525,0.284777
train,2315.tif,0.55841,21.7716,0.339883
train,2316.tif,0.556027,23.0438,0.347598
train,2317.tif,0.62654,23.7066,0.23972
train,2318.tif,0.646504,22.6329,0.28908
train,2319.tif,0.60893,21.8792,0.237262
train,232.tif,0.632242,21.7502,0.269185
train,2320.tif,0.457862,21.0731,0.330257
train,2321.tif,0.517897,21.6035,0.354662
train,2322.tif,0.617455,20.7322,0.281182
train,2323.tif,0.556851,22.211,0.345226
train,2324.tif,0.667579,21.7897,0.256895
train,2325.tif,0.562099,20.498,0.258242
train,2326.tif,0.721116,21.9428,0.263166
train,2327.tif,0.502893,20.4989,0.282468
train,2328.tif,0.482901,20.5963,0.258564
train,2329.tif,0.620637,19.0787,0.285499
train,233.tif,0.490023,18.2564,0.257053
train,2330.tif,0.512032,21.2994,0.251473
train,2331.tif,0.646979,22.6687,0.248496
train,2332.tif,0.614105,22.7766,0.325243
train,2333.tif,0.54618,20.7096,0.30811
train,2334.tif,0.62209,21.8006,0.259904
train,2335.tif,0.459684,18.1566,0.342742
train,2336.tif,0.55837,22.5417,0.29842
train,2337.tif,0.621058,22.4383,0.262114
train,2338.tif,0.606212,21.5076,0.329921
train,2339.tif,0.544116,21.2525,0.252729
train,234.tif,0.533841,20.3891,0.280566
train,2340.tif,0.697152,23.702,0.325482
train,2341.tif,0.651369,22.1457,0.30812
train,2342.tif,0.459331,19.2592,0.30158
train,2343.tif,0.573683,21.9007,0.346895
train,2344.tif,0.461065,15.6428,0.334589
train,2345.tif,0.713315,23.9467,0.238726
train,2346.tif,0.707959,24.9353,0.237596
train,2347.tif,0.52582,20.4131,0.245579
train,2348.tif,0.646661,21.3952,0.336837
train,2349.tif,0.737718,24.8774,0.307637
train,235.tif,0.618595,21.8283,0.254254
train,2350.tif,0.635519,21.0106,0.270291
train,2351.tif,0.62272,19.6196,0.277594
train,2352.tif,0.638137,20.2425,0.258393
train,2353.tif,0.483892,19.8561,0.270603
train,2354.tif,0.773506,23.7196,0.246224
train,2355.tif,0.647893,23.7622,0.307547
train,2356.tif,0.631356,20.9902,0.283846
train,2357.tif,0.646539,22.2192,0.235005
train,2358.tif,0.55793,22.2031,0.272096
train,2359.tif,0.586319,20.592,0.271694
train,236.tif,0.646968,20.9143,0.283136
train,2360.tif,0.494679,18.8588,0.351491
train,2361.tif,0.527465,18.4076,0.298569
train,2362.tif,0.621918,20.5548,0.260588
train,2363.tif,0.572269,20.0693,0.284107
train,2364.tif,0.495769,21.0166,0.251817
train,2365.tif,0.556464,22.4139,0.24293
train,2366.tif,0.604775,20.5783,0.267073
train,2367.tif,0.492289,20.5228,0.288589
train,2368.tif,0.516813,17.6436,0.287235
train,2369.tif,0.599536,21.2263,0.294161
train,237.tif,0.614296,21.8113,0.232199
train,2370.tif,0.577084,20.9212,0.313918
train,2371.tif,0.452874,20.3611,0.281054
train,2372.tif,0.530409,21.6513,0.317375
train,2373.tif,0.52186,19.0869,0.273875
train,2374.tif,0.505933,21.1244,0.260157
train,2375.tif,0.730306,23.7702,0.261439
train,2376.tif,0.516019,19.9167,0.29791
train,2377.tif,0.501288,20.005,0.330254
train,2378.tif,0.727751,23.0505,0.266084
train,2379.tif,0.667362,23.4934,0.240029
train,238.tif,0.592352,20.8185,0.281693
train,2380.tif,0.708588,23.8072,0.292093
train,2381.tif,0.560063,22.832,0.30936
train,2382.tif,0.618776,24.1307,0.308448
train,2383.tif,0.492227,20.6264,0.289389
train,2384.tif,0.52363,19.2457,0.343752
train,2385.tif,0.633091,18.7095,0.28145
train,2386.tif,0.511289,19.8078,0.311298
train,2387.tif,0.499239,21.8222,0.278548
train,2388.tif,0.554552,21.453,0.30203
train,2389.tif,0.584916,22.8796,0.293345
train,239.tif,0.565507,21.9889,0.304082
train,2390.tif,0.597333,19.1283,0.305091
train,2391.tif,0.60381,20.5124,0.25927
train,2392.tif,0.512086,20.0938,0.270712
train,2393.tif,0.527994,21.4557,0.256389
train,2394.tif,0.500041,20.39,0.286177
train,2395.tif,0.650264,22.5762,0.245856
train,2396.tif,0.584082,22.0753,0.260056
train,2397.tif,0.566289,21.9839,0.268158
train,2398.tif,0.613914,22.8242,0.264817
train,2399.tif,0.585718,22.95,0.289451
train,24.tif,0.55612,19.3895,0.257419
train,240.tif,0.647814,22.3737,0.308149
train,2400.tif,0.519054,19.9916,0.282511
train,2401.tif,0.56726,18.8335,0.278594
train,2402.tif,0.537292,18.1854,0.294828
train,2403.tif,0.566853,20.8139,0.306571
train,2404.tif,0.497357,20.4042,0.270306
train,2405.tif,0.510495,19.3114,0.308583
train,2406.tif,0.571348,22.052,0.275628
train,2407.tif,0.583028,22.2045,0.239448
train,2408.tif,0.646869,21.8939,0.228751
train,2409.tif,0.478954,20.0055,0.311986
train,241.tif,0.592936,21.1279,0.251635
train,2410.tif,0.511931,22.0866,0.292451
train,2411.tif,0.539956,22.0526,0.247649
train,2412.tif,0.582116,21.4146,0.272963
train,2413.tif,0.506825,18.6029,0.326641
train,2414.tif,0.535774,21.4271,0.242577
train,2415.tif,0.576374,22.0886,0.414841
train,2416.tif,0.484385,20.3541,0.27506
train,2417.tif,0.439258,17.5151,0.312169
train,2418.tif,0.48435,19.6719,0.280969
train,2419.tif,0.673621,17.5477,0.266278
train,242.tif,0.628339,18.7521,0.24238
train,2420.tif,0.55426,17.6397,0.350354
train,2421.tif,0.471814,19.5299,0.291762
train,2422.tif,0.738768,25.6386,0.253499
train,2423.tif,0.60388,21.8021,0.265252
train,2424.tif,0.51844,21.6761,0.33562
train,2425.tif,0.774786,26.0319,0.247187
train,2426.tif,0.517555,20.6769,0.280227
train,2427.tif,0.516641,21.6734,0.299829
train,2428.tif,0.632729,23.3124,0.245617
train,2429.tif,0.631536,21.7163,0.26615
train,243.tif,0.550673,20.4373,0.309438
train,2430.tif,0.621315,22.0837,0.265016
train,2431.tif,0.524877,22.2608,0.269535
train,2432.tif,0.52728,21.1648,0.310504
train,2433.tif,0.510694,18.3898,0.303272
train,2434.tif,0.711612,20.1584,0.277285
train,2435.tif,0.511681,21.9391,0.307233
train,2436.tif,0.645722,18.1368,0.303169
train,2437.tif,0.570744,16.9909,0.334919
train,2438.tif,0.522507,20.1092,0.29112
train,2439.tif,0.486844,20.0382,0.339825
train,244.tif,0.503208,19.7605,0.31051
train,2440.tif,0.616796,22.2145,0.31429
train,2441.tif,0.49542,18.8281,0.291143
train,2442.tif,0.509164,21.8533,0.293138
train,2443.tif,0.666863,23.8117,0.216639
train,2444.tif,0.586407,20.7771,0.337097
train,2445.tif,0.658071,22.1377,0.265654
train,2446.tif,0.544169,21.8819,0.248797
train,2447.tif,0.51849,21.7107,0.270792
train,2448.tif,0.50615,19.507,0.282486
train,2449.tif,0.511127,20.9312,0.2677
train,245.tif,0.572285,19.4025,0.285558
train,2450.tif,0.588562,18.8314,0.317859
train,2451.tif,0.559394,19.2504,0.293329
train,2452.tif,0.55462,21.3373,0.29538
train,2453.tif,0.602039,20.8164,0.325491
train,2454.tif,0.581002,23.5012,0.302883
train,2455.tif,0.750958,24.5418,0.292747
train,2456.tif,0.611195,21.9508,0.248217
train,2457.tif,0.544066,22.793,0.243782
train,2458.tif,0.681299,22.0871,0.273029
train,2459.tif,0.866383,27.7282,0.181768
train,246.tif,0.540727,21.8551,0.271015
train,2460.tif,0.544082,20.4773,0.343263
train,2461.tif,0.538156,20.2607,0.343037
train,2462.tif,0.490833,20.8762,0.316197
train,2463.tif,0.674441,21.8536,0.317858
train,2464.tif,0.55177,20.6815,0.262177
train,2465.tif,0.553374,21.7343,0.301654
train,2466.tif,0.394089,18.5593,0.306083
train,2467.tif,0.553873,19.6643,0.296234
train,2468.tif,0.554674,19.1528,0.239721
train,2469.tif,0.522939,19.8665,0.34576
train,247.tif,0.537031,19.4053,0.319167
train,2470.tif,0.573753,22.3441,0.278969
train,2471.tif,0.617667,19.8248,0.252563
train,2472.tif,0.527764,21.2672,0.307634
train,2473.tif,0.525781,21.483,0.279353
train,2474.tif,0.740121,19.1944,0.268204
train,2475.tif,0.693646,22.4101,0.221396
train,2476.tif,0.538244,22.4971,0.360353
train,2477.tif,0.621829,23.6947,0.38577
train,2478.tif,0.591327,21.2367,0.34207
train,2479.tif,0.543327,19.0495,0.30203
train,248.tif,0.664378,22.2801,0.252962
train,2480.tif,0.541123,22.7346,0.308229
train,2481.tif,0.555626,21.5733,0.28406
train,2482.tif,0.524571,19.6602,0.331904
train,2483.tif,0.592929,21.2566,0.298383
train,2484.tif,0.537083,18.4275,0.281531
train,2485.tif,0.528636,19.2988,0.270353
train,2486.tif,0.544997,18.4198,0.276707
train,2487.tif,0.521419,19.5007,0.286868
train,2488.tif,0.544883,19.5175,0.269454
train,2489.tif,0.631011,21.0929,0.240366
train,249.tif,0.597265,19.8204,0.265363
train,2490.tif,0.455881,21.0418,0.369827
train,2491.tif,0.582753,20.682,0.303881
train,2492.tif,0.578047,21.9917,0.30925
train,2493.tif,0.504159,20.7706,0.275816
train,2494.tif,0.577106,23.1528,0.265492
train,2495.tif,0.460914,20.2382,0.345835
train,2496.tif,0.563795,18.9947,0.279805
train,2497.tif,0.534036,20.7903,0.274164
train,2498.tif,0.578097,20.3129,0.266333
train,2499.tif,0.774218,24.7629,0.269836
train,25.tif,0.565493,17.5965,0.303352
train,250.tif,0.502123,20.0101,0.288574
train,2500.tif,0.544803,20.1306,0.300965
train,2501.tif,0.704336,23.0715,0.299301
train,2502.tif,0.577315,19.0097,0.289988
train,2503.tif,0.518336,21.1399,0.253671
train,2504.tif,0.550238,20.0941,0.291722
train,2505.tif,0.581704,17.5668,0.309023
train,2506.tif,0.627916,20.9546,0.295568
train,2507.tif,0.578607,20.5409,0.248016
train,2508.tif,0.634373,21.3235,0.276547
train,2509.tif,0.523035,22.0622,0.28346
train,251.tif,0.617661,19.7016,0.25417
train,2510.tif,0.516034,18.3272,0.316401
train,2511.tif,0.627988,19.7302,0.290001
train,2512.tif,0.636829,21.614,0.27861
train,2513.tif,0.574786,20.6846,0.258818
train,2514.tif,0.623093,22.6242,0.269246
train,2515.tif,0.696223,24.3311,0.248882
train,2516.tif,0.51575,18.4148,0.30484
train,2517.tif,0.60009,21.0556,0.285468
train,2518.tif,0.503036,20.6305,0.385878
train,2519.tif,0.639903,22.6978,0.330347
train,252.tif,0.625099,22.7668,0.269523
train,2520.tif,0.462149,21.9569,0.334923
train,2521.tif,0.622887,18.5685,0.323211
train,2522.tif,0.591885,18.0885,0.27509
train,2523.tif,0.539338,15.9154,0.291873
train,2524.tif,0.65044,18.0011,0.278165
train,2525.tif,0.690389,21.0446,0.278694
train,2526.tif,0.511622,18.1984,0.272692
train,2527.tif,0.516284,19.992,0.288449
train,2528.tif,0.544561,17.0476,0.262357
train,2529.tif,0.570511,22.4594,0.272549
train,253.tif,0.619436,21.4612,0.246905
train,2530.tif,0.571327,22.2355,0.27667
train,2531.tif,0.484373,20.9999,0.303418
train,2532.tif,0.624267,17.5748,0.285691
train,2533.tif,0.516833,18.5731,0.281772
train,2534.tif,0.563196,19.3058,0.292183
train,2535.tif,0.524317,21.2794,0.281872
train,2536.tif,0.485036,19.2161,0.319994
train,2537.tif,0.511139,22.13,0.283008
train,2538.tif,0.521733,19.8663,0.245482
train,2539.tif,0.577656,21.3571,0.315716
train,254.tif,0.526464,17.9597,0.293376
train,2540.tif,0.644773,22.9296,0.280654
train,2541.tif,0.696005,22.841,0.251857
train,2542.tif,0.779947,24.093,0.240226
train,2543.tif,0.494792,18.8962,0.32948
train,2544.tif,0.573326,22.4635,0.293447
train,2545.tif,0.588798,18.7708,0.260881
train,2546.tif,0.64138,18.9496,0.310469
train,2547.tif,0.683467,21.2807,0.266247
train,2548.tif,0.585353,20.4661,0.30338
train,2549.tif,0.540434,20.7762,0.278313
train,255.tif,0.566844,21.1827,0.286232
train,2550.tif,0.71196,23.1384,0.26676
train,2551.tif,0.539314,21.3999,0.328431
train,2552.tif,0.531401,18.5076,0.311214
train,2553.tif,0.500786,19.7191,0.28304
train,2554.tif,0.52207,21.3133,0.383871
train,2555.tif,0.729181,24.0592,0.290479
train,2556.tif,0.556304,21.7949,0.302159
train,2557.tif,0.505478,18.7263,0.268913
train,2558.tif,0.587295,18.563,0.281103
train,2559.tif,0.596194,22.1342,0.284993
train,256.tif,0.502104,21.9874,0.270695
train,2560.tif,0.59356,19.0478,0.270737
train,2561.tif,0.478552,19.999,0.310622
train,2562.tif,0.700631,22.8037,0.260086
train,2563.tif,0.478312,18.7211,0.427325
train,2564.tif,0.606268,21.9179,0.276981
train,2565.tif,0.595594,19.5393,0.277219
train,2566.tif,0.573129,22.5808,0.25321
train,2567.tif,0.460149,19.8613,0.295143
train,2568.tif,0.746647,24.4779,0.283411
train,2569.tif,0.555027,22.8081,0.32316
train,257.tif,0.822674,25.1907,0.199954
train,2570.tif,0.557561,19.6519,0.306024
train,2571.tif,0.576467,23.3675,0.263268
train,2572.tif,0.547332,21.28,0.298306
train,2573.tif,0.6001,22.9594,0.31751
train,2574.tif,0.549451,23.2744,0.311186
train,2575.tif,0.501913,21.4625,0.289559
train,2576.tif,0.520078,19.8658,0.274208
train,2577.tif,0.612526,23.2609,0.259271
train,2578.tif,0.546731,20.6821,0.243709
train,2579.tif,0.546645,22.7095,0.356215
train,258.tif,0.64201,21.1003,0.27499
train,2580.tif,0.537943,18.3591,0.295817
train,2581.tif,0.537285,22.2815,0.275663
train,2582.tif,0.632074,21.9782,0.265875
train,2583.tif,0.643681,18.7912,0.267844
train,2584.tif,0.582646,20.5406,0.279766
train,2585.tif,0.634866,21.3739,0.228299
train,2586.tif,0.575,22.2752,0.299169
train,2587.tif,0.515558,20.9918,0.305267
train,2588.tif,0.501935,18.3994,0.354755
train,2589.tif,0.644873,24.0385,0.305467
train,259.tif,0.592977,20.5108,0.282917
train,2590.tif,0.762483,24.4324,0.248698
train,2591.tif,0.616604,23.6518,0.317643
train,2592.tif,0.568736,20.5461,0.297448
train,2593.tif,0.606603,23.465,0.312877
train,2594.tif,0.487466,21.4298,0.263838
train,2595.tif,0.522924,16.0903,0.308057
train,2596.tif,0.607472,21.8339,0.231589
train,2597.tif,0.662576,23.2169,0.292482
train,2598.tif,0.535822,19.7017,0.294576
train,2599.tif,0.635828,19.7836,0.319412
train,26.tif,0.601726,22.5649,0.222395
train,260.tif,0.797155,21.7175,0.370955
train,2600.tif,0.490189,19.838,0.326713
train,2601.tif,0.77711,24.4532,0.412965
train,2602.tif,0.604473,19.5535,0.255371
train,2603.tif,0.611444,20.7089,0.32726
train,2604.tif,0.572951,20.204,0.261797
train,2605.tif,0.527933,21.2273,0.294445
train,2606.tif,0.702026,24.9243,0.301549
train,2607.tif,0.613906,23.2906,0.282388
train,2608.tif,0.740403,22.2738,0.259831
train,2609.tif,0.576994,21.6692,0.296073
train,261.tif,0.611874,19.9497,0.315909
train,2610.tif,0.594508,20.7787,0.284321
train,2611.tif,0.601093,19.4807,0.303656
train,2612.tif,0.485731,20.9888,0.276766
train,2613.tif,0.589507,23.0166,0.283447
train,2614.tif,0.449763,18.5151,0.316496
train,2615.tif,0.603233,16.4284,0.335612
train,2616.tif,0.620855,23.242,0.30226
train,2617.tif,0.595628,22.8311,0.285649
train,2618.tif,0.523538,19.5497,0.29971
train,2619.tif,0.655102,22.2211,0.311801
train,262.tif,0.541666,20.3602,0.287517
train,2620.tif,0.667134,22.086,0.264434
train,2621.tif,0.449537,18.4192,0.35554
train,2622.tif,0.787854,25.111,0.242286
train,2623.tif,0.622321,22.5045,0.228302
train,2624.tif,0.515333,19.8631,0.281682
train,2625.tif,0.541175,22.1181,0.299145
train,2626.tif,0.563042,18.9837,0.24966
train,2627.tif,0.531592,20.3956,0.282557
train,2628.tif,0.560153,20.6881,0.246105
train,2629.tif,0.593063,21.6338,0.276291
train,263.tif,0.638435,20.0272,0.293479
train,2630.tif,0.473939,21.0574,0.297962
train,2631.tif,0.572407,20.0934,0.298933
train,2632.tif,0.499318,21.612,0.348206
train,2633.tif,0.681561,22.3183,0.235641
train,2634.tif,0.569288,20.4651,0.30489
train,2635.tif,0.565538,19.4156,0.280862
train,2636.tif,0.638426,21.9467,0.251917
train,2637.tif,0.569327,21.2495,0.291053
train,2638.tif,0.50442,21.0977,0.32083
train,2639.tif,0.492685,19.1056,0.299805
train,264.tif,0.580602,17.2596,0.291128
train,2640.tif,0.474641,21.3597,0.314605
train,2641.tif,0.581241,20.9909,0.282312
train,2642.tif,0.536785,16.535,0.295662
train,2643.tif,0.691357,22.0745,0.239072
train,2644.tif,0.659161,22.6948,0.253351
train,2645.tif,0.493237,19.5055,0.290009
train,2646.tif,0.659211,20.795,0.277398
train,2647.tif,0.443281,19.2753,0.301525
train,2648.tif,0.698534,22.9651,0.25239
train,2649.tif,0.662068,22.5773,0.253315
train,265.tif,0.581831,22.9997,0.297834
train,2650.tif,0.751282,26.3347,0.303055
train,2651.tif,0.500977,19.3626,0.295639
train,2652.tif,0.531037,20.5448,0.299155
train,2653.tif,0.7215,23.5475,0.248735
train,2654.tif,0.733925,23.114,0.261194
train,2655.tif,0.486144,18.6271,0.359222
train,2656.tif,0.486589,14.257,0.328271
train,2657.tif,0.611587,20.1701,0.288832
train,2658.tif,0.43241,20.6084,0.28889
train,2659.tif,0.608266,22.5813,0.257514
train,266.tif,0.617166,18.9249,0.29551
train,2660.tif,0.58391,20.616,0.295124
train,2661.tif,0.488744,20.598,0.309242
train,2662.tif,0.563493,21.6424,0.297686
train,2663.tif,0.52661,20.9877,0.31129
train,2664.tif,0.607799,20.1311,0.276519
train,2665.tif,0.684846,22.3738,0.340905
train,2666.tif,0.511873,19.5837,0.309289
train,2667.tif,0.631758,23.5943,0.245103
train,2668.tif,0.568589,23.4677,0.246035
train,2669.tif,0.486287,20.1105,0.258203
train,267.tif,0.522852,22.1707,0.269635
train,2670.tif,0.628259,22.0516,0.271056
train,2671.tif,0.477665,19.8822,0.315936
train,2672.tif,0.542916,19.5667,0.325074
train,2673.tif,0.58943,22.2419,0.245062
train,2674.tif,0.649401,19.5624,0.286975
train,2675.tif,0.498763,18.6313,0.306556
train,2676.tif,0.587712,22.5021,0.274212
train,2677.tif,0.605403,20.6554,0.289411
train,2678.tif,0.5865,24.0507,0.340578
train,2679.tif,0.529199,19.7373,0.299705
train,268.tif,0.484944,20.2006,0.27971
train,2680.tif,0.573538,21.0126,0.273776
train,2681.tif,0.615669,22.819,0.280868
train,2682.tif,0.758611,23.0804,0.275601
train,2683.tif,0.548879,21.9669,0.24977
train,2684.tif,0.529621,21.1334,0.263795
train,2685.tif,0.714154,22.5468,0.289801
train,2686.tif,0.501899,17.9666,0.335134
train,2687.tif,0.615349,23.941,0.257987
train,2688.tif,0.474822,21.2603,0.293222
train,2689.tif,0.521671,19.8743,0.358567
train,269.tif,0.541243,20.9751,0.258308
train,2690.tif,0.432355,19.3442,0.316613
train,2691.tif,0.548882,21.6809,0.301381
train,2692.tif,0.524473,20.3534,0.28769
train,2693.tif,0.586876,21.942,0.284757
train,2694.tif,0.536744,21.94,0.239883
train,2695.tif,0.450017,19.7223,0.30669
train,2696.tif,0.527366,24.2361,0.36739
train,2697.tif,0.548839,18.1394,0.291491
train,2698.tif,0.512646,20.8158,0.258494
train,2699.tif,0.579755,19.7892,0.299325
train,27.tif,0.515978,19.5571,0.266115
train,270.tif,0.569339,21.5259,0.298735
train,2700.tif,0.504019,20.4539,0.311681
train,2701.tif,0.745834,23.8889,0.243892
train,2702.tif,0.541848,21.731,0.306336
train,2703.tif,0.494079,19.711,0.289544
train,2704.tif,0.835006,27.1394,0.215188
train,2705.tif,0.579938,20.8259,0.327764
train,2706.tif,0.546407,22.3388,0.259437
train,2707.tif,0.663757,23.0152,0.247997
train,2708.tif,0.735546,21.1717,0.252428
train,2709.tif,0.549624,24.3757,0.339314
train,271.tif,0.527397,18.8721,0.317406
train,2710.tif,0.554193,20.274,0.277177
train,2711.tif,0.48265,21.1985,0.303092
train,2712.tif,0.552497,22.9476,0.299483
train,2713.tif,0.752036,24.9623,0.242995
train,2714.tif,0.445044,18.1827,0.289018
train,2715.tif,0.577585,18.1808,0.278862
train,2716.tif,0.746356,25.6539,0.296933
train,2717.tif,0.616674,20.527,0.314408
train,2718.tif,0.655578,20.7686,0.297036
train,2719.tif,0.673022,21.1781,0.276472
train,272.tif,0.500954,19.1937,0.288055
train,2720.tif,0.519037,17.0904,0.34133
train,2721.tif,0.546661,20.6789,0.335709
train,2722.tif,0.542699,18.7829,0.331989
train,2723.tif,0.501771,17.362,0.29669
train,2724.tif,0.475358,22.4858,0.318842
train,2725.tif,0.58492,23.3656,0.310883
train,2726.tif,0.562934,21.6809,0.283391
train,2727.tif,0.527118,22.4083,0.261416
train,2728.tif,0.5894,24.2657,0.312194
train,2729.tif,0.54906,21.6508,0.29647
train,273.tif,0.534424,21.159,0.274659
train,2730.tif,0.616794,20.2266,0.27535
train,2731.tif,0.53134,21.3811,0.260891
train,2732.tif,0.448174,19.2965,0.246465
train,2733.tif,0.491973,18.2868,0.373823
train,2734.tif,0.542376,21.8571,0.307868
train,2735.tif,0.503673,19.4906,0.291559
train,2736.tif,0.654684,22.6917,0.24081
train,2737.tif,0.533167,22.456,0.343306
train,2738.tif,0.538274,19.8529,0.353963
train,2739.tif,0.630419,15.4097,0.303316
train,274.tif,0.471378,19.1398,0.256645
train,2740.tif,0.641089,21.7736,0.258278
train,2741.tif,0.585013,19.8935,0.268933
train,2742.tif,0.556698,21.7548,0.2515
train,2743.tif,0.526003,20.4628,0.305402
train,2744.tif,0.55076,20.3972,0.286694
train,2745.tif,0.622499,22.8096,0.259969
train,2746.tif,0.590987,22.1037,0.312893
train,2747.tif,0.590936,15.2362,0.312958
train,2748.tif,0.58021,24.3631,0.346776
train,2749.tif,0.632634,19.7139,0.296634
train,275.tif,0.714432,22.7406,0.305986
train,2750.tif,0.583667,19.1664,0.298776
train,2751.tif,0.59212,22.6557,0.326361
train,2752.tif,0.510851,19.5984,0.264342
train,2753.tif,0.584369,19.8971,0.245052
train,2754.tif,0.602418,22.6255,0.267809
train,2755.tif,0.563976,21.9762,0.255029
train,2756.tif,0.561798,20.8098,0.263865
train,2757.tif,0.506777,20.0617,0.326257
train,2758.tif,0.568321,23.1767,0.2963
train,2759.tif,0.557148,21.0827,0.267509
train,276.tif,0.499896,18.1838,0.359232
train,2760.tif,0.496505,19.5574,0.324
train,2761.tif,0.746331,22.4855,0.263557
train,2762.tif,0.616657,20.9507,0.272223
train,2763.tif,0.59604,21.4175,0.234443
train,2764.tif,0.570297,20.2334,0.252998
train,2765.tif,0.514034,20.2497,0.301732
train,2766.tif,0.590403,21.0508,0.345416
train,2767.tif,0.620691,18.096,0.264788
train,2768.tif,0.616326,23.8922,0.264156
train,2769.tif,0.619495,20.1394,0.238326
train,277.tif,0.578007,17.8242,0.282882
train,2770.tif,0.601428,15.8058,0.371077
train,2771.tif,0.531425,15.079,0.452385
train,2772.tif,0.592425,16.5814,0.310176
train,2773.tif,0.511743,21.7707,0.280889
train,2774.tif,0.472687,17.513,0.302628
train,2775.tif,0.66306,20.7865,0.263221
train,2776.tif,0.51501,20.4062,0.290749
train,2777.tif,0.582558,22.0734,0.325235
train,2778.tif,0.576315,22.594,0.292991
train,2779.tif,0.644706,22.3952,0.28011
train,278.tif,0.567358,20.9043,0.300596
train,2780.tif,0.529866,20.5854,0.263304
train,2781.tif,0.587305,23.1852,0.394525
train,2782.tif,0.691239,19.8405,0.268175
train,2783.tif,0.634055,22.924,0.318965
train,2784.tif,0.470111,21.189,0.351525
train,2785.tif,0.763683,25.134,0.218449
train,2786.tif,0.467222,19.9268,0.300633
train,2787.tif,0.436589,21.8575,0.419043
train,2788.tif,0.629004,21.678,0.248541
train,2789.tif,0.685435,19.8786,0.259638
train,279.tif,0.721723,23.2004,0.324307
train,2790.tif,0.60138,22.6753,0.271806
train,2791.tif,0.558124,20.1419,0.282236
train,2792.tif,0.640874,21.7415,0.270695
train,2793.tif,0.533061,18.7807,0.311004
train,2794.tif,0.524661,20.1592,0.297551
train,2795.tif,0.45769,19.8926,0.307606
train,2796.tif,0.573725,19.3477,0.297606
train,2797.tif,0.669899,22.1775,0.235579
train,2798.tif,0.672565,21.1194,0.317482
train,2799.tif,0.577534,20.667,0.32078
train,28.tif,0.52994,18.5069,0.301282
train,280.tif,0.479059,20.1341,0.257013
train,2800.tif,0.493193,20.0163,0.294586
train,2801.tif,0.560153,21.2712,0.298029
train,2802.tif,0.546364,22.9934,0.315306
train,2803.tif,0.689005,22.92,0.272579
train,2804.tif,0.463422,21.3252,0.287454
train,2805.tif,0.512843,18.9321,0.280911
train,2806.tif,0.572859,22.3216,0.260135
train,2807.tif,0.511808,21.2906,0.283039
train,2808.tif,0.507942,21.1028,0.261073
train,2809.tif,0.495261,20.5427,0.298506
train,281.tif,0.538637,19.7682,0.283431
train,2810.tif,0.550162,21.0265,0.297443
train,2811.tif,0.488564,21.3496,0.31334
train,2812.tif,0.523236,22.7764,0.301972
train,2813.tif,0.545527,17.2851,0.298261
train,2814.tif,0.443944,20.2051,0.289657
train,2815.tif,0.480115,21.1703,0.256454
train,2816.tif,0.416056,17.5475,0.380226
train,2817.tif,0.5747,22.1479,0.244453
train,2818.tif,0.629405,23.0564,0.286416
train,2819.tif,0.526803,21.0883,0.272001
train,282.tif,0.586903,22.6292,0.252818
train,2820.tif,0.565632,19.924,0.336891
train,2821.tif,0.479344,20.0162,0.318603
train,2822.tif,0.559382,21.7139,0.291038
train,2823.tif,0.534692,20.349,0.312749
train,2824.tif,0.506845,21.5337,0.321059
train,2825.tif,0.576898,22.5099,0.279404
train,2826.tif,0.556194,21.6621,0.286985
train,2827.tif,0.556537,20.2124,0.285457
train,2828.tif,0.63622,23.4145,0.281118
train,2829.tif,0.603047,21.5564,0.262773
train,283.tif,0.575415,22.016,0.272532
train,2830.tif,0.523897,19.2639,0.314195
train,2831.tif,0.550259,21.7476,0.32406
train,2832.tif,0.473069,21.7424,0.299766
train,2833.tif,0.510849,19.151,0.320028
train,2834.tif,0.546462,21.787,0.258653
train,2835.tif,0.57336,21.2818,0.271101
train,2836.tif,0.53433,21.8961,0.286022
train,2837.tif,0.61555,22.7422,0.240834
train,2838.tif,0.569043,21.8018,0.339287
train,2839.tif,0.606133,20.0359,0.276697
train,284.tif,0.595032,18.9057,0.286356
train,2840.tif,0.452081,20.8755,0.306953
train,2841.tif,0.574292,23.3383,0.281242
train,2842.tif,0.557264,22.0441,0.262274
train,2843.tif,0.572787,21.556,0.273132
train,2844.tif,0.666411,21.4022,0.249129
train,2845.tif,0.500145,21.4618,0.267687
train,2846.tif,0.506908,19.4089,0.320794
train,2847.tif,0.558445,20.562,0.265879
train,2848.tif,0.393447,19.3402,0.376332
train,2849.tif,0.516223,20.8479,0.283773
train,285.tif,0.516986,21.8969,0.252046
train,2850.tif,0.604011,21.9364,0.259504
train,2851.tif,0.631972,20.0078,0.292223
train,2852.tif,0.530535,20.3295,0.294911
train,2853.tif,0.531321,20.3959,0.263366
train,2854.tif,0.633397,23.4174,0.348762
train,2855.tif,0.529124,20.8918,0.25604
train,2856.tif,0.497509,20.9498,0.284052
train,2857.tif,0.609443,22.7938,0.221289
train,2858.tif,0.502072,21.0918,0.259292
train,2859.tif,0.551344,15.4665,0.326253
train,286.tif,0.55305,19.2999,0.261042
train,2860.tif,0.664294,23.0824,0.248385
train,2861.tif,0.581859,21.6724,0.295294
train,2862.tif,0.625966,20.8673,0.275121
train,2863.tif,0.516725,20.1889,0.322102
train,2864.tif,0.470394,17.5375,0.354516
train,2865.tif,0.617206,20.9866,0.270323
train,2866.tif,0.607043,21.3644,0.271671
train,2867.tif,0.530873,21.1247,0.305658
train,2868.tif,0.447863,19.5183,0.316874
train,2869.tif,0.642343,23.0741,0.29604
train,287.tif,0.804098,21.4949,0.242976
train,2870.tif,0.600242,20.8668,0.295837
train,2871.tif,0.585449,21.8709,0.270694
train,2872.tif,0.525151,21.0368,0.336653
train,2873.tif,0.516632,22.4181,0.287011
train,2874.tif,0.490934,20.4332,0.305613
train,2875.tif,0.630633,22.6187,0.302697
train,2876.tif,0.677905,22.6881,0.275308
train,2877.tif,0.567375,22.7044,0.290509
train,2878.tif,0.472691,20.4485,0.259707
train,2879.tif,0.462783,20.8144,0.303393
train,288.tif,0.529028,18.4786,0.273889
train,2880.tif,0.72199,22.5646,0.31216
train,2881.tif,0.549018,21.4629,0.27946
train,2882.tif,0.508235,21.5619,0.316652
train,2883.tif,0.619459,22.9353,0.254716
train,2884.tif,0.714667,23.0075,0.232615
train,2885.tif,0.566725,22.266,0.265325
train,2886.tif,0.576058,22.6386,0.331023
train,2887.tif,0.381604,18.08,0.355235
train,2888.tif,0.671119,20.5451,0.2782
train,2889.tif,0.484069,19.3498,0.324428
train,289.tif,0.494466,19.4925,0.274962
train,2890.tif,0.628105,21.4266,0.283965
train,2891.tif,0.757017,24.7598,0.269065
train,2892.tif,0.471771,19.3336,0.384488
train,2893.tif,0.531137,22.1992,0.255673
train,2894.tif,0.568146,21.6997,0.331683
train,2895.tif,0.597546,23.4696,0.294769
train,2896.tif,0.521007,22.3829,0.367555
train,2897.tif,0.513183,20.0862,0.321228
train,2898.tif,0.574854,21.1613,0.313773
train,2899.tif,0.564373,21.842,0.256664
train,29.tif,0.541709,18.4356,0.275563
train,290.tif,0.55543,18.5559,0.247941
train,2900.tif,0.544115,22.6288,0.285542
train,2901.tif,0.562725,18.8731,0.369116
train,2902.tif,0.528032,20.852,0.252451
train,2903.tif,0.474031,22.1029,0.315607
train,2904.tif,0.648241,21.058,0.371285
train,2905.tif,0.521347,21.4114,0.293563
train,2906.tif,0.599383,23.8999,0.258109
train,2907.tif,0.540906,21.2991,0.272327
train,2908.tif,0.599898,23.56,0.282702
train,2909.tif,0.611133,19.0117,0.336403
train,291.tif,0.56473,20.1646,0.319859
train,2910.tif,0.527922,21.3287,0.257126
train,2911.tif,0.78297,26.3669,0.228027
train,2912.tif,0.536673,17.1006,0.314703
train,2913.tif,0.561904,22.6076,0.215329
train,2914.tif,0.717077,24.9042,0.307487
train,2915.tif,0.611199,21.3202,0.244601
train,2916.tif,0.562393,22.8207,0.27512
train,2917.tif,0.539818,17.6266,0.346216
train,2918.tif,0.55195,22.4569,0.305444
train,2919.tif,0.493153,21.3236,0.295574
train,292.tif,0.476791,17.7451,0.347798
train,2920.tif,0.560793,20.5063,0.36226
train,2921.tif,0.517631,18.3945,0.318665
train,2922.tif,0.51854,21.6148,0.30093
train,2923.tif,0.630859,22.3789,0.266926
train,2924.tif,0.486071,21.931,0.294492
train,2925.tif,0.463114,21.1608,0.278887
train,2926.tif,0.531068,21.1074,0.260351
train,2927.tif,0.539778,22.3036,0.258584
train,2928.tif,0.622328,22.3447,0.258067
train,2929.tif,0.619916,22.8566,0.241477
train,293.tif,0.583387,20.1719,0.238947
train,2930.tif,0.562981,21.4481,0.274312
train,2931.tif,0.474828,20.8951,0.303221
train,2932.tif,0.526249,23.1532,0.295774
train,2933.tif,0.562634,20.8294,0.274103
train,2934.tif,0.600059,21.81,0.28716
train,2935.tif,0.633011,21.2433,0.229775
train,2936.tif,0.576509,20.9648,0.30986
train,2937.tif,0.573917,23.8271,0.292005
train,2938.tif,0.610671,21.2147,0.264084
train,2939.tif,0.577412,22.0401,0.277031
train,294.tif,0.508223,19.7225,0.263998
train,2940.tif,0.461862,20.4126,0.290354
train,2941.tif,0.541822,22.5826,0.25336
train,2942.tif,0.520735,22.0274,0.250106
train,2943.tif,0.63846,22.0088,0.349096
train,2944.tif,0.492391,19.3948,0.351965
train,2945.tif,0.616742,16.6198,0.341138
train,2946.tif,0.579313,21.9516,0.267449
train,2947.tif,0.475607,20.8663,0.336102
train,2948.tif,0.569761,22.5495,0.280717
train,2949.tif,0.471151,19.2597,0.300804
train,295.tif,0.600614,21.476,0.281573
train,2950.tif,0.585781,21.5465,0.305864
train,2951.tif,0.515659,21.2519,0.317206
train,2952.tif,0.56315,22.3827,0.292243
train,2953.tif,0.602007,24.0517,0.26731
train,2954.tif,0.589858,22.6861,0.269956
train,2955.tif,0.56933,22.0466,0.330585
train,2956.tif,0.5038,21.3419,0.292123
train,2957.tif,0.529459,21.4417,0.297419
train,2958.tif,0.528122,19.0324,0.306856
train,2959.tif,0.459081,19.9902,0.280968
train,296.tif,0.480758,20.4703,0.265343
train,2960.tif,0.644188,23.3198,0.29175
train,2961.tif,0.657983,23.3906,0.259475
train,2962.tif,0.523943,21.0081,0.268535
train,2963.tif,0.54975,20.6552,0.33813
train,2964.tif,0.540298,23.5806,0.328189
train,2965.tif,0.529972,22.2523,0.266752
train,2966.tif,0.499852,21.541,0.268998
train,2967.tif,0.468576,20.6158,0.269883
train,2968.tif,0.517675,21.8822,0.28078
train,2969.tif,0.544894,22.546,0.304185
train,297.tif,0.585818,19.9369,0.249701
train,2970.tif,0.524569,20.3543,0.25228
train,2971.tif,0.501825,22.5794,0.257097
train,2972.tif,0.505308,22.7087,0.265622
train,2973.tif,0.598966,22.7979,0.259714
train,2974.tif,0.532816,21.4329,0.274397
train,2975.tif,0.534083,20.7157,0.248433
train,2976.tif,0.482078,21.4879,0.262548
train,2977.tif,0.511008,20.5686,0.302943
train,2978.tif,0.55168,19.0624,0.284341
train,2979.tif,0.630234,18.3452,0.309041
train,298.tif,0.666026,20.6637,0.282429
train,2980.tif,0.64548,23.5075,0.24779
train,2981.tif,0.480965,19.8398,0.281079
train,2982.tif,0.544781,23.338,0.276277
train,2983.tif,0.608669,23.3715,0.381534
train,2984.tif,0.593347,22.7893,0.236146
train,2985.tif,0.501988,21.5562,0.291974
train,2986.tif,0.611172,22.7362,0.289209
train,2987.tif,0.446907,17.7571,0.323595
train,2988.tif,0.605766,22.0845,0.264851
train,2989.tif,0.573258,23.7815,0.325581
train,299.tif,0.638687,21.7209,0.249818
train,2990.tif,0.514375,21.4038,0.268605
train,2991.tif,0.511006,22.72,0.363997
train,2992.tif,0.524727,20.6446,0.274684
train,2993.tif,0.654501,20.4445,0.3082
train,2994.tif,0.522727,21.9887,0.29405
train,2995.tif,0.557075,22.0693,0.243571
train,2996.tif,0.567315,23.0802,0.254848
train,2997.tif,0.612935,22.4451,0.267754
train,2998.tif,0.536786,20.3166,0.265029
train,2999.tif,0.515911,20.5426,0.300307
train,3.tif,0.723811,20.3775,0.266763
train,30.tif,0.60759,20.3825,0.28389
train,300.tif,0.587009,22.8678,0.363149
train,3000.tif,0.833347,25.1259,0.262489
train,3001.tif,0.505477,21.587,0.247097
train,3002.tif,0.468347,20.4124,0.279558
train,3003.tif,0.595461,22.8314,0.280803
train,3004.tif,0.466995,19.0253,0.388591
train,3005.tif,0.52436,18.7536,0.313679
train,3006.tif,0.465955,19.4535,0.305036
train,3007.tif,0.562531,21.0249,0.282077
train,3008.tif,0.530682,21.5198,0.255646
train,3009.tif,0.551328,20.8308,0.261685
train,301.tif,0.534164,20.2098,0.2685
train,3010.tif,0.476099,21.1819,0.254581
train,3011.tif,0.573385,21.983,0.394013
train,3012.tif,0.504839,21.682,0.262934
train,3013.tif,0.484671,20.6372,0.250028
train,3014.tif,0.560887,22.6231,0.320463
train,3015.tif,0.482723,20.9549,0.303944
train,3016.tif,0.811355,24.7938,0.230757
train,3017.tif,0.584919,21.2268,0.287467
train,3018.tif,0.659003,22.9354,0.239798
train,3019.tif,0.578863,21.1285,0.263511
train,302.tif,0.539241,18.5185,0.301499
train,3020.tif,0.611547,21.6643,0.276218
train,3021.tif,0.624445,22.1635,0.281785
train,3022.tif,0.590885,21.2582,0.282501
train,3023.tif,0.653376,23.0715,0.259211
train,3024.tif,0.561342,22.0036,0.238326
train,3025.tif,0.524664,22.1847,0.270114
train,3026.tif,0.575468,21.8844,0.291126
train,3027.tif,0.524422,20.7165,0.275753
train,3028.tif,0.559313,21.0179,0.280398
train,3029.tif,0.556888,21.9856,0.301407
train,303.tif,0.508877,21.1874,0.269805
train,3030.tif,0.602264,20.9923,0.255998
train,3031.tif,0.521927,21.9334,0.295022
train,3032.tif,0.613662,22.5937,0.257435
train,3033.tif,0.461663,20.4639,0.314678
train,3034.tif,0.57168,21.4455,0.249624
train,3035.tif,0.586368,21.9485,0.350352
train,3036.tif,0.503945,20.5452,0.289022
train,3037.tif,0.574595,22.9738,0.277703
train,3038.tif,0.549514,21.6054,0.24659
train,3039.tif,0.798876,25.3915,0.302645
train,304.tif,0.481023,16.8735,0.313989
train,3040.tif,0.510636,21.9822,0.274416
train,3041.tif,0.534743,21.4866,0.290275
train,3042.tif,0.534211,20.764,0.291993
train,3043.tif,0.539427,22.1809,0.350853
train,3044.tif,0.590741,20.7073,0.251736
train,3045.tif,0.602433,22.4697,0.260278
train,3046.tif,0.584219,21.5463,0.272058
train,3047.tif,0.565997,16.6888,0.306979
train,3048.tif,0.577773,20.9341,0.301227
train,3049.tif,0.528552,19.0113,0.299024
train,305.tif,0.462327,17.3081,0.29643
train,3050.tif,0.5528,21.247,0.3348
train,3051.tif,0.486408,20.8986,0.317177
train,3052.tif,0.515519,19.5631,0.364313
train,3053.tif,0.580581,21.2022,0.276441
train,3054.tif,0.629731,23.1625,0.293124
train,3055.tif,0.546703,20.931,0.362027
train,3056.tif,0.620023,21.2641,0.286303
train,3057.tif,0.520784,22.7992,0.274445
train,3058.tif,0.478392,20.4632,0.36302
train,3059.tif,0.665059,22.1914,0.251982
train,306.tif,0.661193,20.7969,0.298893
train,3060.tif,0.570038,22.4506,0.2993
train,3061.tif,0.591984,22.7662,0.280493
train,3062.tif,0.506166,21.7558,0.297115
train,3063.tif,0.513729,22.215,0.311154
train,3064.tif,0.679539,23.1219,0.259615
train,3065.tif,0.634412,19.9684,0.333061
train,3066.tif,0.547636,19.5862,0.287241
train,3067.tif,0.627181,23.9355,0.281372
train,3068.tif,0.452104,21.61,0.281051
train,3069.tif,0.691455,21.8079,0.272512
train,307.tif,0.589125,21.3028,0.254743
train,3070.tif,0.528602,21.6306,0.278332
train,3071.tif,0.546066,21.8188,0.277325
train,3072.tif,0.570564,21.5903,0.292891
train,3073.tif,0.504537,22.2769,0.318952
train,3074.tif,0.544617,20.1135,0.286368
train,3075.tif,0.53613,21.4572,0.294305
train,3076.tif,0.558888,21.2501,0.282479
train,3077.tif,0.607552,21.5897,0.290815
train,3078.tif,0.506505,20.3188,0.259735
train,3079.tif,0.5198,22.3541,0.276063
train,308.tif,0.563829,19.4212,0.262316
train,3080.tif,0.530542,20.6136,0.26137
train,3081.tif,0.544794,22.2616,0.252494
train,3082.tif,0.523181,18.5866,0.343519
train,3083.tif,0.677687,23.5337,0.248741
train,3084.tif,0.651911,23.2944,0.27227
train,3085.tif,0.538522,20.5531,0.352364
train,3086.tif,0.5208,21.6709,0.288158
train,3087.tif,0.473952,20.5444,0.360628
train,3088.tif,0.551048,22.0524,0.283086
train,3089.tif,0.625929,23.4486,0.248621
train,309.tif,0.665236,23.5852,0.250861
train,3090.tif,0.543144,21.1951,0.317061
train,3091.tif,0.539524,18.905,0.326689
train,3092.tif,0.50947,19.8018,0.295968
train,3093.tif,0.51743,20.1134,0.324569
train,3094.tif,0.625873,21.9132,0.260405
train,3095.tif,0.624616,23.224,0.252004
train,3096.tif,0.674898,23.0655,0.275069
train,3097.tif,0.520368,21.8607,0.272645
train,3098.tif,0.522512,21.3504,0.28469
train,3099.tif,0.519501,20.1512,0.294196
train,31.tif,0.563038,19.6669,0.25086
train,310.tif,0.640694,20.4716,0.276307
train,3100.tif,0.521164,20.8088,0.27562
train,3101.tif,0.486861,22.2085,0.26421
train,3102.tif,0.511009,20.8824,0.312987
train,3103.tif,0.60358,22.2906,0.291391
train,3104.tif,0.614799,22.5508,0.244576
train,3105.tif,0.489085,21.2327,0.277753
train,3106.tif,0.504583,20.5582,0.26796
train,3107.tif,0.606118,22.3559,0.259408
train,3108.tif,0.60265,21.4802,0.310266
train,3109.tif,0.557288,22.2418,0.285702
train,311.tif,0.604332,20.641,0.294959
train,3110.tif,0.563241,23.1515,0.296389
train,3111.tif,0.466145,21.033,0.261048
train,3112.tif,0.573765,20.36,0.287629
train,3113.tif,0.634915,20.1971,0.279878
train,3114.tif,0.521032,20.7164,0.347176
train,3115.tif,0.550561,22.4789,0.263662
train,3116.tif,0.531416,21.1914,0.277824
train,3117.tif,0.526532,22.1752,0.307057
train,3118.tif,0.498761,20.9864,0.286933
train,3119.tif,0.637422,24.1198,0.284823
train,312.tif,0.568475,18.9299,0.344388
train,3120.tif,0.585833,21.8552,0.250079
train,3121.tif,0.611628,18.7121,0.30295
train,3122.tif,0.558793,22.1229,0.261173
train,3123.tif,0.580589,20.2291,0.290894
train,3124.tif,0.557967,22.1107,0.27764
train,3125.tif,0.681945,22.4727,0.263986
train,3126.tif,0.654304,22.6419,0.268892
train,3127.tif,0.735247,22.8814,0.263163
train,3128.tif,0.648167,23.4662,0.269528
train,3129.tif,0.464373,21.5008,0.274166
train,313.tif,0.59472,20.7223,0.25135
train,3130.tif,0.576036,21.8948,0.29664
train,3131.tif,0.770098,23.0361,0.323235
train,3132.tif,0.517278,20.7712,0.271582
train,3133.tif,0.502494,20.7498,0.289721
train,3134.tif,0.689496,24.8316,0.3089
train,3135.tif,0.601117,22.3529,0.309853
train,3136.tif,0.635597,22.6153,0.238096
train,3137.tif,0.579152,14.2167,0.416396
train,3138.tif,0.637544,20.4181,0.330369
train,3139.tif,0.506068,21.5334,0.301104
train,314.tif,0.580403,21.5263,0.313018
train,3140.tif,0.570221,20.1492,0.327062
train,3141.tif,0.526692,21.0211,0.279755
train,3142.tif,0.578148,21.0638,0.28841
train,3143.tif,0.572648,20.9642,0.268515
train,3144.tif,0.585951,23.4816,0.277099
train,3145.tif,0.567533,21.1281,0.255176
train,3146.tif,0.517202,20.8263,0.266989
train,3147.tif,0.597827,23.3329,0.25952
train,3148.tif,0.491578,21.4987,0.256486
train,3149.tif,0.636348,23.2445,0.256956
train,315.tif,0.47298,18.8999,0.257733
train,3150.tif,0.591334,21.537,0.318736
train,3151.tif,0.495934,21.2974,0.29965
train,3152.tif,0.526832,22.5465,0.245337
train,3153.tif,0.570651,23.7621,0.285182
train,3154.tif,0.716112,24.9508,0.25257
train,3155.tif,0.491227,20.3784,0.279587
train,3156.tif,0.534716,21.3075,0.251789
train,3157.tif,0.613221,20.631,0.268105
train,3158.tif,0.509255,21.7124,0.235233
train,3159.tif,0.513927,21.4274,0.360552
train,316.tif,0.579562,17.8935,0.337538
train,3160.tif,0.520887,21.7473,0.241761
train,3161.tif,0.459395,20.6526,0.320727
train,3162.tif,0.490623,20.1138,0.277032
train,3163.tif,0.477389,20.5254,0.309465
train,3164.tif,0.557307,20.8771,0.245574
train,3165.tif,0.591269,22.8354,0.275891
train,3166.tif,0.560157,22.6917,0.293996
train,3167.tif,0.564554,21.3844,0.267827
train,3168.tif,0.526741,22.1382,0.256426
train,3169.tif,0.539205,20.1291,0.328354
train,317.tif,0.733961,20.3562,0.301375
train,3170.tif,0.532479,20.7641,0.270525
train,3171.tif,0.596334,19.8444,0.273369
train,3172.tif,0.55415,22.4662,0.283563
train,3173.tif,0.514027,21.2118,0.282106
train,3174.tif,0.469343,18.7689,0.349524
train,3175.tif,0.561418,22.2022,0.238741
train,3176.tif,0.468646,21.6148,0.316949
train,3177.tif,0.509037,21.7567,0.287432
train,3178.tif,0.624555,23.4671,0.2717
train,3179.tif,0.536575,22.4746,0.298318
train,318.tif,0.542614,19.1208,0.289233
train,3180.tif,0.450212,20.5329,0.331929
train,3181.tif,0.57941,19.8091,0.26228
train,3182.tif,0.463209,20.7649,0.2916
train,3183.tif,0.789998,23.6751,0.259229
train,3184.tif,0.447775,15.9493,0.362979
train,3185.tif,0.592986,21.9044,0.324811
train,3186.tif,0.526817,21.8907,0.257439
train,3187.tif,0.547709,21.9535,0.255483
train,3188.tif,0.603472,22.787,0.259949
train,3189.tif,0.56786,20.5304,0.300097
train,319.tif,0.522913,20.1906,0.265192
train,3190.tif,0.539523,21.9543,0.296425
train,3191.tif,0.489868,21.4261,0.292033
train,3192.tif,0.543965,21.8174,0.314404
train,3193.tif,0.644942,21.5938,0.27353
train,3194.tif,0.53195,19.0677,0.308654
train,3195.tif,0.496408,21.3998,0.23902
train,3196.tif,0.515007,20.48,0.283393
train,3197.tif,0.569006,21.4126,0.263218
train,3198.tif,0.566229,22.1507,0.238965
train,3199.tif,0.59164,22.6691,0.265999
train,32.tif,0.628134,23.3212,0.281646
train,320.tif,0.521221,20.5073,0.278453
train,3200.tif,0.55243,21.7175,0.278327
train,3201.tif,0.50755,22.5718,0.288518
train,3202.tif,0.635251,21.7569,0.292402
train,3203.tif,0.508077,21.5157,0.257981
train,3204.tif,0.501295,19.5054,0.306407
train,3205.tif,0.641508,23.9915,0.351998
train,3206.tif,0.542435,21.2859,0.259212
train,3207.tif,0.540342,20.3182,0.298968
train,3208.tif,0.513045,21.378,0.318951
train,3209.tif,0.588065,22.1743,0.247956
train,321.tif,0.560721,20.6972,0.298414
train,3210.tif,0.578266,21.8698,0.302205
train,3211.tif,0.520499,21.9488,0.287199
train,3212.tif,0.494875,17.3519,0.273998
train,3213.tif,0.539236,19.3402,0.273407
train,3214.tif,0.535742,22.5406,0.332628
train,3215.tif,0.517228,18.5116,0.377445
train,3216.tif,0.508667,19.387,0.31232
train,3217.tif,0.719965,23.9797,0.264525
train,3218.tif,0.77908,26.3027,0.25827
train,3219.tif,0.455832,20.5649,0.268443
train,322.tif,0.532591,18.4466,0.328308
train,3220.tif,0.575271,21.1204,0.27202
train,3221.tif,0.487848,21.0641,0.277152
train,3222.tif,0.533446,21.5534,0.287912
train,3223.tif,0.517637,21.2215,0.315256
train,3224.tif,0.534592,22.3868,0.315508
train,3225.tif,0.501598,21.8362,0.304192
train,3226.tif,0.597153,22.8842,0.274318
train,3227.tif,0.470135,20.9781,0.294029
train,3228.tif,0.588288,20.8437,0.260914
train,3229.tif,0.538053,20.8102,0.276139
train,323.tif,0.600114,20.8258,0.236234
train,3230.tif,0.559344,21.9081,0.307393
train,3231.tif,0.533936,21.4779,0.255361
train,3232.tif,0.592287,22.1014,0.280972
train,3233.tif,0.570602,21.9985,0.287407
train,3234.tif,0.473736,19.9257,0.295062
train,3235.tif,0.511024,20.8712,0.249576
train,3236.tif,0.451229,18.973,0.308812
train,3237.tif,0.600679,21.3924,0.272263
train,3238.tif,0.540359,22.026,0.276038
train,3239.tif,0.500332,20.9902,0.262862
train,324.tif,0.554391,19.6135,0.269217
train,3240.tif,0.50496,20.6847,0.284744
train,3241.tif,0.489231,21.3313,0.292835
train,3242.tif,0.570252,22.3749,0.231684
train,3243.tif,0.494598,20.2147,0.240775
train,3244.tif,0.639949,22.0903,0.276411
train,3245.tif,0.562682,21.3918,0.295783
train,3246.tif,0.662401,23.2971,0.240208
train,3247.tif,0.600806,23.2291,0.38866
train,3248.tif,0.553341,21.6198,0.259196
train,3249.tif,0.521874,21.3815,0.257271
train,325.tif,0.665671,22.5688,0.242873
train,3250.tif,0.465819,20.5502,0.2998
train,3251.tif,0.513895,20.5239,0.282928
train,3252.tif,0.56743,20.1286,0.353503
train,3253.tif,0.445391,19.8261,0.309121
train,3254.tif,0.477641,20.2592,0.316551
train,3255.tif,0.627978,21.147,0.293332
train,3256.tif,0.482825,19.9735,0.293502
train,3257.tif,0.56808,22.6288,0.284014
train,3258.tif,0.584702,21.6949,0.279626
train,3259.tif,0.519,19.1568,0.285296
train,326.tif,0.604075,20.6935,0.258928
train,3260.tif,0.562246,20.9992,0.29953
train,3261.tif,0.580531,22.4608,0.332576
train,3262.tif,0.505868,20.4711,0.285727
train,3263.tif,0.550254,21.0311,0.292357
train,3264.tif,0.482483,21.6391,0.287979
train,3265.tif,0.47862,20.3769,0.292161
train,3266.tif,0.540425,21.196,0.293248
train,3267.tif,0.612614,22.319,0.306085
train,3268.tif,0.633174,22.4312,0.299563
train,3269.tif,0.485876,20.8993,0.268404
train,327.tif,0.443058,21.1796,0.292229
train,3270.tif,0.589615,23.0568,0.302048
train,3271.tif,0.516077,21.3008,0.276999
train,3272.tif,0.543064,21.386,0.282237
train,3273.tif,0.598753,22.1119,0.279606
train,3274.tif,0.513797,21.7066,0.250128
train,3275.tif,0.579006,21.1727,0.273984
train,3276.tif,0.486637,20.2794,0.285709
train,3277.tif,0.574182,14.5076,0.398934
train,3278.tif,0.49218,19.6404,0.297977
train,3279.tif,0.806253,23.1498,0.326526
train,328.tif,0.583684,22.0926,0.229357
train,3280.tif,0.541249,20.9594,0.286888
train,3281.tif,0.73418,21.6812,0.259831
train,3282.tif,0.525114,18.2108,0.304207
train,3283.tif,0.564704,22.1569,0.265347
train,3284.tif,0.578591,22.2723,0.30335
train,3285.tif,0.457885,20.0685,0.315998
train,3286.tif,0.571753,22.0483,0.262075
train,3287.tif,0.555943,22.1205,0.244332
train,3288.tif,0.517134,21.6393,0.30308
train,3289.tif,0.553733,21.8585,0.285081
train,329.tif,0.521447,21.846,0.306406
train,3290.tif,0.468244,19.4848,0.296708
train,3291.tif,0.635162,21.0747,0.345076
train,3292.tif,0.494295,19.4471,0.306605
train,3293.tif,0.518992,20.3167,0.267644
train,3294.tif,0.533405,19.2808,0.329191
train,3295.tif,0.487108,19.3992,0.309763
train,3296.tif,0.53634,19.4223,0.283812
train,3297.tif,0.47565,17.6523,0.331961
train,3298.tif,0.558335,21.4256,0.288606
train,3299.tif,0.471788,17.5692,0.305494
train,33.tif,0.558209,20.2912,0.263334
train,330.tif,0.535709,20.5974,0.257603
train,3300.tif,0.5659,22.368,0.268087
train,3301.tif,0.49302,19.7618,0.347702
train,3302.tif,0.672871,23.1806,0.270486
train,3303.tif,0.645191,21.2137,0.287833
train,3304.tif,0.556657,23.7827,0.254123
train,3305.tif,0.508807,21.3962,0.269963
train,3306.tif,0.515857,20.7003,0.271598
train,3307.tif,0.574021,19.7157,0.267659
train,3308.tif,0.47905,19.7678,0.300516
train,3309.tif,0.542642,20.8932,0.259271
train,331.tif,0.587409,19.6462,0.300206
train,3310.tif,0.610476,22.2953,0.273131
train,3311.tif,0.462648,19.1043,0.330637
train,3312.tif,0.568291,22.0384,0.253833
train,3313.tif,0.470848,19.2786,0.2644
train,3314.tif,0.485603,20.2596,0.319861
train,3315.tif,0.496989,19.1966,0.31005
train,3316.tif,0.531525,20.8233,0.299505
train,3317.tif,0.469621,19.1493,0.296569
train,3318.tif,0.61843,23.4236,0.244368
train,3319.tif,0.54616,21.1043,0.291908
train,332.tif,0.647567,23.1383,0.299703
train,3320.tif,0.665578,22.7824,0.260963
train,3321.tif,0.534442,20.7857,0.274269
train,3322.tif,0.564127,21.9567,0.287171
train,3323.tif,0.572747,19.4562,0.313767
train,3324.tif,0.410387,17.5072,0.330981
train,3325.tif,0.504705,20.4031,0.30237
train,3326.tif,0.46246,18.0779,0.310896
train,3327.tif,0.499779,21.4997,0.320152
train,3328.tif,0.401122,18.2237,0.342896
train,3329.tif,0.451887,19.8498,0.319698
train,333.tif,0.362026,18.3836,0.32207
train,3330.tif,0.579804,21.1573,0.270362
train,3331.tif,0.498455,20.0169,0.280277
train,3332.tif,0.622018,22.7969,0.259534
train,3333.tif,0.534141,21.1294,0.299241
train,3334.tif,0.554145,21.5454,0.347595
train,3335.tif,0.458808,18.0012,0.309181
train,3336.tif,0.647232,21.1227,0.322824
train,3337.tif,0.484179,20.5753,0.301236
train,3338.tif,0.473641,18.8439,0.291426
train,3339.tif,0.449485,20.0991,0.323407
train,334.tif,0.531072,21.3392,0.316887
train,3340.tif,0.512914,20.4546,0.31318
train,3341.tif,0.561917,20.9283,0.300187
train,3342.tif,0.508289,19.7764,0.300617
train,3343.tif,0.485488,20.9925,0.285802
train,3344.tif,0.524281,20.9977,0.326923
train,3345.tif,0.530538,20.9322,0.269352
train,3346.tif,0.510537,19.3541,0.295215
train,3347.tif,0.566209,21.7369,0.322087
train,3348.tif,0.506974,21.0753,0.298682
train,3349.tif,0.56092,20.3257,0.2972
train,335.tif,0.49533,20.5099,0.326753
train,3350.tif,0.518546,20.7449,0.312077
train,3351.tif,0.566816,21.0284,0.30188
train,3352.tif,0.513978,19.6133,0.274043
train,3353.tif,0.457697,19.5024,0.279494
train,3354.tif,0.472475,20.5985,0.309765
train,3355.tif,0.55555,20.1008,0.289594
train,3356.tif,0.481297,20.8966,0.278281
train,3357.tif,0.540635,20.5964,0.284642
train,3358.tif,0.465303,20.7666,0.266704
train,3359.tif,0.579513,22.3646,0.296164
train,336.tif,0.821778,20.8317,0.237539
train,3360.tif,0.549171,21.233,0.283489
train,3361.tif,0.557953,21.965,0.28155
train,3362.tif,0.567418,21.2375,0.289381
train,3363.tif,0.55701,20.8201,0.288614
train,3364.tif,0.551349,20.7988,0.266464
train,3365.tif,0.582289,21.3842,0.284501
train,3366.tif,0.529759,22.191,0.277039
train,3367.tif,0.539033,20.4964,0.282933
train,3368.tif,0.532873,20.9022,0.302992
train,3369.tif,0.552753,21.7889,0.319737
train,337.tif,0.623232,21.6418,0.238092
train,3370.tif,0.541281,19.3289,0.317347
train,3371.tif,0.505092,19.6439,0.310827
train,3372.tif,0.589663,19.9169,0.357594
train,3373.tif,0.471617,19.5164,0.306014
train,3374.tif,0.533992,21.8066,0.276214
train,3375.tif,0.528893,19.7479,0.303621
train,3376.tif,0.705392,20.9505,0.292506
train,3377.tif,0.554748,20.7414,0.305154
train,3378.tif,0.496274,20.0243,0.284015
train,3379.tif,0.516041,18.5415,0.289202
train,338.tif,0.569908,21.513,0.275411
train,3380.tif,0.510725,22.0385,0.289729
train,3381.tif,0.54568,20.0594,0.30771
train,3382.tif,0.547817,22.5466,0.267755
train,3383.tif,0.543959,21.526,0.296298
train,3384.tif,0.489183,20.0242,0.304007
train,3385.tif,0.500336,19.4726,0.26957
train,3386.tif,0.524058,15.2396,0.32791
train,3387.tif,0.529884,21.1159,0.322472
train,3388.tif,0.590994,21.819,0.301299
train,3389.tif,0.4827,19.4666,0.31075
train,339.tif,0.666564,18.6663,0.264547
train,3390.tif,0.514617,21.0059,0.363878
train,3391.tif,0.607451,23.0807,0.25021
train,3392.tif,0.453647,19.0319,0.293634
train,3393.tif,0.508407,21.4943,0.286909
train,3394.tif,0.612682,22.1236,0.289157
train,3395.tif,0.456315,20.4003,0.340708
train,3396.tif,0.392542,17.2963,0.361385
train,3397.tif,0.584015,21.274,0.296567
train,3398.tif,0.532204,20.1163,0.303341
train,3399.tif,0.51573,19.7337,0.301318
train,34.tif,0.477258,19.3091,0.288048
train,340.tif,0.649593,21.4632,0.240313
train,3400.tif,0.572891,20.1265,0.302754
train,3401.tif,0.517369,20.8084,0.286334
train,3402.tif,0.636022,21.7184,0.284244
train,3403.tif,0.532943,20.9659,0.266745
train,3404.tif,0.564963,19.4498,0.313861
train,3405.tif,0.524598,21.2954,0.288888
train,3406.tif,0.466732,19.3715,0.325602
train,3407.tif,0.511828,19.3773,0.318733
train,3408.tif,0.551004,20.6665,0.277418
train,3409.tif,0.527721,20.0465,0.291639
train,341.tif,0.577788,20.9389,0.291363
train,3410.tif,0.501361,21.7911,0.272176
train,3411.tif,0.570671,19.5107,0.258459
train,3412.tif,0.5202,20.9186,0.281332
train,3413.tif,0.476996,21.3217,0.279808
train,3414.tif,0.522035,19.3118,0.262173
train,3415.tif,0.524392,19.2119,0.322257
train,3416.tif,0.525388,21.0234,0.31503
train,3417.tif,0.525072,21.4178,0.295738
train,3418.tif,0.486887,18.0431,0.32755
train,3419.tif,0.573215,21.7678,0.289152
train,342.tif,0.80894,23.3367,0.235917
train,3420.tif,0.507778,20.1458,0.276012
train,3421.tif,0.472928,20.725,0.280409
train,3422.tif,0.476441,21.3408,0.280577
train,3423.tif,0.554725,20.2462,0.286241
train,3424.tif,0.592303,21.8453,0.337002
train,3425.tif,0.472014,20.339,0.27849
train,3426.tif,0.493452,19.8909,0.264092
train,3427.tif,0.486189,20.1765,0.334922
train,3428.tif,0.557122,21.9856,0.295924
train,3429.tif,0.587698,20.7152,0.282279
train,343.tif,0.528083,19.3166,0.306026
train,3430.tif,0.532038,20.5249,0.322771
train,3431.tif,0.516778,20.9229,0.283323
train,3432.tif,0.56073,20.6915,0.29691
train,3433.tif,0.532627,21.0235,0.277275
train,3434.tif,0.635485,21.9725,0.26634
train,3435.tif,0.498165,20.805,0.282407
train,3436.tif,0.582458,21.1728,0.267081
train,3437.tif,0.46397,19.5197,0.290958
train,3438.tif,0.576286,21.6863,0.282971
train,3439.tif,0.531389,20.9462,0.325999
train,344.tif,0.664773,22.65,0.286192
train,3440.tif,0.557465,21.0749,0.246362
train,3441.tif,0.509597,19.8848,0.300949
train,3442.tif,0.509662,21.1955,0.295663
train,3443.tif,0.472711,19.3489,0.348543
train,3444.tif,0.559633,20.2998,0.283762
train,3445.tif,0.493331,17.414,0.300439
train,3446.tif,0.598258,21.2863,0.260606
train,3447.tif,0.456932,18.9883,0.300522
train,3448.tif,0.452064,19.759,0.32548
train,3449.tif,0.517122,20.8462,0.296321
train,345.tif,0.534362,20.4238,0.240395
train,3450.tif,0.503529,19.9416,0.304019
train,3451.tif,0.503314,22.0964,0.268237
train,3452.tif,0.493319,18.426,0.291302
train,3453.tif,0.510452,20.7009,0.286028
train,3454.tif,0.805731,21.7921,0.261134
train,3455.tif,0.478631,18.9834,0.315269
train,3456.tif,0.526028,21.5592,0.316388
train,3457.tif,0.575801,21.6119,0.335355
train,3458.tif,0.499358,20.9144,0.298549
train,3459.tif,0.56885,22.1155,0.284616
train,346.tif,0.605379,18.2995,0.251961
train,3460.tif,0.526127,19.9064,0.285512
train,3461.tif,0.533409,21.2062,0.301124
train,3462.tif,0.548632,21.6332,0.30063
train,3463.tif,0.483892,20.2558,0.309136
train,3464.tif,0.569657,20.3157,0.295136
train,3465.tif,0.542622,22.9579,0.270963
train,3466.tif,0.492785,20.0652,0.317187
train,3467.tif,0.486947,20.4913,0.269913
train,3468.tif,0.488836,21.4985,0.262299
train,3469.tif,0.510421,20.0344,0.289919
train,347.tif,0.630171,21.5955,0.272279
train,3470.tif,0.520186,20.338,0.280049
train,3471.tif,0.54417,19.97,0.277641
train,3472.tif,0.528166,20.207,0.297251
train,3473.tif,0.490752,19.0135,0.303292
train,3474.tif,0.500887,21.7487,0.273254
train,3475.tif,0.589139,22.0777,0.256629
train,3476.tif,0.648587,21.7475,0.2714
train,3477.tif,0.50069,21.1,0.29266
train,3478.tif,0.54837,19.9087,0.373859
train,3479.tif,0.562976,21.0821,0.271457
train,348.tif,0.609997,19.1122,0.265269
train,3480.tif,0.596014,22.5186,0.295916
train,3481.tif,0.437375,18.4328,0.335727
train,3482.tif,0.584906,21.0809,0.261344
train,3483.tif,0.507132,21.6701,0.290993
train,3484.tif,0.534418,22.3387,0.300383
train,3485.tif,0.538854,18.7882,0.302044
train,3486.tif,0.486538,21.4492,0.261686
train,3487.tif,0.528729,20.3508,0.29099
train,3488.tif,0.514019,21.7879,0.272723
train,3489.tif,0.546606,21.3824,0.279716
train,349.tif,0.54625,22.1176,0.27984
train,3490.tif,0.555703,22.3798,0.290393
train,3491.tif,0.51572,22.3082,0.272622
train,3492.tif,0.579492,22.2462,0.30138
train,3493.tif,0.643219,22.9179,0.291075
train,3494.tif,0.547343,18.8856,0.380833
train,3495.tif,0.486276,21.439,0.312345
train,3496.tif,0.456223,19.9463,0.290535
train,3497.tif,0.721553,23.1291,0.311562
train,3498.tif,0.554009,21.7526,0.305896
train,3499.tif,0.536057,21.0302,0.316005
train,35.tif,0.56087,21.396,0.304518
train,350.tif,0.545099,18.5385,0.281952
train,3500.tif,0.50262,20.4889,0.326377
train,3501.tif,0.533684,20.4778,0.348359
train,3502.tif,0.54908,20.2651,0.273658
train,3503.tif,0.589665,20.359,0.256411
train,3504.tif,0.469999,20.9647,0.284801
train,3505.tif,0.524337,19.3376,0.298943
train,3506.tif,0.582413,18.9403,0.321942
train,3507.tif,0.641004,21.5033,0.300088
train,3508.tif,0.51003,20.9005,0.26745
train,3509.tif,0.44608,20.3013,0.291442
train,351.tif,0.607417,22.5061,0.31186
train,3510.tif,0.555752,19.7135,0.321815
train,3511.tif,0.695804,22.8893,0.291951
train,3512.tif,0.520713,18.3162,0.299665
train,3513.tif,0.546143,20.4297,0.321982
train,3514.tif,0.525207,20.0,0.280276
train,3515.tif,0.549389,21.2003,0.278352
train,3516.tif,0.56565,21.7446,0.275602
train,3517.tif,0.487782,18.4053,0.30041
train,3518.tif,0.480932,17.8504,0.294738
train,3519.tif,0.497227,20.2052,0.28125
train,352.tif,0.503684,19.2916,0.263913
train,3520.tif,0.670377,20.4328,0.260125
train,3521.tif,0.549919,20.3965,0.32181
train,3522.tif,0.528735,18.9678,0.30592
train,3523.tif,0.491735,20.2878,0.292032
train,3524.tif,0.512376,21.0271,0.269767
train,3525.tif,0.460165,19.0056,0.304702
train,3526.tif,0.610178,20.9733,0.25404
train,3527.tif,0.560812,21.021,0.32642
train,3528.tif,0.556774,20.5933,0.283105
train,3529.tif,0.515426,19.1573,0.299426
train,353.tif,0.734963,22.5482,0.29606
train,3530.tif,0.579662,23.4437,0.271947
train,3531.tif,0.527907,20.1135,0.299711
train,3532.tif,0.51182,19.8442,0.278792
train,3533.tif,0.497997,21.1891,0.277038
train,3534.tif,0.545883,21.6561,0.30203
train,3535.tif,0.581213,22.1585,0.300348
train,3536.tif,0.62086,21.1868,0.301187
train,3537.tif,0.550724,20.5871,0.309217
train,3538.tif,0.518941,21.8961,0.282071
train,3539.tif,0.513173,20.9649,0.250481
train,354.tif,0.609534,21.0343,0.316311
train,3540.tif,0.585995,18.7882,0.295821
train,3541.tif,0.520712,19.5772,0.297632
train,3542.tif,0.516328,18.1597,0.282819
train,3543.tif,0.489812,19.2169,0.346097
train,3544.tif,0.57827,19.3798,0.331368
train,3545.tif,0.489598,21.0731,0.27066
train,3546.tif,0.504657,19.8948,0.277285
train,3547.tif,0.503303,17.7336,0.368969
train,3548.tif,0.656885,23.86,0.295988
train,3549.tif,0.513913,20.546,0.285819
train,355.tif,0.596853,18.6274,0.32514
train,3550.tif,0.485799,20.1557,0.280783
train,3551.tif,0.671403,23.3227,0.333848
train,3552.tif,0.501768,20.7533,0.311724
train,3553.tif,0.569638,20.3651,0.295387
train,3554.tif,0.500762,18.4445,0.283334
train,3555.tif,0.571535,21.9084,0.289934
train,3556.tif,0.687684,22.7711,0.302
train,3557.tif,0.531739,22.2975,0.27923
train,3558.tif,0.48476,19.1779,0.305361
train,3559.tif,0.67372,22.2909,0.235377
train,356.tif,0.691307,23.3971,0.305524
train,3560.tif,0.591814,22.4469,0.294458
train,3561.tif,0.576649,22.4403,0.26684
train,3562.tif,0.516345,18.9192,0.305495
train,3563.tif,0.491486,20.8548,0.313323
train,3564.tif,0.613222,22.4927,0.259048
train,3565.tif,0.473678,19.1965,0.317567
train,3566.tif,0.428274,18.9661,0.338166
train,3567.tif,0.51687,20.8857,0.294548
train,3568.tif,0.457466,19.3305,0.321148
train,3569.tif,0.52688,21.3684,0.287394
train,357.tif,0.61265,18.1148,0.275048
train,3570.tif,0.511498,21.4099,0.293292
train,3571.tif,0.524617,22.0812,0.262638
train,3572.tif,0.470049,18.6638,0.285025
train,3573.tif,0.562215,18.4498,0.302131
train,3574.tif,0.576279,20.887,0.31691
train,3575.tif,0.52393,20.8616,0.28279
train,3576.tif,0.650449,20.6527,0.286521
train,3577.tif,0.537638,22.2942,0.281619
train,3578.tif,0.51278,20.5959,0.305401
train,3579.tif,0.400289,19.4751,0.319159
train,358.tif,0.57482,19.7759,0.336779
train,3580.tif,0.492462,19.079,0.281152
train,3581.tif,0.592639,21.6431,0.351051
train,3582.tif,0.646309,21.5604,0.347346
train,3583.tif,0.475095,20.2445,0.241878
train,3584.tif,0.521573,17.6785,0.318331
train,3585.tif,0.571097,21.1745,0.303813
train,3586.tif,0.504547,19.4608,0.291296
train,3587.tif,0.470611,18.3966,0.356849
train,3588.tif,0.52583,19.8212,0.308612
train,3589.tif,0.715314,21.2064,0.30685
train,359.tif,0.564411,20.705,0.25645
train,3590.tif,0.532173,20.3665,0.300389
train,3591.tif,0.539203,18.6294,0.313506
train,3592.tif,0.485346,20.4277,0.265526
train,3593.tif,0.582615,20.1961,0.307641
train,3594.tif,0.546008,20.6756,0.264532
train,3595.tif,0.466218,18.4246,0.321956
train,3596.tif,0.466468,21.2106,0.290252
train,3597.tif,0.501356,21.6372,0.270999
train,3598.tif,0.492634,21.2263,0.295718
train,3599.tif,0.50954,20.5635,0.269781
train,36.tif,0.555946,20.7155,0.243108
train,360.tif,0.736474,24.331,0.276051
train,3600.tif,0.482567,19.4512,0.287798
train,3601.tif,0.670297,21.8971,0.350056
train,3602.tif,0.490859,20.2646,0.309783
train,3603.tif,0.512326,19.3324,0.274614
train,3604.tif,0.510303,20.2406,0.350656
train,3605.tif,0.46587,20.8313,0.270765
train,3606.tif,0.433638,18.8676,0.315462
train,3607.tif,0.688986,20.6831,0.325647
train,3608.tif,0.507625,21.2827,0.326241
train,3609.tif,0.72699,19.9234,0.313872
train,361.tif,0.517722,16.896,0.291336
train,3610.tif,0.506382,18.6218,0.31474
train,3611.tif,0.519003,22.1454,0.276763
train,3612.tif,0.601703,22.2753,0.286041
train,3613.tif,0.56912,20.438,0.305935
train,3614.tif,0.550956,21.0418,0.278665
train,3615.tif,0.586779,23.1336,0.253833
train,3616.tif,0.459063,18.5817,0.293253
train,3617.tif,0.532603,17.06,0.31123
train,3618.tif,0.483695,19.944,0.366231
train,3619.tif,0.814786,22.3132,0.243252
train,362.tif,0.496849,21.3005,0.262539
train,3620.tif,0.390479,18.4806,0.314826
train,3621.tif,0.533271,21.9513,0.277094
train,3622.tif,0.664983,22.6896,0.352999
train,3623.tif,0.462719,16.7965,0.315049
train,3624.tif,0.567543,19.6254,0.284576
train,3625.tif,0.650458,22.1942,0.297172
train,3626.tif,0.537846,21.4255,0.339238
train,3627.tif,0.53124,21.6672,0.298871
train,3628.tif,0.48926,22.3938,0.319522
train,3629.tif,0.563508,22.1565,0.3126
train,363.tif,0.58066,20.5608,0.288836
train,3630.tif,0.506332,20.6286,0.301921
train,3631.tif,0.477642,20.7822,0.285712
train,3632.tif,0.496872,20.2313,0.275058
train,3633.tif,0.471091,15.5545,0.384754
train,3634.tif,0.520484,21.0374,0.273058
train,3635.tif,0.502845,20.1693,0.274678
train,3636.tif,0.548725,19.018,0.309066
train,3637.tif,0.494936,19.908,0.332465
train,3638.tif,0.423533,18.5053,0.32668
train,3639.tif,0.489886,19.6818,0.337219
train,364.tif,0.504375,20.5682,0.29129
train,3640.tif,0.575278,20.6436,0.284789
train,3641.tif,0.542632,20.7291,0.316505
train,3642.tif,0.511061,20.3335,0.298271
train,3643.tif,0.468361,19.4682,0.291118
train,3644.tif,0.482426,21.0737,0.277385
train,3645.tif,0.478883,19.7883,0.278156
train,3646.tif,0.540151,21.6435,0.279928
train,3647.tif,0.468858,20.1592,0.301136
train,3648.tif,0.511305,18.8855,0.283762
train,3649.tif,0.480927,19.7097,0.304439
train,365.tif,0.565094,21.4809,0.289214
train,3650.tif,0.462528,20.6737,0.285462
train,3651.tif,0.502067,20.147,0.302873
train,3652.tif,0.538282,22.6625,0.290595
train,3653.tif,0.530591,21.3362,0.317688
train,3654.tif,0.736804,22.0622,0.278136
train,3655.tif,0.610811,22.3425,0.270568
train,3656.tif,0.602396,22.4508,0.30674
train,3657.tif,0.504093,21.1951,0.280501
train,3658.tif,0.512847,18.2686,0.288414
train,3659.tif,0.521258,19.9739,0.275289
train,366.tif,0.512662,16.731,0.301362
train,3660.tif,0.54701,20.2215,0.324515
train,3661.tif,0.483227,20.5376,0.297258
train,3662.tif,0.554981,20.7658,0.267559
train,3663.tif,0.494992,19.4339,0.318294
train,3664.tif,0.547689,20.2875,0.282442
train,3665.tif,0.613831,22.8525,0.277432
train,3666.tif,0.516136,21.3173,0.26877
train,3667.tif,0.571934,23.1365,0.312999
train,3668.tif,0.555517,19.6757,0.307834
train,3669.tif,0.632518,22.0616,0.312681
train,367.tif,0.697915,23.9317,0.291152
train,3670.tif,0.493088,21.1069,0.317392
train,3671.tif,0.562466,22.1939,0.283394
train,3672.tif,0.503787,19.2148,0.294011
train,3673.tif,0.572352,22.2791,0.272853
train,3674.tif,0.456604,19.0277,0.266524
train,3675.tif,0.536447,20.8022,0.306131
train,3676.tif,0.491775,19.4575,0.278412
train,3677.tif,0.527159,20.936,0.265157
train,3678.tif,0.588136,22.5422,0.392331
train,3679.tif,0.49826,21.1662,0.296621
train,368.tif,0.567419,14.0371,0.344673
train,3680.tif,0.44452,18.5775,0.312755
train,3681.tif,0.60286,21.2499,0.292415
train,3682.tif,0.55264,21.7523,0.276339
train,3683.tif,0.517838,22.4775,0.279334
train,3684.tif,0.473386,20.3557,0.283213
train,3685.tif,0.529892,21.909,0.293974
train,3686.tif,0.514415,20.6542,0.293563
train,3687.tif,0.499646,19.6344,0.309731
train,3688.tif,0.532373,18.2691,0.299768
train,3689.tif,0.548239,20.7338,0.283628
train,369.tif,0.541571,19.7252,0.253917
train,3690.tif,0.555896,21.378,0.299357
train,3691.tif,0.49423,19.6377,0.280205
train,3692.tif,0.685075,22.4617,0.294956
train,3693.tif,0.564303,20.4415,0.288752
train,3694.tif,0.538105,21.8743,0.27294
train,3695.tif,0.484003,20.3868,0.270587
train,3696.tif,0.4635,19.4819,0.287137
train,3697.tif,0.55346,20.5237,0.339697
train,3698.tif,0.550632,20.6323,0.301418
train,3699.tif,0.44697,19.4199,0.298791
train,37.tif,0.572486,20.7493,0.243759
train,370.tif,0.571422,21.7457,0.256576
train,3700.tif,0.499383,20.7387,0.32085
train,3701.tif,0.508412,21.2548,0.292356
train,3702.tif,0.589757,19.6595,0.289166
train,3703.tif,0.534664,20.67,0.278262
train,3704.tif,0.447514,18.5528,0.339959
train,3705.tif,0.56903,22.552,0.334085
train,3706.tif,0.486455,20.1171,0.290227
train,3707.tif,0.513402,21.5624,0.267853
train,3708.tif,0.555842,20.978,0.281549
train,3709.tif,0.546136,19.1744,0.300207
train,371.tif,0.559666,19.7615,0.279204
train,3710.tif,0.554069,18.0871,0.304155
train,3711.tif,0.679782,22.7814,0.341294
train,3712.tif,0.553065,22.2288,0.254472
train,3713.tif,0.52704,17.0896,0.30234
train,3714.tif,0.568262,20.972,0.275272
train,3715.tif,0.53432,18.8777,0.354914
train,3716.tif,0.572359,20.6961,0.284431
train,3717.tif,0.490744,20.571,0.259993
train,3718.tif,0.471041,19.9893,0.288512
train,3719.tif,0.526479,20.8876,0.302064
train,372.tif,0.547838,20.4085,0.267249
train,3720.tif,0.593606,21.6688,0.252152
train,3721.tif,0.572378,20.1036,0.271121
train,3722.tif,0.522644,20.2151,0.316841
train,3723.tif,0.577452,21.1621,0.293414
train,3724.tif,0.499605,18.6921,0.293238
train,3725.tif,0.52017,18.6742,0.323452
train,3726.tif,0.525783,21.2194,0.303362
train,3727.tif,0.479821,20.918,0.274313
train,3728.tif,0.477304,20.9695,0.262068
train,3729.tif,0.437232,20.2385,0.294014
train,373.tif,0.631831,19.8718,0.28638
train,3730.tif,0.471291,19.6743,0.281503
train,3731.tif,0.500296,21.1383,0.267842
train,3732.tif,0.511237,19.8767,0.293933
train,3733.tif,0.672831,22.1828,0.314894
train,3734.tif,0.535205,22.1132,0.272594
train,3735.tif,0.784988,23.7718,0.240042
train,3736.tif,0.49608,22.3455,0.264021
train,3737.tif,0.573499,22.6189,0.285334
train,3738.tif,0.534792,21.0578,0.282106
train,3739.tif,0.498611,18.9713,0.301801
train,374.tif,0.57838,21.7038,0.288501
train,3740.tif,0.536489,21.4349,0.295693
train,3741.tif,0.443576,20.6786,0.279015
train,3742.tif,0.547258,20.2149,0.268728
train,3743.tif,0.52052,21.9412,0.291811
train,3744.tif,0.517329,21.1393,0.341032
train,3745.tif,0.579137,20.2111,0.281844
train,3746.tif,0.774373,21.8541,0.259818
train,3747.tif,0.631591,21.426,0.273966
train,3748.tif,0.597139,22.1971,0.316115
train,3749.tif,0.489608,20.226,0.318204
train,375.tif,0.599222,19.3625,0.226401
train,3750.tif,0.507293,20.8397,0.30628
train,3751.tif,0.586808,21.6896,0.368027
train,3752.tif,0.500417,19.1894,0.38033
train,3753.tif,0.67012,20.9973,0.359399
train,3754.tif,0.614777,21.3979,0.252817
train,3755.tif,0.540983,21.6976,0.284069
train,3756.tif,0.511593,20.8028,0.32274
train,3757.tif,0.532676,18.6211,0.332023
train,3758.tif,0.507527,19.9449,0.272831
train,3759.tif,0.58682,21.5625,0.276873
train,376.tif,0.650856,21.4825,0.255818
train,3760.tif,0.533885,16.4121,0.312289
train,3761.tif,0.515204,16.4241,0.300299
train,3762.tif,0.644073,19.6369,0.257662
train,3763.tif,0.788874,23.6388,0.265024
train,3764.tif,0.480524,21.3243,0.329508
train,3765.tif,0.488471,20.5098,0.347265
train,3766.tif,0.565917,20.1739,0.276747
train,3767.tif,0.498868,19.8677,0.357624
train,3768.tif,0.661206,22.1178,0.235431
train,3769.tif,0.609928,20.0785,0.299107
train,377.tif,0.454508,18.9419,0.262383
train,3770.tif,0.603295,18.0997,0.236015
train,3771.tif,0.513314,20.7233,0.306376
train,3772.tif,0.589485,22.3066,0.282405
train,3773.tif,0.544001,20.9286,0.306471
train,3774.tif,0.541066,20.8902,0.26304
train,3775.tif,0.610649,22.7941,0.311245
train,3776.tif,0.582564,17.8982,0.265068
train,3777.tif,0.513385,19.879,0.251469
train,3778.tif,0.64769,17.3344,0.28718
train,3779.tif,0.593682,20.7514,0.28916
train,378.tif,0.570462,20.9196,0.284831
train,3780.tif,0.643301,23.0059,0.249132
train,3781.tif,0.660615,23.4782,0.210647
train,3782.tif,0.604976,21.8284,0.305573
train,3783.tif,0.555524,21.1537,0.272116
train,3784.tif,0.523273,19.4834,0.287111
train,3785.tif,0.579018,23.0753,0.319081
train,3786.tif,0.497904,16.7629,0.280284
train,3787.tif,0.621631,19.285,0.288602
train,3788.tif,0.464672,19.7429,0.298662
train,3789.tif,0.611463,20.752,0.299173
train,379.tif,0.580884,21.2902,0.264195
train,3790.tif,0.581243,21.6228,0.255113
train,3791.tif,0.650089,21.5475,0.257221
train,3792.tif,0.629065,21.3621,0.258972
train,3793.tif,0.570702,21.5226,0.255625
train,3794.tif,0.658695,21.7757,0.252846
train,3795.tif,0.66509,21.5816,0.242148
train,3796.tif,0.603784,22.1729,0.287209
train,3797.tif,0.59253,20.586,0.29443
train,3798.tif,0.572936,21.6152,0.385632
train,3799.tif,0.642215,23.2507,0.256582
train,38.tif,0.569084,19.76,0.314464
train,380.tif,0.520684,20.4764,0.273076
train,3800.tif,0.616541,21.3832,0.254956
train,3801.tif,0.658247,23.9311,0.277523
train,3802.tif,0.643413,22.1574,0.282951
train,3803.tif,0.523867,17.5104,0.300055
train,3804.tif,0.599342,20.5067,0.27857
train,3805.tif,0.50653,20.2146,0.306377
train,3806.tif,0.617678,22.5204,0.360959
train,3807.tif,0.582722,20.5429,0.283274
train,3808.tif,0.539213,18.7701,0.26852
train,3809.tif,0.681882,19.6216,0.265547
train,381.tif,0.561445,18.9756,0.288923
train,3810.tif,0.49584,19.1365,0.297572
train,3811.tif,0.405032,17.4065,0.292064
train,3812.tif,0.572448,20.3399,0.260838
train,3813.tif,0.506555,20.963,0.263792
train,3814.tif,0.667382,21.9894,0.275379
train,3815.tif,0.510909,20.825,0.355566
train,3816.tif,0.714638,20.3364,0.243933
train,3817.tif,0.554198,21.0829,0.306899
train,3818.tif,0.60929,16.7176,0.357399
train,3819.tif,0.688152,23.0352,0.25829
train,382.tif,0.612772,20.8043,0.236627
train,3820.tif,0.629508,22.9186,0.239419
train,3821.tif,0.526238,22.0704,0.267244
train,3822.tif,0.624376,22.2165,0.281937
train,3823.tif,0.483697,17.9625,0.367371
train,3824.tif,0.578269,21.8568,0.241524
train,3825.tif,0.595247,21.1659,0.249008
train,3826.tif,0.517763,21.0363,0.269757
train,3827.tif,0.699965,23.5053,0.320881
train,3828.tif,0.596974,20.1701,0.308799
train,3829.tif,0.593887,17.5848,0.295811
train,383.tif,0.561745,20.7182,0.320321
train,3830.tif,0.726004,21.1456,0.206846
train,3831.tif,0.672071,22.4549,0.252477
train,3832.tif,0.547748,21.3106,0.27612
train,3833.tif,0.524143,18.7857,0.350195
train,3834.tif,0.533833,16.5022,0.325722
train,3835.tif,0.635029,22.905,0.275346
train,3836.tif,0.521188,19.2758,0.291377
train,3837.tif,0.578499,20.7222,0.274744
train,3838.tif,0.627815,19.192,0.262563
train,3839.tif,0.594582,21.9928,0.297535
train,384.tif,0.590154,22.123,0.264103
train,3840.tif,0.577442,16.8639,0.2836
train,3841.tif,0.65556,21.3578,0.224069
train,3842.tif,0.561764,21.743,0.33725
train,3843.tif,0.528373,19.7677,0.256004
train,3844.tif,0.508396,20.0282,0.284435
train,3845.tif,0.658634,23.0162,0.258491
train,3846.tif,0.590541,19.1334,0.34688
train,3847.tif,0.789285,23.1328,0.223408
train,3848.tif,0.587397,22.181,0.328021
train,3849.tif,0.519461,20.6211,0.280032
train,385.tif,0.412583,15.5156,0.356397
train,3850.tif,0.592716,21.3627,0.278133
train,3851.tif,0.531885,20.3066,0.323193
train,3852.tif,0.605175,23.5526,0.258395
train,3853.tif,0.579512,19.447,0.271842
train,3854.tif,0.559917,23.0556,0.321078
train,3855.tif,0.688612,22.78,0.302641
train,3856.tif,0.517298,18.0772,0.307035
train,3857.tif,0.627948,22.1099,0.25869
train,3858.tif,0.653801,20.6101,0.305001
train,3859.tif,0.587269,22.4506,0.290875
train,386.tif,0.641312,22.0099,0.264598
train,3860.tif,0.535345,21.069,0.385836
train,3861.tif,0.532505,17.3826,0.31654
train,3862.tif,0.446862,18.7584,0.282383
train,3863.tif,0.550616,19.6541,0.263664
train,3864.tif,0.656308,22.7983,0.235189
train,3865.tif,0.606177,21.2854,0.290333
train,3866.tif,0.486224,18.4696,0.270499
train,3867.tif,0.58715,15.4417,0.275288
train,3868.tif,0.545073,20.0348,0.254431
train,3869.tif,0.637381,23.1096,0.261917
train,387.tif,0.585939,19.8048,0.305962
train,3870.tif,0.538942,21.6476,0.316183
train,3871.tif,0.517115,15.23,0.321082
train,3872.tif,0.625321,21.6475,0.273393
train,3873.tif,0.576112,21.4538,0.290063
train,3874.tif,0.498853,19.7029,0.272239
train,3875.tif,0.539033,19.988,0.26445
train,3876.tif,0.557137,17.9511,0.249974
train,3877.tif,0.53964,21.6871,0.312143
train,3878.tif,0.483877,18.6521,0.30932
train,3879.tif,0.499741,20.7351,0.358769
train,388.tif,0.613959,22.4454,0.228019
train,3880.tif,0.565963,20.1779,0.338878
train,3881.tif,0.500624,21.3723,0.295019
train,3882.tif,0.591948,22.9428,0.25109
train,3883.tif,0.496163,17.8339,0.310065
train,3884.tif,0.632669,23.3564,0.243459
train,3885.tif,0.546706,22.8486,0.376453
train,3886.tif,0.554516,20.3496,0.253293
train,3887.tif,0.643536,19.5773,0.278801
train,3888.tif,0.375181,19.1458,0.376184
train,3889.tif,0.683312,23.03,0.270245
train,389.tif,0.556717,19.3753,0.274778
train,3890.tif,0.554183,21.9743,0.315425
train,3891.tif,0.565185,22.0167,0.294823
train,3892.tif,0.467333,19.6697,0.316282
train,3893.tif,0.610029,23.2077,0.281946
train,3894.tif,0.503165,20.7672,0.261297
train,3895.tif,0.473323,18.1437,0.334144
train,3896.tif,0.672644,23.1604,0.309021
train,3897.tif,0.548871,18.4563,0.33975
train,3898.tif,0.703124,21.9953,0.293191
train,3899.tif,0.608002,21.8714,0.243825
train,39.tif,0.574336,20.6328,0.261901
train,390.tif,0.57777,19.9045,0.271674
train,3900.tif,0.584376,20.7894,0.281868
train,3901.tif,0.583918,17.7791,0.349451
train,3902.tif,0.672086,23.4188,0.223821
train,3903.tif,0.471352,18.8051,0.305421
train,3904.tif,0.622357,23.8426,0.259658
train,3905.tif,0.507399,19.7412,0.244932
train,3906.tif,0.602027,21.5361,0.321261
train,3907.tif,0.639055,22.454,0.283385
train,3908.tif,0.592456,22.5317,0.226689
train,3909.tif,0.471602,18.73,0.348533
train,391.tif,0.488489,17.8239,0.249793
train,3910.tif,0.738688,23.7277,0.240809
train,3911.tif,0.618874,21.0994,0.285351
train,3912.tif,0.48057,21.4638,0.312224
train,3913.tif,0.782757,23.5606,0.281072
train,3914.tif,0.668489,22.1544,0.219533
train,3915.tif,0.572775,20.6318,0.277429
train,3916.tif,0.512162,18.782,0.274185
train,3917.tif,0.464072,20.6615,0.286284
train,3918.tif,0.528634,21.1729,0.273341
train,3919.tif,0.508454,18.18,0.290173
train,392.tif,0.604379,20.9363,0.253419
train,3920.tif,0.678892,25.5132,0.260551
train,3921.tif,0.581064,19.507,0.25379
train,3922.tif,0.464758,19.7381,0.336222
train,3923.tif,0.572907,21.4912,0.236493
train,3924.tif,0.562657,21.2675,0.32907
train,3925.tif,0.480082,17.8205,0.305184
train,3926.tif,0.662395,21.1217,0.290905
train,3927.tif,0.575211,16.1235,0.312961
train,3928.tif,0.531706,22.4542,0.297272
train,3929.tif,0.691542,24.1838,0.321077
train,393.tif,0.544976,19.3366,0.267386
train,3930.tif,0.53045,21.9797,0.275504
train,3931.tif,0.602324,22.6477,0.318547
train,3932.tif,0.594267,20.9744,0.296291
train,3933.tif,0.702806,21.9994,0.218333
train,3934.tif,0.442782,20.9144,0.283414
train,3935.tif,0.586538,20.9143,0.300411
train,3936.tif,0.522295,20.9853,0.265657
train,3937.tif,0.4893,21.4806,0.274734
train,3938.tif,0.545302,22.4228,0.389841
train,3939.tif,0.672536,22.5306,0.254595
train,394.tif,0.56894,19.0114,0.305343
train,3940.tif,0.51987,20.23,0.240365
train,3941.tif,0.501882,19.4187,0.30691
train,3942.tif,0.567447,22.8353,0.305253
train,3943.tif,0.603154,21.4703,0.280672
train,3944.tif,0.582424,21.7478,0.274423
train,3945.tif,0.51553,18.2004,0.269148
train,3946.tif,0.573484,22.3026,0.299073
train,3947.tif,0.663792,22.5294,0.292162
train,3948.tif,0.48697,20.5946,0.233666
train,3949.tif,0.686385,23.6566,0.23278
train,395.tif,0.485971,18.5384,0.271616
train,3950.tif,0.443022,20.0244,0.273647
train,3951.tif,0.704359,22.2316,0.226805
train,3952.tif,0.670331,22.6011,0.257632
train,3953.tif,0.579068,20.0936,0.262347
train,3954.tif,0.515254,21.7041,0.292773
train,3955.tif,0.610204,20.6987,0.28349
train,3956.tif,0.565728,21.43,0.291145
train,3957.tif,0.661923,23.088,0.259508
train,3958.tif,0.538845,18.8739,0.286048
train,3959.tif,0.599186,22.0573,0.289244
train,396.tif,0.517662,22.1051,0.286987
train,3960.tif,0.464382,18.9716,0.315745
train,3961.tif,0.662215,22.3868,0.243667
train,3962.tif,0.479359,19.959,0.28563
train,3963.tif,0.639577,22.5931,0.351573
train,3964.tif,0.556609,23.2908,0.331607
train,3965.tif,0.628929,23.2785,0.266387
train,3966.tif,0.637872,23.7215,0.277736
train,3967.tif,0.643008,17.2989,0.266669
train,3968.tif,0.641169,23.4736,0.302421
train,3969.tif,0.591883,19.9326,0.264058
train,397.tif,0.549608,21.222,0.258274
train,3970.tif,0.511554,20.5057,0.313027
train,3971.tif,0.492549,22.3256,0.355423
train,3972.tif,0.499258,20.1697,0.250839
train,3973.tif,0.561525,20.4755,0.297727
train,3974.tif,0.726783,22.6973,0.235518
train,3975.tif,0.54408,21.2757,0.254379
train,3976.tif,0.608544,20.1093,0.279356
train,3977.tif,0.524765,16.9215,0.316661
train,3978.tif,0.74926,24.1702,0.310836
train,3979.tif,0.521584,21.1213,0.315637
train,398.tif,0.567706,17.2555,0.311639
train,3980.tif,0.746214,22.7634,0.256775
train,3981.tif,0.484663,17.8553,0.278974
train,3982.tif,0.648594,20.9852,0.251786
train,3983.tif,0.446583,18.3656,0.330697
train,3984.tif,0.593737,23.7573,0.291595
train,3985.tif,0.693052,22.4225,0.22881
train,3986.tif,0.592878,21.5143,0.251695
train,3987.tif,0.469812,18.6952,0.289208
train,3988.tif,0.611346,19.4831,0.289243
train,3989.tif,0.484999,20.0089,0.2787
train,399.tif,0.511866,19.5684,0.248785
train,3990.tif,0.626911,22.7993,0.338196
train,3991.tif,0.697167,20.9506,0.248256
train,3992.tif,0.603927,20.0516,0.26285
train,3993.tif,0.590752,20.1256,0.291398
train,3994.tif,0.58919,19.7412,0.281175
train,3995.tif,0.592535,20.1595,0.336304
train,3996.tif,0.549859,20.9611,0.288206
train,3997.tif,0.672241,21.8729,0.255675
train,3998.tif,0.626908,23.4964,0.391377
train,3999.tif,0.456159,20.8983,0.27447
train,4.tif,0.490411,19.6729,0.284192
train,40.tif,0.549565,20.9263,0.248948
train,400.tif,0.493544,20.507,0.305811
train,4000.tif,0.558248,17.0555,0.285752
train,4001.tif,0.837653,24.9021,0.267774
train,4002.tif,0.543082,22.5684,0.350641
train,4003.tif,0.580527,20.4639,0.283284
train,4004.tif,0.573224,21.6811,0.298157
train,4005.tif,0.52161,19.7823,0.259271
train,4006.tif,0.546584,16.9839,0.261331
train,4007.tif,0.541615,21.5497,0.274414
train,4008.tif,0.522857,20.9332,0.298129
train,4009.tif,0.582037,22.9984,0.254016
train,401.tif,0.514211,21.4105,0.306938
train,4010.tif,0.438977,19.9315,0.288232
train,4011.tif,0.508002,18.515,0.311852
train,4012.tif,0.401847,17.1004,0.321057
train,4013.tif,0.639087,21.8171,0.297493
train,4014.tif,0.630159,22.3237,0.270048
train,4015.tif,0.562695,22.0349,0.320855
train,4016.tif,0.499872,19.1536,0.274217
train,4017.tif,0.539301,20.5476,0.285989
train,4018.tif,0.661496,20.251,0.256831
train,4019.tif,0.461075,19.0697,0.301484
train,402.tif,0.61583,21.1853,0.249927
train,4020.tif,0.58072,21.492,0.273434
train,4021.tif,0.537422,19.8421,0.302419
train,4022.tif,0.515367,22.0971,0.260754
train,4023.tif,0.771074,22.982,0.281873
train,4024.tif,0.613533,21.4432,0.27697
train,4025.tif,0.560822,19.6277,0.264909
train,4026.tif,0.541113,20.0535,0.346475
train,4027.tif,0.488647,22.173,0.283448
train,4028.tif,0.59671,21.9318,0.339749
train,4029.tif,0.534224,19.0321,0.34277
train,403.tif,0.482784,19.1589,0.282149
train,4030.tif,0.582224,20.4886,0.300296
train,4031.tif,0.58382,19.139,0.298475
train,4032.tif,0.684254,23.8802,0.242201
train,4033.tif,0.540498,19.1471,0.262841
train,4034.tif,0.472092,19.1721,0.317493
train,4035.tif,0.62246,19.6109,0.287861
train,4036.tif,0.607567,20.6384,0.279864
train,4037.tif,0.624169,21.2552,0.280854
train,4038.tif,0.62746,23.3321,0.312067
train,4039.tif,0.673243,23.2871,0.319059
train,404.tif,0.512616,18.942,0.288414
train,4040.tif,0.506777,19.9401,0.345074
train,4041.tif,0.587947,20.0968,0.277041
train,4042.tif,0.537839,21.7081,0.320022
train,4043.tif,0.651593,23.2289,0.212404
train,4044.tif,0.503165,23.4299,0.402545
train,4045.tif,0.505965,20.501,0.306828
train,4046.tif,0.591904,20.4977,0.346312
train,4047.tif,0.719663,25.0843,0.286102
train,4048.tif,0.632027,22.6226,0.297427
train,4049.tif,0.591736,21.6609,0.297143
train,405.tif,0.617793,20.4923,0.283442
train,4050.tif,0.552338,20.8194,0.271596
train,4051.tif,0.527524,19.8275,0.274027
train,4052.tif,0.545141,20.9902,0.313635
train,4053.tif,0.509855,19.6858,0.27652
train,4054.tif,0.492191,20.3947,0.30093
train,4055.tif,0.613076,21.7694,0.266915
train,4056.tif,0.598832,21.5931,0.259403
train,4057.tif,0.700954,23.2749,0.334576
train,4058.tif,0.536518,20.5836,0.297532
train,4059.tif,0.65508,21.571,0.271612
train,406.tif,0.567269,22.0966,0.253851
train,4060.tif,0.53382,18.8218,0.288216
train,4061.tif,0.680937,24.0823,0.243468
train,4062.tif,0.72409,23.3276,0.286287
train,4063.tif,0.503307,20.6053,0.276891
train,4064.tif,0.51893,19.2543,0.33405
train,4065.tif,0.573705,23.7248,0.30152
train,4066.tif,0.586464,21.4521,0.32502
train,4067.tif,0.506786,20.3918,0.291417
train,4068.tif,0.645302,22.4107,0.256577
train,4069.tif,0.47341,20.9983,0.294443
train,407.tif,0.540348,21.5802,0.310373
train,4070.tif,0.521,18.9174,0.302985
train,4071.tif,0.667192,20.9311,0.274159
train,4072.tif,0.59007,18.8117,0.314927
train,4073.tif,0.530269,18.1732,0.278256
train,4074.tif,0.586679,22.7356,0.270732
train,4075.tif,0.525979,21.6903,0.31797
train,4076.tif,0.519165,21.126,0.237546
train,4077.tif,0.637119,19.7852,0.282559
train,4078.tif,0.53059,18.8101,0.281074
train,4079.tif,0.542136,19.9263,0.277165
train,408.tif,0.507804,20.7383,0.268081
train,4080.tif,0.517415,21.0484,0.298076
train,4081.tif,0.591178,20.2406,0.285822
train,4082.tif,0.55444,20.0156,0.310511
train,4083.tif,0.489235,20.482,0.315146
train,4084.tif,0.516427,20.0119,0.308168
train,4085.tif,0.671925,21.3447,0.264801
train,4086.tif,0.548826,21.396,0.315953
train,4087.tif,0.662209,21.6879,0.291496
train,4088.tif,0.46527,22.4137,0.317271
train,4089.tif,0.562601,21.7237,0.334305
train,409.tif,0.546532,19.4057,0.284643
train,4090.tif,0.641906,22.9992,0.300683
train,4091.tif,0.589586,22.9128,0.304543
train,4092.tif,0.534302,19.3746,0.31593
train,4093.tif,0.533226,19.5525,0.315416
train,4094.tif,0.470914,20.5482,0.265415
train,4095.tif,0.508452,20.2708,0.315633
train,4096.tif,0.600733,22.8704,0.316558
train,4097.tif,0.711405,22.6921,0.264428
train,4098.tif,0.626272,22.9212,0.296741
train,4099.tif,0.494791,23.4118,0.33659
train,41.tif,0.65341,22.0383,0.240587
train,410.tif,0.489383,18.7512,0.303624
train,4100.tif,0.61189,21.4883,0.279873
train,4101.tif,0.652574,23.1818,0.219851
train,4102.tif,0.631736,20.4922,0.264561
train,4103.tif,0.571038,18.2996,0.294955
train,4104.tif,0.796482,24.1406,0.224629
train,4105.tif,0.488372,21.0185,0.312925
train,4106.tif,0.507872,18.5292,0.367891
train,4107.tif,0.540605,21.8786,0.313361
train,4108.tif,0.552311,22.0374,0.287701
train,4109.tif,0.51945,18.2943,0.257467
train,411.tif,0.622155,20.0142,0.254395
train,4110.tif,0.621717,22.0527,0.260678
train,4111.tif,0.53527,21.0816,0.312899
train,4112.tif,0.581964,17.0962,0.226016
train,4113.tif,0.54525,18.4044,0.321381
train,4114.tif,0.636942,22.761,0.286568
train,4115.tif,0.606817,20.0435,0.285159
train,4116.tif,0.467293,20.6519,0.278879
train,4117.tif,0.647582,23.151,0.255163
train,4118.tif,0.554746,20.7764,0.267595
train,4119.tif,0.646043,23.116,0.223117
train,412.tif,0.529038,19.7605,0.302296
train,4120.tif,0.487919,18.5896,0.29758
train,4121.tif,0.66004,21.5464,0.290007
train,4122.tif,0.536579,18.6483,0.284021
train,4123.tif,0.463277,20.3741,0.294068
train,4124.tif,0.526109,21.1597,0.24982
train,4125.tif,0.700863,22.8854,0.247128
train,4126.tif,0.460845,16.3242,0.301173
train,4127.tif,0.652431,23.4061,0.3152
train,4128.tif,0.677902,21.4974,0.266408
train,4129.tif,0.504921,18.4711,0.321759
train,413.tif,0.521771,19.5627,0.344472
train,4130.tif,0.667201,21.684,0.244646
train,4131.tif,0.655392,19.8537,0.278437
train,4132.tif,0.46212,20.0974,0.422878
train,4133.tif,0.647799,24.3255,0.255721
train,4134.tif,0.642309,21.429,0.295672
train,4135.tif,0.591501,18.425,0.312668
train,4136.tif,0.59825,22.5662,0.325412
train,4137.tif,0.549132,21.3158,0.288823
train,4138.tif,0.516394,20.307,0.295356
train,4139.tif,0.55151,18.5939,0.274514
train,414.tif,0.529311,21.4139,0.309708
train,4140.tif,0.644658,22.31,0.270829
train,4141.tif,0.689658,23.0241,0.258754
train,4142.tif,0.482888,18.9885,0.277443
train,4143.tif,0.549708,17.3373,0.292382
train,4144.tif,0.495728,22.2038,0.263227
train,4145.tif,0.506579,20.05,0.28738
train,4146.tif,0.586635,20.729,0.263536
train,4147.tif,0.681329,22.8268,0.27833
train,4148.tif,0.617992,19.1565,0.243875
train,4149.tif,0.73475,22.3656,0.228782
train,415.tif,0.590171,22.6878,0.264362
train,4150.tif,0.533359,20.5636,0.318228
train,4151.tif,0.517992,16.2111,0.355859
train,4152.tif,0.477917,19.382,0.29843
train,4153.tif,0.604711,19.2202,0.306241
train,4154.tif,0.496098,19.7855,0.297747
train,4155.tif,0.744191,24.9183,0.376395
train,4156.tif,0.524022,19.5673,0.299008
train,4157.tif,0.455541,18.6658,0.347891
train,4158.tif,0.594219,21.5802,0.314263
train,4159.tif,0.55666,21.4537,0.312177
train,416.tif,0.474234,17.9663,0.34175
train,4160.tif,0.495143,19.8358,0.342585
train,4161.tif,0.59796,22.9766,0.247195
train,4162.tif,0.572143,20.7855,0.300614
train,4163.tif,0.545657,21.745,0.327758
train,4164.tif,0.472436,18.3425,0.285223
train,4165.tif,0.797701,24.0194,0.267548
train,4166.tif,0.555196,23.0003,0.355
train,4167.tif,0.458186,18.3198,0.309548
train,4168.tif,0.500738,17.8165,0.320814
train,4169.tif,0.642338,22.9848,0.301789
train,417.tif,0.564655,21.7741,0.293213
train,4170.tif,0.476412,18.8512,0.273803
train,4171.tif,0.616535,22.0018,0.289105
train,4172.tif,0.512947,19.3608,0.306092
train,4173.tif,0.561934,18.7117,0.289753
train,4174.tif,0.569282,24.1107,0.290886
train,4175.tif,0.607474,22.1178,0.269969
train,4176.tif,0.582172,22.5745,0.262799
train,4177.tif,0.609027,21.9635,0.336565
train,4178.tif,0.531671,22.0868,0.280441
train,4179.tif,0.537742,20.4308,0.32904
train,418.tif,0.580068,22.0428,0.36388
train,4180.tif,0.515651,21.1693,0.298548
train,4181.tif,0.517731,18.7841,0.329606
train,4182.tif,0.478652,19.625,0.278025
train,4183.tif,0.637009,21.4644,0.237573
train,4184.tif,0.813938,24.1779,0.230968
train,4185.tif,0.422794,20.2142,0.321254
train,4186.tif,0.520945,20.174,0.279466
train,4187.tif,0.521562,20.7541,0.279167
train,4188.tif,0.49924,18.4309,0.307286
train,4189.tif,0.456166,20.5882,0.261191
train,419.tif,0.640056,21.6842,0.249223
train,4190.tif,0.653593,21.7521,0.23438
train,4191.tif,0.472192,18.5952,0.32224
train,4192.tif,0.480021,19.417,0.30773
train,4193.tif,0.51357,18.8925,0.322383
train,4194.tif,0.654742,20.7499,0.274002
train,4195.tif,0.562379,20.6057,0.273446
train,4196.tif,0.475347,17.425,0.370681
train,4197.tif,0.494364,21.2439,0.287625
train,4198.tif,0.533822,19.6315,0.280889
train,4199.tif,0.513135,17.6243,0.279188
train,42.tif,0.597452,21.7618,0.274361
train,420.tif,0.613123,22.2496,0.260948
train,4200.tif,0.468622,21.7182,0.305801
train,4201.tif,0.637938,21.9674,0.324016
train,4202.tif,0.433817,19.7473,0.370425
train,4203.tif,0.533902,23.3809,0.331154
train,4204.tif,0.557877,19.7952,0.281596
train,4205.tif,0.571658,22.0891,0.295979
train,4206.tif,0.493387,21.2528,0.328796
train,4207.tif,0.482108,18.7437,0.285638
train,4208.tif,0.662775,21.7129,0.253465
train,4209.tif,0.699155,20.665,0.243181
train,421.tif,0.524931,19.9242,0.243282
train,4210.tif,0.573866,22.254,0.287844
train,4211.tif,0.599913,21.6299,0.285243
train,4212.tif,0.516632,20.7012,0.323522
train,4213.tif,0.5515,20.4298,0.317535
train,4214.tif,0.632222,20.0817,0.279615
train,4215.tif,0.515338,19.274,0.260438
train,4216.tif,0.553434,21.421,0.311553
train,4217.tif,0.554962,19.5861,0.330328
train,4218.tif,0.508979,21.2116,0.289986
train,4219.tif,0.522947,18.7006,0.291732
train,422.tif,0.510185,20.7009,0.266747
train,4220.tif,0.585149,17.773,0.282642
train,4221.tif,0.508047,19.4412,0.369621
train,4222.tif,0.454414,17.5161,0.33616
train,4223.tif,0.85305,25.7385,0.255637
train,4224.tif,0.47349,18.1214,0.302141
train,4225.tif,0.521379,22.4671,0.308688
train,4226.tif,0.602325,18.8395,0.322829
train,4227.tif,0.505815,20.8989,0.295447
train,4228.tif,0.680651,23.085,0.271298
train,4229.tif,0.664717,22.7414,0.254401
train,423.tif,0.490414,20.0137,0.290458
train,4230.tif,0.589106,17.8715,0.281442
train,4231.tif,0.611389,20.8401,0.323267
train,4232.tif,0.501584,22.4312,0.323768
train,4233.tif,0.528282,18.7447,0.269845
train,4234.tif,0.623036,19.4898,0.293653
train,4235.tif,0.490319,18.3077,0.264979
train,4236.tif,0.701365,21.813,0.248055
train,4237.tif,0.503381,17.5474,0.325307
train,4238.tif,0.577344,22.2103,0.26792
train,4239.tif,0.624763,21.7691,0.329825
train,424.tif,0.576981,21.6322,0.285416
train,4240.tif,0.752147,23.442,0.264233
train,4241.tif,0.537174,19.3568,0.269182
train,4242.tif,0.544572,22.9328,0.277553
train,4243.tif,0.483869,18.8728,0.299807
train,4244.tif,0.51908,18.5274,0.296649
train,4245.tif,0.71744,23.1907,0.245406
train,4246.tif,0.527803,20.6801,0.312233
train,4247.tif,0.46455,20.5048,0.311442
train,4248.tif,0.584899,20.804,0.291336
train,4249.tif,0.499774,20.0612,0.315498
train,425.tif,0.521741,20.579,0.271069
train,4250.tif,0.589875,19.4926,0.431537
train,4251.tif,0.610488,21.5481,0.281122
train,4252.tif,0.675238,22.4001,0.252635
train,4253.tif,0.51972,17.6992,0.293675
train,4254.tif,0.682134,21.9017,0.249988
train,4255.tif,0.589048,18.882,0.265596
train,4256.tif,0.579814,17.8082,0.273145
train,4257.tif,0.64694,20.8553,0.271648
train,4258.tif,0.569155,22.897,0.284147
train,4259.tif,0.499663,19.4262,0.284499
train,426.tif,0.51238,19.5458,0.28276
train,4260.tif,0.534347,21.6243,0.286995
train,4261.tif,0.681054,22.3194,0.271242
train,4262.tif,0.544343,21.2101,0.275616
train,4263.tif,0.602594,20.9508,0.272728
train,4264.tif,0.498504,19.6441,0.23271
train,4265.tif,0.502977,20.1688,0.267592
train,4266.tif,0.587208,22.4644,0.35985
train,4267.tif,0.462575,19.9272,0.301768
train,4268.tif,0.589673,21.3175,0.329843
train,4269.tif,0.552208,21.7889,0.254665
train,427.tif,0.564161,22.9377,0.267768
train,4270.tif,0.608218,20.1287,0.31206
train,4271.tif,0.597934,24.7208,0.273026
train,4272.tif,0.599387,22.334,0.273145
train,4273.tif,0.549055,21.6997,0.248823
train,4274.tif,0.568675,20.0958,0.340429
train,4275.tif,0.61696,24.1287,0.240098
train,4276.tif,0.683728,21.2459,0.255675
train,4277.tif,0.536546,20.5893,0.274597
train,4278.tif,0.665703,19.9103,0.28623
train,4279.tif,0.659918,22.5492,0.248016
train,428.tif,0.596632,19.9366,0.300265
train,4280.tif,0.684066,22.3318,0.271041
train,4281.tif,0.589796,22.4228,0.293878
train,4282.tif,0.510564,21.1066,0.244884
train,4283.tif,0.693652,21.2278,0.291974
train,4284.tif,0.454756,21.6898,0.313349
train,4285.tif,0.59415,22.1866,0.289153
train,4286.tif,0.539001,20.1933,0.259503
train,4287.tif,0.528279,17.8927,0.283408
train,4288.tif,0.694337,23.0969,0.368423
train,4289.tif,0.548031,19.8226,0.277938
train,429.tif,0.625309,23.4999,0.261366
train,4290.tif,0.513449,20.7856,0.26743
train,4291.tif,0.568595,21.6357,0.25814
train,4292.tif,0.67121,21.9737,0.251813
train,4293.tif,0.532494,20.3816,0.249737
train,4294.tif,0.541487,20.7124,0.255387
train,4295.tif,0.588013,21.6876,0.33316
train,4296.tif,0.523937,20.3134,0.271522
train,4297.tif,0.643194,23.4243,0.25107
train,4298.tif,0.580466,21.0481,0.284133
train,4299.tif,0.490639,17.6752,0.311578
train,43.tif,0.564609,22.743,0.269293
train,430.tif,0.599596,21.7817,0.267658
train,4300.tif,0.475329,20.3395,0.286139
train,4301.tif,0.666697,21.9241,0.283909
train,4302.tif,0.607048,21.4655,0.266303
train,4303.tif,0.648867,24.2958,0.275499
train,4304.tif,0.50706,22.271,0.318406
train,4305.tif,0.626516,23.903,0.24119
train,4306.tif,0.569989,21.9708,0.274436
train,4307.tif,0.620424,23.2567,0.30015
train,4308.tif,0.565422,19.6481,0.269326
train,4309.tif,0.697503,22.0071,0.246473
train,431.tif,0.517152,19.201,0.266655
train,4310.tif,0.652485,21.887,0.283912
train,4311.tif,0.601612,20.3593,0.279431
train,4312.tif,0.401048,17.3785,0.357352
train,4313.tif,0.583219,21.8244,0.272242
train,4314.tif,0.471909,18.6821,0.254618
train,4315.tif,0.667978,22.7674,0.326885
train,4316.tif,0.644845,24.0458,0.296263
train,4317.tif,0.539769,20.109,0.273449
train,4318.tif,0.481907,19.7742,0.269756
train,4319.tif,0.529306,19.9354,0.281835
train,432.tif,0.536623,21.2785,0.285256
train,4320.tif,0.576893,19.2238,0.317562
train,4321.tif,0.517004,21.7337,0.293222
train,4322.tif,0.470725,19.519,0.30454
train,4323.tif,0.533671,20.8373,0.289747
train,4324.tif,0.599174,16.6213,0.373041
train,4325.tif,0.720363,22.1494,0.244347
train,4326.tif,0.493698,20.7888,0.35748
train,4327.tif,0.571001,18.827,0.282494
train,4328.tif,0.638397,17.616,0.347275
train,4329.tif,0.520672,21.1875,0.270112
train,433.tif,0.556636,21.9785,0.276411
train,4330.tif,0.621679,23.7086,0.314749
train,4331.tif,0.507997,22.1988,0.298315
train,4332.tif,0.519587,21.3315,0.295853
train,4333.tif,0.534047,16.0432,0.287291
train,4334.tif,0.513355,20.8295,0.275655
train,4335.tif,0.525438,20.2083,0.301234
train,4336.tif,0.677923,21.441,0.339929
train,4337.tif,0.600972,22.356,0.268283
train,4338.tif,0.581446,19.615,0.27911
train,4339.tif,0.567345,21.4843,0.313411
train,434.tif,0.470728,19.9945,0.346193
train,4340.tif,0.544704,21.1738,0.305378
train,4341.tif,0.525894,20.068,0.280528
train,4342.tif,0.487179,17.6117,0.327844
train,4343.tif,0.661671,21.4343,0.269465
train,4344.tif,0.539964,18.9082,0.270023
train,4345.tif,0.509799,20.8048,0.279511
train,4346.tif,0.424433,18.4554,0.332756
train,4347.tif,0.562809,16.4324,0.421055
train,4348.tif,0.502601,21.309,0.339696
train,4349.tif,0.641588,20.6437,0.259629
train,435.tif,0.484472,21.1072,0.249709
train,4350.tif,0.514186,20.6913,0.269569
train,4351.tif,0.684177,20.8207,0.218086
train,4352.tif,0.581029,20.9113,0.296192
train,4353.tif,0.544549,20.9891,0.277148
train,4354.tif,0.499755,20.5988,0.293905
train,4355.tif,0.687886,20.8838,0.25282
train,4356.tif,0.631637,21.0327,0.300736
train,4357.tif,0.542289,15.7079,0.306345
train,4358.tif,0.503902,20.1665,0.338706
train,4359.tif,0.495808,19.2923,0.283475
train,436.tif,0.52909,18.5898,0.32734
train,4360.tif,0.60211,22.4842,0.237668
train,4361.tif,0.753558,23.9238,0.344745
train,4362.tif,0.540413,19.2829,0.308852
train,4363.tif,0.542573,21.5453,0.291455
train,4364.tif,0.550417,20.0204,0.295675
train,4365.tif,0.542505,19.0731,0.29177
train,4366.tif,0.574094,16.8326,0.29591
train,4367.tif,0.623513,20.3007,0.281833
train,4368.tif,0.538804,20.7076,0.313797
train,4369.tif,0.527972,20.1072,0.30463
train,437.tif,0.622746,21.7465,0.256873
train,4370.tif,0.633794,19.7623,0.269013
train,4371.tif,0.519907,19.0533,0.252366
train,4372.tif,0.574392,20.8242,0.280286
train,4373.tif,0.534207,19.6131,0.280805
train,4374.tif,0.52699,20.3251,0.279087
train,4375.tif,0.597601,22.9655,0.337839
train,4376.tif,0.596545,14.0409,0.304979
train,4377.tif,0.556617,21.1998,0.299914
train,4378.tif,0.541423,19.7334,0.302116
train,4379.tif,0.533709,19.9565,0.280779
train,438.tif,0.537434,20.9947,0.263987
train,4380.tif,0.482863,20.3283,0.31126
train,4381.tif,0.621286,21.5448,0.250608
train,4382.tif,0.599038,22.7589,0.264912
train,4383.tif,0.459366,18.815,0.269118
train,4384.tif,0.71665,22.4543,0.234202
train,4385.tif,0.694631,21.9739,0.286266
train,4386.tif,0.607706,21.9526,0.331511
train,4387.tif,0.487315,19.2565,0.294302
train,4388.tif,0.558009,20.8167,0.28588
train,4389.tif,0.605254,22.5715,0.247847
train,439.tif,0.485376,20.5333,0.373584
train,4390.tif,0.545143,21.7791,0.332218
train,4391.tif,0.521493,18.8277,0.303499
train,4392.tif,0.553239,22.7766,0.300589
train,4393.tif,0.574355,21.1538,0.269716
train,4394.tif,0.626129,22.1173,0.275245
train,4395.tif,0.606753,22.8028,0.249452
train,4396.tif,0.46561,20.0138,0.311999
train,4397.tif,0.771804,22.6793,0.252337
train,4398.tif,0.579985,20.1014,0.307026
train,4399.tif,0.609879,20.8456,0.291359
train,44.tif,0.598775,24.2923,0.308756
train,440.tif,0.747328,24.8143,0.256885
train,4400.tif,0.447343,16.2361,0.330107
train,4401.tif,0.587888,22.6555,0.276789
train,4402.tif,0.458374,20.6452,0.275034
train,4403.tif,0.463189,19.8498,0.371289
train,4404.tif,0.585219,19.8776,0.272352
train,4405.tif,0.701073,22.7987,0.320004
train,4406.tif,0.560011,18.6584,0.320206
train,4407.tif,0.500303,18.1789,0.317435
train,4408.tif,0.628548,21.2023,0.275744
train,4409.tif,0.68153,20.3077,0.253616
train,441.tif,0.609519,19.3232,0.317752
train,4410.tif,0.518556,20.1132,0.289569
train,4411.tif,0.394667,19.8571,0.394941
train,4412.tif,0.615603,22.7666,0.276633
train,4413.tif,0.560867,19.6494,0.301859
train,4414.tif,0.592617,20.1148,0.279494
train,4415.tif,0.561505,19.5707,0.258583
train,4416.tif,0.623143,21.9312,0.300322
train,4417.tif,0.543587,21.494,0.252462
train,4418.tif,0.518533,19.4907,0.290083
train,4419.tif,0.616768,24.661,0.271198
train,442.tif,0.565863,21.4542,0.324496
train,4420.tif,0.499749,21.046,0.269298
train,4421.tif,0.525744,22.5024,0.249372
train,4422.tif,0.529195,22.4131,0.242657
train,4423.tif,0.582122,21.396,0.221291
train,4424.tif,0.615321,21.2312,0.287819
train,4425.tif,0.497191,20.9134,0.26204
train,4426.tif,0.635572,22.0294,0.223252
train,4427.tif,0.61457,23.4719,0.219187
train,4428.tif,0.559428,18.8788,0.358694
train,4429.tif,0.482972,21.7947,0.276596
train,443.tif,0.545909,22.1835,0.279336
train,4430.tif,0.483735,18.3401,0.250885
train,4431.tif,0.457804,19.7216,0.297525
train,4432.tif,0.613642,23.2867,0.286676
train,4433.tif,0.660792,24.232,0.233047
train,4434.tif,0.597967,22.021,0.247987
train,4435.tif,0.726336,24.8566,0.233182
train,4436.tif,0.585599,23.2127,0.261645
train,4437.tif,0.600168,22.363,0.282613
train,4438.tif,0.623473,23.2625,0.284126
train,4439.tif,0.648035,23.3732,0.238153
train,444.tif,0.540084,20.1005,0.269537
train,4440.tif,0.532579,22.0589,0.253592
train,4441.tif,0.626931,22.2552,0.241895
train,4442.tif,0.631378,24.7979,0.274293
train,4443.tif,0.636563,20.3089,0.287481
train,4444.tif,0.512109,20.8813,0.269705
train,4445.tif,0.602097,22.2121,0.234951
train,4446.tif,0.699262,22.6147,0.269829
train,4447.tif,0.445705,20.4293,0.278296
train,4448.tif,0.655808,21.6526,0.26764
train,4449.tif,0.672757,23.47,0.223162
train,445.tif,0.548426,18.544,0.305809
train,4450.tif,0.724659,24.8861,0.227497
train,4451.tif,0.686975,23.0761,0.2029
train,4452.tif,0.674524,21.7214,0.27187
train,4453.tif,0.710263,24.5453,0.233723
train,4454.tif,0.648717,23.6333,0.251075
train,4455.tif,0.487957,22.004,0.275394
train,4456.tif,0.716121,24.1157,0.242998
train,4457.tif,0.486248,20.0778,0.249972
train,4458.tif,0.57933,22.695,0.231185
train,4459.tif,0.601015,21.1474,0.25554
train,446.tif,0.551172,20.1433,0.303663
train,4460.tif,0.604433,21.5851,0.307788
train,4461.tif,0.489799,21.4906,0.261548
train,4462.tif,0.664556,22.8251,0.268053
train,4463.tif,0.538516,21.3735,0.239313
train,4464.tif,0.551033,21.9212,0.26502
train,4465.tif,0.640915,23.3997,0.229411
train,4466.tif,0.653406,24.1721,0.260119
train,4467.tif,0.613094,22.7425,0.286265
train,4468.tif,0.571733,22.9715,0.244619
train,4469.tif,0.611972,21.2108,0.28499
train,447.tif,0.502602,18.9568,0.293143
train,4470.tif,0.673418,23.0726,0.224006
train,4471.tif,0.6739,25.0155,0.267019
train,4472.tif,0.565805,23.6707,0.253729
train,4473.tif,0.519806,22.0182,0.253266
train,4474.tif,0.529908,20.6871,0.334656
train,4475.tif,0.607518,22.2737,0.257715
train,4476.tif,0.685928,20.093,0.251046
train,4477.tif,0.533967,16.7181,0.308137
train,4478.tif,0.673651,21.5065,0.246016
train,4479.tif,0.682204,24.3895,0.275354
train,448.tif,0.49876,19.8064,0.289265
train,4480.tif,0.661915,20.2595,0.277167
train,4481.tif,0.637597,23.6331,0.261561
train,4482.tif,0.540964,20.9871,0.246819
train,4483.tif,0.728766,23.5161,0.294686
train,4484.tif,0.649264,21.3309,0.227079
train,4485.tif,0.644277,22.9452,0.256278
train,4486.tif,0.55142,20.8588,0.299369
train,4487.tif,0.604427,22.8965,0.231496
train,4488.tif,0.546081,21.8798,0.251714
train,4489.tif,0.664067,23.5246,0.255383
train,449.tif,0.551276,20.1498,0.268623
train,4490.tif,0.610708,21.3114,0.301301
train,4491.tif,0.473073,20.4698,0.274063
train,4492.tif,0.685562,22.2883,0.250304
train,4493.tif,0.660952,23.8109,0.233156
train,4494.tif,0.611043,23.4826,0.221775
train,4495.tif,0.672209,22.8196,0.290684
train,4496.tif,0.598835,19.6391,0.252087
train,4497.tif,0.560874,21.1877,0.244323
train,4498.tif,0.515058,21.6486,0.262198
train,4499.tif,0.520505,20.4313,0.259816
train,45.tif,0.578546,18.4445,0.273535
train,450.tif,0.601104,19.9702,0.261366
train,4500.tif,0.555639,21.9212,0.236882
train,4501.tif,0.699016,24.249,0.204697
train,4502.tif,0.606321,22.2975,0.287416
train,4503.tif,0.694318,21.8028,0.252469
train,4504.tif,0.490946,21.699,0.279291
train,4505.tif,0.614017,22.2863,0.264254
train,4506.tif,0.718296,23.4974,0.280413
train,4507.tif,0.640786,22.107,0.25382
train,4508.tif,0.61885,21.6611,0.225241
train,4509.tif,0.542636,19.1647,0.260424
train,451.tif,0.54075,19.5376,0.369815
train,4510.tif,0.624612,23.0677,0.234286
train,4511.tif,0.49908,22.0294,0.262656
train,4512.tif,0.709536,21.0164,0.234664
train,4513.tif,0.479734,21.5699,0.249322
train,4514.tif,0.600716,21.6469,0.266322
train,4515.tif,0.734804,23.1054,0.213706
train,4516.tif,0.563441,21.1011,0.288981
train,4517.tif,0.631388,22.8066,0.248569
train,4518.tif,0.701467,24.6355,0.199439
train,4519.tif,0.496869,19.1777,0.299652
train,452.tif,0.508785,20.4381,0.282825
train,4520.tif,0.518977,21.7184,0.243415
train,4521.tif,0.702676,24.617,0.245432
train,4522.tif,0.495904,19.3942,0.271194
train,4523.tif,0.502791,20.8711,0.266784
train,4524.tif,0.65846,23.6969,0.252152
train,4525.tif,0.655979,21.6476,0.238257
train,4526.tif,0.531158,21.9557,0.27013
train,4527.tif,0.526748,22.2117,0.262699
train,4528.tif,0.561503,21.9325,0.224732
train,4529.tif,0.632742,23.797,0.278594
train,453.tif,0.50803,20.9282,0.320581
train,4530.tif,0.55787,16.6843,0.278054
train,4531.tif,0.53418,21.0355,0.274227
train,4532.tif,0.557452,22.8342,0.289953
train,4533.tif,0.58344,21.5669,0.249383
train,4534.tif,0.67353,22.5315,0.249934
train,4535.tif,0.51585,21.7815,0.278242
train,4536.tif,0.724678,24.0709,0.231717
train,4537.tif,0.603882,21.8225,0.233761
train,4538.tif,0.733579,22.0448,0.250345
train,4539.tif,0.526667,19.9222,0.272863
train,454.tif,0.642104,22.9752,0.279302
train,4540.tif,0.593687,20.1776,0.241676
train,4541.tif,0.74886,21.8661,0.301486
train,4542.tif,0.581747,21.0824,0.329339
train,4543.tif,0.552061,21.2111,0.252412
train,4544.tif,0.589246,21.453,0.250801
train,4545.tif,0.589989,23.6761,0.246982
train,4546.tif,0.735989,24.5088,0.235958
train,4547.tif,0.531342,19.9501,0.287596
train,4548.tif,0.636166,22.4348,0.272489
train,4549.tif,0.613756,20.4079,0.278006
train,455.tif,0.527351,20.8421,0.269137
train,4550.tif,0.614462,23.0732,0.252919
train,4551.tif,0.595722,20.2732,0.279764
train,4552.tif,0.584518,23.6833,0.247037
train,4553.tif,0.739406,24.9018,0.22034
train,4554.tif,0.553969,19.8997,0.27162
train,4555.tif,0.578192,22.6343,0.250464
train,4556.tif,0.707577,22.0906,0.260456
train,4557.tif,0.611902,19.9352,0.277497
train,4558.tif,0.633407,24.2583,0.245212
train,4559.tif,0.512629,20.9826,0.263377
train,456.tif,0.518847,20.3092,0.314103
train,4560.tif,0.626774,22.8026,0.235044
train,4561.tif,0.654162,22.9581,0.240506
train,4562.tif,0.584767,23.1309,0.237126
train,4563.tif,0.550013,22.3901,0.288718
train,4564.tif,0.606522,23.9645,0.269857
train,4565.tif,0.68394,21.8392,0.311201
train,4566.tif,0.529644,21.4638,0.258368
train,4567.tif,0.564617,21.8278,0.246376
train,4568.tif,0.504883,21.3114,0.278974
train,4569.tif,0.496585,18.6016,0.261731
train,457.tif,0.506194,20.2995,0.310566
train,4570.tif,0.705819,23.3927,0.243744
train,4571.tif,0.717147,24.0332,0.247636
train,4572.tif,0.566965,23.2842,0.264823
train,4573.tif,0.569809,21.4114,0.246058
train,4574.tif,0.704058,19.9971,0.374884
train,4575.tif,0.638483,24.0581,0.227623
train,4576.tif,0.680972,21.6397,0.331764
train,4577.tif,0.518879,19.8257,0.25843
train,4578.tif,0.540489,21.4624,0.283948
train,4579.tif,0.603892,23.6842,0.262974
train,458.tif,0.586045,20.0337,0.307792
train,4580.tif,0.731488,24.4288,0.211742
train,4581.tif,0.716276,22.4347,0.250008
train,4582.tif,0.580286,23.0016,0.255812
train,4583.tif,0.578678,20.7135,0.252222
train,4584.tif,0.530752,17.3309,0.320528
train,4585.tif,0.523612,21.7631,0.278137
train,4586.tif,0.528975,21.4163,0.266499
train,4587.tif,0.669705,21.795,0.235517
train,4588.tif,0.549163,20.6863,0.250947
train,4589.tif,0.599519,22.898,0.261254
train,459.tif,0.495551,18.993,0.306393
train,4590.tif,0.666621,25.8152,0.249277
train,4591.tif,0.565844,23.6768,0.243279
train,4592.tif,0.519246,21.0521,0.319608
train,4593.tif,0.581777,23.6927,0.25531
train,4594.tif,0.600338,22.4047,0.235355
train,4595.tif,0.688662,24.2529,0.213913
train,4596.tif,0.555724,20.5673,0.282818
train,4597.tif,0.660634,21.1104,0.248489
train,4598.tif,0.712313,23.1462,0.33704
train,4599.tif,0.635639,20.2546,0.229787
train,46.tif,0.652654,21.2556,0.261207
train,460.tif,0.550788,19.8571,0.303302
train,4600.tif,0.490141,18.8123,0.303379
train,4601.tif,0.588349,23.606,0.238198
train,4602.tif,0.595124,21.3624,0.23333
train,4603.tif,0.604358,21.0124,0.254832
train,4604.tif,0.748071,21.945,0.320953
train,4605.tif,0.655284,24.101,0.221928
train,4606.tif,0.500939,19.8946,0.315753
train,4607.tif,0.497253,17.5845,0.29631
train,4608.tif,0.570634,20.613,0.29731
train,4609.tif,0.681334,23.1027,0.251108
train,461.tif,0.604061,21.5,0.2698
train,4610.tif,0.578788,21.243,0.241387
train,4611.tif,0.735696,22.9406,0.300921
train,4612.tif,0.540371,19.2934,0.278133
train,4613.tif,0.493474,20.8136,0.316685
train,4614.tif,0.638286,20.8548,0.277552
train,4615.tif,0.673504,24.0514,0.312279
train,4616.tif,0.529228,21.9501,0.249588
train,4617.tif,0.535206,21.4069,0.253748
train,4618.tif,0.705716,24.2697,0.223082
train,4619.tif,0.635769,24.5222,0.236466
train,462.tif,0.478276,19.0628,0.302554
train,4620.tif,0.552785,22.5598,0.225233
train,4621.tif,0.508006,22.2241,0.280889
train,4622.tif,0.52904,16.6629,0.291309
train,4623.tif,0.693499,24.2873,0.225628
train,4624.tif,0.654396,23.9182,0.257306
train,4625.tif,0.721369,24.5445,0.201655
train,4626.tif,0.695785,24.8302,0.258622
train,4627.tif,0.4861,21.2307,0.252244
train,4628.tif,0.616601,22.1013,0.233571
train,4629.tif,0.682925,21.7707,0.261656
train,463.tif,0.513576,20.6406,0.266861
train,4630.tif,0.637145,24.4853,0.268653
train,4631.tif,0.618467,21.9617,0.268374
train,4632.tif,0.503116,21.575,0.286157
train,4633.tif,0.687387,23.3098,0.216923
train,4634.tif,0.584436,22.7922,0.25807
train,4635.tif,0.497256,18.7574,0.28961
train,4636.tif,0.51401,20.1349,0.264531
train,4637.tif,0.796699,24.6039,0.255483
train,4638.tif,0.555151,23.9013,0.268878
train,4639.tif,0.60339,21.7076,0.263382
train,464.tif,0.480343,21.4798,0.31606
train,4640.tif,0.62676,20.1779,0.260077
train,4641.tif,0.576198,23.701,0.279214
train,4642.tif,0.60758,20.4539,0.252236
train,4643.tif,0.61314,20.4434,0.287532
train,4644.tif,0.509969,19.8722,0.265618
train,4645.tif,0.575087,20.4354,0.287328
train,4646.tif,0.68816,23.5722,0.268251
train,4647.tif,0.640261,21.6392,0.368629
train,4648.tif,0.531904,21.0826,0.247063
train,4649.tif,0.766508,21.4278,0.223611
train,465.tif,0.814645,22.9056,0.228321
train,4650.tif,0.617857,22.1171,0.255124
train,4651.tif,0.572376,20.7409,0.256737
train,4652.tif,0.550312,18.4174,0.239871
train,4653.tif,0.665829,22.314,0.246349
train,4654.tif,0.544753,21.5856,0.306259
train,4655.tif,0.607956,22.6852,0.255946
train,4656.tif,0.807494,23.8684,0.234906
train,4657.tif,0.728815,24.5493,0.227882
train,4658.tif,0.574216,22.32,0.330592
train,4659.tif,0.430842,19.5731,0.320059
train,466.tif,0.502474,20.9554,0.259978
train,4660.tif,0.516816,20.6783,0.230409
train,4661.tif,0.497837,21.082,0.295241
train,4662.tif,0.573983,18.7701,0.287693
train,4663.tif,0.612547,18.4992,0.347053
train,4664.tif,0.607024,21.1471,0.234013
train,4665.tif,0.64493,18.5105,0.302936
train,4666.tif,0.560531,22.2661,0.270672
train,4667.tif,0.680137,23.7651,0.280072
train,4668.tif,0.620263,21.6232,0.276848
train,4669.tif,0.56687,21.0088,0.241124
train,467.tif,0.587643,21.204,0.29095
train,4670.tif,0.689214,22.3585,0.236184
train,4671.tif,0.530931,22.531,0.276729
train,4672.tif,0.596347,21.7812,0.27024
train,4673.tif,0.743966,24.6015,0.24243
train,4674.tif,0.690003,24.3242,0.223762
train,4675.tif,0.491078,21.3225,0.278567
train,4676.tif,0.594962,23.6713,0.238842
train,4677.tif,0.537825,19.2519,0.335575
train,4678.tif,0.571026,17.2146,0.336256
train,4679.tif,0.517383,21.4681,0.253462
train,468.tif,0.524351,21.5552,0.334764
train,4680.tif,0.610644,23.0253,0.211217
train,4681.tif,0.497134,20.2143,0.334523
train,4682.tif,0.667073,22.9534,0.244672
train,4683.tif,0.564636,23.0755,0.236569
train,4684.tif,0.524893,18.6714,0.283322
train,4685.tif,0.623232,20.4635,0.274244
train,4686.tif,0.629948,23.4807,0.237494
train,4687.tif,0.685263,23.995,0.242137
train,4688.tif,0.507697,21.4416,0.237949
train,4689.tif,0.654539,22.6469,0.292761
train,469.tif,0.490459,18.9004,0.364283
train,4690.tif,0.501257,19.9624,0.259248
train,4691.tif,0.598138,23.0624,0.256869
train,4692.tif,0.544998,21.2578,0.286321
train,4693.tif,0.627359,22.3683,0.277545
train,4694.tif,0.615372,23.9848,0.295104
train,4695.tif,0.57286,22.3999,0.281228
train,4696.tif,0.67261,23.215,0.22626
train,4697.tif,0.5507,21.5269,0.246728
train,4698.tif,0.615204,21.3299,0.223191
train,4699.tif,0.656392,19.9976,0.260271
train,47.tif,0.56979,22.4597,0.310562
train,470.tif,0.512552,21.3484,0.303199
train,4700.tif,0.701647,21.8174,0.280323
train,4701.tif,0.549058,22.4837,0.245203
train,4702.tif,0.572134,23.2292,0.231086
train,4703.tif,0.602541,21.6711,0.279093
train,4704.tif,0.695824,24.1551,0.267906
train,4705.tif,0.631362,19.1226,0.253486
train,4706.tif,0.599912,23.8497,0.329139
train,4707.tif,0.583701,21.1936,0.294277
train,4708.tif,0.517422,22.3062,0.238092
train,4709.tif,0.638184,23.3197,0.326371
train,471.tif,0.514795,21.2521,0.285912
train,4710.tif,0.708665,24.4093,0.216002
train,4711.tif,0.600542,22.4114,0.24988
train,4712.tif,0.681652,24.2416,0.24503
train,4713.tif,0.738578,22.9074,0.293672
train,4714.tif,0.602416,22.7875,0.245702
train,4715.tif,0.631446,22.8349,0.246843
train,4716.tif,0.564478,21.8332,0.249329
train,4717.tif,0.505766,18.3992,0.341214
train,4718.tif,0.606105,22.605,0.277547
train,4719.tif,0.697969,23.5658,0.242697
train,472.tif,0.67523,23.2562,0.278783
train,4720.tif,0.543921,22.6162,0.23349
train,4721.tif,0.628383,21.1618,0.285244
train,4722.tif,0.647855,21.6248,0.239803
train,4723.tif,0.555623,20.1584,0.265392
train,4724.tif,0.49299,18.9934,0.308688
train,4725.tif,0.592429,24.2128,0.215955
train,4726.tif,0.566909,21.9953,0.24258
train,4727.tif,0.67585,23.2364,0.25246
train,4728.tif,0.519915,22.8641,0.230563
train,4729.tif,0.65397,24.223,0.26552
train,473.tif,0.525377,21.5131,0.296779
train,4730.tif,0.503088,21.3326,0.260558
train,4731.tif,0.509592,21.0233,0.272942
train,4732.tif,0.764077,20.6701,0.313648
train,4733.tif,0.651177,21.2886,0.279909
train,4734.tif,0.520576,22.0993,0.227734
train,4735.tif,0.708215,21.5244,0.294776
train,4736.tif,0.658687,23.4359,0.243905
train,4737.tif,0.512155,17.5091,0.275356
train,4738.tif,0.646258,23.9812,0.23974
train,4739.tif,0.498455,21.1133,0.248154
train,474.tif,0.533389,22.4363,0.285436
train,4740.tif,0.705712,22.625,0.237414
train,4741.tif,0.529837,19.6931,0.278277
train,4742.tif,0.591471,22.8825,0.25033
train,4743.tif,0.669498,23.8417,0.239426
train,4744.tif,0.569009,23.3652,0.23819
train,4745.tif,0.47017,16.89,0.346452
train,4746.tif,0.64266,22.6665,0.240716
train,4747.tif,0.541136,21.1852,0.282334
train,4748.tif,0.760337,25.5371,0.223732
train,4749.tif,0.591723,22.8219,0.271396
train,475.tif,0.452909,20.9358,0.279521
train,4750.tif,0.545778,22.7747,0.286937
train,4751.tif,0.603497,20.2035,0.262098
train,4752.tif,0.718293,23.7798,0.325003
train,4753.tif,0.555926,22.1781,0.236388
train,4754.tif,0.56721,22.8155,0.232069
train,4755.tif,0.682084,23.4,0.278413
train,4756.tif,0.555702,20.8971,0.271988
train,4757.tif,0.585748,17.661,0.281821
train,4758.tif,0.613205,20.9035,0.281233
train,4759.tif,0.523529,22.123,0.278585
train,476.tif,0.516579,20.5868,0.289878
train,4760.tif,0.624107,20.2861,0.270445
train,4761.tif,0.566504,22.8933,0.224842
train,4762.tif,0.555719,21.9348,0.24873
train,4763.tif,0.560398,21.0478,0.246828
train,4764.tif,0.466076,20.8767,0.365675
train,4765.tif,0.565909,22.4008,0.294
train,4766.tif,0.652962,22.2209,0.259288
train,4767.tif,0.666358,24.4151,0.247228
train,4768.tif,0.60347,24.4915,0.245544
train,4769.tif,0.548758,20.8343,0.24654
train,477.tif,0.476753,19.5053,0.296316
train,4770.tif,0.559947,22.7003,0.236049
train,4771.tif,0.687174,23.6453,0.232814
train,4772.tif,0.572269,22.7347,0.294959
train,4773.tif,0.526668,21.8668,0.31615
train,4774.tif,0.631229,19.1074,0.270375
train,4775.tif,0.569597,20.4337,0.287051
train,4776.tif,0.505292,21.5455,0.273172
train,4777.tif,0.553628,22.3951,0.25801
train,4778.tif,0.72719,24.0976,0.264991
train,4779.tif,0.475628,21.2116,0.285531
train,478.tif,0.598047,18.5847,0.305904
train,4780.tif,0.54595,18.5907,0.260948
train,4781.tif,0.67367,22.9568,0.231134
train,4782.tif,0.649111,21.2819,0.281119
train,4783.tif,0.491127,19.5559,0.266062
train,4784.tif,0.641862,23.4177,0.252073
train,4785.tif,0.583815,20.4862,0.28793
train,4786.tif,0.600306,22.6836,0.313429
train,4787.tif,0.650642,23.2906,0.270308
train,4788.tif,0.643632,22.9432,0.280678
train,4789.tif,0.691667,21.511,0.240548
train,479.tif,0.561784,21.1027,0.269364
train,4790.tif,0.443383,18.3309,0.298782
train,4791.tif,0.539767,22.0886,0.298625
train,4792.tif,0.556071,22.925,0.22676
train,4793.tif,0.513733,18.6898,0.258261
train,4794.tif,0.566216,21.6758,0.251274
train,4795.tif,0.605703,24.4039,0.238769
train,4796.tif,0.561129,18.3193,0.256084
train,4797.tif,0.678894,22.1261,0.296934
train,4798.tif,0.605316,21.0909,0.258235
train,4799.tif,0.677815,23.5471,0.219414
train,48.tif,0.577377,20.4113,0.232142
train,480.tif,0.494099,21.5875,0.292811
train,4800.tif,0.664037,24.7781,0.226307
train,4801.tif,0.572515,21.9433,0.291634
train,4802.tif,0.716094,24.0757,0.231204
train,4803.tif,0.635598,21.877,0.244948
train,4804.tif,0.661548,21.0514,0.255557
train,4805.tif,0.575255,17.2365,0.321505
train,4806.tif,0.676015,21.859,0.271972
train,4807.tif,0.682317,20.3071,0.244753
train,4808.tif,0.521803,19.5357,0.309388
train,4809.tif,0.516304,21.4396,0.2556
train,481.tif,0.5703,21.7007,0.301605
train,4810.tif,0.540104,21.8923,0.32464
train,4811.tif,0.687702,24.8937,0.229859
train,4812.tif,0.512524,20.002,0.328166
train,4813.tif,0.491085,21.3638,0.282499
train,4814.tif,0.598221,20.5211,0.339337
train,4815.tif,0.679177,21.9995,0.235634
train,4816.tif,0.713301,25.2468,0.216383
train,4817.tif,0.695481,24.1862,0.238196
train,4818.tif,0.613312,23.8081,0.304964
train,4819.tif,0.583421,21.0049,0.231779
train,482.tif,0.45553,20.53,0.282791
train,4820.tif,0.589041,22.1422,0.234456
train,4821.tif,0.621216,20.4594,0.254711
train,4822.tif,0.572458,22.5193,0.30433
train,4823.tif,0.598731,21.0021,0.351416
train,4824.tif,0.489858,19.9003,0.270311
train,4825.tif,0.669778,24.6059,0.21635
train,4826.tif,0.539317,21.416,0.237943
train,4827.tif,0.63354,22.1559,0.271897
train,4828.tif,0.492622,18.6555,0.373237
train,4829.tif,0.531056,18.6424,0.323541
train,483.tif,0.501662,20.6959,0.289372
train,4830.tif,0.616735,23.4505,0.227283
train,4831.tif,0.537756,22.96,0.234842
train,4832.tif,0.55918,20.7075,0.307683
train,4833.tif,0.632666,23.9393,0.283177
train,4834.tif,0.60723,22.3141,0.268157
train,4835.tif,0.524691,19.2207,0.254046
train,4836.tif,0.66822,24.5968,0.259565
train,4837.tif,0.70213,24.5659,0.251248
train,4838.tif,0.582723,22.0859,0.299804
train,4839.tif,0.738263,24.6942,0.249968
train,484.tif,0.470483,21.5853,0.321414
train,4840.tif,0.55763,19.7778,0.243928
train,4841.tif,0.627752,22.6166,0.235731
train,4842.tif,0.525553,23.5865,0.317409
train,4843.tif,0.584396,23.3149,0.250928
train,4844.tif,0.543069,20.4667,0.276653
train,4845.tif,0.647537,23.3823,0.257716
train,4846.tif,0.579011,23.6581,0.253224
train,4847.tif,0.577275,21.944,0.266886
train,4848.tif,0.692297,23.2404,0.210867
train,4849.tif,0.635879,23.5213,0.26938
train,485.tif,0.739208,24.0132,0.241668
train,4850.tif,0.617841,22.7941,0.223955
train,4851.tif,0.569647,22.9638,0.237505
train,4852.tif,0.572992,21.5244,0.256436
train,4853.tif,0.667139,23.3925,0.234589
train,4854.tif,0.560589,20.2942,0.265741
train,4855.tif,0.540128,21.9721,0.248024
train,4856.tif,0.519499,19.3128,0.257074
train,4857.tif,0.66606,19.8201,0.259434
train,4858.tif,0.639142,23.0754,0.2565
train,4859.tif,0.569583,21.7666,0.248193
train,486.tif,0.452515,19.6458,0.320459
train,4860.tif,0.530071,22.0628,0.295763
train,4861.tif,0.541978,20.732,0.282927
train,4862.tif,0.50034,20.6379,0.269343
train,4863.tif,0.704893,23.0049,0.259301
train,4864.tif,0.515017,20.0938,0.270692
train,4865.tif,0.652279,22.4411,0.229605
train,4866.tif,0.575321,21.9125,0.220447
train,4867.tif,0.460157,20.0512,0.28187
train,4868.tif,0.516633,20.9792,0.268588
train,4869.tif,0.662888,20.6041,0.25761
train,487.tif,0.494241,20.059,0.259986
train,4870.tif,0.599859,22.2601,0.285297
train,4871.tif,0.56105,20.5874,0.289909
train,4872.tif,0.572421,22.2263,0.25514
train,4873.tif,0.557122,17.689,0.320989
train,4874.tif,0.571269,21.7588,0.274656
train,4875.tif,0.682324,24.3839,0.211973
train,4876.tif,0.576027,20.3769,0.28567
train,4877.tif,0.625336,21.9699,0.258023
train,4878.tif,0.504575,20.1486,0.289221
train,4879.tif,0.640091,23.0537,0.24625
train,488.tif,0.488973,20.7287,0.271547
train,4880.tif,0.591913,22.8166,0.261297
train,4881.tif,0.653255,22.1466,0.321215
train,4882.tif,0.548019,22.6395,0.251739
train,4883.tif,0.616566,23.7856,0.247472
train,4884.tif,0.581646,21.9986,0.242825
train,4885.tif,0.655112,19.3467,0.306599
train,4886.tif,0.542088,21.3874,0.268103
train,4887.tif,0.643644,24.5908,0.250981
train,4888.tif,0.517349,20.0044,0.27502
train,4889.tif,0.543321,23.9179,0.237728
train,489.tif,0.520996,20.1925,0.317567
train,4890.tif,0.670921,20.7695,0.227278
train,4891.tif,0.647824,22.772,0.233403
train,4892.tif,0.568524,22.4871,0.27239
train,4893.tif,0.636755,21.6177,0.259366
train,4894.tif,0.521977,21.5444,0.310011
train,4895.tif,0.549775,20.7384,0.231697
train,4896.tif,0.748459,23.8833,0.258892
train,4897.tif,0.46962,21.0186,0.266699
train,4898.tif,0.551224,21.2872,0.237723
train,4899.tif,0.731509,21.5513,0.261058
train,49.tif,0.599393,21.0216,0.292588
train,490.tif,0.459262,18.519,0.322085
train,4900.tif,0.580945,19.1097,0.33925
train,4901.tif,0.561002,23.0456,0.250154
train,4902.tif,0.480095,21.5196,0.266369
train,4903.tif,0.520003,21.4658,0.232326
train,4904.tif,0.595544,20.9266,0.295058
train,4905.tif,0.545369,21.3616,0.245199
train,4906.tif,0.655473,23.7196,0.228568
train,4907.tif,0.539574,21.2049,0.28796
train,4908.tif,0.60315,18.9673,0.304166
train,4909.tif,0.629074,20.6981,0.221963
train,491.tif,0.513779,19.9497,0.303415
train,4910.tif,0.651505,21.2736,0.302774
train,4911.tif,0.548899,22.7861,0.287617
train,4912.tif,0.574308,20.2099,0.286599
train,4913.tif,0.669547,23.187,0.231396
train,4914.tif,0.520598,22.2001,0.229238
train,4915.tif,0.54008,18.1477,0.338275
train,4916.tif,0.461773,19.6828,0.312232
train,4917.tif,0.582408,22.8673,0.262553
train,4918.tif,0.621662,20.4854,0.269003
train,4919.tif,0.564677,22.3309,0.258532
train,492.tif,0.539097,20.5186,0.320436
train,4920.tif,0.660686,22.3314,0.213611
train,4921.tif,0.568289,23.0783,0.276879
train,4922.tif,0.652732,19.7664,0.284301
train,4923.tif,0.689395,18.5626,0.351187
train,4924.tif,0.647448,23.9376,0.261259
train,4925.tif,0.668009,23.4985,0.230358
train,4926.tif,0.772936,22.6318,0.273149
train,4927.tif,0.624162,21.2372,0.264696
train,4928.tif,0.688105,22.9223,0.279564
train,4929.tif,0.621175,23.9043,0.211453
train,493.tif,0.483493,19.9953,0.293127
train,4930.tif,0.665614,20.1347,0.352242
train,4931.tif,0.542683,21.6515,0.24372
train,4932.tif,0.593499,22.8321,0.242555
train,4933.tif,0.578835,20.3042,0.259679
train,4934.tif,0.657396,19.1936,0.274765
train,4935.tif,0.630635,22.1842,0.240872
train,4936.tif,0.562957,22.4584,0.255059
train,4937.tif,0.690156,23.388,0.301908
train,4938.tif,0.528951,21.8587,0.292873
train,4939.tif,0.520952,22.0533,0.246265
train,494.tif,0.486957,20.7183,0.27959
train,4940.tif,0.732951,25.3699,0.234632
train,4941.tif,0.539919,22.5662,0.255399
train,4942.tif,0.555032,20.452,0.315734
train,4943.tif,0.64184,22.6434,0.284981
train,4944.tif,0.550808,22.7001,0.27359
train,4945.tif,0.607083,23.8457,0.285136
train,4946.tif,0.696235,24.7735,0.2469
train,4947.tif,0.65387,20.7575,0.33756
train,4948.tif,0.639621,24.4998,0.247985
train,4949.tif,0.489116,21.0898,0.291694
train,495.tif,0.55564,22.0163,0.309009
train,4950.tif,0.668506,22.3901,0.295673
train,4951.tif,0.483987,22.2904,0.24608
train,4952.tif,0.648929,20.7007,0.251649
train,4953.tif,0.605556,21.7537,0.320211
train,4954.tif,0.623186,22.1759,0.27811
train,4955.tif,0.605269,22.1382,0.264134
train,4956.tif,0.454283,18.6956,0.333068
train,4957.tif,0.622967,20.3036,0.261286
train,4958.tif,0.482115,20.4485,0.260959
train,4959.tif,0.504348,20.5512,0.251957
train,496.tif,0.502525,20.5171,0.312858
train,4960.tif,0.521076,20.9415,0.246343
train,4961.tif,0.519888,19.3357,0.267729
train,4962.tif,0.556869,22.0872,0.266893
train,4963.tif,0.64176,23.8689,0.241686
train,4964.tif,0.531827,21.337,0.279279
train,4965.tif,0.546847,22.7071,0.219684
train,4966.tif,0.519483,18.4586,0.282616
train,4967.tif,0.668047,23.3082,0.2743
train,4968.tif,0.610045,18.0195,0.271592
train,4969.tif,0.603307,20.1055,0.319998
train,497.tif,0.568422,22.4273,0.276642
train,4970.tif,0.513579,21.7943,0.251929
train,4971.tif,0.507588,21.1141,0.252599
train,4972.tif,0.73938,25.4308,0.273099
train,4973.tif,0.530087,19.8458,0.296071
train,4974.tif,0.649343,23.6713,0.249134
train,4975.tif,0.573699,21.498,0.255753
train,4976.tif,0.661451,23.6435,0.278491
train,4977.tif,0.699123,24.3675,0.216097
train,4978.tif,0.477101,20.0319,0.266322
train,4979.tif,0.574529,21.8195,0.259905
train,498.tif,0.545875,21.4294,0.286051
train,4980.tif,0.503948,21.241,0.257729
train,4981.tif,0.649813,21.7773,0.243607
train,4982.tif,0.552991,22.6882,0.223217
train,4983.tif,0.696225,23.2366,0.240415
train,4984.tif,0.564964,22.2006,0.275558
train,4985.tif,0.702155,24.3802,0.231605
train,4986.tif,0.644725,24.0274,0.229129
train,4987.tif,0.613137,18.983,0.307581
train,4988.tif,0.591973,21.8717,0.260977
train,4989.tif,0.59724,23.0785,0.236559
train,499.tif,0.493911,19.3998,0.321727
train,4990.tif,0.475451,20.1271,0.271166
train,4991.tif,0.69241,23.7991,0.251461
train,4992.tif,0.52613,20.7362,0.276519
train,4993.tif,0.587093,23.4167,0.241238
train,4994.tif,0.624273,23.0933,0.278918
train,4995.tif,0.686977,22.636,0.252185
train,4996.tif,0.560493,22.1221,0.235837
train,4997.tif,0.670701,22.9388,0.237504
train,4998.tif,0.556957,21.5531,0.23564
train,4999.tif,0.740943,25.2059,0.253961
train,5.tif,0.704365,23.1419,0.270768
train,50.tif,0.528997,21.0552,0.250884
train,500.tif,0.54557,18.3896,0.281979
train,5000.tif,0.544177,18.7191,0.293354
train,5001.tif,0.651634,22.7573,0.253298
train,5002.tif,0.695194,22.1396,0.216737
train,5003.tif,0.585915,22.5401,0.268212
train,5004.tif,0.672362,22.192,0.277265
train,5005.tif,0.518055,22.0221,0.244816
train,5006.tif,0.683187,24.2503,0.230134
train,5007.tif,0.599896,21.8795,0.249609
train,5008.tif,0.560762,22.9798,0.242744
train,5009.tif,0.698565,22.7268,0.217042
train,501.tif,0.679989,23.2305,0.268813
train,5010.tif,0.642891,23.4789,0.270849
train,5011.tif,0.619294,21.9573,0.235189
train,5012.tif,0.456998,18.7506,0.297406
train,5013.tif,0.661833,22.4536,0.272751
train,5014.tif,0.745134,20.9712,0.249256
train,5015.tif,0.607397,22.9381,0.228202
train,5016.tif,0.657347,20.4079,0.299906
train,5017.tif,0.436961,18.0458,0.303754
train,5018.tif,0.537042,22.3824,0.261828
train,5019.tif,0.584233,23.1163,0.246127
train,502.tif,0.489666,20.3121,0.328223
train,5020.tif,0.599499,18.8878,0.260889
train,5021.tif,0.724081,22.9219,0.246733
train,5022.tif,0.533938,18.6251,0.271793
train,5023.tif,0.524647,22.6756,0.264814
train,5024.tif,0.680614,24.8708,0.269267
train,5025.tif,0.583461,21.9695,0.236194
train,5026.tif,0.702942,23.5271,0.231466
train,5027.tif,0.667039,23.1665,0.24402
train,5028.tif,0.531004,21.8309,0.266766
train,5029.tif,0.672715,21.0557,0.263687
train,503.tif,0.558622,20.2559,0.307327
train,5030.tif,0.517881,20.7681,0.301527
train,5031.tif,0.440297,20.2665,0.252128
train,5032.tif,0.557817,22.0435,0.258594
train,5033.tif,0.467606,21.0828,0.283051
train,5034.tif,0.603238,21.3461,0.328905
train,5035.tif,0.584687,18.7764,0.280563
train,5036.tif,0.543183,20.4989,0.301794
train,5037.tif,0.505994,18.7456,0.325117
train,5038.tif,0.602495,22.1446,0.236949
train,5039.tif,0.614256,19.249,0.25243
train,504.tif,0.485399,21.4555,0.315825
train,5040.tif,0.541497,20.3033,0.29249
train,5041.tif,0.529072,20.8193,0.243673
train,5042.tif,0.523867,20.0465,0.284249
train,5043.tif,0.582758,23.7204,0.24767
train,5044.tif,0.604139,21.6053,0.241221
train,5045.tif,0.567767,21.6883,0.27522
train,5046.tif,0.498429,19.9692,0.280323
train,5047.tif,0.600187,19.4661,0.237398
train,5048.tif,0.695397,24.9869,0.231211
train,5049.tif,0.528419,19.5982,0.285686
train,505.tif,0.49422,21.9153,0.264196
train,5050.tif,0.512406,22.3035,0.224325
train,5051.tif,0.509564,19.1922,0.311665
train,5052.tif,0.644857,22.5513,0.296514
train,5053.tif,0.582095,21.4512,0.272161
train,5054.tif,0.554244,21.1441,0.279454
train,5055.tif,0.580698,21.9562,0.231341
train,5056.tif,0.496701,18.6397,0.333055
train,5057.tif,0.582957,21.6243,0.319428
train,5058.tif,0.475172,21.9415,0.306915
train,5059.tif,0.515518,20.8151,0.26765
train,506.tif,0.503287,20.1689,0.2859
train,5060.tif,0.537023,19.2937,0.272855
train,5061.tif,0.531941,21.4055,0.243256
train,5062.tif,0.64017,20.7076,0.246788
train,5063.tif,0.608854,21.6357,0.250844
train,5064.tif,0.557104,19.9243,0.258708
train,5065.tif,0.602705,21.5831,0.234474
train,5066.tif,0.572693,20.988,0.288912
train,5067.tif,0.774759,23.393,0.231341
train,5068.tif,0.20992,18.4632,0.551838
train,5069.tif,0.632358,22.1445,0.272656
train,507.tif,0.503284,20.7003,0.278033
train,5070.tif,0.56551,20.8156,0.281544
train,5071.tif,0.529984,22.8297,0.310076
train,5072.tif,0.649238,23.9383,0.228231
train,5073.tif,0.643238,23.6091,0.258375
train,5074.tif,0.805141,24.372,0.349235
train,5075.tif,0.469153,18.71,0.308165
train,5076.tif,0.577225,22.7945,0.246011
train,5077.tif,0.600089,23.5339,0.296526
train,5078.tif,0.527039,20.3832,0.284336
train,5079.tif,0.673317,20.0635,0.260539
train,508.tif,0.534035,21.1034,0.258878
train,5080.tif,0.544,21.2591,0.254489
train,5081.tif,0.596052,21.4451,0.262011
train,5082.tif,0.631711,23.3022,0.259827
train,5083.tif,0.698158,24.9924,0.195775
train,5084.tif,0.583571,21.74,0.220548
train,5085.tif,0.562669,21.9066,0.248162
train,5086.tif,0.580539,21.4047,0.291664
train,5087.tif,0.576251,20.4192,0.255099
train,5088.tif,0.67595,23.7667,0.222427
train,5089.tif,0.681594,23.5007,0.234679
train,509.tif,0.669051,21.3189,0.339438
train,5090.tif,0.796273,24.7633,0.222613
train,5091.tif,0.595557,22.5839,0.259259
train,5092.tif,0.478817,19.7797,0.294073
train,5093.tif,0.653799,23.241,0.224887
train,5094.tif,0.563617,21.6118,0.262984
train,5095.tif,0.543479,22.1191,0.252229
train,5096.tif,0.569573,22.2864,0.266977
train,5097.tif,0.502812,21.995,0.301152
train,5098.tif,0.656003,23.6836,0.24626
train,5099.tif,0.539865,22.1248,0.23527
train,51.tif,0.559797,22.5282,0.286157
train,510.tif,0.494063,19.8846,0.324622
train,5100.tif,0.537084,19.3795,0.272493
train,5101.tif,0.665726,22.6201,0.228052
train,5102.tif,0.600905,21.8287,0.256717
train,5103.tif,0.565572,21.039,0.254921
train,5104.tif,0.497364,21.1157,0.292467
train,5105.tif,0.562381,20.224,0.265807
train,5106.tif,0.585299,23.7583,0.307688
train,5107.tif,0.451215,21.477,0.329767
train,5108.tif,0.56453,22.6968,0.29321
train,5109.tif,0.610152,22.312,0.306613
train,511.tif,0.496489,20.484,0.270176
train,5110.tif,0.532595,22.1091,0.247655
train,5111.tif,0.493369,22.6311,0.298068
train,5112.tif,0.618744,21.0975,0.316964
train,5113.tif,0.630528,23.6078,0.211775
train,5114.tif,0.54336,20.8912,0.221377
train,5115.tif,0.569896,20.6086,0.228559
train,5116.tif,0.546643,22.138,0.265334
train,5117.tif,0.657801,22.1263,0.23799
train,5118.tif,0.553513,18.1178,0.300049
train,5119.tif,0.690929,24.2774,0.228335
train,512.tif,0.51321,19.9089,0.291883
train,5120.tif,0.510791,20.5465,0.294354
train,5121.tif,0.690171,24.3632,0.244641
train,5122.tif,0.565595,19.0803,0.307973
train,5123.tif,0.663057,24.1297,0.27094
train,5124.tif,0.652306,21.1268,0.270412
train,5125.tif,0.602637,21.7157,0.252648
train,5126.tif,0.647317,23.6747,0.260761
train,5127.tif,0.664142,20.8438,0.3262
train,5128.tif,0.515409,20.5102,0.310943
train,5129.tif,0.693165,22.1196,0.241968
train,513.tif,0.595182,22.7848,0.285738
train,5130.tif,0.714753,24.3485,0.244536
train,5131.tif,0.496203,21.377,0.270448
train,5132.tif,0.630734,21.6366,0.24356
train,5133.tif,0.602884,23.084,0.269644
train,5134.tif,0.611675,23.6403,0.242655
train,5135.tif,0.665602,22.9538,0.252665
train,5136.tif,0.742534,24.8249,0.274585
train,5137.tif,0.652627,22.24,0.243597
train,5138.tif,0.583822,22.4266,0.215507
train,5139.tif,0.618903,23.781,0.300266
train,514.tif,0.56673,21.6455,0.284555
train,5140.tif,0.516902,21.8074,0.261817
train,5141.tif,0.51819,21.3965,0.308793
train,5142.tif,0.754734,24.3877,0.203713
train,5143.tif,0.64781,22.9938,0.257834
train,5144.tif,0.741357,24.1203,0.232969
train,5145.tif,0.511043,21.3899,0.257332
train,5146.tif,0.632608,23.7396,0.240232
train,5147.tif,0.51987,21.7687,0.229039
train,5148.tif,0.680636,23.4472,0.211048
train,5149.tif,0.548229,20.1677,0.26354
train,515.tif,0.566437,20.1402,0.281846
train,5150.tif,0.582293,19.209,0.307553
train,5151.tif,0.566919,21.8726,0.221594
train,5152.tif,0.57859,21.8979,0.238928
train,5153.tif,0.694407,24.9509,0.196615
train,5154.tif,0.601103,22.7338,0.253844
train,5155.tif,0.571768,21.6382,0.254893
train,5156.tif,0.664147,23.0736,0.296355
train,5157.tif,0.593589,21.1033,0.242686
train,5158.tif,0.626472,22.7048,0.233793
train,5159.tif,0.657818,24.6102,0.303163
train,516.tif,0.470347,20.4579,0.31828
train,5160.tif,0.718772,24.703,0.285878
train,5161.tif,0.697276,23.1192,0.273492
train,5162.tif,0.624534,23.1152,0.252776
train,5163.tif,0.756458,25.2968,0.236285
train,5164.tif,0.585324,22.2336,0.26487
train,5165.tif,0.549816,22.6511,0.25166
train,5166.tif,0.512299,20.6302,0.298403
train,5167.tif,0.572265,22.4035,0.253009
train,5168.tif,0.590742,23.3996,0.229193
train,5169.tif,0.559535,20.768,0.281948
train,517.tif,0.57051,20.9444,0.312051
train,5170.tif,0.580168,23.7235,0.254873
train,5171.tif,0.559139,23.193,0.244205
train,5172.tif,0.582828,22.5045,0.268023
train,5173.tif,0.633995,21.3903,0.218066
train,5174.tif,0.629388,22.7061,0.259827
train,5175.tif,0.645571,22.2439,0.270584
train,5176.tif,0.634698,21.2819,0.281935
train,5177.tif,0.63248,22.7267,0.259329
train,5178.tif,0.637254,22.0351,0.285724
train,5179.tif,0.530307,20.8172,0.311627
train,518.tif,0.482194,20.0083,0.276669
train,5180.tif,0.668716,23.8898,0.248323
train,5181.tif,0.576169,21.6987,0.295037
train,5182.tif,0.530587,21.2905,0.274352
train,5183.tif,0.659182,23.8969,0.231624
train,5184.tif,0.666657,22.8165,0.240613
train,5185.tif,0.503332,20.483,0.312591
train,5186.tif,0.550921,22.4154,0.231273
train,5187.tif,0.612814,21.8768,0.245326
train,5188.tif,0.650917,23.7428,0.257541
train,5189.tif,0.712596,22.5429,0.244332
train,519.tif,0.498329,20.5739,0.308496
train,5190.tif,0.739859,24.2258,0.23474
train,5191.tif,0.579789,23.0649,0.268384
train,5192.tif,0.695832,23.611,0.226475
train,5193.tif,0.628038,23.206,0.291015
train,5194.tif,0.635448,21.1265,0.23903
train,5195.tif,0.648464,24.1382,0.307572
train,5196.tif,0.559239,21.9124,0.293417
train,5197.tif,0.534905,21.7797,0.282524
train,5198.tif,0.562757,22.3368,0.274969
train,5199.tif,0.634907,23.6021,0.291657
train,52.tif,0.75746,24.2123,0.30687
train,520.tif,0.427209,19.9978,0.293125
train,5200.tif,0.7282,21.5211,0.241298
train,5201.tif,0.557133,21.8384,0.286415
train,5202.tif,0.570688,21.2598,0.235328
train,5203.tif,0.582275,20.9826,0.298552
train,5204.tif,0.515986,21.1753,0.281266
train,5205.tif,0.689,23.5346,0.238355
train,5206.tif,0.558337,22.2563,0.258071
train,5207.tif,0.523309,20.8277,0.28078
train,5208.tif,0.787321,24.7361,0.230872
train,5209.tif,0.646431,22.9503,0.26638
train,521.tif,0.644752,22.9805,0.307822
train,5210.tif,0.621038,22.5716,0.251513
train,5211.tif,0.681449,23.6619,0.243288
train,5212.tif,0.564876,21.2738,0.252495
train,5213.tif,0.591957,23.1022,0.275377
train,5214.tif,0.489897,20.9737,0.269852
train,5215.tif,0.548403,21.7153,0.244245
train,5216.tif,0.474707,19.5248,0.304988
train,5217.tif,0.73333,24.5328,0.211624
train,5218.tif,0.786714,26.4288,0.212069
train,5219.tif,0.729152,23.4201,0.217202
train,522.tif,0.466056,20.1497,0.288644
train,5220.tif,0.501857,17.1497,0.323168
train,5221.tif,0.692019,23.6868,0.231254
train,5222.tif,0.571879,22.081,0.26957
train,5223.tif,0.637308,22.2319,0.24449
train,5224.tif,0.71698,24.1583,0.227823
train,5225.tif,0.654869,23.9995,0.234731
train,5226.tif,0.532541,20.8004,0.275491
train,5227.tif,0.653301,23.6965,0.215904
train,5228.tif,0.605843,23.1536,0.25547
train,5229.tif,0.663816,22.5265,0.230347
train,523.tif,0.458375,20.008,0.266568
train,5230.tif,0.689039,22.9955,0.22184
train,5231.tif,0.517537,22.322,0.27443
train,5232.tif,0.609981,21.966,0.263599
train,5233.tif,0.48248,20.1633,0.264324
train,5234.tif,0.37433,19.802,0.405907
train,5235.tif,0.507987,20.6988,0.259802
train,5236.tif,0.594094,22.4951,0.297984
train,5237.tif,0.662051,23.6353,0.227602
train,5238.tif,0.655989,23.2736,0.25088
train,5239.tif,0.544025,20.9382,0.280286
train,524.tif,0.644392,21.632,0.292623
train,5240.tif,0.594984,23.5915,0.242174
train,5241.tif,0.629871,22.6509,0.251961
train,5242.tif,0.619904,22.7557,0.231522
train,5243.tif,0.593673,23.5326,0.281924
train,5244.tif,0.753796,23.6772,0.241243
train,5245.tif,0.627681,23.6212,0.232839
train,5246.tif,0.583665,23.5009,0.270401
train,5247.tif,0.55119,22.5721,0.245142
train,5248.tif,0.517083,20.7732,0.350986
train,5249.tif,0.717341,24.9939,0.217399
train,525.tif,0.569427,21.0926,0.273
train,5250.tif,0.725694,23.4624,0.239622
train,5251.tif,0.681793,22.1797,0.212579
train,5252.tif,0.674491,21.8895,0.2184
train,5253.tif,0.653328,23.3979,0.300872
train,5254.tif,0.67913,22.9427,0.220849
train,5255.tif,0.678919,22.4054,0.310375
train,5256.tif,0.588694,21.3967,0.311905
train,5257.tif,0.575988,22.3071,0.285802
train,5258.tif,0.674654,23.7876,0.236805
train,5259.tif,0.705109,24.2146,0.202277
train,526.tif,0.471463,20.7861,0.28813
train,5260.tif,0.669614,24.2111,0.222425
train,5261.tif,0.544032,18.771,0.251526
train,5262.tif,0.669509,22.2804,0.229555
train,5263.tif,0.446939,20.4066,0.307168
train,5264.tif,0.751304,25.2671,0.241128
train,5265.tif,0.571364,22.354,0.262638
train,5266.tif,0.541564,21.6386,0.256737
train,5267.tif,0.70429,24.6256,0.219935
train,5268.tif,0.633961,23.1839,0.24631
train,5269.tif,0.754674,24.9966,0.20285
train,527.tif,0.482467,19.5806,0.2887
train,5270.tif,0.593191,20.1062,0.273504
train,5271.tif,0.582762,22.0809,0.233391
train,5272.tif,0.499266,20.4141,0.294343
train,5273.tif,0.612877,23.1739,0.270772
train,5274.tif,0.583224,21.4399,0.25708
train,5275.tif,0.524233,20.7755,0.297803
train,5276.tif,0.506508,20.6393,0.277399
train,5277.tif,0.630458,24.0703,0.257539
train,5278.tif,0.642965,24.2796,0.27019
train,5279.tif,0.697103,23.9552,0.240761
train,528.tif,0.533041,19.8524,0.302417
train,5280.tif,0.568917,21.4535,0.252515
train,5281.tif,0.717575,22.749,0.269275
train,5282.tif,0.643926,23.1387,0.249311
train,5283.tif,0.662373,24.0687,0.218004
train,5284.tif,0.548306,22.208,0.270732
train,5285.tif,0.61345,22.9274,0.278983
train,5286.tif,0.620591,23.2387,0.278459
train,5287.tif,0.641881,24.0073,0.234807
train,5288.tif,0.460276,20.9623,0.341689
train,5289.tif,0.481977,20.4365,0.285642
train,529.tif,0.724806,23.4407,0.271168
train,5290.tif,0.625092,21.8416,0.274853
train,5291.tif,0.512431,20.5575,0.267632
train,5292.tif,0.552534,21.2202,0.278897
train,5293.tif,0.524968,21.0476,0.322533
train,5294.tif,0.516408,20.3498,0.256626
train,5295.tif,0.50821,21.9595,0.258669
train,5296.tif,0.609633,23.2663,0.280765
train,5297.tif,0.507805,20.6716,0.272884
train,5298.tif,0.642938,23.9671,0.276192
train,5299.tif,0.621221,23.066,0.250173
train,53.tif,0.535986,21.4629,0.295948
train,530.tif,0.514331,21.2314,0.286269
train,5300.tif,0.560722,22.4265,0.267683
train,5301.tif,0.589984,23.4568,0.287503
train,5302.tif,0.496977,22.697,0.280316
train,5303.tif,0.531668,21.446,0.258325
train,5304.tif,0.605499,21.4407,0.273028
train,5305.tif,0.601389,22.967,0.216428
train,5306.tif,0.587618,21.6002,0.271475
train,5307.tif,0.608458,23.3125,0.275623
train,5308.tif,0.712489,24.5733,0.244024
train,5309.tif,0.645883,22.7609,0.233217
train,531.tif,0.708655,23.3647,0.247554
train,5310.tif,0.607945,23.294,0.237616
train,5311.tif,0.567652,20.7351,0.259095
train,5312.tif,0.570783,21.8928,0.247663
train,5313.tif,0.54389,20.4479,0.385892
train,5314.tif,0.734878,23.7499,0.222872
train,5315.tif,0.547622,21.2744,0.279389
train,5316.tif,0.690207,24.4346,0.247373
train,5317.tif,0.609082,21.6416,0.253543
train,5318.tif,0.621835,23.6717,0.256706
train,5319.tif,0.625541,23.0636,0.248704
train,532.tif,0.530722,21.4442,0.289287
train,5320.tif,0.458234,16.8662,0.36743
train,5321.tif,0.606758,23.1052,0.24752
train,5322.tif,0.653483,22.1823,0.24144
train,5323.tif,0.582355,21.7994,0.277311
train,5324.tif,0.508602,19.9815,0.253648
train,5325.tif,0.593034,23.4196,0.269736
train,5326.tif,0.534675,19.9819,0.266318
train,5327.tif,0.544471,21.2952,0.249995
train,5328.tif,0.461385,18.8283,0.299392
train,5329.tif,0.626087,23.2451,0.331971
train,533.tif,0.550934,21.5183,0.301163
train,5330.tif,0.638083,23.5436,0.27412
train,5331.tif,0.704213,23.6992,0.253692
train,5332.tif,0.605972,22.7866,0.221346
train,5333.tif,0.560139,21.1912,0.26127
train,5334.tif,0.606251,23.314,0.248269
train,5335.tif,0.641762,23.6153,0.286582
train,5336.tif,0.570482,21.4984,0.286002
train,5337.tif,0.728786,23.382,0.245434
train,5338.tif,0.524271,22.2627,0.276426
train,5339.tif,0.618593,21.8968,0.25337
train,534.tif,0.476523,20.6637,0.311997
train,5340.tif,0.697949,24.2322,0.203758
train,5341.tif,0.515747,19.5031,0.28647
train,5342.tif,0.52086,21.3212,0.273772
train,5343.tif,0.694888,22.7823,0.237734
train,5344.tif,0.632827,23.7547,0.238062
train,5345.tif,0.582472,22.2803,0.248368
train,5346.tif,0.614584,24.2651,0.229998
train,5347.tif,0.511082,21.3389,0.250522
train,5348.tif,0.67521,22.4699,0.26376
train,5349.tif,0.639096,22.5776,0.233718
train,535.tif,0.518901,19.6414,0.273928
train,5350.tif,0.699749,24.3996,0.29762
train,5351.tif,0.672571,24.1408,0.228113
train,5352.tif,0.513722,21.2299,0.287506
train,5353.tif,0.638413,22.5862,0.259705
train,5354.tif,0.658057,23.3371,0.22613
train,5355.tif,0.706885,25.0733,0.215192
train,5356.tif,0.532585,21.2651,0.242178
train,5357.tif,0.606251,23.2309,0.263303
train,5358.tif,0.561657,21.8418,0.245041
train,5359.tif,0.553178,20.9373,0.302307
train,536.tif,0.48863,20.7168,0.307325
train,5360.tif,0.734586,23.9764,0.272155
train,5361.tif,0.647586,22.4086,0.292254
train,5362.tif,0.549191,22.3444,0.262352
train,5363.tif,0.653713,22.5755,0.239447
train,5364.tif,0.551851,22.43,0.249475
train,5365.tif,0.712114,24.507,0.30993
train,5366.tif,0.556153,20.8823,0.242806
train,5367.tif,0.566467,22.2518,0.290363
train,5368.tif,0.527394,21.4669,0.336636
train,5369.tif,0.603157,23.5227,0.224489
train,537.tif,0.468053,19.487,0.283718
train,5370.tif,0.577033,22.5821,0.248715
train,5371.tif,0.48262,20.515,0.304402
train,5372.tif,0.623514,20.7573,0.256114
train,5373.tif,0.62138,23.588,0.24963
train,5374.tif,0.699512,23.023,0.258252
train,5375.tif,0.599496,20.1591,0.250984
train,5376.tif,0.583689,20.7839,0.225578
train,5377.tif,0.483949,21.9928,0.273576
train,5378.tif,0.691706,24.0208,0.245839
train,5379.tif,0.5029,18.3358,0.253303
train,538.tif,0.452733,19.8353,0.265052
train,5380.tif,0.54395,21.4162,0.27127
train,5381.tif,0.546192,21.8146,0.257524
train,5382.tif,0.548929,22.2159,0.284941
train,5383.tif,0.590461,21.2208,0.276875
train,5384.tif,0.574073,20.5381,0.297841
train,5385.tif,0.627324,22.5867,0.277562
train,5386.tif,0.657987,22.6264,0.247591
train,5387.tif,0.611323,23.268,0.248613
train,5388.tif,0.58762,20.5837,0.317019
train,5389.tif,0.574716,21.6389,0.227114
train,539.tif,0.562599,20.6095,0.294101
train,5390.tif,0.527587,19.4645,0.285414
train,5391.tif,0.52656,21.9131,0.279757
train,5392.tif,0.646534,24.4612,0.229054
train,5393.tif,0.593494,22.6779,0.293596
train,5394.tif,0.487044,21.106,0.277886
train,5395.tif,0.726982,25.5434,0.271884
train,5396.tif,0.68318,24.09,0.217501
train,5397.tif,0.654153,22.7317,0.215453
train,5398.tif,0.61265,23.7774,0.253086
train,5399.tif,0.686967,23.3764,0.208852
train,54.tif,0.616909,20.8479,0.262108
train,540.tif,0.513965,20.8222,0.285863
train,5400.tif,0.627399,23.9929,0.22933
train,5401.tif,0.642429,22.8687,0.235969
train,5402.tif,0.675216,22.1957,0.24221
train,5403.tif,0.696055,22.5898,0.247455
train,5404.tif,0.650382,22.8309,0.233448
train,5405.tif,0.549821,22.421,0.303704
train,5406.tif,0.541622,22.9449,0.241382
train,5407.tif,0.579654,22.1843,0.233246
train,5408.tif,0.579279,22.1688,0.276524
train,5409.tif,0.553138,22.7884,0.295872
train,541.tif,0.47031,19.8822,0.2944
train,5410.tif,0.633439,21.7391,0.250868
train,5411.tif,0.533646,20.2506,0.304577
train,5412.tif,0.471684,19.8454,0.295624
train,5413.tif,0.648585,23.1869,0.221638
train,5414.tif,0.353022,20.4633,0.496819
train,5415.tif,0.689325,23.369,0.205714
train,5416.tif,0.598782,20.8649,0.236306
train,5417.tif,0.650871,22.2427,0.26106
train,5418.tif,0.71491,24.3019,0.285265
train,5419.tif,0.532903,21.9202,0.231374
train,542.tif,0.452006,19.8576,0.29712
train,5420.tif,0.643357,22.6601,0.251684
train,5421.tif,0.506632,21.4975,0.350296
train,5422.tif,0.717841,23.5132,0.235444
train,5423.tif,0.630245,22.6027,0.250393
train,5424.tif,0.492623,18.3465,0.312567
train,5425.tif,0.526362,21.0553,0.24728
train,5426.tif,0.563727,21.3761,0.253272
train,5427.tif,0.591689,23.1989,0.23935
train,5428.tif,0.631514,23.276,0.224699
train,5429.tif,0.552639,20.888,0.276618
train,543.tif,0.522746,18.2074,0.305294
train,5430.tif,0.527891,20.6711,0.260698
train,5431.tif,0.683606,23.745,0.203532
train,5432.tif,0.443829,20.493,0.291948
train,5433.tif,0.669014,23.6121,0.220701
train,5434.tif,0.589657,22.2821,0.254731
train,5435.tif,0.633592,23.5462,0.218774
train,5436.tif,0.649269,23.8491,0.228061
train,5437.tif,0.474795,20.8718,0.245196
train,5438.tif,0.77265,24.4894,0.286821
train,5439.tif,0.6279,22.8709,0.272175
train,544.tif,0.485048,20.6862,0.307614
train,5440.tif,0.610139,21.1743,0.274382
train,5441.tif,0.612968,21.3055,0.32098
train,5442.tif,0.575282,20.4748,0.342223
train,5443.tif,0.552881,22.2208,0.282781
train,5444.tif,0.639257,22.3474,0.204497
train,5445.tif,0.5373,20.2161,0.266196
train,5446.tif,0.594028,23.8664,0.269527
train,5447.tif,0.660454,22.609,0.22148
train,5448.tif,0.581839,20.6992,0.282215
train,5449.tif,0.631305,23.3817,0.258197
train,545.tif,0.606002,22.7326,0.281283
train,5450.tif,0.590281,22.9475,0.257631
train,5451.tif,0.543485,21.0088,0.269089
train,5452.tif,0.702775,24.0959,0.23193
train,5453.tif,0.681153,22.3394,0.231883
train,5454.tif,0.694461,23.136,0.229111
train,5455.tif,0.685035,22.7456,0.281828
train,5456.tif,0.619127,23.5113,0.27757
train,5457.tif,0.56169,23.0051,0.24785
train,5458.tif,0.538334,21.9059,0.255087
train,5459.tif,0.594451,21.9655,0.246874
train,546.tif,0.531478,21.2494,0.277079
train,5460.tif,0.621844,22.4617,0.230117
train,5461.tif,0.549865,20.7873,0.262481
train,5462.tif,0.519263,18.4663,0.306135
train,5463.tif,0.464787,21.0499,0.301729
train,5464.tif,0.771285,23.9627,0.222967
train,5465.tif,0.623055,24.3311,0.260561
train,5466.tif,0.561189,21.4491,0.234463
train,5467.tif,0.513833,18.8181,0.27401
train,5468.tif,0.570204,22.2128,0.236831
train,5469.tif,0.552461,20.545,0.309938
train,547.tif,0.511533,19.671,0.286353
train,5470.tif,0.604651,22.0402,0.265707
train,5471.tif,0.517109,20.3717,0.283464
train,5472.tif,0.546628,21.0979,0.268338
train,5473.tif,0.681315,23.9274,0.279276
train,5474.tif,0.636737,22.6502,0.251657
train,5475.tif,0.651976,22.7798,0.229986
train,5476.tif,0.594182,23.8388,0.307463
train,5477.tif,0.667303,23.4847,0.235135
train,5478.tif,0.55245,22.4174,0.219979
train,5479.tif,0.63029,23.2572,0.232845
train,548.tif,0.511545,21.1861,0.293672
train,5480.tif,0.584823,22.1234,0.233034
train,5481.tif,0.592445,22.8682,0.272881
train,5482.tif,0.658035,22.9762,0.218923
train,5483.tif,0.54555,21.3404,0.250982
train,5484.tif,0.529117,21.2173,0.268878
train,5485.tif,0.637962,23.3031,0.212774
train,5486.tif,0.55004,21.1512,0.271974
train,5487.tif,0.529223,21.2806,0.309858
train,5488.tif,0.553289,20.5599,0.281643
train,5489.tif,0.575058,22.5755,0.260508
train,549.tif,0.700018,23.8158,0.234934
train,5490.tif,0.6343,21.656,0.23341
train,5491.tif,0.654266,23.2863,0.265944
train,5492.tif,0.6113,22.8525,0.24028
train,5493.tif,0.485254,20.9585,0.277391
train,5494.tif,0.687782,24.2803,0.232909
train,5495.tif,0.534366,21.6528,0.260887
train,5496.tif,0.581968,23.057,0.240309
train,5497.tif,0.645643,23.1805,0.239224
train,5498.tif,0.57033,22.4043,0.263366
train,5499.tif,0.565762,21.1746,0.283114
train,55.tif,0.418946,18.179,0.314034
train,550.tif,0.695052,22.1388,0.283379
train,5500.tif,0.542067,21.5206,0.299098
train,5501.tif,0.629047,22.3858,0.271907
train,5502.tif,0.69004,23.2354,0.221106
train,5503.tif,0.59606,21.9409,0.234343
train,5504.tif,0.607527,21.8086,0.240887
train,5505.tif,0.700717,22.578,0.211357
train,5506.tif,0.765874,24.245,0.243503
train,5507.tif,0.610596,22.6088,0.245489
train,5508.tif,0.589968,21.0013,0.245519
train,5509.tif,0.547599,20.6014,0.296923
train,551.tif,0.75088,23.325,0.287871
train,5510.tif,0.467601,20.8717,0.299204
train,5511.tif,0.581874,22.9881,0.23054
train,5512.tif,0.622524,22.2318,0.195394
train,5513.tif,0.616177,23.1194,0.249166
train,5514.tif,0.625968,23.1835,0.231696
train,5515.tif,0.57091,21.2121,0.298041
train,5516.tif,0.528091,21.0884,0.263192
train,5517.tif,0.601917,22.3384,0.344318
train,5518.tif,0.575917,21.6663,0.303398
train,5519.tif,0.656376,24.7688,0.217134
train,552.tif,0.472792,19.1015,0.333529
train,5520.tif,0.596537,17.5882,0.278673
train,5521.tif,0.671526,21.8823,0.222767
train,5522.tif,0.620902,22.4371,0.252534
train,5523.tif,0.589819,22.192,0.253601
train,5524.tif,0.650683,22.8868,0.264899
train,5525.tif,0.648833,23.1493,0.234611
train,5526.tif,0.593093,21.3013,0.233411
train,5527.tif,0.547472,21.6625,0.239828
train,5528.tif,0.686225,23.1061,0.306203
train,5529.tif,0.52826,20.7461,0.277246
train,553.tif,0.648253,21.5403,0.297056
train,5530.tif,0.555689,22.7561,0.195488
train,5531.tif,0.704456,24.1422,0.226303
train,5532.tif,0.634332,22.5101,0.264671
train,5533.tif,0.635989,21.4948,0.229092
train,5534.tif,0.63557,23.554,0.216202
train,5535.tif,0.520145,18.5696,0.261661
train,5536.tif,0.534491,22.9194,0.276628
train,5537.tif,0.563883,22.7926,0.279856
train,5538.tif,0.560314,22.1275,0.24126
train,5539.tif,0.442317,22.1376,0.30014
train,554.tif,0.483531,19.5578,0.27839
train,5540.tif,0.663521,23.511,0.256904
train,5541.tif,0.716673,23.6451,0.263705
train,5542.tif,0.624738,20.8824,0.251303
train,5543.tif,0.586488,21.5555,0.329263
train,5544.tif,0.549642,22.2639,0.279506
train,5545.tif,0.589508,23.3427,0.226636
train,5546.tif,0.64818,23.3192,0.229636
train,5547.tif,0.647332,24.346,0.217148
train,5548.tif,0.667866,21.5907,0.228975
train,5549.tif,0.632491,22.4307,0.247055
train,555.tif,0.526521,20.5507,0.257519
train,5550.tif,0.545447,21.5028,0.25351
train,5551.tif,0.541542,20.306,0.30102
train,5552.tif,0.477319,20.8832,0.266763
train,5553.tif,0.624895,23.9346,0.280755
train,5554.tif,0.692496,24.2414,0.214426
train,5555.tif,0.588522,21.7296,0.238839
train,5556.tif,0.581341,22.0671,0.255601
train,5557.tif,0.588461,20.1755,0.274331
train,5558.tif,0.551391,20.4262,0.263104
train,5559.tif,0.670882,23.7759,0.244699
train,556.tif,0.59121,20.2354,0.268415
train,5560.tif,0.387264,19.8746,0.297939
train,5561.tif,0.550652,21.4878,0.294448
train,5562.tif,0.529127,21.1639,0.230408
train,5563.tif,0.618612,22.5891,0.220172
train,5564.tif,0.700021,24.4634,0.279959
train,5565.tif,0.56899,18.3922,0.303965
train,5566.tif,0.401372,18.6942,0.329382
train,5567.tif,0.730683,22.9338,0.213194
train,5568.tif,0.610192,22.2132,0.277453
train,5569.tif,0.626826,22.0302,0.233639
train,557.tif,0.531172,21.0285,0.264611
train,5570.tif,0.676704,24.2796,0.219863
train,5571.tif,0.541898,22.0722,0.23303
train,5572.tif,0.608513,21.4175,0.31318
train,5573.tif,0.59743,20.893,0.324267
train,5574.tif,0.661513,23.4519,0.231386
train,5575.tif,0.558549,22.3008,0.292029
train,5576.tif,0.524101,20.7713,0.290335
train,5577.tif,0.717116,22.7232,0.371983
train,5578.tif,0.635653,23.5246,0.236644
train,5579.tif,0.677853,22.9615,0.249024
train,558.tif,0.541928,19.6028,0.309192
train,5580.tif,0.218317,16.886,0.558174
train,5581.tif,0.637773,21.057,0.253379
train,5582.tif,0.475287,19.6545,0.280698
train,5583.tif,0.517172,22.049,0.290573
train,5584.tif,0.665667,24.0947,0.233265
train,5585.tif,0.641457,24.0399,0.23004
train,5586.tif,0.544793,20.3541,0.26045
train,5587.tif,0.515063,21.8464,0.261013
train,5588.tif,0.660229,23.3145,0.26091
train,5589.tif,0.547302,20.7673,0.232457
train,559.tif,0.544786,21.1728,0.274485
train,5590.tif,0.470525,20.2189,0.291383
train,5591.tif,0.677164,23.1327,0.262936
train,5592.tif,0.786461,23.995,0.190384
train,5593.tif,0.675721,23.2787,0.253149
train,5594.tif,0.521832,21.1346,0.263721
train,5595.tif,0.697475,22.4301,0.22627
train,5596.tif,0.660609,23.1305,0.239698
train,5597.tif,0.56779,21.2533,0.29145
train,5598.tif,0.560597,22.2735,0.267685
train,5599.tif,0.585887,22.8493,0.231407
train,56.tif,0.562182,18.0658,0.301581
train,560.tif,0.501555,21.0186,0.284672
train,5600.tif,0.339309,19.0885,0.493798
train,5601.tif,0.611806,23.0146,0.21242
train,5602.tif,0.558093,19.6096,0.249654
train,5603.tif,0.610386,22.9316,0.201541
train,5604.tif,0.546489,20.234,0.436914
train,5605.tif,0.619975,23.566,0.22679
train,5606.tif,0.66388,24.1941,0.263494
train,5607.tif,0.529944,19.2057,0.313463
train,5608.tif,0.58982,22.7317,0.234923
train,5609.tif,0.446811,20.0413,0.270094
train,561.tif,0.462561,21.1142,0.293135
train,5610.tif,0.59131,22.4314,0.26784
train,5611.tif,0.585258,22.201,0.244182
train,5612.tif,0.631647,24.117,0.219512
train,5613.tif,0.656104,24.4311,0.261224
train,5614.tif,0.595395,21.2309,0.364482
train,5615.tif,0.569415,23.3626,0.262974
train,5616.tif,0.498463,20.2205,0.311098
train,5617.tif,0.677339,23.061,0.270306
train,5618.tif,0.538813,21.8717,0.273132
train,5619.tif,0.618271,22.2438,0.253755
train,562.tif,0.552095,20.4036,0.290006
train,5620.tif,0.822252,25.0627,0.229048
train,5621.tif,0.646146,22.5922,0.219335
train,5622.tif,0.673879,22.1322,0.237411
train,5623.tif,0.49795,20.2248,0.280653
train,5624.tif,0.591812,22.1347,0.280576
train,5625.tif,0.555686,21.2613,0.282197
train,5626.tif,0.609015,23.596,0.259032
train,5627.tif,0.729887,24.1484,0.220809
train,5628.tif,0.568156,22.292,0.23158
train,5629.tif,0.661194,21.3442,0.243762
train,563.tif,0.584944,21.6216,0.28622
train,5630.tif,0.683109,23.8548,0.231518
train,5631.tif,0.575714,21.5932,0.267382
train,5632.tif,0.509635,19.8287,0.278072
train,5633.tif,0.655601,23.2561,0.221464
train,5634.tif,0.722689,23.9932,0.301379
train,5635.tif,0.497082,20.6006,0.274387
train,5636.tif,0.590169,21.3967,0.303861
train,5637.tif,0.352612,20.0538,0.523741
train,5638.tif,0.684681,23.2508,0.245795
train,5639.tif,0.535452,21.5362,0.273921
train,564.tif,0.437178,20.314,0.322084
train,5640.tif,0.639525,23.6984,0.249522
train,5641.tif,0.484576,19.5894,0.296746
train,5642.tif,0.51124,20.5489,0.289804
train,5643.tif,0.589188,21.8257,0.337099
train,5644.tif,0.524842,20.765,0.277071
train,5645.tif,0.671264,22.3941,0.216051
train,5646.tif,0.747753,24.6921,0.279833
train,5647.tif,0.53202,20.6678,0.502793
train,5648.tif,0.627098,21.5186,0.243218
train,5649.tif,0.760911,24.4427,0.231784
train,565.tif,0.467929,20.664,0.279707
train,5650.tif,0.64243,23.3997,0.272859
train,5651.tif,0.197109,17.392,0.611748
train,5652.tif,0.693785,23.7177,0.231801
train,5653.tif,0.563724,20.1801,0.267142
train,5654.tif,0.649434,23.7715,0.234131
train,5655.tif,0.540664,20.1298,0.25261
train,5656.tif,0.477137,21.4411,0.325742
train,5657.tif,0.53656,20.3741,0.280315
train,5658.tif,0.556407,21.0942,0.236958
train,5659.tif,0.684735,23.4038,0.24947
train,566.tif,0.504071,19.256,0.293553
train,5660.tif,0.616281,23.0163,0.273842
train,5661.tif,0.809091,23.7681,0.296084
train,5662.tif,0.739459,23.3085,0.245932
train,5663.tif,0.700476,22.9477,0.272537
train,5664.tif,0.602858,22.9099,0.236267
train,5665.tif,0.58423,20.0424,0.266218
train,5666.tif,0.514427,18.4908,0.268049
train,5667.tif,0.615052,23.7795,0.270171
train,5668.tif,0.595266,22.5459,0.256162
train,5669.tif,0.689606,21.8148,0.231555
train,567.tif,0.481035,20.4827,0.255642
train,5670.tif,0.548003,20.8353,0.268687
train,5671.tif,0.654527,23.0768,0.242159
train,5672.tif,0.650679,22.1568,0.248687
train,5673.tif,0.557997,21.9405,0.261624
train,5674.tif,0.683069,24.8545,0.219058
train,5675.tif,0.641699,22.0003,0.272316
train,5676.tif,0.613416,22.5953,0.269096
train,5677.tif,0.706048,23.7646,0.184976
train,5678.tif,0.463519,20.4066,0.270156
train,5679.tif,0.722026,24.936,0.201158
train,568.tif,0.470485,20.4423,0.317034
train,5680.tif,0.601871,23.8493,0.239569
train,5681.tif,0.625352,23.2601,0.247788
train,5682.tif,0.571932,21.9783,0.250334
train,5683.tif,0.536647,20.0343,0.285515
train,5684.tif,0.463221,19.7751,0.294472
train,5685.tif,0.55908,24.0939,0.292277
train,5686.tif,0.511745,20.3404,0.260633
train,5687.tif,0.551832,22.2393,0.256837
train,5688.tif,0.70533,23.1147,0.265491
train,5689.tif,0.521808,20.4659,0.259073
train,569.tif,0.539539,22.7316,0.278061
train,5690.tif,0.539671,22.4888,0.273668
train,5691.tif,0.506036,19.968,0.294497
train,5692.tif,0.656065,23.8468,0.224604
train,5693.tif,0.551571,22.5535,0.271112
train,5694.tif,0.615508,22.9817,0.224066
train,5695.tif,0.655154,23.1157,0.252324
train,5696.tif,0.475702,17.8201,0.319107
train,5697.tif,0.606766,23.5776,0.27538
train,5698.tif,0.503666,21.3556,0.246166
train,5699.tif,0.730267,25.0764,0.242319
train,57.tif,0.637856,22.2185,0.322343
train,570.tif,0.46252,19.5789,0.31444
train,5700.tif,0.62464,22.43,0.249385
train,5701.tif,0.643953,22.087,0.237953
train,5702.tif,0.689042,22.6482,0.211161
train,5703.tif,0.697393,23.6616,0.226306
train,5704.tif,0.532708,20.157,0.276818
train,5705.tif,0.611933,22.8835,0.275963
train,5706.tif,0.713241,25.2233,0.210121
train,5707.tif,0.643517,23.3516,0.218784
train,5708.tif,0.556792,21.895,0.237274
train,5709.tif,0.786013,25.5532,0.208144
train,571.tif,0.517107,21.079,0.27476
train,5710.tif,0.587023,22.184,0.244357
train,5711.tif,0.684174,24.5697,0.235511
train,5712.tif,0.593881,22.2227,0.255104
train,5713.tif,0.684442,22.4829,0.208186
train,5714.tif,0.650708,24.3922,0.264018
train,5715.tif,0.583144,23.3188,0.256731
train,5716.tif,0.711154,23.4027,0.202202
train,5717.tif,0.554356,22.2891,0.239842
train,5718.tif,0.669823,23.4802,0.208698
train,5719.tif,0.618943,22.0407,0.26282
train,572.tif,0.511447,20.7956,0.258141
train,5720.tif,0.672376,24.3226,0.219386
train,5721.tif,0.550284,23.0345,0.2731
train,5722.tif,0.661569,22.7292,0.230158
train,5723.tif,0.692528,23.3028,0.231206
train,5724.tif,0.511426,21.5252,0.247739
train,5725.tif,0.624964,22.9917,0.27312
train,5726.tif,0.574483,22.0171,0.303663
train,5727.tif,0.603225,21.9757,0.28993
train,5728.tif,0.561319,21.4861,0.250688
train,5729.tif,0.615464,21.011,0.238634
train,573.tif,0.48761,21.0346,0.292789
train,5730.tif,0.561499,20.8984,0.284418
train,5731.tif,0.563936,22.5866,0.296448
train,5732.tif,0.690788,22.0742,0.246281
train,5733.tif,0.677711,23.4987,0.251352
train,5734.tif,0.582137,22.2172,0.258814
train,5735.tif,0.560042,20.1056,0.277778
train,5736.tif,0.516377,20.2968,0.228248
train,5737.tif,0.476753,20.4096,0.30583
train,5738.tif,0.56109,20.0465,0.294179
train,5739.tif,0.669561,23.1077,0.23809
train,574.tif,0.486612,19.8899,0.273906
train,5740.tif,0.627062,24.0326,0.2241
train,5741.tif,0.649468,22.6148,0.248489
train,5742.tif,0.676722,24.0156,0.255044
train,5743.tif,0.522829,21.0393,0.266501
train,5744.tif,0.621886,22.4417,0.299128
train,5745.tif,0.721074,23.9615,0.227042
train,5746.tif,0.499842,21.2782,0.28264
train,5747.tif,0.639357,22.5259,0.232041
train,5748.tif,0.693368,23.5646,0.212185
train,5749.tif,0.656121,23.7839,0.227648
train,575.tif,0.631602,21.8189,0.334236
train,5750.tif,0.626129,22.9048,0.231639
train,5751.tif,0.60187,21.7678,0.224108
train,5752.tif,0.612057,23.1728,0.228218
train,5753.tif,0.563925,21.3201,0.239282
train,5754.tif,0.472438,20.8022,0.280147
train,5755.tif,0.656328,23.1785,0.204403
train,5756.tif,0.552891,22.3063,0.277232
train,5757.tif,0.486838,21.505,0.269323
train,5758.tif,0.611942,22.9112,0.329702
train,5759.tif,0.53366,20.7666,0.300709
train,576.tif,0.637017,21.2685,0.281742
train,5760.tif,0.618666,22.3007,0.253902
train,5761.tif,0.48869,21.1444,0.300436
train,5762.tif,0.604915,23.9896,0.271841
train,5763.tif,0.659282,24.3953,0.262452
train,5764.tif,0.620109,22.0271,0.233908
train,5765.tif,0.611043,22.051,0.250412
train,5766.tif,0.628417,23.0684,0.282191
train,5767.tif,0.593613,23.3045,0.260314
train,5768.tif,0.52205,22.0753,0.26494
train,5769.tif,0.611145,21.2084,0.215677
train,577.tif,0.743269,21.5884,0.268293
train,5770.tif,0.583223,22.5562,0.221717
train,5771.tif,0.553238,21.201,0.281082
train,5772.tif,0.503416,20.758,0.248857
train,5773.tif,0.524373,20.1224,0.271336
train,5774.tif,0.504939,21.4186,0.261313
train,5775.tif,0.562595,20.9139,0.330726
train,5776.tif,0.62692,22.7056,0.259088
train,5777.tif,0.621178,20.5306,0.315613
train,5778.tif,0.699049,24.3413,0.215233
train,5779.tif,0.665716,23.1693,0.241521
train,578.tif,0.5566,21.5097,0.288202
train,5780.tif,0.737818,25.811,0.213492
train,5781.tif,0.588663,21.639,0.279356
train,5782.tif,0.536823,21.5925,0.249262
train,5783.tif,0.599557,22.9227,0.251616
train,5784.tif,0.638516,22.5987,0.346765
train,5785.tif,0.618364,21.9466,0.263186
train,5786.tif,0.514893,19.5797,0.280084
train,5787.tif,0.777458,25.0023,0.294152
train,5788.tif,0.673448,22.8611,0.254408
train,5789.tif,0.525234,19.9661,0.256677
train,579.tif,0.504181,19.115,0.291765
train,5790.tif,0.582596,21.9169,0.250043
train,5791.tif,0.63163,23.4972,0.212267
train,5792.tif,0.608025,22.1694,0.314272
train,5793.tif,0.627823,21.516,0.247352
train,5794.tif,0.752317,23.2912,0.265567
train,5795.tif,0.586423,22.4667,0.24205
train,5796.tif,0.617523,24.2625,0.344638
train,5797.tif,0.604443,23.0528,0.270691
train,5798.tif,0.691311,24.0355,0.263598
train,5799.tif,0.655296,23.1672,0.258533
train,58.tif,0.506075,19.5381,0.258526
train,580.tif,0.567183,21.3175,0.256262
train,5800.tif,0.614674,22.3358,0.217787
train,5801.tif,0.652704,23.7313,0.237785
train,5802.tif,0.706657,24.2098,0.263934
train,5803.tif,0.615887,21.1927,0.281164
train,5804.tif,0.617954,22.4825,0.235382
train,5805.tif,0.676202,23.4365,0.211635
train,5806.tif,0.526958,21.5824,0.233456
train,5807.tif,0.676384,24.2367,0.259175
train,5808.tif,0.509074,19.9803,0.286988
train,5809.tif,0.487987,21.0695,0.274593
train,581.tif,0.554273,21.506,0.276359
train,5810.tif,0.568187,21.751,0.257921
train,5811.tif,0.55254,21.653,0.312338
train,5812.tif,0.564288,21.8349,0.250398
train,5813.tif,0.632317,22.8032,0.252423
train,5814.tif,0.572911,23.0602,0.257774
train,5815.tif,0.690788,23.4299,0.214294
train,5816.tif,0.608681,20.5005,0.281099
train,5817.tif,0.583676,22.0579,0.289579
train,5818.tif,0.599402,23.1778,0.250349
train,5819.tif,0.573121,21.5884,0.279999
train,582.tif,0.45495,20.0385,0.311622
train,5820.tif,0.507975,19.9206,0.285801
train,5821.tif,0.781706,24.9228,0.208886
train,5822.tif,0.572043,21.9849,0.27793
train,5823.tif,0.526639,21.3316,0.242013
train,5824.tif,0.690066,23.3344,0.240921
train,5825.tif,0.764698,23.9484,0.371853
train,5826.tif,0.532128,22.4031,0.234266
train,5827.tif,0.65135,22.3948,0.2495
train,5828.tif,0.644045,23.587,0.274675
train,5829.tif,0.671004,23.4169,0.220545
train,583.tif,0.434058,19.1485,0.344306
train,5830.tif,0.707527,23.15,0.238385
train,5831.tif,0.697226,23.4539,0.225857
train,5832.tif,0.662155,24.2534,0.238957
train,5833.tif,0.704424,23.7658,0.222114
train,5834.tif,0.64253,21.8219,0.24303
train,5835.tif,0.694232,22.4401,0.204462
train,5836.tif,0.589066,21.3273,0.232293
train,5837.tif,0.655147,23.4023,0.230276
train,5838.tif,0.634881,21.0212,0.249652
train,5839.tif,0.68666,22.9003,0.201333
train,584.tif,0.499362,19.2829,0.30012
train,5840.tif,0.669213,21.3482,0.251423
train,5841.tif,0.687906,24.1199,0.208724
train,5842.tif,0.582826,21.0453,0.286574
train,5843.tif,0.53611,20.7922,0.27152
train,5844.tif,0.62417,23.4668,0.239363
train,5845.tif,0.618972,22.2092,0.276113
train,5846.tif,0.617089,21.4035,0.244324
train,5847.tif,0.621847,20.7249,0.251952
train,5848.tif,0.600977,21.5691,0.242088
train,5849.tif,0.798348,26.4896,0.218509
train,585.tif,0.532105,18.4627,0.290664
train,5850.tif,0.523053,21.3,0.279534
train,5851.tif,0.631199,23.6454,0.274609
train,5852.tif,0.580445,21.1997,0.246732
train,5853.tif,0.753323,21.6069,0.253251
train,5854.tif,0.584782,21.7649,0.230326
train,5855.tif,0.625081,21.7088,0.240626
train,5856.tif,0.687275,23.0539,0.222235
train,5857.tif,0.641749,21.6378,0.253724
train,5858.tif,0.576866,20.5287,0.255413
train,5859.tif,0.775912,24.0194,0.192475
train,586.tif,0.463971,20.2142,0.344445
train,5860.tif,0.772971,22.052,0.269332
train,5861.tif,0.680004,23.2491,0.340076
train,5862.tif,0.610604,22.7016,0.216344
train,5863.tif,0.553109,19.2309,0.320481
train,5864.tif,0.561652,20.9066,0.280721
train,5865.tif,0.666947,25.0626,0.261518
train,5866.tif,0.629673,22.9501,0.329816
train,5867.tif,0.594343,22.1657,0.231472
train,5868.tif,0.634142,20.475,0.297043
train,5869.tif,0.539145,19.3359,0.307117
train,587.tif,0.567119,21.7951,0.253386
train,5870.tif,0.718935,21.9514,0.193688
train,5871.tif,0.578674,20.7473,0.252825
train,5872.tif,0.683727,22.6901,0.270513
train,5873.tif,0.642778,21.7336,0.248789
train,5874.tif,0.564907,21.3964,0.27558
train,5875.tif,0.633003,22.4829,0.245923
train,5876.tif,0.64654,23.6713,0.231255
train,5877.tif,0.572279,22.0006,0.271634
train,5878.tif,0.66611,22.971,0.217246
train,5879.tif,0.600973,21.8759,0.272776
train,588.tif,0.47572,19.1382,0.294375
train,5880.tif,0.686301,20.48,0.255853
train,5881.tif,0.64404,20.0434,0.231209
train,5882.tif,0.590342,21.5699,0.291394
train,5883.tif,0.779522,24.2918,0.223356
train,5884.tif,0.627731,23.1961,0.244237
train,5885.tif,0.622175,22.8348,0.2305
train,5886.tif,0.569686,21.4128,0.250986
train,5887.tif,0.546571,20.6608,0.264498
train,5888.tif,0.615545,23.6204,0.311893
train,5889.tif,0.707595,23.7915,0.357586
train,589.tif,0.506506,21.2433,0.286892
train,5890.tif,0.553546,20.7337,0.287454
train,5891.tif,0.619006,20.3088,0.307424
train,5892.tif,0.600009,23.7244,0.262211
train,5893.tif,0.607642,23.1796,0.323135
train,5894.tif,0.817899,23.1951,0.377997
train,5895.tif,0.527873,18.3917,0.24198
train,5896.tif,0.634689,21.7314,0.26319
train,5897.tif,0.628891,22.7942,0.213661
train,5898.tif,0.693158,22.6764,0.216966
train,5899.tif,0.695405,23.7911,0.204845
train,59.tif,0.450996,20.0688,0.301912
train,590.tif,0.511743,20.4437,0.288919
train,5900.tif,0.596589,21.7167,0.290708
train,5901.tif,0.476303,20.8616,0.274614
train,5902.tif,0.644756,23.2161,0.241166
train,5903.tif,0.471351,19.5047,0.315975
train,5904.tif,0.615589,22.5341,0.233791
train,5905.tif,0.526954,21.014,0.266336
train,5906.tif,0.517316,21.7454,0.276622
train,5907.tif,0.571052,22.0426,0.23261
train,5908.tif,0.725059,24.2731,0.196925
train,5909.tif,0.479894,20.4944,0.293194
train,591.tif,0.693676,22.1676,0.208729
train,5910.tif,0.777141,24.1956,0.281412
train,5911.tif,0.471713,17.4905,0.343072
train,5912.tif,0.681524,23.2614,0.230329
train,5913.tif,0.500746,22.0796,0.270645
train,5914.tif,0.62611,22.6757,0.256318
train,5915.tif,0.572699,19.8032,0.274931
train,5916.tif,0.666951,23.7587,0.258728
train,5917.tif,0.56009,20.3177,0.268561
train,5918.tif,0.550161,19.8392,0.245039
train,5919.tif,0.588601,23.4282,0.311414
train,592.tif,0.471134,18.6908,0.293593
train,5920.tif,0.681511,22.9341,0.215277
train,5921.tif,0.524931,21.3046,0.255607
train,5922.tif,0.521458,22.0943,0.256348
train,5923.tif,0.643067,24.3953,0.235544
train,5924.tif,0.544612,20.2502,0.263637
train,5925.tif,0.650132,23.5364,0.257018
train,5926.tif,0.632323,22.835,0.239936
train,5927.tif,0.579501,19.6182,0.316338
train,5928.tif,0.544063,21.1931,0.237908
train,5929.tif,0.623795,21.7719,0.252029
train,593.tif,0.464964,19.9865,0.341758
train,5930.tif,0.569854,21.322,0.263683
train,5931.tif,0.630896,22.4841,0.240889
train,5932.tif,0.589407,21.9597,0.295439
train,5933.tif,0.634035,21.1569,0.259999
train,5934.tif,0.645695,23.2714,0.2203
train,5935.tif,0.706878,23.2597,0.219927
train,5936.tif,0.646208,22.8867,0.247933
train,5937.tif,0.505371,21.2033,0.273755
train,5938.tif,0.506889,20.1312,0.297981
train,5939.tif,0.694513,24.8774,0.238234
train,594.tif,0.465141,20.3908,0.340306
train,5940.tif,0.679932,23.919,0.248744
train,5941.tif,0.589093,21.1242,0.285148
train,5942.tif,0.661738,21.7548,0.293544
train,5943.tif,0.629695,23.3404,0.231007
train,5944.tif,0.701767,19.4327,0.272449
train,5945.tif,0.644007,23.7469,0.295272
train,5946.tif,0.488425,20.6879,0.263165
train,5947.tif,0.603168,23.0448,0.228844
train,5948.tif,0.571136,22.8725,0.252072
train,5949.tif,0.539076,20.5557,0.315464
train,595.tif,0.614175,21.1538,0.268371
train,5950.tif,0.695401,24.3293,0.217509
train,5951.tif,0.771052,25.3608,0.235206
train,5952.tif,0.596706,20.9157,0.236083
train,5953.tif,0.616582,22.71,0.229973
train,5954.tif,0.55257,21.2341,0.262908
train,5955.tif,0.49246,19.3498,0.289521
train,5956.tif,0.603754,23.0323,0.214772
train,5957.tif,0.655375,22.8406,0.226862
train,5958.tif,0.655674,23.3397,0.23278
train,5959.tif,0.637302,21.7355,0.240252
train,596.tif,0.534216,17.7858,0.309408
train,5960.tif,0.530481,21.9744,0.259804
train,5961.tif,0.681775,23.7851,0.256295
train,5962.tif,0.701834,23.416,0.215932
train,5963.tif,0.645072,23.8025,0.259255
train,5964.tif,0.71751,23.7128,0.225219
train,5965.tif,0.553446,20.6037,0.268308
train,5966.tif,0.665485,21.4661,0.258257
train,5967.tif,0.675973,22.623,0.230323
train,5968.tif,0.663061,23.9301,0.271635
train,5969.tif,0.681661,21.9713,0.254927
train,597.tif,0.509457,19.821,0.310185
train,5970.tif,0.581533,20.8769,0.31158
train,5971.tif,0.660212,22.25,0.276878
train,5972.tif,0.578093,18.9399,0.26779
train,5973.tif,0.733715,23.8754,0.235158
train,5974.tif,0.600863,22.3082,0.293392
train,5975.tif,0.605535,23.7527,0.302885
train,5976.tif,0.511437,19.0142,0.283781
train,5977.tif,0.597003,21.8965,0.23355
train,5978.tif,0.585175,22.4657,0.327107
train,5979.tif,0.495883,21.5227,0.279267
train,598.tif,0.657398,21.8461,0.324042
train,5980.tif,0.491798,21.9283,0.278856
train,5981.tif,0.629293,22.2303,0.260719
train,5982.tif,0.568763,21.8324,0.274159
train,5983.tif,0.667283,22.0736,0.226863
train,5984.tif,0.502693,20.1693,0.259084
train,5985.tif,0.556126,21.6422,0.282176
train,5986.tif,0.641294,22.5436,0.286798
train,5987.tif,0.710603,21.9442,0.247245
train,5988.tif,0.533081,22.498,0.256257
train,5989.tif,0.543589,22.4589,0.306696
train,599.tif,0.599611,21.6551,0.294304
train,5990.tif,0.656604,21.9524,0.231285
train,5991.tif,0.582335,21.3481,0.232987
train,5992.tif,0.539452,22.1922,0.23766
train,5993.tif,0.530709,19.8851,0.267703
train,5994.tif,0.625144,21.6679,0.289132
train,5995.tif,0.706593,24.3758,0.208862
train,5996.tif,0.525788,19.8971,0.271552
train,5997.tif,0.677944,22.5666,0.233556
train,5998.tif,0.578368,22.0205,0.244456
train,5999.tif,0.592537,21.9004,0.26831
train,6.tif,0.590485,20.9567,0.302206
train,60.tif,0.718641,23.1381,0.22381
train,600.tif,0.598245,21.5217,0.266823
train,6000.tif,0.556211,21.7725,0.312337
train,6001.tif,0.635287,22.998,0.226863
train,6002.tif,0.494697,20.0706,0.28771
train,6003.tif,0.648518,23.2175,0.243552
train,6004.tif,0.572668,20.0554,0.277282
train,6005.tif,0.59593,23.3432,0.263953
train,6006.tif,0.701919,23.8923,0.235036
train,6007.tif,0.662391,22.4243,0.221522
train,6008.tif,0.601716,20.2223,0.270723
train,6009.tif,0.56188,21.3263,0.270106
train,601.tif,0.463653,20.1579,0.29217
train,6010.tif,0.689112,23.6718,0.220808
train,6011.tif,0.612897,22.4793,0.272793
train,6012.tif,0.526298,19.6817,0.288296
train,6013.tif,0.57409,21.5277,0.243394
train,6014.tif,0.621824,23.3501,0.251118
train,6015.tif,0.707962,23.9382,0.247639
train,6016.tif,0.40443,18.0652,0.333341
train,6017.tif,0.671156,23.6735,0.215508
train,6018.tif,0.805008,24.9561,0.182569
train,6019.tif,0.478013,19.4605,0.296971
train,602.tif,0.475047,19.8658,0.276525
train,6020.tif,0.653298,22.4183,0.248506
train,6021.tif,0.584951,21.1863,0.255472
train,6022.tif,0.623571,22.3323,0.305269
train,6023.tif,0.623217,21.1202,0.264331
train,6024.tif,0.663052,23.8771,0.205101
train,6025.tif,0.528421,19.7701,0.23778
train,6026.tif,0.499034,18.9118,0.316868
train,6027.tif,0.606374,20.6239,0.250489
train,6028.tif,0.753794,24.1641,0.224509
train,6029.tif,0.706185,23.5762,0.203527
train,603.tif,0.545601,21.1149,0.259839
train,6030.tif,0.52489,20.3788,0.287463
train,6031.tif,0.617796,23.1732,0.279081
train,6032.tif,0.642667,21.9979,0.229086
train,6033.tif,0.60546,21.8801,0.250377
train,6034.tif,0.633688,23.1819,0.278037
train,6035.tif,0.64119,23.6989,0.214789
train,6036.tif,0.535283,19.5838,0.281465
train,6037.tif,0.627566,24.389,0.275399
train,6038.tif,0.645878,23.8826,0.225002
train,6039.tif,0.590351,21.1017,0.282767
train,604.tif,0.548666,21.0601,0.272698
train,6040.tif,0.67992,23.5614,0.300028
train,6041.tif,0.687876,22.6114,0.22137
train,6042.tif,0.615787,21.652,0.229267
train,6043.tif,0.648913,23.9644,0.24048
train,6044.tif,0.619321,22.1,0.278937
train,6045.tif,0.71825,24.3653,0.300532
train,6046.tif,0.583105,21.8729,0.238372
train,6047.tif,0.691089,22.5435,0.303183
train,6048.tif,0.664325,22.6405,0.238348
train,6049.tif,0.503487,17.2737,0.310442
train,605.tif,0.463839,19.5278,0.288786
train,6050.tif,0.614693,22.4398,0.28273
train,6051.tif,0.687882,23.9921,0.217271
train,6052.tif,0.52897,19.6946,0.294552
train,6053.tif,0.679911,24.4741,0.22516
train,6054.tif,0.620801,22.9672,0.262026
train,6055.tif,0.568945,21.1198,0.289187
train,6056.tif,0.507846,18.2353,0.309531
train,6057.tif,0.66138,23.4393,0.236371
train,6058.tif,0.626153,23.6045,0.221492
train,6059.tif,0.464802,18.8623,0.305669
train,606.tif,0.361353,18.3391,0.340262
train,6060.tif,0.527393,21.6426,0.236493
train,6061.tif,0.642309,23.2379,0.264235
train,6062.tif,0.646062,22.3453,0.243521
train,6063.tif,0.700386,24.2332,0.229971
train,6064.tif,0.647051,22.8981,0.323336
train,6065.tif,0.533804,17.6153,0.307232
train,6066.tif,0.675228,25.541,0.290211
train,6067.tif,0.545689,22.5386,0.243777
train,6068.tif,0.589544,20.1677,0.334819
train,6069.tif,0.578044,22.2602,0.273251
train,607.tif,0.477695,20.3143,0.272841
train,6070.tif,0.556648,21.2632,0.289392
train,6071.tif,0.563585,21.7302,0.2525
train,6072.tif,0.665179,24.9319,0.21557
train,6073.tif,0.516858,18.8914,0.270703
train,6074.tif,0.584246,19.784,0.260899
train,6075.tif,0.737625,23.9389,0.23214
train,6076.tif,0.592266,23.2119,0.377964
train,6077.tif,0.66413,22.7185,0.270691
train,6078.tif,0.516479,19.5538,0.267709
train,6079.tif,0.533656,21.7088,0.294369
train,608.tif,0.472946,20.8091,0.275156
train,6080.tif,0.58177,23.3788,0.234125
train,6081.tif,0.663346,24.3633,0.233704
train,6082.tif,0.701925,24.1216,0.221738
train,6083.tif,0.56011,21.5392,0.301431
train,6084.tif,0.538626,21.8039,0.324457
train,6085.tif,0.612578,21.0034,0.252825
train,6086.tif,0.65558,22.0115,0.231038
train,6087.tif,0.647999,24.6039,0.208363
train,6088.tif,0.665035,21.8887,0.243843
train,6089.tif,0.690884,25.1362,0.229236
train,609.tif,0.578579,22.1759,0.272323
train,6090.tif,0.740824,24.5023,0.214572
train,6091.tif,0.712305,23.5606,0.207094
train,6092.tif,0.695094,23.3803,0.228166
train,6093.tif,0.553624,20.3412,0.234458
train,6094.tif,0.68103,23.9046,0.214693
train,6095.tif,0.455372,20.808,0.321545
train,6096.tif,0.640269,23.5325,0.249027
train,6097.tif,0.593354,23.2137,0.23946
train,6098.tif,0.66256,20.5208,0.263454
train,6099.tif,0.483778,22.2644,0.293852
train,61.tif,0.56562,21.1587,0.318743
train,610.tif,0.458119,19.8178,0.298468
train,6100.tif,0.667592,23.7826,0.250382
train,6101.tif,0.681892,21.4793,0.241454
train,6102.tif,0.611369,22.7997,0.280987
train,6103.tif,0.553616,21.7057,0.266638
train,6104.tif,0.58669,18.5578,0.276148
train,6105.tif,0.62403,23.1435,0.256188
train,6106.tif,0.663799,23.9645,0.226972
train,6107.tif,0.508717,22.287,0.26064
train,6108.tif,0.673885,23.6766,0.221472
train,6109.tif,0.624957,21.6575,0.219228
train,611.tif,0.542173,20.7387,0.286241
train,6110.tif,0.592577,21.7032,0.295363
train,6111.tif,0.646916,23.342,0.235923
train,6112.tif,0.667236,23.1605,0.210099
train,6113.tif,0.67968,22.7338,0.247091
train,6114.tif,0.608669,21.4322,0.235628
train,6115.tif,0.515527,20.3359,0.28297
train,6116.tif,0.547211,21.6932,0.252855
train,6117.tif,0.460809,20.815,0.329292
train,6118.tif,0.519884,18.2123,0.298641
train,6119.tif,0.608727,21.725,0.263104
train,612.tif,0.479978,20.0148,0.311432
train,6120.tif,0.459479,21.9878,0.292693
train,6121.tif,0.557125,21.1825,0.249368
train,6122.tif,0.700898,23.4729,0.232247
train,6123.tif,0.656523,24.0544,0.248372
train,6124.tif,0.603384,22.775,0.280802
train,6125.tif,0.520298,19.801,0.261619
train,6126.tif,0.523133,20.5082,0.255622
train,6127.tif,0.59561,21.9908,0.257187
train,6128.tif,0.704187,21.8273,0.204615
train,6129.tif,0.581339,21.8718,0.256348
train,613.tif,0.485846,18.4787,0.274043
train,6130.tif,0.480724,22.6729,0.295324
train,6131.tif,0.465997,20.7452,0.268737
train,6132.tif,0.575741,21.9562,0.254651
train,6133.tif,0.643255,22.7976,0.227236
train,6134.tif,0.693548,24.1314,0.23431
train,6135.tif,0.670416,24.599,0.284564
train,6136.tif,0.637647,22.717,0.311324
train,6137.tif,0.545772,23.6353,0.305875
train,6138.tif,0.817208,24.7875,0.243328
train,6139.tif,0.58482,20.1657,0.290136
train,614.tif,0.53218,20.1467,0.309398
train,6140.tif,0.474738,21.8361,0.323876
train,6141.tif,0.652104,22.779,0.243217
train,6142.tif,0.650505,22.391,0.248582
train,6143.tif,0.521459,21.2254,0.269331
train,6144.tif,0.703334,23.132,0.257227
train,6145.tif,0.555129,21.8489,0.284591
train,6146.tif,0.63782,21.5386,0.255615
train,6147.tif,0.586375,22.4011,0.256892
train,6148.tif,0.637504,22.2583,0.274277
train,6149.tif,0.538906,20.021,0.315038
train,615.tif,0.567519,20.6297,0.275809
train,6150.tif,0.428122,18.6445,0.304739
train,6151.tif,0.598957,22.1484,0.260158
train,6152.tif,0.691622,24.8022,0.223411
train,6153.tif,0.648583,23.2504,0.233299
train,6154.tif,0.684072,22.9593,0.297908
train,6155.tif,0.627553,22.295,0.245907
train,6156.tif,0.597967,22.9775,0.284886
train,6157.tif,0.705027,24.2033,0.215393
train,6158.tif,0.554092,21.8066,0.314044
train,6159.tif,0.576244,21.8412,0.297574
train,616.tif,0.517055,20.176,0.337063
train,6160.tif,0.569776,22.0099,0.302839
train,6161.tif,0.571543,21.1916,0.248215
train,6162.tif,0.550892,20.5873,0.28964
train,6163.tif,0.636718,22.802,0.256939
train,6164.tif,0.664661,23.1159,0.25861
train,6165.tif,0.549085,20.648,0.2818
train,6166.tif,0.730108,24.7735,0.267068
train,6167.tif,0.656751,21.8569,0.213294
train,6168.tif,0.574233,21.6438,0.281679
train,6169.tif,0.605545,22.2181,0.240948
train,617.tif,0.572011,20.9177,0.26362
train,6170.tif,0.581342,21.3396,0.300354
train,6171.tif,0.572005,22.0442,0.241702
train,6172.tif,0.60465,23.3555,0.248434
train,6173.tif,0.594047,21.224,0.313471
train,6174.tif,0.566333,21.6135,0.267318
train,6175.tif,0.649637,20.2938,0.2802
train,6176.tif,0.662803,24.065,0.342034
train,6177.tif,0.583077,22.5937,0.243352
train,6178.tif,0.680955,23.18,0.281513
train,6179.tif,0.562852,22.1433,0.29111
train,618.tif,0.485138,20.8163,0.272597
train,6180.tif,0.718834,23.9549,0.240686
train,6181.tif,0.75387,24.3842,0.263599
train,6182.tif,0.686242,21.8195,0.270897
train,6183.tif,0.52777,19.9576,0.513921
train,6184.tif,0.49462,21.2414,0.307402
train,6185.tif,0.555085,22.6301,0.277341
train,6186.tif,0.605282,21.5311,0.240188
train,6187.tif,0.718902,24.8905,0.296666
train,6188.tif,0.659114,22.8831,0.271172
train,6189.tif,0.565989,21.5592,0.284919
train,619.tif,0.477461,20.2513,0.307937
train,6190.tif,0.603649,23.6002,0.253581
train,6191.tif,0.615869,23.4523,0.235427
train,6192.tif,0.381081,20.9848,0.445394
train,6193.tif,0.719519,23.8341,0.200219
train,6194.tif,0.561384,21.8825,0.254015
train,6195.tif,0.576934,21.7719,0.236139
train,6196.tif,0.700424,24.3613,0.308737
train,6197.tif,0.614341,20.1081,0.266763
train,6198.tif,0.618486,22.7522,0.342999
train,6199.tif,0.732933,24.4053,0.210989
train,62.tif,0.529269,19.6144,0.243034
train,620.tif,0.625587,22.3193,0.371957
train,6200.tif,0.543357,21.2258,0.265397
train,6201.tif,0.597447,20.9966,0.272166
train,6202.tif,0.674326,23.1876,0.24168
train,6203.tif,0.534405,20.308,0.279115
train,6204.tif,0.580847,22.2322,0.252112
train,6205.tif,0.659342,23.4564,0.215025
train,6206.tif,0.610294,22.3183,0.233342
train,6207.tif,0.474298,20.3974,0.308859
train,6208.tif,0.523183,19.7741,0.284543
train,6209.tif,0.543994,17.4289,0.327307
train,621.tif,0.544016,20.4813,0.26074
train,6210.tif,0.613572,22.1041,0.252984
train,6211.tif,0.54595,22.0248,0.263834
train,6212.tif,0.666776,23.9162,0.248728
train,6213.tif,0.505104,20.9882,0.260524
train,6214.tif,0.634774,22.4456,0.242692
train,6215.tif,0.673624,23.9376,0.246439
train,6216.tif,0.648291,23.0063,0.197429
train,6217.tif,0.720798,24.314,0.228175
train,6218.tif,0.60483,22.1318,0.228075
train,6219.tif,0.57916,20.6182,0.29368
train,622.tif,0.482026,20.5042,0.28621
train,6220.tif,0.554114,20.4817,0.223451
train,6221.tif,0.62002,23.014,0.22053
train,6222.tif,0.559647,22.1668,0.233942
train,6223.tif,0.6584,23.9875,0.236536
train,6224.tif,0.572897,19.5889,0.337604
train,6225.tif,0.483879,19.0942,0.293517
train,6226.tif,0.584776,19.049,0.250165
train,6227.tif,0.626457,23.4706,0.234619
train,6228.tif,0.609233,22.8503,0.264302
train,6229.tif,0.706616,23.8803,0.228833
train,623.tif,0.611283,21.656,0.267344
train,6230.tif,0.678336,22.5747,0.226036
train,6231.tif,0.593225,22.0698,0.231806
train,6232.tif,0.634157,23.1585,0.240727
train,6233.tif,0.732632,22.7672,0.241767
train,6234.tif,0.546853,22.5231,0.249635
train,6235.tif,0.683722,23.6305,0.240486
train,6236.tif,0.466119,20.3696,0.291261
train,6237.tif,0.595609,20.4602,0.273642
train,6238.tif,0.718314,24.0765,0.220174
train,6239.tif,0.581602,23.6084,0.296584
train,624.tif,0.488301,20.208,0.329374
train,6240.tif,0.623284,20.2129,0.298809
train,6241.tif,0.634954,22.0488,0.25496
train,6242.tif,0.607167,22.3128,0.252104
train,6243.tif,0.601059,23.0778,0.27212
train,6244.tif,0.536876,21.5626,0.26691
train,6245.tif,0.664265,23.9124,0.21937
train,6246.tif,0.70984,23.5517,0.246431
train,6247.tif,0.521217,20.422,0.292678
train,6248.tif,0.638237,22.1797,0.272753
train,6249.tif,0.494502,20.7109,0.29855
train,625.tif,0.539138,20.4223,0.287655
train,6250.tif,0.53388,20.9436,0.224854
train,6251.tif,0.721454,24.2542,0.21194
train,6252.tif,0.489344,21.6024,0.293467
train,6253.tif,0.622904,21.6082,0.318223
train,6254.tif,0.806367,24.5282,0.19273
train,6255.tif,0.774347,25.3796,0.187579
train,6256.tif,0.655951,21.4948,0.2725
train,6257.tif,0.581604,20.9362,0.315296
train,6258.tif,0.477661,20.7099,0.25681
train,6259.tif,0.66103,21.4651,0.23136
train,626.tif,0.529177,20.5384,0.27037
train,6260.tif,0.60209,21.7527,0.25389
train,6261.tif,0.440838,21.2995,0.305022
train,6262.tif,0.61446,21.2045,0.245112
train,6263.tif,0.517825,20.0735,0.274137
train,6264.tif,0.635088,22.0885,0.230071
train,6265.tif,0.660343,24.7003,0.208014
train,6266.tif,0.53068,21.3531,0.258726
train,6267.tif,0.722684,24.9179,0.306099
train,6268.tif,0.560753,20.686,0.255371
train,6269.tif,0.60287,21.5099,0.243581
train,627.tif,0.525076,20.5978,0.277364
train,6270.tif,0.511303,20.0429,0.304654
train,6271.tif,0.70289,24.3589,0.228073
train,6272.tif,0.753731,24.424,0.21079
train,6273.tif,0.589882,21.5598,0.325683
train,6274.tif,0.590333,22.1902,0.265033
train,6275.tif,0.558628,22.0874,0.267882
train,6276.tif,0.620265,22.2431,0.255821
train,6277.tif,0.576863,19.442,0.24876
train,6278.tif,0.599283,23.7685,0.247734
train,6279.tif,0.573607,22.8043,0.226923
train,628.tif,0.479002,19.5787,0.301477
train,6280.tif,0.58764,21.2196,0.296485
train,6281.tif,0.692697,22.7084,0.238146
train,6282.tif,0.6304,23.3591,0.211467
train,6283.tif,0.669383,22.3889,0.232994
train,6284.tif,0.66295,24.3478,0.301424
train,6285.tif,0.333675,19.3336,0.539635
train,6286.tif,0.721233,24.2592,0.239838
train,6287.tif,0.59165,22.2771,0.286398
train,6288.tif,0.647149,22.9343,0.246
train,6289.tif,0.564228,21.7808,0.289176
train,629.tif,0.435387,19.7329,0.33326
train,6290.tif,0.736777,23.3208,0.279285
train,6291.tif,0.656337,23.2101,0.237209
train,6292.tif,0.628762,22.8338,0.248738
train,6293.tif,0.585142,22.6139,0.282722
train,6294.tif,0.626031,23.303,0.253195
train,6295.tif,0.536514,22.6185,0.26462
train,6296.tif,0.644595,24.2139,0.252502
train,6297.tif,0.63832,22.5262,0.236722
train,6298.tif,0.495938,20.9572,0.298206
train,6299.tif,0.644768,22.9248,0.224495
train,63.tif,0.598985,15.2513,0.328776
train,630.tif,0.496563,20.1224,0.283769
train,6300.tif,0.804789,24.6372,0.249025
train,6301.tif,0.679701,23.4293,0.237391
train,6302.tif,0.54681,21.6056,0.289457
train,6303.tif,0.620456,23.5567,0.206763
train,6304.tif,0.54741,23.0074,0.223865
train,6305.tif,0.5735,21.9899,0.223041
train,6306.tif,0.552968,20.6083,0.256214
train,6307.tif,0.715169,24.4772,0.240849
train,6308.tif,0.724884,23.312,0.262363
train,6309.tif,0.643373,22.7393,0.229261
train,631.tif,0.541583,14.7475,0.373144
train,6310.tif,0.542589,21.4894,0.274036
train,6311.tif,0.66516,21.8472,0.25089
train,6312.tif,0.462377,20.5524,0.306165
train,6313.tif,0.558464,21.0069,0.278393
train,6314.tif,0.684116,23.1224,0.234233
train,6315.tif,0.519489,20.0153,0.279566
train,6316.tif,0.7417,23.6343,0.228054
train,6317.tif,0.372859,18.5111,0.474106
train,6318.tif,0.585233,21.8205,0.250776
train,6319.tif,0.574275,22.6386,0.219405
train,632.tif,0.521333,21.3725,0.27918
train,6320.tif,0.707328,21.22,0.250123
train,6321.tif,0.705469,24.677,0.204378
train,6322.tif,0.195071,17.998,0.547876
train,6323.tif,0.773375,23.8192,0.26109
train,6324.tif,0.537619,21.4142,0.271041
train,6325.tif,0.593387,22.4832,0.273757
train,6326.tif,0.65021,22.6251,0.246582
train,6327.tif,0.662484,22.6371,0.24929
train,6328.tif,0.599578,21.7663,0.242617
train,6329.tif,0.608589,23.2583,0.258092
train,633.tif,0.488809,19.7523,0.271093
train,6330.tif,0.698077,23.4662,0.217879
train,6331.tif,0.618558,21.7945,0.254889
train,6332.tif,0.539679,18.6849,0.288116
train,6333.tif,0.526413,21.936,0.271816
train,6334.tif,0.566332,18.7161,0.290525
train,6335.tif,0.54484,20.8019,0.266057
train,6336.tif,0.540397,22.9943,0.283993
train,6337.tif,0.618042,21.303,0.248293
train,6338.tif,0.577948,19.4459,0.246244
train,6339.tif,0.544682,21.0796,0.2942
train,634.tif,0.495644,20.3285,0.263054
train,6340.tif,0.482339,21.0247,0.255642
train,6341.tif,0.488155,20.6134,0.269872
train,6342.tif,0.558183,22.3946,0.276179
train,6343.tif,0.603929,22.4926,0.248396
train,6344.tif,0.612807,22.8007,0.25955
train,6345.tif,0.491772,20.1926,0.296681
train,6346.tif,0.582405,22.6961,0.313228
train,6347.tif,0.59504,20.8948,0.403484
train,6348.tif,0.515005,21.44,0.396704
train,6349.tif,0.613169,18.3533,0.28308
train,635.tif,0.460126,20.2366,0.292837
train,6350.tif,0.492785,21.9338,0.307141
train,6351.tif,0.575986,21.9727,0.250622
train,6352.tif,0.501,19.5724,0.281493
train,6353.tif,0.577103,22.5368,0.224757
train,6354.tif,0.631504,23.3336,0.240952
train,6355.tif,0.641112,22.6151,0.272477
train,6356.tif,0.703397,24.9788,0.216705
train,6357.tif,0.501417,20.3973,0.295359
train,6358.tif,0.701773,23.8542,0.218951
train,6359.tif,0.616605,22.7529,0.226883
train,636.tif,0.589037,22.8303,0.320318
train,6360.tif,0.576064,21.8354,0.233512
train,6361.tif,0.655558,23.8924,0.257332
train,6362.tif,0.610521,18.73,0.264997
train,6363.tif,0.554375,21.394,0.30346
train,6364.tif,0.598275,21.9447,0.224124
train,6365.tif,0.558972,21.4951,0.221919
train,6366.tif,0.730408,25.299,0.207712
train,6367.tif,0.688313,24.8048,0.222272
train,6368.tif,0.686933,24.7115,0.223143
train,6369.tif,0.678035,23.2512,0.241945
train,637.tif,0.521454,18.0326,0.305618
train,6370.tif,0.572146,22.8689,0.259167
train,6371.tif,0.549206,21.1067,0.305556
train,6372.tif,0.551,20.9532,0.271321
train,6373.tif,0.714055,23.7689,0.22052
train,6374.tif,0.629384,22.2424,0.223409
train,6375.tif,0.726137,22.5659,0.222449
train,6376.tif,0.554283,21.2814,0.259298
train,6377.tif,0.603843,22.7438,0.250592
train,6378.tif,0.668689,23.1015,0.247855
train,6379.tif,0.806401,25.1143,0.257533
train,638.tif,0.541476,20.1909,0.294456
train,6380.tif,0.580372,20.224,0.236476
train,6381.tif,0.545235,21.9206,0.290302
train,6382.tif,0.549375,22.2633,0.281807
train,6383.tif,0.69702,22.432,0.279227
train,6384.tif,0.775141,24.0924,0.268592
train,6385.tif,0.633943,24.6301,0.242725
train,6386.tif,0.586576,22.6422,0.340211
train,6387.tif,0.663084,21.4504,0.260442
train,6388.tif,0.568928,19.8888,0.274401
train,6389.tif,0.662896,23.4164,0.219536
train,639.tif,0.53059,21.0723,0.292244
train,6390.tif,0.566937,22.1293,0.248176
train,6391.tif,0.663669,23.0866,0.31721
train,6392.tif,0.63798,22.9481,0.263813
train,6393.tif,0.711551,25.2854,0.196683
train,6394.tif,0.520302,18.7326,0.2983
train,6395.tif,0.535529,21.1361,0.275755
train,6396.tif,0.669499,22.9682,0.23632
train,6397.tif,0.520106,19.6459,0.280863
train,6398.tif,0.693832,24.1503,0.23761
train,6399.tif,0.591634,21.3993,0.279778
train,64.tif,0.5905,17.4655,0.35055
train,640.tif,0.489253,19.928,0.281059
train,6400.tif,0.561899,21.1656,0.293182
train,6401.tif,0.630157,23.4321,0.243216
train,6402.tif,0.663824,22.9784,0.288989
train,6403.tif,0.619593,21.3991,0.250388
train,6404.tif,0.598326,21.378,0.257141
train,6405.tif,0.535241,20.1552,0.251058
train,6406.tif,0.695136,24.6638,0.233895
train,6407.tif,0.629221,24.5931,0.281597
train,6408.tif,0.611284,20.3602,0.246462
train,6409.tif,0.585498,21.7436,0.334072
train,641.tif,0.530376,21.1041,0.277399
train,6410.tif,0.576688,22.0234,0.340015
train,6411.tif,0.651547,23.6109,0.227031
train,6412.tif,0.640524,22.8,0.227032
train,6413.tif,0.621222,23.195,0.239993
train,6414.tif,0.538473,21.4146,0.24351
train,6415.tif,0.355586,20.4308,0.416157
train,6416.tif,0.551812,22.704,0.297709
train,6417.tif,0.530498,21.653,0.334461
train,6418.tif,0.559484,20.6812,0.261611
train,6419.tif,0.686081,22.9401,0.227767
train,642.tif,0.584732,21.4297,0.27844
train,6420.tif,0.679837,24.4315,0.198026
train,6421.tif,0.558595,21.5377,0.248615
train,6422.tif,0.551647,22.2296,0.260866
train,6423.tif,0.626878,23.4438,0.249423
train,6424.tif,0.581768,21.0981,0.300311
train,6425.tif,0.632163,20.4848,0.262338
train,6426.tif,0.570829,20.9161,0.278652
train,6427.tif,0.529173,21.4589,0.290157
train,6428.tif,0.629465,23.4484,0.241947
train,6429.tif,0.59729,24.2311,0.269463
train,643.tif,0.50364,21.3061,0.262844
train,6430.tif,0.547565,21.5813,0.259623
train,6431.tif,0.826251,23.7233,0.2907
train,6432.tif,0.781781,24.0638,0.192142
train,6433.tif,0.562942,21.4683,0.264468
train,6434.tif,0.678024,23.3414,0.240309
train,6435.tif,0.758893,24.3746,0.250229
train,6436.tif,0.613162,20.5868,0.271325
train,6437.tif,0.682171,22.144,0.223499
train,6438.tif,0.650335,19.7691,0.276637
train,6439.tif,0.523246,18.7503,0.29227
train,644.tif,0.615411,22.1933,0.253407
train,6440.tif,0.618406,22.7546,0.285212
train,6441.tif,0.613401,22.8061,0.233875
train,6442.tif,0.551125,22.3466,0.272695
train,6443.tif,0.54905,22.9651,0.257025
train,6444.tif,0.617709,22.559,0.26468
train,6445.tif,0.713633,24.9933,0.260334
train,6446.tif,0.570529,20.2345,0.304892
train,6447.tif,0.501998,21.0184,0.256963
train,6448.tif,0.702664,19.6674,0.301215
train,6449.tif,0.516455,20.928,0.325781
train,645.tif,0.494711,19.2509,0.290267
train,6450.tif,0.539362,20.2672,0.311801
train,6451.tif,0.572561,18.6349,0.349991
train,6452.tif,0.600322,22.2626,0.267834
train,6453.tif,0.69861,23.5876,0.240117
train,6454.tif,0.747066,24.0171,0.220289
train,6455.tif,0.595936,22.7049,0.250761
train,6456.tif,0.612289,22.5777,0.282551
train,6457.tif,0.625247,23.4927,0.280288
train,6458.tif,0.508595,21.3822,0.310536
train,6459.tif,0.483435,21.8897,0.329287
train,646.tif,0.459065,19.0736,0.282418
train,6460.tif,0.529669,22.1384,0.316293
train,6461.tif,0.62738,23.3067,0.309919
train,6462.tif,0.769755,23.9998,0.218752
train,6463.tif,0.505962,22.0552,0.343271
train,6464.tif,0.584565,19.2823,0.317724
train,6465.tif,0.593602,22.461,0.321575
train,6466.tif,0.553015,21.5989,0.249567
train,6467.tif,0.6186,19.9466,0.267138
train,6468.tif,0.512179,20.2028,0.377473
train,6469.tif,0.57899,20.3738,0.335748
train,647.tif,0.454196,20.1359,0.30351
train,6470.tif,0.708316,24.1045,0.277311
train,6471.tif,0.58957,21.3101,0.3659
train,6472.tif,0.575178,20.2208,0.322809
train,6473.tif,0.567324,20.6072,0.300024
train,6474.tif,0.679694,21.7598,0.2847
train,6475.tif,0.592657,22.0309,0.241827
train,6476.tif,0.623507,20.6037,0.241962
train,6477.tif,0.510008,21.6993,0.259598
train,6478.tif,0.700808,23.1121,0.361029
train,6479.tif,0.605009,21.7018,0.328735
train,648.tif,0.498793,20.331,0.297148
train,6480.tif,0.614962,20.0459,0.276608
train,6481.tif,0.556235,18.75,0.335813
train,6482.tif,0.615173,23.0452,0.325403
train,6483.tif,0.693412,22.3388,0.325
train,6484.tif,0.656311,22.0631,0.252678
train,6485.tif,0.533779,19.9653,0.27195
train,6486.tif,0.715542,25.2225,0.233881
train,6487.tif,0.493958,20.831,0.306381
train,6488.tif,0.622282,24.3197,0.24952
train,6489.tif,0.659685,22.0704,0.246948
train,649.tif,0.564502,21.6643,0.273356
train,6490.tif,0.583037,22.1966,0.235893
train,6491.tif,0.744074,24.605,0.20549
train,6492.tif,0.569712,22.8422,0.291122
train,6493.tif,0.676842,18.0898,0.337671
train,6494.tif,0.672284,22.0067,0.350981
train,6495.tif,0.64872,23.3385,0.254581
train,6496.tif,0.618638,21.6612,0.278462
train,6497.tif,0.611024,21.6469,0.28777
train,6498.tif,0.540132,21.0996,0.278138
train,6499.tif,0.577669,23.522,0.270028
train,65.tif,0.569048,19.6339,0.30308
train,650.tif,0.496104,19.0557,0.285909
train,6500.tif,0.628225,22.981,0.273368
train,6501.tif,0.561018,21.3242,0.252243
train,6502.tif,0.604211,19.4602,0.317366
train,6503.tif,0.522503,19.5511,0.359741
train,6504.tif,0.631653,22.5583,0.310987
train,6505.tif,0.62677,22.0234,0.267065
train,6506.tif,0.495123,19.7528,0.350025
train,6507.tif,0.574656,21.928,0.251157
train,6508.tif,0.59205,18.5315,0.320164
train,6509.tif,0.625197,22.9755,0.277998
train,651.tif,0.512702,20.3897,0.308771
train,6510.tif,0.616686,21.6909,0.275473
train,6511.tif,0.630226,22.3706,0.279022
train,6512.tif,0.527622,20.7939,0.286188
train,6513.tif,0.608525,22.7384,0.273561
train,6514.tif,0.64144,20.0454,0.252039
train,6515.tif,0.745439,23.2474,0.226318
train,6516.tif,0.473702,18.5389,0.366403
train,6517.tif,0.619542,23.8089,0.314989
train,6518.tif,0.533543,20.6025,0.278437
train,6519.tif,0.708528,25.3345,0.241637
train,652.tif,0.536426,21.3706,0.355789
train,6520.tif,0.661716,23.0923,0.253788
train,6521.tif,0.540613,20.4058,0.298898
train,6522.tif,0.654438,21.2199,0.307724
train,6523.tif,0.618139,23.3125,0.261036
train,6524.tif,0.560748,21.9582,0.236717
train,6525.tif,0.481143,18.2084,0.371585
train,6526.tif,0.511564,19.3168,0.306269
train,6527.tif,0.628664,21.6879,0.338711
train,6528.tif,0.640738,20.1285,0.306076
train,6529.tif,0.661089,21.4586,0.354965
train,653.tif,0.447075,20.0085,0.307025
train,6530.tif,0.493845,19.0834,0.280655
train,6531.tif,0.663054,23.6599,0.273441
train,6532.tif,0.553971,19.0188,0.304869
train,6533.tif,0.648693,21.1898,0.297264
train,6534.tif,0.572925,20.2396,0.260874
train,6535.tif,0.618182,20.8391,0.328291
train,6536.tif,0.400014,21.0257,0.422118
train,6537.tif,0.649553,22.5549,0.243752
train,6538.tif,0.776873,24.9531,0.239436
train,6539.tif,0.57049,19.8407,0.315413
train,654.tif,0.719103,24.5516,0.295895
train,6540.tif,0.812888,24.291,0.234963
train,6541.tif,0.606232,20.8829,0.266004
train,6542.tif,0.816247,25.4069,0.1992
train,6543.tif,0.584253,21.5637,0.283843
train,6544.tif,0.666495,22.737,0.348725
train,6545.tif,0.630168,20.7436,0.279006
train,6546.tif,0.5606,20.3005,0.327514
train,6547.tif,0.72752,23.1627,0.254078
train,6548.tif,0.566042,18.7299,0.27538
train,6549.tif,0.620187,22.8689,0.2257
train,655.tif,0.471921,19.1681,0.32399
train,6550.tif,0.615535,22.5925,0.271332
train,6551.tif,0.668706,21.9084,0.307316
train,6552.tif,0.587316,19.156,0.279547
train,6553.tif,0.769994,22.6089,0.303807
train,6554.tif,0.814663,23.5237,0.267369
train,6555.tif,0.569956,21.7897,0.270296
train,6556.tif,0.588186,21.0693,0.279568
train,6557.tif,0.712226,23.4078,0.228673
train,6558.tif,0.458541,18.9133,0.325424
train,6559.tif,0.787771,23.7287,0.247318
train,656.tif,0.612317,22.0658,0.283838
train,6560.tif,0.473675,18.4215,0.303438
train,6561.tif,0.617491,22.2317,0.263256
train,6562.tif,0.77775,22.6005,0.216725
train,6563.tif,0.659627,23.4154,0.285847
train,6564.tif,0.658729,21.6032,0.251407
train,6565.tif,0.672646,22.2365,0.284033
train,6566.tif,0.588994,20.5058,0.313816
train,6567.tif,0.529149,19.3884,0.317546
train,6568.tif,0.420993,20.2837,0.358961
train,6569.tif,0.762095,24.4683,0.244926
train,657.tif,0.474491,20.3033,0.268854
train,6570.tif,0.649098,22.0862,0.28818
train,6571.tif,0.509546,20.4475,0.3052
train,6572.tif,0.637962,21.8362,0.315954
train,6573.tif,0.676054,23.8929,0.246397
train,6574.tif,0.613342,21.2875,0.295976
train,6575.tif,0.661333,23.0826,0.293247
train,6576.tif,0.582716,21.8859,0.260642
train,6577.tif,0.611897,22.2217,0.25572
train,6578.tif,0.654932,20.0668,0.266133
train,6579.tif,0.594174,20.7712,0.248941
train,658.tif,0.467235,18.6898,0.290317
train,6580.tif,0.45889,20.0462,0.337612
train,6581.tif,0.694268,23.6195,0.265448
train,6582.tif,0.495577,18.1193,0.386984
train,6583.tif,0.542331,19.8337,0.325399
train,6584.tif,0.68206,23.4599,0.228752
train,6585.tif,0.523469,21.2437,0.307652
train,6586.tif,0.688389,24.1203,0.225968
train,6587.tif,0.576599,22.3888,0.271095
train,6588.tif,0.531008,19.4267,0.282042
train,6589.tif,0.578655,22.3911,0.286045
train,659.tif,0.535997,21.5178,0.31988
train,6590.tif,0.495738,17.9098,0.322816
train,6591.tif,0.515936,20.7094,0.336599
train,6592.tif,0.73967,24.0424,0.280707
train,6593.tif,0.497359,20.0452,0.370844
train,6594.tif,0.508096,19.1279,0.349871
train,6595.tif,0.676867,22.0806,0.24553
train,6596.tif,0.597761,21.4251,0.257091
train,6597.tif,0.634943,22.7193,0.245796
train,6598.tif,0.604738,22.1048,0.274589
train,6599.tif,0.6686,22.4232,0.255833
train,66.tif,0.560505,20.0429,0.247645
train,660.tif,0.522365,20.1587,0.287238
train,6600.tif,0.546856,22.3097,0.280372
train,6601.tif,0.596075,21.4247,0.287341
train,6602.tif,0.649726,21.8966,0.251065
train,6603.tif,0.595153,20.2024,0.277519
train,6604.tif,0.572932,21.9314,0.24489
train,6605.tif,0.524019,19.8482,0.333105
train,6606.tif,0.561677,21.2417,0.250953
train,6607.tif,0.538705,22.1894,0.27722
train,6608.tif,0.548725,20.4503,0.346002
train,6609.tif,0.55491,21.8145,0.265235
train,661.tif,0.461916,19.5843,0.304002
train,6610.tif,0.68298,21.2542,0.287215
train,6611.tif,0.79508,22.4257,0.253562
train,6612.tif,0.65144,22.4449,0.257594
train,6613.tif,0.607578,21.816,0.298224
train,6614.tif,0.496054,18.5757,0.280967
train,6615.tif,0.767142,24.8702,0.224848
train,6616.tif,0.535532,20.1484,0.29681
train,6617.tif,0.847506,24.3614,0.201309
train,6618.tif,0.559986,20.5618,0.275221
train,6619.tif,0.636029,23.2821,0.36876
train,662.tif,0.468437,19.2276,0.285953
train,6620.tif,0.712767,23.3795,0.25263
train,6621.tif,0.572382,21.8921,0.283018
train,6622.tif,0.595768,20.1277,0.314722
train,6623.tif,0.570005,18.7831,0.296541
train,6624.tif,0.589724,22.2182,0.263493
train,6625.tif,0.701251,20.5237,0.282517
train,6626.tif,0.64835,22.2101,0.294749
train,6627.tif,0.463895,18.9823,0.334457
train,6628.tif,0.682191,24.1384,0.248739
train,6629.tif,0.496052,20.8195,0.302638
train,663.tif,0.417573,19.3846,0.365584
train,6630.tif,0.564055,22.8211,0.277679
train,6631.tif,0.512123,20.562,0.319137
train,6632.tif,0.566625,21.2885,0.257865
train,6633.tif,0.632869,22.5252,0.246172
train,6634.tif,0.514521,20.7952,0.348738
train,6635.tif,0.805034,25.193,0.29644
train,6636.tif,0.468075,19.555,0.302021
train,6637.tif,0.569206,19.8794,0.293461
train,6638.tif,0.532134,21.7001,0.294012
train,6639.tif,0.517722,19.4011,0.288801
train,664.tif,0.469773,20.2363,0.326647
train,6640.tif,0.643839,21.8384,0.328166
train,6641.tif,0.611139,23.208,0.245275
train,6642.tif,0.550878,21.0137,0.259317
train,6643.tif,0.74904,23.6273,0.230752
train,6644.tif,0.680435,22.9662,0.218421
train,6645.tif,0.763714,22.6136,0.314952
train,6646.tif,0.607137,22.42,0.276835
train,6647.tif,0.528946,20.7341,0.306435
train,6648.tif,0.525363,15.4713,0.362473
train,6649.tif,0.603899,23.0884,0.254854
train,665.tif,0.543061,21.2724,0.266297
train,6650.tif,0.677768,23.1196,0.231548
train,6651.tif,0.533628,17.6325,0.4032
train,6652.tif,0.561011,22.5265,0.320813
train,6653.tif,0.568974,21.8496,0.298562
train,6654.tif,0.642765,22.6636,0.308951
train,6655.tif,0.604003,22.2593,0.272724
train,6656.tif,0.699266,23.6557,0.222021
train,6657.tif,0.842223,24.682,0.21671
train,6658.tif,0.53034,19.3304,0.289283
train,6659.tif,0.61525,19.25,0.355149
train,666.tif,0.528372,18.6472,0.269491
train,6660.tif,0.566274,20.416,0.311064
train,6661.tif,0.559872,20.8771,0.246995
train,6662.tif,0.630533,22.7863,0.311833
train,6663.tif,0.741659,22.4838,0.259587
train,6664.tif,0.647129,22.7149,0.297786
train,6665.tif,0.823752,25.3717,0.274754
train,6666.tif,0.544471,20.1298,0.319096
train,6667.tif,0.744653,24.9546,0.349939
train,6668.tif,0.571596,22.3495,0.229894
train,6669.tif,0.589585,21.9877,0.290206
train,667.tif,0.504258,19.3117,0.292012
train,6670.tif,0.546843,21.5927,0.292666
train,6671.tif,0.570047,21.3007,0.28072
train,6672.tif,0.536633,21.7888,0.298348
train,6673.tif,0.570266,21.6932,0.28221
train,6674.tif,0.501587,22.0931,0.247898
train,6675.tif,0.648113,23.0729,0.246056
train,6676.tif,0.609392,20.6971,0.30522
train,6677.tif,0.579513,19.6445,0.310485
train,6678.tif,0.576979,21.0951,0.290956
train,6679.tif,0.674788,22.2116,0.282502
train,668.tif,0.604371,21.2608,0.264286
train,6680.tif,0.520702,17.7041,0.368192
train,6681.tif,0.690621,23.168,0.221356
train,6682.tif,0.451116,18.2619,0.323384
train,6683.tif,0.550377,20.5485,0.317203
train,6684.tif,0.618634,19.9659,0.334222
train,6685.tif,0.461406,18.9205,0.33636
train,6686.tif,0.578074,20.0299,0.303733
train,6687.tif,0.611597,23.2988,0.307575
train,6688.tif,0.628868,24.6471,0.296594
train,6689.tif,0.625953,20.6067,0.305638
train,669.tif,0.491553,20.1453,0.29264
train,6690.tif,0.601544,21.1444,0.29271
train,6691.tif,0.545542,21.983,0.313163
train,6692.tif,0.550664,22.2654,0.285375
train,6693.tif,0.613127,20.7853,0.239484
train,6694.tif,0.708306,24.519,0.262237
train,6695.tif,0.580642,22.1404,0.287302
train,6696.tif,0.608134,21.2461,0.339278
train,6697.tif,0.611836,22.6702,0.307081
train,6698.tif,0.791351,23.5046,0.257002
train,6699.tif,0.805761,26.2287,0.261464
train,67.tif,0.520456,22.0576,0.305141
train,670.tif,0.453717,19.4933,0.284152
train,6700.tif,0.721985,24.1141,0.218582
train,6701.tif,0.616315,23.0793,0.313278
train,6702.tif,0.598827,22.0502,0.286321
train,6703.tif,0.815068,24.9278,0.254058
train,6704.tif,0.594343,19.2319,0.360207
train,6705.tif,0.526537,16.8135,0.369411
train,6706.tif,0.575505,20.9557,0.32959
train,6707.tif,0.700033,22.7435,0.307714
train,6708.tif,0.60353,19.8985,0.291156
train,6709.tif,0.645121,21.9894,0.245138
train,671.tif,0.493678,19.6965,0.298585
train,6710.tif,0.557661,21.5149,0.271357
train,6711.tif,0.579421,21.0587,0.293036
train,6712.tif,0.756628,20.4284,0.263458
train,6713.tif,0.554773,20.616,0.276399
train,6714.tif,0.569743,21.4712,0.307443
train,6715.tif,0.596959,22.4967,0.272833
train,6716.tif,0.569945,20.5039,0.311693
train,6717.tif,0.550843,23.3212,0.248232
train,6718.tif,0.805251,23.7075,0.262621
train,6719.tif,0.591392,22.5506,0.27227
train,672.tif,0.478794,21.7913,0.281941
train,6720.tif,0.606852,20.0364,0.294009
train,6721.tif,0.559291,21.7014,0.28198
train,6722.tif,0.646636,21.9235,0.233504
train,6723.tif,0.573114,22.4095,0.261233
train,6724.tif,0.527968,22.155,0.264341
train,6725.tif,0.545813,19.8569,0.301787
train,6726.tif,0.550815,21.5097,0.276874
train,6727.tif,0.634685,21.5393,0.245768
train,6728.tif,0.588684,23.2081,0.30877
train,6729.tif,0.667741,23.4993,0.265451
train,673.tif,0.514848,19.4324,0.326329
train,6730.tif,0.789079,23.3006,0.248362
train,6731.tif,0.534127,20.5661,0.27439
train,6732.tif,0.675098,24.3344,0.21793
train,6733.tif,0.76757,23.1067,0.234517
train,6734.tif,0.596811,21.6293,0.278761
train,6735.tif,0.663845,22.7524,0.258316
train,6736.tif,0.748141,23.6046,0.235522
train,6737.tif,0.635171,22.4723,0.29956
train,6738.tif,0.514509,20.7307,0.257891
train,6739.tif,0.701949,22.2752,0.282619
train,674.tif,0.628097,22.7422,0.251012
train,6740.tif,0.73819,25.2366,0.219132
train,6741.tif,0.597787,21.2108,0.261036
train,6742.tif,0.517749,20.6606,0.296469
train,6743.tif,0.65982,23.3139,0.281615
train,6744.tif,0.595896,23.1499,0.250002
train,6745.tif,0.610436,20.8859,0.30179
train,6746.tif,0.582502,18.0352,0.304726
train,6747.tif,0.595494,21.8415,0.272529
train,6748.tif,0.708412,22.5468,0.375358
train,6749.tif,0.4418,19.0082,0.321818
train,675.tif,0.433304,19.6356,0.323809
train,6750.tif,0.413526,19.74,0.404208
train,6751.tif,0.75356,23.1565,0.295475
train,6752.tif,0.590294,21.2795,0.272605
train,6753.tif,0.504031,18.0948,0.283048
train,6754.tif,0.70615,18.3521,0.330164
train,6755.tif,0.698753,23.5981,0.349718
train,6756.tif,0.745383,24.0902,0.245547
train,6757.tif,0.582468,20.7848,0.320013
train,6758.tif,0.695107,20.9909,0.228832
train,6759.tif,0.47729,18.4837,0.34315
train,676.tif,0.477182,20.0765,0.279746
train,6760.tif,0.733211,25.1136,0.243772
train,6761.tif,0.596697,23.92,0.276919
train,6762.tif,0.649828,20.1764,0.266249
train,6763.tif,0.568732,22.3463,0.273955
train,6764.tif,0.562799,21.8447,0.271134
train,6765.tif,0.588219,21.0578,0.278285
train,6766.tif,0.692529,22.469,0.285613
train,6767.tif,0.619808,22.6141,0.256412
train,6768.tif,0.636447,23.0088,0.290579
train,6769.tif,0.508788,20.027,0.296322
train,677.tif,0.531742,20.6353,0.257058
train,6770.tif,0.687003,21.8316,0.290996
train,6771.tif,0.593843,20.7827,0.269792
train,6772.tif,0.5825,18.7341,0.326367
train,6773.tif,0.596591,20.0049,0.284413
train,6774.tif,0.60904,21.4733,0.321442
train,6775.tif,0.749155,24.0069,0.258207
train,6776.tif,0.550353,20.857,0.289512
train,6777.tif,0.566191,21.345,0.292617
train,6778.tif,0.703948,21.0477,0.327036
train,6779.tif,0.776762,24.0674,0.217823
train,678.tif,0.535898,21.6665,0.358141
train,6780.tif,0.6835,24.0315,0.249269
train,6781.tif,0.570281,21.597,0.319491
train,6782.tif,0.714036,22.957,0.250386
train,6783.tif,0.625586,22.4001,0.25129
train,6784.tif,0.534814,22.8681,0.289594
train,6785.tif,0.596339,22.9919,0.245026
train,6786.tif,0.519644,21.6857,0.30151
train,6787.tif,0.584,22.1962,0.237694
train,6788.tif,0.506482,17.6416,0.327741
train,6789.tif,0.517137,19.3506,0.266618
train,679.tif,0.473892,20.3952,0.254126
train,6790.tif,0.576467,19.6967,0.285315
train,6791.tif,0.651655,23.4146,0.290016
train,6792.tif,0.607703,17.0699,0.311912
train,6793.tif,0.667774,21.7378,0.277578
train,6794.tif,0.742935,22.4871,0.330989
train,6795.tif,0.541645,21.608,0.273664
train,6796.tif,0.536404,20.6289,0.290575
train,6797.tif,0.708945,25.2069,0.223333
train,6798.tif,0.509315,19.9133,0.25826
train,6799.tif,0.54544,20.2243,0.32653
train,68.tif,0.652404,19.579,0.260069
train,680.tif,0.456527,18.6898,0.310864
train,6800.tif,0.600396,20.5572,0.275087
train,6801.tif,0.578689,22.2867,0.297101
train,6802.tif,0.60095,21.5713,0.281928
train,6803.tif,0.654402,23.3473,0.27637
train,6804.tif,0.613219,20.2344,0.353459
train,6805.tif,0.572425,21.8315,0.30086
train,6806.tif,0.706061,24.9719,0.277827
train,6807.tif,0.552277,20.3844,0.302289
train,6808.tif,0.53473,14.9214,0.340988
train,6809.tif,0.675717,23.5147,0.245465
train,681.tif,0.544711,20.8495,0.285249
train,6810.tif,0.614139,21.7095,0.284126
train,6811.tif,0.701203,22.4196,0.226276
train,6812.tif,0.848049,24.6943,0.154636
train,6813.tif,0.582074,18.7944,0.273097
train,6814.tif,0.653039,21.3105,0.253079
train,6815.tif,0.577229,21.3617,0.277559
train,6816.tif,0.599764,22.6711,0.242777
train,6817.tif,0.610298,19.6003,0.312498
train,6818.tif,0.641465,22.677,0.272431
train,6819.tif,0.518289,21.3327,0.308397
train,682.tif,0.448887,20.1424,0.272413
train,6820.tif,0.576351,21.6446,0.260056
train,6821.tif,0.618094,21.597,0.342786
train,6822.tif,0.580931,23.0299,0.276223
train,6823.tif,0.553478,20.1023,0.293126
train,6824.tif,0.455311,19.5433,0.342049
train,6825.tif,0.746615,22.2674,0.380854
train,6826.tif,0.710797,22.4814,0.202592
train,6827.tif,0.707655,23.2749,0.23174
train,6828.tif,0.623547,21.7252,0.305734
train,6829.tif,0.587024,21.2859,0.266568
train,683.tif,0.457302,19.3356,0.271885
train,6830.tif,0.503151,17.6039,0.39804
train,6831.tif,0.597425,22.2215,0.283496
train,6832.tif,0.589607,20.6938,0.293707
train,6833.tif,0.556001,22.002,0.258919
train,6834.tif,0.623746,20.3751,0.315927
train,6835.tif,0.600009,22.4392,0.301744
train,6836.tif,0.575962,15.2432,0.349326
train,6837.tif,0.500461,20.9206,0.305963
train,6838.tif,0.527259,19.4427,0.312813
train,6839.tif,0.725355,21.5078,0.397628
train,684.tif,0.487982,20.7355,0.287751
train,6840.tif,0.733303,22.9442,0.316219
train,6841.tif,0.542696,20.3939,0.310516
train,6842.tif,0.535608,20.0856,0.306753
train,6843.tif,0.675586,22.5388,0.289779
train,6844.tif,0.603464,19.7826,0.293133
train,6845.tif,0.486977,18.7338,0.31492
train,6846.tif,0.493529,20.0897,0.366662
train,6847.tif,0.417878,19.4017,0.364683
train,6848.tif,0.562748,21.6536,0.266764
train,6849.tif,0.533051,20.6074,0.319889
train,685.tif,0.497005,20.2272,0.266536
train,6850.tif,0.823698,23.7576,0.200778
train,6851.tif,0.472708,21.4693,0.273015
train,6852.tif,0.549681,21.1675,0.290907
train,6853.tif,0.677212,20.8443,0.325043
train,6854.tif,0.491325,19.1601,0.319609
train,6855.tif,0.697423,21.7852,0.28597
train,6856.tif,0.637155,21.7334,0.282236
train,6857.tif,0.676881,22.5364,0.231706
train,6858.tif,0.631141,21.7635,0.258343
train,6859.tif,0.651586,24.371,0.269102
train,686.tif,0.469614,19.6276,0.304927
train,6860.tif,0.518378,21.6372,0.277315
train,6861.tif,0.751093,23.3736,0.242435
train,6862.tif,0.670169,21.9648,0.248764
train,6863.tif,0.779294,25.7954,0.249631
train,6864.tif,0.78249,25.0888,0.298413
train,6865.tif,0.645996,23.6418,0.265211
train,6866.tif,0.718653,24.1866,0.225713
train,6867.tif,0.611117,21.2881,0.292526
train,6868.tif,0.590771,21.5843,0.23329
train,6869.tif,0.526558,21.2332,0.278569
train,687.tif,0.458328,19.6521,0.313588
train,6870.tif,0.516105,20.2911,0.229742
train,6871.tif,0.597157,22.2505,0.22179
train,6872.tif,0.646173,22.9338,0.256252
train,6873.tif,0.46958,20.6964,0.289004
train,6874.tif,0.707414,24.0518,0.212969
train,6875.tif,0.522267,19.826,0.286662
train,6876.tif,0.582859,21.5235,0.269142
train,6877.tif,0.7709,25.0029,0.186448
train,6878.tif,0.532432,20.11,0.281343
train,6879.tif,0.432612,18.6895,0.24656
train,688.tif,0.433797,19.1947,0.318713
train,6880.tif,0.489244,20.8801,0.245203
train,6881.tif,0.695955,22.397,0.220574
train,6882.tif,0.712877,21.7762,0.327429
train,6883.tif,0.507474,20.6907,0.270892
train,6884.tif,0.615881,23.0444,0.240617
train,6885.tif,0.73677,24.6169,0.234371
train,6886.tif,0.591033,22.1909,0.291764
train,6887.tif,0.653883,21.7967,0.222294
train,6888.tif,0.571943,20.5534,0.25097
train,6889.tif,0.531681,20.5412,0.284379
train,689.tif,0.439238,19.7649,0.309347
train,6890.tif,0.726354,23.2087,0.218543
train,6891.tif,0.710025,23.5722,0.236919
train,6892.tif,0.4973,20.9651,0.276461
train,6893.tif,0.58951,22.861,0.232911
train,6894.tif,0.609386,23.0456,0.365799
train,6895.tif,0.580091,21.8395,0.271806
train,6896.tif,0.604449,22.1443,0.258647
train,6897.tif,0.533804,18.5104,0.403088
train,6898.tif,0.451955,18.249,0.289363
train,6899.tif,0.560275,22.0576,0.234787
train,69.tif,0.548522,20.1398,0.301635
train,690.tif,0.522631,17.7829,0.321589
train,6900.tif,0.585915,22.5445,0.247641
train,6901.tif,0.670489,22.9181,0.367714
train,6902.tif,0.590885,22.0952,0.284008
train,6903.tif,0.660166,20.8116,0.350954
train,6904.tif,0.546335,20.2842,0.334296
train,6905.tif,0.486733,19.9794,0.316299
train,6906.tif,0.690754,24.7363,0.210813
train,6907.tif,0.594198,17.9075,0.275309
train,6908.tif,0.664442,23.394,0.221237
train,6909.tif,0.616467,20.9835,0.247561
train,691.tif,0.564218,20.9778,0.262811
train,6910.tif,0.484627,19.8818,0.284571
train,6911.tif,0.477082,20.4012,0.251793
train,6912.tif,0.639616,23.6172,0.265443
train,6913.tif,0.632551,22.1697,0.23326
train,6914.tif,0.587048,21.1304,0.299466
train,6915.tif,0.570462,22.6755,0.249408
train,6916.tif,0.673056,23.526,0.252797
train,6917.tif,0.520293,18.74,0.2522
train,6918.tif,0.653122,21.3784,0.279853
train,6919.tif,0.584331,19.9097,0.310924
train,692.tif,0.559297,21.733,0.304356
train,6920.tif,0.65775,23.4705,0.261208
train,6921.tif,0.49765,20.2181,0.311576
train,6922.tif,0.71897,24.5456,0.220797
train,6923.tif,0.515298,20.4954,0.276956
train,6924.tif,0.542766,18.9076,0.266181
train,6925.tif,0.44857,20.413,0.259497
train,6926.tif,0.724848,24.7231,0.220403
train,6927.tif,0.616678,20.2372,0.241065
train,6928.tif,0.605748,20.2975,0.278316
train,6929.tif,0.65504,23.2172,0.231984
train,693.tif,0.46617,19.8808,0.298399
train,6930.tif,0.598414,21.1808,0.341457
train,6931.tif,0.49785,20.9284,0.263229
train,6932.tif,0.451338,20.5676,0.268682
train,6933.tif,0.707586,23.7014,0.30569
train,6934.tif,0.653955,23.033,0.237201
train,6935.tif,0.654131,22.01,0.233538
train,6936.tif,0.733628,24.6321,0.240144
train,6937.tif,0.528981,18.6798,0.262107
train,6938.tif,0.690731,23.8557,0.22218
train,6939.tif,0.53707,22.2774,0.254935
train,694.tif,0.632358,21.7786,0.301352
train,6940.tif,0.558155,20.7484,0.231936
train,6941.tif,0.668376,22.2806,0.219474
train,6942.tif,0.605273,21.3579,0.241699
train,6943.tif,0.629454,23.4275,0.24813
train,6944.tif,0.682111,24.114,0.225501
train,6945.tif,0.479164,20.2874,0.285766
train,6946.tif,0.590886,20.779,0.266709
train,6947.tif,0.673198,21.9364,0.237028
train,6948.tif,0.488332,19.3383,0.267741
train,6949.tif,0.456291,21.3021,0.259748
train,695.tif,0.567775,22.4033,0.266618
train,6950.tif,0.637106,21.8242,0.327682
train,6951.tif,0.50994,21.0058,0.213372
train,6952.tif,0.511947,22.7439,0.244326
train,6953.tif,0.420536,19.2503,0.293482
train,6954.tif,0.598273,20.821,0.272863
train,6955.tif,0.685405,24.5446,0.214756
train,6956.tif,0.481639,20.0189,0.27919
train,6957.tif,0.476489,20.3174,0.252067
train,6958.tif,0.645909,21.2813,0.25604
train,6959.tif,0.545351,18.275,0.270327
train,696.tif,0.582336,22.9541,0.270801
train,6960.tif,0.582467,20.5794,0.301551
train,6961.tif,0.631803,18.7901,0.350104
train,6962.tif,0.670844,22.0837,0.268098
train,6963.tif,0.613366,21.1848,0.272212
train,6964.tif,0.651149,23.4049,0.226469
train,6965.tif,0.629838,22.3828,0.245182
train,6966.tif,0.543028,19.9677,0.251936
train,6967.tif,0.518861,19.9347,0.301753
train,6968.tif,0.728384,19.8738,0.391637
train,6969.tif,0.704028,23.612,0.211266
train,697.tif,0.577666,21.7249,0.275528
train,6970.tif,0.617008,22.0922,0.23151
train,6971.tif,0.639149,21.9704,0.247117
train,6972.tif,0.480315,18.1558,0.297032
train,6973.tif,0.548312,20.7187,0.272317
train,6974.tif,0.518551,20.4553,0.24977
train,6975.tif,0.514172,19.4662,0.287022
train,6976.tif,0.699228,23.9627,0.254612
train,6977.tif,0.701421,22.4927,0.23906
train,6978.tif,0.681557,24.2922,0.213772
train,6979.tif,0.625171,20.0414,0.401209
train,698.tif,0.627148,19.8503,0.240763
train,6980.tif,0.504724,18.919,0.319723
train,6981.tif,0.522635,19.5838,0.261923
train,6982.tif,0.642489,22.1487,0.271231
train,6983.tif,0.631286,20.7564,0.296476
train,6984.tif,0.635468,20.7672,0.259829
train,6985.tif,0.579224,21.6287,0.249677
train,6986.tif,0.431538,19.5814,0.290853
train,6987.tif,0.77435,22.975,0.22467
train,6988.tif,0.835094,26.0413,0.18719
train,6989.tif,0.643925,22.5437,0.23409
train,699.tif,0.53627,21.3963,0.279835
train,6990.tif,0.746897,18.5435,0.461043
train,6991.tif,0.532591,20.3156,0.243214
train,6992.tif,0.496849,20.3348,0.235327
train,6993.tif,0.517579,20.9676,0.315605
train,6994.tif,0.63831,22.5914,0.233383
train,6995.tif,0.607339,20.8405,0.231139
train,6996.tif,0.647839,23.2893,0.202558
train,6997.tif,0.659326,22.31,0.221022
train,6998.tif,0.586336,19.9771,0.256523
train,6999.tif,0.680049,23.9046,0.244142
train,7.tif,0.568182,19.4266,0.326679
train,70.tif,0.613783,21.701,0.264992
train,700.tif,0.424423,20.3609,0.308666
train,7000.tif,0.461242,20.7037,0.250203
train,7001.tif,0.611286,20.1662,0.243819
train,7002.tif,0.660639,21.3468,0.224445
train,7003.tif,0.60782,21.7913,0.360155
train,7004.tif,0.673452,23.018,0.218883
train,7005.tif,0.455689,20.1522,0.27328
train,7006.tif,0.669132,22.5325,0.217237
train,7007.tif,0.62178,23.3335,0.243682
train,7008.tif,0.484383,19.6071,0.257802
train,7009.tif,0.580145,20.4096,0.300866
train,701.tif,0.536419,19.3601,0.318797
train,7010.tif,0.693027,22.1602,0.255827
train,7011.tif,0.431111,17.9132,0.30537
train,7012.tif,0.559703,18.4848,0.311925
train,7013.tif,0.781604,24.8054,0.26156
train,7014.tif,0.637407,24.1439,0.244074
train,7015.tif,0.561538,21.4414,0.248675
train,7016.tif,0.687882,21.7193,0.217404
train,7017.tif,0.520145,18.9911,0.263578
train,7018.tif,0.679245,22.4075,0.209518
train,7019.tif,0.615888,22.5751,0.253468
train,702.tif,0.572842,20.1127,0.3126
train,7020.tif,0.649511,20.1444,0.254821
train,7021.tif,0.512624,20.9168,0.314884
train,7022.tif,0.515548,19.8511,0.269343
train,7023.tif,0.562672,20.2547,0.283
train,7024.tif,0.671544,23.3454,0.238318
train,7025.tif,0.526259,20.8011,0.263353
train,7026.tif,0.451434,18.7926,0.338969
train,7027.tif,0.631571,20.9928,0.319226
train,7028.tif,0.641412,22.3386,0.297584
train,7029.tif,0.643423,21.5483,0.236358
train,703.tif,0.511343,18.7042,0.34198
train,7030.tif,0.613278,21.9052,0.299782
train,7031.tif,0.592563,22.449,0.25775
train,7032.tif,0.659031,23.4669,0.193462
train,7033.tif,0.597309,21.323,0.243575
train,7034.tif,0.510753,19.769,0.25673
train,7035.tif,0.481321,21.1967,0.253854
train,7036.tif,0.701616,24.8737,0.251224
train,7037.tif,0.695419,23.222,0.192695
train,7038.tif,0.687439,23.8099,0.227438
train,7039.tif,0.613559,21.0356,0.278713
train,704.tif,0.495216,20.3885,0.295071
train,7040.tif,0.496784,20.6674,0.269013
train,7041.tif,0.611229,15.696,0.312231
train,7042.tif,0.68436,23.0941,0.243488
train,7043.tif,0.472414,20.1287,0.25525
train,7044.tif,0.740093,23.6641,0.256252
train,7045.tif,0.628553,23.5614,0.233373
train,7046.tif,0.583956,21.2197,0.26861
train,7047.tif,0.504727,20.1044,0.361404
train,7048.tif,0.549743,22.2203,0.27013
train,7049.tif,0.423402,19.4166,0.311649
train,705.tif,0.562209,19.3344,0.289161
train,7050.tif,0.672681,23.2,0.232506
train,7051.tif,0.696757,24.0799,0.212177
train,7052.tif,0.52988,17.4396,0.231829
train,7053.tif,0.580104,22.4599,0.267659
train,7054.tif,0.647916,23.9776,0.23391
train,7055.tif,0.699165,21.605,0.226652
train,7056.tif,0.568345,21.06,0.318157
train,7057.tif,0.596678,21.9655,0.24216
train,7058.tif,0.52402,20.9302,0.244315
train,7059.tif,0.699621,23.2337,0.22469
train,706.tif,0.512228,22.0533,0.291074
train,7060.tif,0.532596,18.6311,0.255024
train,7061.tif,0.613029,21.231,0.273179
train,7062.tif,0.595128,21.5119,0.242487
train,7063.tif,0.601344,22.8999,0.224639
train,7064.tif,0.553409,20.2672,0.235379
train,7065.tif,0.501047,19.5587,0.271061
train,7066.tif,0.469957,18.8068,0.313192
train,7067.tif,0.584171,20.6834,0.230468
train,7068.tif,0.537108,21.3576,0.28349
train,7069.tif,0.665445,22.9719,0.227619
train,707.tif,0.510842,20.2899,0.277389
train,7070.tif,0.61503,21.0182,0.222453
train,7071.tif,0.495089,19.3507,0.297227
train,7072.tif,0.566146,20.4484,0.268227
train,7073.tif,0.602862,21.5787,0.250254
train,7074.tif,0.69133,23.5478,0.233544
train,7075.tif,0.609254,18.6821,0.263962
train,7076.tif,0.658028,23.1811,0.202564
train,7077.tif,0.557719,20.7604,0.342761
train,7078.tif,0.789027,24.0605,0.324566
train,7079.tif,0.496459,20.1588,0.271063
train,708.tif,0.527024,20.0417,0.245123
train,7080.tif,0.541553,19.674,0.271363
train,7081.tif,0.685996,22.9513,0.242999
train,7082.tif,0.682566,22.7114,0.201339
train,7083.tif,0.62282,21.7129,0.233862
train,7084.tif,0.587447,23.6122,0.308018
train,7085.tif,0.699353,23.9176,0.243481
train,7086.tif,0.647508,22.2498,0.253821
train,7087.tif,0.551327,21.2677,0.240445
train,7088.tif,0.550212,20.6905,0.240369
train,7089.tif,0.51669,21.6557,0.249924
train,709.tif,0.299752,19.0334,0.344833
train,7090.tif,0.518846,21.1686,0.2881
train,7091.tif,0.64114,23.1827,0.295111
train,7092.tif,0.696728,23.5548,0.218788
train,7093.tif,0.663813,24.3547,0.26573
train,7094.tif,0.545699,22.3526,0.248199
train,7095.tif,0.493966,19.7161,0.292825
train,7096.tif,0.651802,22.7044,0.216171
train,7097.tif,0.616611,21.968,0.272062
train,7098.tif,0.57748,22.8648,0.244653
train,7099.tif,0.639531,21.6835,0.249087
train,71.tif,0.527926,18.7529,0.295793
train,710.tif,0.485166,20.7389,0.278063
train,7100.tif,0.636602,24.0295,0.253186
train,7101.tif,0.592491,20.1367,0.219041
train,7102.tif,0.516122,21.129,0.258419
train,7103.tif,0.602554,22.0278,0.232338
train,7104.tif,0.607417,20.7385,0.261276
train,7105.tif,0.602284,22.822,0.230687
train,7106.tif,0.558619,21.0643,0.230988
train,7107.tif,0.633856,21.1674,0.236457
train,7108.tif,0.606888,21.9774,0.262892
train,7109.tif,0.512417,20.2088,0.311756
train,711.tif,0.473566,20.4583,0.313928
train,7110.tif,0.529483,19.9583,0.277226
train,7111.tif,0.57212,19.9077,0.237164
train,7112.tif,0.697176,24.7681,0.220764
train,7113.tif,0.57425,23.1557,0.228463
train,7114.tif,0.63525,20.1128,0.268404
train,7115.tif,0.687335,22.1486,0.221983
train,7116.tif,0.689492,22.7336,0.22075
train,7117.tif,0.692294,22.6008,0.255694
train,7118.tif,0.581777,22.3741,0.243733
train,7119.tif,0.657717,23.1591,0.240393
train,712.tif,0.398016,19.575,0.337809
train,7120.tif,0.568337,20.8976,0.247224
train,7121.tif,0.700494,16.5416,0.427918
train,7122.tif,0.475964,19.2995,0.279298
train,7123.tif,0.541094,16.8507,0.316147
train,7124.tif,0.704016,24.6279,0.210052
train,7125.tif,0.589807,21.5706,0.252697
train,7126.tif,0.700976,24.9608,0.221953
train,7127.tif,0.568388,21.9138,0.24717
train,7128.tif,0.644084,22.343,0.266608
train,7129.tif,0.782803,23.1779,0.292438
train,713.tif,0.529192,20.7129,0.284938
train,7130.tif,0.704768,22.8172,0.198306
train,7131.tif,0.476951,19.7943,0.304785
train,7132.tif,0.597616,22.4753,0.309119
train,7133.tif,0.6644,23.6633,0.214889
train,7134.tif,0.58773,22.8823,0.298436
train,7135.tif,0.578013,23.0332,0.267298
train,7136.tif,0.467287,20.0429,0.328582
train,7137.tif,0.697571,23.0328,0.244203
train,7138.tif,0.557704,21.0394,0.232901
train,7139.tif,0.515409,20.7136,0.257364
train,714.tif,0.406942,19.6998,0.290493
train,7140.tif,0.607603,21.3903,0.266726
train,7141.tif,0.593892,18.5027,0.288945
train,7142.tif,0.567337,22.4161,0.230275
train,7143.tif,0.604651,22.0722,0.278626
train,7144.tif,0.51502,19.1437,0.328068
train,7145.tif,0.565115,21.5295,0.271756
train,7146.tif,0.682512,23.123,0.211851
train,7147.tif,0.67728,23.4254,0.264097
train,7148.tif,0.557429,21.6304,0.280644
train,7149.tif,0.52555,19.7593,0.268832
train,715.tif,0.480224,20.3139,0.367621
train,7150.tif,0.519167,20.0683,0.238818
train,7151.tif,0.640845,23.8693,0.246344
train,7152.tif,0.622168,21.6961,0.26071
train,7153.tif,0.641874,22.4537,0.343057
train,7154.tif,0.688603,23.823,0.230372
train,7155.tif,0.54442,21.2185,0.234167
train,7156.tif,0.727381,23.3223,0.209542
train,7157.tif,0.519042,20.7177,0.288857
train,7158.tif,0.594809,19.9882,0.303867
train,7159.tif,0.640973,20.5361,0.272558
train,716.tif,0.436662,19.3073,0.290037
train,7160.tif,0.5919,18.7109,0.259785
train,7161.tif,0.518812,19.8427,0.253019
train,7162.tif,0.716556,25.3684,0.209072
train,7163.tif,0.632565,22.5478,0.244893
train,7164.tif,0.423345,20.6154,0.275118
train,7165.tif,0.583426,22.6029,0.242632
train,7166.tif,0.582484,21.7132,0.271018
train,7167.tif,0.604277,23.0812,0.245487
train,7168.tif,0.660828,22.1279,0.254466
train,7169.tif,0.532225,21.3516,0.249579
train,717.tif,0.483009,20.5279,0.275977
train,7170.tif,0.615277,22.2465,0.219139
train,7171.tif,0.597386,22.0954,0.268422
train,7172.tif,0.683608,24.0056,0.211325
train,7173.tif,0.530286,21.2259,0.266748
train,7174.tif,0.567006,21.5808,0.294973
train,7175.tif,0.503812,19.2906,0.275184
train,7176.tif,0.635831,20.5005,0.233331
train,7177.tif,0.637284,22.742,0.283716
train,7178.tif,0.612375,21.4729,0.261564
train,7179.tif,0.602287,23.4517,0.275518
train,718.tif,0.842756,23.6036,0.199449
train,7180.tif,0.60642,23.3287,0.224122
train,7181.tif,0.571305,19.4096,0.368136
train,7182.tif,0.621524,23.7212,0.284072
train,7183.tif,0.621521,22.8466,0.245841
train,7184.tif,0.46876,21.3151,0.275775
train,7185.tif,0.580112,21.1679,0.240506
train,7186.tif,0.483096,20.2817,0.285277
train,7187.tif,0.517399,21.1438,0.268196
train,7188.tif,0.586859,19.9214,0.267702
train,7189.tif,0.640416,21.1501,0.27211
train,719.tif,0.525747,19.673,0.278762
train,7190.tif,0.684042,22.265,0.232618
train,7191.tif,0.570537,20.8147,0.23953
train,7192.tif,0.53107,21.91,0.261596
train,7193.tif,0.754604,23.9021,0.228508
train,7194.tif,0.532135,21.4437,0.266664
train,7195.tif,0.648033,21.6107,0.234673
train,7196.tif,0.591702,23.2665,0.262804
train,7197.tif,0.700788,24.6794,0.21184
train,7198.tif,0.542662,20.7536,0.254919
train,7199.tif,0.531093,20.2252,0.260341
train,72.tif,0.66316,23.0994,0.247942
train,720.tif,0.516382,19.544,0.285077
train,7200.tif,0.606102,20.6402,0.256168
train,7201.tif,0.612486,21.7376,0.353999
train,7202.tif,0.540781,20.8929,0.267391
train,7203.tif,0.52903,19.4089,0.289433
train,7204.tif,0.588972,21.0782,0.275173
train,7205.tif,0.545193,22.4089,0.253444
train,7206.tif,0.679094,23.7809,0.208074
train,7207.tif,0.530541,21.1356,0.240266
train,7208.tif,0.575539,19.8263,0.246568
train,7209.tif,0.597561,22.5879,0.224758
train,721.tif,0.61018,20.9748,0.269485
train,7210.tif,0.448853,19.6601,0.270321
train,7211.tif,0.707215,20.656,0.261943
train,7212.tif,0.488783,19.5301,0.278215
train,7213.tif,0.605547,22.5449,0.261653
train,7214.tif,0.596804,22.3726,0.266583
train,7215.tif,0.57345,21.5522,0.236857
train,7216.tif,0.572726,21.4038,0.257825
train,7217.tif,0.680697,22.5796,0.217237
train,7218.tif,0.70586,23.5055,0.232047
train,7219.tif,0.616862,20.9556,0.243078
train,722.tif,0.474666,19.7656,0.281143
train,7220.tif,0.482228,21.1065,0.264126
train,7221.tif,0.754336,23.9166,0.222218
train,7222.tif,0.549975,21.1278,0.276372
train,7223.tif,0.583695,22.7147,0.240025
train,7224.tif,0.654994,22.1468,0.237015
train,7225.tif,0.604129,22.631,0.224613
train,7226.tif,0.556171,20.4049,0.243229
train,7227.tif,0.558634,19.5988,0.285388
train,7228.tif,0.524259,20.6521,0.327222
train,7229.tif,0.491552,17.692,0.309194
train,723.tif,0.493087,19.676,0.296572
train,7230.tif,0.478304,21.6793,0.27057
train,7231.tif,0.529787,20.8666,0.267694
train,7232.tif,0.460418,18.0631,0.286534
train,7233.tif,0.461527,18.7209,0.265768
train,7234.tif,0.592251,21.4843,0.313764
train,7235.tif,0.663319,23.545,0.266549
train,7236.tif,0.579742,20.6671,0.279417
train,7237.tif,0.635303,23.8048,0.250316
train,7238.tif,0.535673,21.5815,0.23474
train,7239.tif,0.569992,21.0876,0.272404
train,724.tif,0.494847,19.0475,0.317085
train,7240.tif,0.736001,23.3214,0.232487
train,7241.tif,0.4511,18.4924,0.274338
train,7242.tif,0.500747,20.5682,0.24272
train,7243.tif,0.624611,22.4159,0.247707
train,7244.tif,0.577183,20.1222,0.260794
train,7245.tif,0.596114,19.083,0.333889
train,7246.tif,0.583411,22.307,0.288831
train,7247.tif,0.517112,21.2848,0.269633
train,7248.tif,0.713026,24.3442,0.233992
train,7249.tif,0.422128,20.3639,0.258274
train,725.tif,0.49799,20.6606,0.298072
train,7250.tif,0.63269,19.9958,0.282182
train,7251.tif,0.637899,22.0664,0.284381
train,7252.tif,0.623367,21.5297,0.215129
train,7253.tif,0.620352,23.08,0.267123
train,7254.tif,0.748121,21.7277,0.213091
train,7255.tif,0.558499,17.0726,0.31288
train,7256.tif,0.61268,22.2324,0.259291
train,7257.tif,0.579348,21.1159,0.324902
train,7258.tif,0.637704,22.5977,0.261307
train,7259.tif,0.622715,22.4412,0.258682
train,726.tif,0.519757,21.3499,0.282988
train,7260.tif,0.451977,18.6007,0.2808
train,7261.tif,0.556548,21.4692,0.274168
train,7262.tif,0.657703,23.0109,0.256989
train,7263.tif,0.614577,20.8289,0.273329
train,7264.tif,0.584493,22.4516,0.243474
train,7265.tif,0.52857,21.7012,0.240461
train,7266.tif,0.700874,23.3321,0.203889
train,7267.tif,0.588861,21.2094,0.304823
train,7268.tif,0.578259,22.7606,0.222618
train,7269.tif,0.633459,22.324,0.264662
train,727.tif,0.521945,21.0175,0.286882
train,7270.tif,0.672559,23.3676,0.25279
train,7271.tif,0.591238,21.383,0.283791
train,7272.tif,0.632373,22.3515,0.278925
train,7273.tif,0.550748,19.0272,0.310165
train,7274.tif,0.646777,23.2274,0.251669
train,7275.tif,0.542679,20.2271,0.285733
train,7276.tif,0.574039,22.2339,0.257816
train,7277.tif,0.448689,20.6092,0.267245
train,7278.tif,0.606846,20.3472,0.261142
train,7279.tif,0.495704,19.3082,0.28687
train,728.tif,0.522839,20.6017,0.294244
train,7280.tif,0.620206,20.931,0.333942
train,7281.tif,0.606321,23.0119,0.268979
train,7282.tif,0.649776,21.8325,0.274186
train,7283.tif,0.573559,20.3608,0.261458
train,7284.tif,0.558068,20.9211,0.267963
train,7285.tif,0.595989,22.3783,0.244582
train,7286.tif,0.635533,22.9053,0.223144
train,7287.tif,0.677333,24.0513,0.231258
train,7288.tif,0.552123,21.7601,0.246707
train,7289.tif,0.631782,19.9105,0.333672
train,729.tif,0.461194,19.9512,0.290175
train,7290.tif,0.594357,22.759,0.217817
train,7291.tif,0.588036,21.5177,0.291271
train,7292.tif,0.654682,23.0015,0.270643
train,7293.tif,0.640041,24.3436,0.225339
train,7294.tif,0.783999,24.5394,0.225872
train,7295.tif,0.578624,20.1189,0.299373
train,7296.tif,0.609199,17.6026,0.447818
train,7297.tif,0.603233,22.2389,0.322356
train,7298.tif,0.476152,20.6963,0.255722
train,7299.tif,0.538167,20.7348,0.239614
train,73.tif,0.464676,16.687,0.283134
train,730.tif,0.427503,19.5101,0.300377
train,7300.tif,0.483071,20.2102,0.245021
train,7301.tif,0.656461,22.0095,0.303086
train,7302.tif,0.691946,23.7164,0.212099
train,7303.tif,0.599459,22.1862,0.230889
train,7304.tif,0.61237,20.0849,0.262112
train,7305.tif,0.580584,21.6734,0.255747
train,7306.tif,0.588406,22.3626,0.257342
train,7307.tif,0.782071,24.0243,0.214924
train,7308.tif,0.6376,20.665,0.23221
train,7309.tif,0.453969,19.6906,0.332668
train,731.tif,0.385714,18.8671,0.324705
train,7310.tif,0.623643,22.1846,0.272956
train,7311.tif,0.710042,23.2127,0.187118
train,7312.tif,0.58054,21.7481,0.252411
train,7313.tif,0.58213,17.1069,0.418061
train,7314.tif,0.555675,20.9723,0.254273
train,7315.tif,0.664372,21.7437,0.249446
train,7316.tif,0.613151,20.7756,0.25025
train,7317.tif,0.639234,20.5706,0.234029
train,7318.tif,0.571815,21.7533,0.250194
train,7319.tif,0.55622,21.0396,0.239309
train,732.tif,0.472011,19.8706,0.30825
train,7320.tif,0.653681,22.3544,0.246901
train,7321.tif,0.684272,24.5218,0.237205
train,7322.tif,0.523264,21.4168,0.263265
train,7323.tif,0.442669,19.8626,0.314504
train,7324.tif,0.639037,21.4983,0.221763
train,7325.tif,0.680096,21.5248,0.24962
train,7326.tif,0.644843,23.1796,0.231997
train,7327.tif,0.732435,25.102,0.231948
train,7328.tif,0.540274,21.3399,0.236668
train,7329.tif,0.621627,21.6112,0.274382
train,733.tif,0.556923,21.5191,0.263989
train,7330.tif,0.534328,21.4438,0.27214
train,7331.tif,0.574139,20.7989,0.288382
train,7332.tif,0.61564,21.6908,0.267769
train,7333.tif,0.679371,19.6761,0.250528
train,7334.tif,0.633194,22.4565,0.257636
train,7335.tif,0.654997,18.7809,0.24099
train,7336.tif,0.488413,19.0868,0.270518
train,7337.tif,0.585361,20.8535,0.297957
train,7338.tif,0.571996,21.3427,0.265179
train,7339.tif,0.449159,20.2759,0.270149
train,734.tif,0.476418,19.7811,0.289195
train,7340.tif,0.542109,20.7448,0.235351
train,7341.tif,0.614072,22.9608,0.266347
train,7342.tif,0.643772,22.1357,0.260734
train,7343.tif,0.686726,21.932,0.257829
train,7344.tif,0.519132,21.5592,0.258779
train,7345.tif,0.524418,20.0647,0.293898
train,7346.tif,0.528541,22.6923,0.289285
train,7347.tif,0.546145,21.7671,0.231741
train,7348.tif,0.48278,18.965,0.2722
train,7349.tif,0.548204,20.1674,0.269289
train,735.tif,0.475828,20.9454,0.284137
train,7350.tif,0.577823,22.123,0.269988
train,7351.tif,0.498759,20.2132,0.252045
train,7352.tif,0.61908,23.1606,0.258699
train,7353.tif,0.636421,20.434,0.296002
train,7354.tif,0.697092,22.7535,0.201102
train,7355.tif,0.687266,18.9762,0.239094
train,7356.tif,0.572311,21.0313,0.246338
train,7357.tif,0.669051,17.8164,0.278946
train,7358.tif,0.541883,22.0517,0.280632
train,7359.tif,0.596823,22.245,0.290361
train,736.tif,0.535372,19.78,0.32922
train,7360.tif,0.518199,15.6226,0.422012
train,7361.tif,0.501718,21.0093,0.245829
train,7362.tif,0.58464,15.7619,0.309555
train,7363.tif,0.538664,21.2769,0.296823
train,7364.tif,0.548064,20.8069,0.249619
train,7365.tif,0.570019,20.6822,0.270588
train,7366.tif,0.678537,21.5656,0.272792
train,7367.tif,0.522181,21.1217,0.249393
train,7368.tif,0.596297,23.7356,0.26072
train,7369.tif,0.556901,20.666,0.25058
train,737.tif,0.453289,18.1831,0.328389
train,7370.tif,0.664397,24.5771,0.307329
train,7371.tif,0.583043,22.4281,0.218873
train,7372.tif,0.50932,20.6895,0.237943
train,7373.tif,0.652603,23.0983,0.259082
train,7374.tif,0.574033,20.3611,0.292862
train,7375.tif,0.5867,21.2179,0.275292
train,7376.tif,0.64938,21.9301,0.259552
train,7377.tif,0.688798,23.4382,0.205963
train,7378.tif,0.640655,22.51,0.259398
train,7379.tif,0.46537,19.7116,0.270101
train,738.tif,0.633479,22.2352,0.318536
train,7380.tif,0.531188,18.7148,0.314457
train,7381.tif,0.586054,20.0912,0.26347
train,7382.tif,0.655579,23.7125,0.266288
train,7383.tif,0.621766,23.5127,0.258136
train,7384.tif,0.588208,20.442,0.300309
train,7385.tif,0.45919,19.7713,0.29997
train,7386.tif,0.661356,22.4943,0.214258
train,7387.tif,0.604582,22.7388,0.218611
train,7388.tif,0.657756,22.042,0.273859
train,7389.tif,0.662494,23.3484,0.217932
train,739.tif,0.483412,20.025,0.283041
train,7390.tif,0.623815,22.0859,0.258696
train,7391.tif,0.575862,21.0373,0.289751
train,7392.tif,0.503354,19.555,0.26388
train,7393.tif,0.537538,21.4177,0.304036
train,7394.tif,0.628413,22.0498,0.229988
train,7395.tif,0.569704,22.0752,0.268966
train,7396.tif,0.450049,20.3603,0.28658
train,7397.tif,0.579709,21.8408,0.262034
train,7398.tif,0.521111,18.7327,0.315685
train,7399.tif,0.598814,21.7931,0.245746
train,74.tif,0.517214,19.1786,0.313677
train,740.tif,0.765001,22.8373,0.23097
train,7400.tif,0.764222,24.3571,0.243174
train,7401.tif,0.648742,21.8442,0.300859
train,7402.tif,0.520368,20.2377,0.316324
train,7403.tif,0.552569,21.9295,0.253246
train,7404.tif,0.544949,21.5237,0.247411
train,7405.tif,0.469905,19.5855,0.232836
train,7406.tif,0.562788,22.1507,0.235167
train,7407.tif,0.663621,23.7949,0.222203
train,7408.tif,0.639795,20.8913,0.286661
train,7409.tif,0.704057,24.7053,0.214478
train,741.tif,0.46826,19.9341,0.332457
train,7410.tif,0.641423,21.6882,0.234275
train,7411.tif,0.527201,20.3718,0.269473
train,7412.tif,0.602248,22.3387,0.255241
train,7413.tif,0.700923,24.4098,0.233945
train,7414.tif,0.639117,21.0846,0.237874
train,7415.tif,0.437149,20.3518,0.272401
train,7416.tif,0.579287,20.6182,0.26151
train,7417.tif,0.598923,20.6395,0.235451
train,7418.tif,0.705428,24.733,0.241458
train,7419.tif,0.542544,20.9782,0.257148
train,742.tif,0.538973,19.8957,0.323007
train,7420.tif,0.603171,21.8189,0.238427
train,7421.tif,0.596862,21.8923,0.247554
train,7422.tif,0.627404,23.8898,0.26025
train,7423.tif,0.560365,21.2719,0.321859
train,7424.tif,0.743552,25.3235,0.213162
train,7425.tif,0.761784,24.0133,0.233276
train,7426.tif,0.515237,19.9072,0.291539
train,7427.tif,0.645367,23.3275,0.299688
train,7428.tif,0.674199,23.4629,0.269884
train,7429.tif,0.522702,20.5344,0.283162
train,743.tif,0.539937,21.7361,0.251149
train,7430.tif,0.576653,20.8287,0.261074
train,7431.tif,0.698058,23.1454,0.220544
train,7432.tif,0.546524,20.4806,0.247766
train,7433.tif,0.54106,20.2651,0.302164
train,7434.tif,0.716508,22.5169,0.251454
train,7435.tif,0.565843,22.7528,0.291606
train,7436.tif,0.575676,22.0698,0.23989
train,7437.tif,0.428032,19.6329,0.363257
train,7438.tif,0.654217,21.7311,0.231234
train,7439.tif,0.578346,21.9822,0.257066
train,744.tif,0.543048,21.263,0.308585
train,7440.tif,0.520115,20.1646,0.250483
train,7441.tif,0.625787,21.5282,0.240216
train,7442.tif,0.636453,22.2055,0.243979
train,7443.tif,0.651447,21.9096,0.231554
train,7444.tif,0.685831,24.924,0.24189
train,7445.tif,0.509529,21.0899,0.277886
train,7446.tif,0.620521,20.3518,0.264498
train,7447.tif,0.665927,20.7425,0.257304
train,7448.tif,0.571582,20.7662,0.302333
train,7449.tif,0.544875,20.5804,0.332286
train,745.tif,0.621617,20.8182,0.306954
train,7450.tif,0.60434,21.7699,0.314622
train,7451.tif,0.527186,17.6083,0.299832
train,7452.tif,0.550053,21.5662,0.254801
train,7453.tif,0.679412,21.0337,0.240263
train,7454.tif,0.668419,24.2397,0.238206
train,7455.tif,0.508363,19.6263,0.278262
train,7456.tif,0.684861,21.9015,0.257562
train,7457.tif,0.599495,20.5397,0.239651
train,7458.tif,0.70572,23.2562,0.224923
train,7459.tif,0.542787,21.2886,0.282331
train,746.tif,0.504236,21.4012,0.333431
train,7460.tif,0.653591,22.2151,0.217955
train,7461.tif,0.549062,22.7427,0.245452
train,7462.tif,0.522906,19.447,0.362682
train,7463.tif,0.422185,19.7951,0.273224
train,7464.tif,0.555193,22.1696,0.312382
train,7465.tif,0.483261,19.006,0.36361
train,7466.tif,0.488331,20.3231,0.386454
train,7467.tif,0.485789,20.455,0.25831
train,7468.tif,0.555392,21.8709,0.326032
train,7469.tif,0.472384,19.0902,0.313096
train,747.tif,0.464307,19.5096,0.27494
train,7470.tif,0.486528,20.2293,0.28819
train,7471.tif,0.610284,22.9891,0.257835
train,7472.tif,0.499011,21.2443,0.323674
train,7473.tif,0.71271,21.9741,0.357584
train,7474.tif,0.491241,19.5376,0.262255
train,7475.tif,0.500469,20.3595,0.346246
train,7476.tif,0.537112,20.1821,0.298416
train,7477.tif,0.434769,19.9113,0.322553
train,7478.tif,0.423594,20.2249,0.264311
train,7479.tif,0.543174,20.4366,0.295462
train,748.tif,0.558192,21.7513,0.324156
train,7480.tif,0.506947,19.3307,0.246556
train,7481.tif,0.588725,21.3916,0.253028
train,7482.tif,0.60765,22.54,0.261907
train,7483.tif,0.544353,21.1565,0.296595
train,7484.tif,0.5186,22.2534,0.24688
train,7485.tif,0.512127,20.9071,0.311023
train,7486.tif,0.502716,21.7892,0.274534
train,7487.tif,0.557124,21.1646,0.280782
train,7488.tif,0.565674,19.8386,0.325589
train,7489.tif,0.472968,19.0196,0.31798
train,749.tif,0.530018,21.2698,0.281864
train,7490.tif,0.5842,23.0432,0.254591
train,7491.tif,0.49351,18.0386,0.386329
train,7492.tif,0.532281,18.0126,0.317286
train,7493.tif,0.619165,23.0948,0.336915
train,7494.tif,0.608742,20.6853,0.300403
train,7495.tif,0.511287,20.4887,0.303722
train,7496.tif,0.448865,19.3777,0.308764
train,7497.tif,0.587849,21.2196,0.262537
train,7498.tif,0.634774,21.3969,0.259414
train,7499.tif,0.491803,18.8944,0.316949
train,75.tif,0.579945,20.8922,0.256414
train,750.tif,0.486741,20.139,0.259076
train,7500.tif,0.503049,20.5396,0.295499
train,7501.tif,0.642338,23.7406,0.26826
train,7502.tif,0.463031,20.5635,0.270377
train,7503.tif,0.490267,21.2082,0.285733
train,7504.tif,0.523089,20.5728,0.315655
train,7505.tif,0.534574,19.8841,0.281952
train,7506.tif,0.514062,19.3939,0.300725
train,7507.tif,0.625587,23.3563,0.245363
train,7508.tif,0.636979,23.5,0.258232
train,7509.tif,0.567836,22.9891,0.244974
train,751.tif,0.482909,20.0315,0.313703
train,7510.tif,0.524652,21.3238,0.262497
train,7511.tif,0.553178,20.3625,0.283283
train,7512.tif,0.431482,19.9319,0.266329
train,7513.tif,0.545001,20.5958,0.279384
train,7514.tif,0.504453,20.9275,0.278647
train,7515.tif,0.586437,22.0314,0.274625
train,7516.tif,0.505727,19.6315,0.33242
train,7517.tif,0.588709,22.4619,0.28953
train,7518.tif,0.559804,21.6851,0.237926
train,7519.tif,0.445745,21.2254,0.271506
train,752.tif,0.680341,23.4362,0.279074
train,7520.tif,0.520779,21.9862,0.291697
train,7521.tif,0.542423,19.6171,0.276712
train,7522.tif,0.534588,21.729,0.268707
train,7523.tif,0.535123,21.3564,0.310185
train,7524.tif,0.733477,24.7346,0.222391
train,7525.tif,0.589335,22.306,0.264255
train,7526.tif,0.516176,21.2481,0.254553
train,7527.tif,0.567464,20.9439,0.340007
train,7528.tif,0.567511,21.0124,0.314979
train,7529.tif,0.620878,21.4366,0.256781
train,753.tif,0.531595,21.4195,0.315115
train,7530.tif,0.646067,22.4306,0.285878
train,7531.tif,0.52685,19.7386,0.293001
train,7532.tif,0.593817,21.4571,0.30572
train,7533.tif,0.55827,21.7995,0.28984
train,7534.tif,0.525133,20.8643,0.277841
train,7535.tif,0.531606,20.812,0.313056
train,7536.tif,0.415981,19.505,0.297085
train,7537.tif,0.485594,20.0515,0.306314
train,7538.tif,0.648581,23.3071,0.266281
train,7539.tif,0.540148,22.2035,0.28607
train,754.tif,0.594377,21.8165,0.313729
train,7540.tif,0.573812,20.2184,0.3361
train,7541.tif,0.628202,22.5663,0.266472
train,7542.tif,0.676956,24.641,0.330723
train,7543.tif,0.492494,19.1941,0.337816
train,7544.tif,0.510768,20.8223,0.263703
train,7545.tif,0.52932,19.6613,0.287846
train,7546.tif,0.506007,19.2202,0.323152
train,7547.tif,0.526329,20.6503,0.2858
train,7548.tif,0.467129,20.5581,0.292562
train,7549.tif,0.558367,21.8317,0.26803
train,755.tif,0.502028,21.7883,0.285738
train,7550.tif,0.433839,20.4796,0.283599
train,7551.tif,0.539366,21.165,0.260555
train,7552.tif,0.446068,19.337,0.286611
train,7553.tif,0.422105,19.9882,0.300006
train,7554.tif,0.446312,19.3461,0.278732
train,7555.tif,0.527023,19.1524,0.287033
train,7556.tif,0.561187,18.1851,0.401957
train,7557.tif,0.437447,18.6228,0.291545
train,7558.tif,0.636333,22.0964,0.313876
train,7559.tif,0.512883,20.7034,0.29458
train,756.tif,0.615591,20.7066,0.323592
train,7560.tif,0.467433,17.1047,0.45022
train,7561.tif,0.594099,22.7643,0.26088
train,7562.tif,0.594432,22.118,0.271899
train,7563.tif,0.817405,23.4947,0.235661
train,7564.tif,0.576226,21.1546,0.277294
train,7565.tif,0.448671,20.525,0.290072
train,7566.tif,0.492684,19.4873,0.327578
train,7567.tif,0.752141,23.1476,0.393112
train,7568.tif,0.550839,20.1424,0.304452
train,7569.tif,0.557913,21.2348,0.265809
train,757.tif,0.478992,20.1341,0.340561
train,7570.tif,0.611282,21.6098,0.313539
train,7571.tif,0.627307,22.6134,0.308766
train,7572.tif,0.502717,20.5118,0.274827
train,7573.tif,0.590659,22.4079,0.284552
train,7574.tif,0.562988,21.8987,0.244457
train,7575.tif,0.496746,20.962,0.322146
train,7576.tif,0.518429,20.0096,0.303934
train,7577.tif,0.664853,20.4893,0.346079
train,7578.tif,0.547984,19.6391,0.254975
train,7579.tif,0.654941,21.973,0.28729
train,758.tif,0.473234,19.6578,0.300836
train,7580.tif,0.601834,22.4871,0.294405
train,7581.tif,0.491735,20.1681,0.298042
train,7582.tif,0.581951,22.0486,0.288787
train,7583.tif,0.51456,19.308,0.296712
train,7584.tif,0.532183,21.1,0.273184
train,7585.tif,0.63328,21.4607,0.299602
train,7586.tif,0.571878,21.3779,0.318963
train,7587.tif,0.519231,21.8291,0.275181
train,7588.tif,0.604333,22.9784,0.270095
train,7589.tif,0.52317,21.0722,0.277292
train,759.tif,0.521953,19.7138,0.308305
train,7590.tif,0.469074,18.7098,0.283287
train,7591.tif,0.635896,22.1291,0.282066
train,7592.tif,0.606069,20.8899,0.288094
train,7593.tif,0.640815,20.5486,0.347185
train,7594.tif,0.588041,21.3718,0.268411
train,7595.tif,0.787594,23.6697,0.226795
train,7596.tif,0.508614,19.1827,0.30045
train,7597.tif,0.573754,21.5204,0.292902
train,7598.tif,0.572997,21.5286,0.281355
train,7599.tif,0.655534,23.0812,0.253368
train,76.tif,0.621521,22.7348,0.237151
train,760.tif,0.435047,19.3076,0.320229
train,7600.tif,0.61577,22.3237,0.285351
train,7601.tif,0.440403,19.5293,0.395624
train,7602.tif,0.59698,23.1584,0.256406
train,7603.tif,0.49139,20.9948,0.347452
train,7604.tif,0.654831,22.7755,0.25464
train,7605.tif,0.522538,19.2787,0.262513
train,7606.tif,0.512068,19.7252,0.346866
train,7607.tif,0.522312,21.9111,0.23511
train,7608.tif,0.525927,20.5838,0.278047
train,7609.tif,0.560194,21.9659,0.365624
train,761.tif,0.459113,20.0021,0.288541
train,7610.tif,0.495633,20.723,0.277281
train,7611.tif,0.6675,23.4741,0.253575
train,7612.tif,0.524352,20.544,0.346096
train,7613.tif,0.527075,19.2856,0.341336
train,7614.tif,0.521062,21.1741,0.284949
train,7615.tif,0.392527,19.547,0.287676
train,7616.tif,0.614197,21.1052,0.311672
train,7617.tif,0.487995,19.539,0.351162
train,7618.tif,0.56402,21.7646,0.290767
train,7619.tif,0.566991,20.7633,0.281898
train,762.tif,0.512764,20.4975,0.284227
train,7620.tif,0.706635,23.156,0.319655
train,7621.tif,0.665932,22.2514,0.250062
train,7622.tif,0.455282,19.9366,0.281766
train,7623.tif,0.70264,22.6175,0.26337
train,7624.tif,0.475776,19.216,0.316965
train,7625.tif,0.5405,21.6692,0.336209
train,7626.tif,0.51168,18.9626,0.314155
train,7627.tif,0.527879,21.8038,0.258163
train,7628.tif,0.518786,20.9782,0.301305
train,7629.tif,0.523152,18.5675,0.305775
train,763.tif,0.519679,19.6673,0.284247
train,7630.tif,0.560905,20.6829,0.379792
train,7631.tif,0.562363,20.7766,0.303718
train,7632.tif,0.59281,22.7445,0.267454
train,7633.tif,0.610217,23.6979,0.261684
train,7634.tif,0.508908,20.9162,0.293772
train,7635.tif,0.448934,20.0764,0.28156
train,7636.tif,0.517976,20.1902,0.278819
train,7637.tif,0.516315,19.1125,0.267901
train,7638.tif,0.478928,20.2102,0.270401
train,7639.tif,0.517517,19.6361,0.285967
train,764.tif,0.486152,19.2456,0.273492
train,7640.tif,0.564391,21.8031,0.336547
train,7641.tif,0.57886,20.1928,0.269832
train,7642.tif,0.730064,22.6909,0.310326
train,7643.tif,0.558149,20.5509,0.272998
train,7644.tif,0.51037,20.6293,0.309173
train,7645.tif,0.556883,21.5039,0.270497
train,7646.tif,0.534026,20.9585,0.284135
train,7647.tif,0.514074,20.1236,0.318888
train,7648.tif,0.477347,20.103,0.304807
train,7649.tif,0.594993,21.9964,0.29702
train,765.tif,0.715525,21.5302,0.251816
train,7650.tif,0.504953,19.7603,0.450104
train,7651.tif,0.565827,22.3716,0.274731
train,7652.tif,0.499222,20.0035,0.325411
train,7653.tif,0.556529,21.1641,0.284506
train,7654.tif,0.561007,22.4562,0.244602
train,7655.tif,0.501822,20.1822,0.293914
train,7656.tif,0.548779,22.1674,0.248662
train,7657.tif,0.471384,20.6457,0.28472
train,7658.tif,0.625084,22.7711,0.297861
train,7659.tif,0.514524,20.3443,0.278169
train,766.tif,0.435551,20.4379,0.302733
train,7660.tif,0.611027,22.1502,0.279315
train,7661.tif,0.433874,20.5444,0.305149
train,7662.tif,0.522459,20.781,0.2543
train,7663.tif,0.511091,21.1813,0.265264
train,7664.tif,0.482236,20.0743,0.308087
train,7665.tif,0.639089,23.3795,0.248964
train,7666.tif,0.547735,21.6762,0.278572
train,7667.tif,0.489272,20.4126,0.297337
train,7668.tif,0.517584,20.9196,0.253454
train,7669.tif,0.611911,21.986,0.302956
train,767.tif,0.504227,21.0641,0.28719
train,7670.tif,0.579745,21.2739,0.288435
train,7671.tif,0.601192,22.2842,0.257516
train,7672.tif,0.371532,17.7516,0.276267
train,7673.tif,0.464076,19.8875,0.299811
train,7674.tif,0.541951,19.3332,0.357089
train,7675.tif,0.463709,20.1809,0.314236
train,7676.tif,0.548988,19.6524,0.324477
train,7677.tif,0.468892,19.958,0.291674
train,7678.tif,0.532712,20.4956,0.289326
train,7679.tif,0.776843,23.2432,0.28889
train,768.tif,0.53118,19.84,0.25858
train,7680.tif,0.85887,26.6247,0.196502
train,7681.tif,0.553545,21.8956,0.278629
train,7682.tif,0.474106,20.1641,0.267598
train,7683.tif,0.491579,18.8844,0.299268
train,7684.tif,0.522551,20.0586,0.304407
train,7685.tif,0.596247,20.7547,0.291504
train,7686.tif,0.46921,20.7202,0.259013
train,7687.tif,0.648761,23.0075,0.252137
train,7688.tif,0.616838,20.9406,0.286582
train,7689.tif,0.68906,22.1746,0.248087
train,769.tif,0.53196,19.4941,0.280447
train,7690.tif,0.572968,21.6256,0.30364
train,7691.tif,0.645959,23.53,0.315588
train,7692.tif,0.580305,19.4235,0.294638
train,7693.tif,0.619155,21.8866,0.260169
train,7694.tif,0.57534,22.8145,0.289666
train,7695.tif,0.628244,22.5403,0.316899
train,7696.tif,0.718576,24.1847,0.292721
train,7697.tif,0.478145,20.09,0.297043
train,7698.tif,0.571487,21.6224,0.441437
train,7699.tif,0.516086,19.8333,0.33536
train,77.tif,0.614974,23.2609,0.239161
train,770.tif,0.625914,19.4411,0.291587
train,7700.tif,0.588341,22.0576,0.301168
train,7701.tif,0.582881,19.3367,0.335155
train,7702.tif,0.496913,19.9688,0.311454
train,7703.tif,0.554619,20.6643,0.259045
train,7704.tif,0.443249,20.2036,0.267551
train,7705.tif,0.517432,20.3951,0.302315
train,7706.tif,0.552808,20.9031,0.321777
train,7707.tif,0.575499,19.7458,0.297959
train,7708.tif,0.551919,21.9112,0.303766
train,7709.tif,0.534966,20.4299,0.301637
train,771.tif,0.521045,20.7778,0.304213
train,7710.tif,0.448342,18.6779,0.269819
train,7711.tif,0.498069,19.6243,0.329313
train,7712.tif,0.555806,20.357,0.292411
train,7713.tif,0.508416,20.8494,0.261367
train,7714.tif,0.41757,20.3522,0.317824
train,7715.tif,0.467154,20.0833,0.326166
train,7716.tif,0.473519,19.2948,0.285388
train,7717.tif,0.53341,22.3578,0.324092
train,7718.tif,0.471721,19.7506,0.321924
train,7719.tif,0.522305,18.5466,0.360729
train,772.tif,0.512031,19.8504,0.300623
train,7720.tif,0.618789,22.044,0.262704
train,7721.tif,0.705926,23.6569,0.317755
train,7722.tif,0.574044,21.9572,0.26232
train,7723.tif,0.50521,18.3346,0.354056
train,7724.tif,0.419385,19.2872,0.307648
train,7725.tif,0.461595,20.3628,0.291924
train,7726.tif,0.473094,20.4904,0.288934
train,7727.tif,0.502951,21.2254,0.330084
train,7728.tif,0.564186,19.6332,0.303681
train,7729.tif,0.507945,19.4084,0.282281
train,773.tif,0.425904,19.4146,0.289334
train,7730.tif,0.487806,20.1049,0.279923
train,7731.tif,0.53025,20.7006,0.291196
train,7732.tif,0.6062,22.2695,0.249926
train,7733.tif,0.481271,19.74,0.305289
train,7734.tif,0.53325,21.524,0.260529
train,7735.tif,0.524134,19.4425,0.340299
train,7736.tif,0.454209,19.7788,0.306336
train,7737.tif,0.476791,20.9813,0.266261
train,7738.tif,0.741943,24.8809,0.301762
train,7739.tif,0.484956,20.3647,0.298272
train,774.tif,0.696302,22.0491,0.29722
train,7740.tif,0.519715,21.3036,0.235035
train,7741.tif,0.451093,19.6033,0.358481
train,7742.tif,0.610701,22.3601,0.293489
train,7743.tif,0.502616,20.3843,0.285754
train,7744.tif,0.51378,22.2493,0.270262
train,7745.tif,0.625654,21.3367,0.256542
train,7746.tif,0.539744,19.3733,0.301427
train,7747.tif,0.677056,22.7898,0.363211
train,7748.tif,0.498889,19.1443,0.335009
train,7749.tif,0.772909,24.6645,0.260975
train,775.tif,0.511537,22.5693,0.367728
train,7750.tif,0.587095,21.8402,0.267515
train,7751.tif,0.48941,19.9466,0.303843
train,7752.tif,0.541284,18.4776,0.351209
train,7753.tif,0.577816,21.7129,0.276685
train,7754.tif,0.625551,21.4223,0.273984
train,7755.tif,0.559009,20.9217,0.303007
train,7756.tif,0.484529,21.4977,0.368311
train,7757.tif,0.49225,20.7972,0.285173
train,7758.tif,0.541079,20.1172,0.295228
train,7759.tif,0.466154,19.2297,0.336055
train,776.tif,0.476513,19.1892,0.296495
train,7760.tif,0.48617,20.3593,0.322794
train,7761.tif,0.494347,20.2589,0.308313
train,7762.tif,0.464828,20.3746,0.268057
train,7763.tif,0.523376,19.2373,0.313115
train,7764.tif,0.615433,20.7669,0.274739
train,7765.tif,0.528011,19.4787,0.325249
train,7766.tif,0.482648,19.6943,0.272168
train,7767.tif,0.562963,19.7984,0.31675
train,7768.tif,0.504167,21.8266,0.286772
train,7769.tif,0.463799,18.6504,0.273531
train,777.tif,0.567988,22.3022,0.320818
train,7770.tif,0.497429,21.9028,0.272387
train,7771.tif,0.60732,21.1574,0.289072
train,7772.tif,0.619082,20.4463,0.264379
train,7773.tif,0.553925,20.5017,0.288845
train,7774.tif,0.461453,18.0285,0.306657
train,7775.tif,0.496621,19.9441,0.309417
train,7776.tif,0.672193,23.9218,0.244336
train,7777.tif,0.66393,23.4348,0.240077
train,7778.tif,0.514901,20.2277,0.30859
train,7779.tif,0.412855,20.2983,0.300952
train,778.tif,0.564336,20.0095,0.309016
train,7780.tif,0.475127,20.6999,0.283015
train,7781.tif,0.588657,20.443,0.352221
train,7782.tif,0.539296,20.3804,0.31089
train,7783.tif,0.448944,18.9346,0.307856
train,7784.tif,0.462393,19.753,0.287133
train,7785.tif,0.512815,21.9013,0.25893
train,7786.tif,0.622774,22.7996,0.254843
train,7787.tif,0.48516,20.0371,0.315072
train,7788.tif,0.526818,20.1265,0.314954
train,7789.tif,0.483766,19.2344,0.3267
train,779.tif,0.489529,21.2216,0.305824
train,7790.tif,0.609917,21.8301,0.239587
train,7791.tif,0.538588,21.6317,0.285231
train,7792.tif,0.475494,18.978,0.355771
train,7793.tif,0.485814,20.4286,0.315177
train,7794.tif,0.463863,20.1896,0.269335
train,7795.tif,0.558609,20.7944,0.265631
train,7796.tif,0.512833,21.6291,0.260933
train,7797.tif,0.568953,20.337,0.272786
train,7798.tif,0.46454,20.4076,0.286985
train,7799.tif,0.650418,23.4729,0.252709
train,78.tif,0.50833,20.4912,0.282973
train,780.tif,0.451393,20.0936,0.321875
train,7800.tif,0.631266,21.1237,0.286968
train,7801.tif,0.494611,19.6987,0.27686
train,7802.tif,0.493732,20.5597,0.300192
train,7803.tif,0.564426,21.1133,0.328103
train,7804.tif,0.463048,20.4124,0.26691
train,7805.tif,0.693913,23.0446,0.324833
train,7806.tif,0.554796,18.3531,0.301044
train,7807.tif,0.609196,23.2439,0.2788
train,7808.tif,0.444323,20.8348,0.285147
train,7809.tif,0.626507,22.0984,0.260094
train,781.tif,0.503839,20.182,0.287182
train,7810.tif,0.536694,20.3126,0.26565
train,7811.tif,0.462577,19.985,0.379833
train,7812.tif,0.482838,18.9136,0.311965
train,7813.tif,0.641083,23.0559,0.276403
train,7814.tif,0.590002,20.9644,0.30674
train,7815.tif,0.514793,20.8561,0.296302
train,7816.tif,0.554156,20.2202,0.263232
train,7817.tif,0.520756,20.1092,0.373092
train,7818.tif,0.565863,20.5348,0.298564
train,7819.tif,0.535852,20.7845,0.339298
train,782.tif,0.517076,21.1445,0.304563
train,7820.tif,0.551351,19.4577,0.314223
train,7821.tif,0.476474,21.0969,0.256229
train,7822.tif,0.509237,21.1282,0.26431
train,7823.tif,0.451859,19.7369,0.27768
train,7824.tif,0.569557,21.5505,0.293
train,7825.tif,0.538962,19.1273,0.280704
train,7826.tif,0.503765,19.8364,0.253966
train,7827.tif,0.473549,19.1158,0.324256
train,7828.tif,0.574002,21.1279,0.284849
train,7829.tif,0.502174,17.8201,0.290357
train,783.tif,0.578881,22.6922,0.291886
train,7830.tif,0.521948,21.156,0.28567
train,7831.tif,0.560975,20.3328,0.29963
train,7832.tif,0.580456,20.3109,0.32547
train,7833.tif,0.427418,17.2667,0.323665
train,7834.tif,0.623479,23.4659,0.265304
train,7835.tif,0.610185,20.4948,0.255605
train,7836.tif,0.451339,18.8372,0.308128
train,7837.tif,0.621615,20.6258,0.305482
train,7838.tif,0.556199,19.1522,0.323792
train,7839.tif,0.577942,23.1085,0.249761
train,784.tif,0.567066,22.8304,0.298778
train,7840.tif,0.539116,19.9222,0.270279
train,7841.tif,0.566216,21.5719,0.350505
train,7842.tif,0.451753,19.3878,0.257514
train,7843.tif,0.443656,18.2056,0.303513
train,7844.tif,0.496579,20.8372,0.303495
train,7845.tif,0.549646,20.0853,0.33277
train,7846.tif,0.511911,21.532,0.289842
train,7847.tif,0.52874,21.043,0.281414
train,7848.tif,0.62068,21.4638,0.282177
train,7849.tif,0.567486,20.1954,0.267338
train,785.tif,0.578425,21.8912,0.261077
train,7850.tif,0.53965,20.639,0.26866
train,7851.tif,0.456736,20.3654,0.279911
train,7852.tif,0.663531,22.7442,0.275676
train,7853.tif,0.587236,21.6624,0.253361
train,7854.tif,0.550571,20.9499,0.284556
train,7855.tif,0.563684,18.8813,0.300301
train,7856.tif,0.561279,21.4005,0.29106
train,7857.tif,0.597223,21.8788,0.282238
train,7858.tif,0.556062,21.1413,0.302032
train,7859.tif,0.416092,17.8958,0.373397
train,786.tif,0.605463,21.2064,0.276554
train,7860.tif,0.436167,18.2706,0.309045
train,7861.tif,0.73561,23.5384,0.260022
train,7862.tif,0.56806,20.0614,0.250353
train,7863.tif,0.483093,20.6184,0.257659
train,7864.tif,0.510734,21.5126,0.288572
train,7865.tif,0.459748,18.0578,0.323363
train,7866.tif,0.389701,19.476,0.281504
train,7867.tif,0.579989,21.6506,0.310846
train,7868.tif,0.506104,21.2817,0.324099
train,7869.tif,0.425361,19.0616,0.311807
train,787.tif,0.586938,23.2361,0.314876
train,7870.tif,0.432417,18.6183,0.274596
train,7871.tif,0.508391,20.6118,0.317616
train,7872.tif,0.486659,20.0866,0.344809
train,7873.tif,0.612647,21.5483,0.307495
train,7874.tif,0.550273,22.1389,0.302003
train,7875.tif,0.475152,19.2534,0.351398
train,7876.tif,0.509762,19.8537,0.324695
train,7877.tif,0.61891,21.0731,0.286283
train,7878.tif,0.727067,23.4965,0.27243
train,7879.tif,0.531996,21.2514,0.297208
train,788.tif,0.646734,23.6528,0.249816
train,7880.tif,0.482961,21.3948,0.311835
train,7881.tif,0.667497,21.6762,0.270447
train,7882.tif,0.547102,18.234,0.292375
train,7883.tif,0.433736,19.996,0.281335
train,7884.tif,0.446623,19.2287,0.275195
train,7885.tif,0.481584,20.3517,0.283446
train,7886.tif,0.504547,19.4451,0.289334
train,7887.tif,0.479107,20.0024,0.307201
train,7888.tif,0.486927,20.0844,0.291116
train,7889.tif,0.564774,20.6332,0.298047
train,789.tif,0.49426,19.8429,0.301384
train,7890.tif,0.747165,23.4133,0.301358
train,7891.tif,0.572277,20.9327,0.28775
train,7892.tif,0.577748,20.2788,0.255857
train,7893.tif,0.524439,21.8893,0.273953
train,7894.tif,0.75818,22.2088,0.337315
train,7895.tif,0.506353,20.2884,0.319389
train,7896.tif,0.688039,21.8736,0.306703
train,7897.tif,0.58968,22.4393,0.322754
train,7898.tif,0.554188,19.5665,0.306815
train,7899.tif,0.508086,18.4731,0.29349
train,79.tif,0.467128,20.7837,0.322395
train,790.tif,0.539265,18.5619,0.307001
train,7900.tif,0.559369,20.3983,0.306843
train,7901.tif,0.509695,19.2419,0.275669
train,7902.tif,0.611764,22.4761,0.249163
train,7903.tif,0.483677,20.6641,0.238944
train,7904.tif,0.554119,22.1095,0.264207
train,7905.tif,0.54871,21.3032,0.284174
train,7906.tif,0.563,20.8247,0.312381
train,7907.tif,0.50285,19.9535,0.276112
train,7908.tif,0.619487,21.9406,0.31167
train,7909.tif,0.485417,21.2741,0.263635
train,791.tif,0.497267,20.0188,0.256125
train,7910.tif,0.80595,23.285,0.21948
train,7911.tif,0.434233,19.3058,0.279073
train,7912.tif,0.544719,20.9542,0.318555
train,7913.tif,0.463363,20.8425,0.269814
train,7914.tif,0.504093,18.0183,0.288397
train,7915.tif,0.528406,19.9496,0.353926
train,7916.tif,0.520609,21.4232,0.27517
train,7917.tif,0.482629,18.4314,0.325887
train,7918.tif,0.803738,25.4473,0.340577
train,7919.tif,0.707694,24.0071,0.221502
train,792.tif,0.844773,24.4521,0.212231
train,7920.tif,0.454796,19.7118,0.265163
train,7921.tif,0.458807,18.2246,0.270081
train,7922.tif,0.528208,17.8094,0.351931
train,7923.tif,0.457347,20.1724,0.266224
train,7924.tif,0.55088,21.066,0.288326
train,7925.tif,0.54874,21.8724,0.277706
train,7926.tif,0.519231,21.425,0.313645
train,7927.tif,0.604422,23.1604,0.281718
train,7928.tif,0.575791,19.6297,0.313162
train,7929.tif,0.565619,20.2718,0.286108
train,793.tif,0.731713,24.7297,0.232492
train,7930.tif,0.459008,20.6911,0.264961
train,7931.tif,0.507948,20.4038,0.285224
train,7932.tif,0.598668,21.1388,0.264554
train,7933.tif,0.580987,22.6747,0.294121
train,7934.tif,0.635513,22.4603,0.267244
train,7935.tif,0.584197,22.1455,0.296597
train,7936.tif,0.509859,18.8694,0.313514
train,7937.tif,0.437136,17.9517,0.284182
train,7938.tif,0.481175,20.7161,0.310206
train,7939.tif,0.501751,20.2444,0.37433
train,794.tif,0.558765,22.0864,0.313464
train,7940.tif,0.603929,18.4807,0.383359
train,7941.tif,0.575858,20.4019,0.28883
train,7942.tif,0.480841,20.0591,0.254625
train,7943.tif,0.495262,19.9673,0.303694
train,7944.tif,0.513174,21.3889,0.282241
train,7945.tif,0.568558,21.6914,0.269938
train,7946.tif,0.649805,23.4803,0.279687
train,7947.tif,0.463181,19.3965,0.315484
train,7948.tif,0.670266,23.2346,0.285636
train,7949.tif,0.57648,21.8446,0.272495
train,795.tif,0.545581,16.5093,0.3203
train,7950.tif,0.494795,19.6877,0.303312
train,7951.tif,0.562315,19.6614,0.307074
train,7952.tif,0.48399,19.2671,0.311855
train,7953.tif,0.510559,19.9227,0.28031
train,7954.tif,0.550372,22.1825,0.256248
train,7955.tif,0.561888,20.6794,0.310388
train,7956.tif,0.539669,22.1235,0.272982
train,7957.tif,0.611809,22.9626,0.248286
train,7958.tif,0.505587,22.102,0.245454
train,7959.tif,0.508973,20.2737,0.268905
train,796.tif,0.490035,20.2332,0.289857
train,7960.tif,0.493488,20.773,0.303703
train,7961.tif,0.493222,20.925,0.279537
train,7962.tif,0.496641,20.8129,0.266035
train,7963.tif,0.517893,21.5193,0.274427
train,7964.tif,0.566389,19.5611,0.284341
train,7965.tif,0.788702,19.0227,0.4419
train,7966.tif,0.563814,21.9156,0.288106
train,7967.tif,0.519982,22.2978,0.285919
train,7968.tif,0.479415,20.2697,0.279259
train,7969.tif,0.557065,19.3095,0.317576
train,797.tif,0.740928,22.3766,0.240258
train,7970.tif,0.640381,21.6161,0.267763
train,7971.tif,0.455093,20.3275,0.260539
train,7972.tif,0.451672,17.8449,0.292295
train,7973.tif,0.782776,23.5498,0.292707
train,7974.tif,0.509574,21.4031,0.27436
train,7975.tif,0.432786,18.6142,0.284301
train,7976.tif,0.530955,21.3973,0.294787
train,7977.tif,0.538331,22.033,0.262439
train,7978.tif,0.523674,20.1725,0.321725
train,7979.tif,0.590308,22.12,0.26223
train,798.tif,0.503057,20.7075,0.291452
train,7980.tif,0.582976,20.3392,0.32029
train,7981.tif,0.436742,20.4324,0.284874
train,7982.tif,0.630691,23.2269,0.296873
train,7983.tif,0.503063,19.8505,0.333721
train,7984.tif,0.548165,20.1999,0.319517
train,7985.tif,0.529076,20.4094,0.294333
train,7986.tif,0.573936,21.7839,0.31957
train,7987.tif,0.566766,22.2269,0.280977
train,7988.tif,0.629117,22.1036,0.292306
train,7989.tif,0.656038,22.7884,0.256159
train,799.tif,0.53569,19.7844,0.305869
train,7990.tif,0.600905,21.3233,0.272179
train,7991.tif,0.527641,22.1835,0.249969
train,7992.tif,0.705156,24.5472,0.228874
train,7993.tif,0.534883,22.1029,0.303963
train,7994.tif,0.562274,21.1293,0.290053
train,7995.tif,0.587807,22.9844,0.320178
train,7996.tif,0.604793,19.5163,0.291427
train,7997.tif,0.613956,21.2039,0.268876
train,7998.tif,0.492196,19.4434,0.342372
train,7999.tif,0.547679,21.7232,0.365255
train,8.tif,0.561504,22.9843,0.248376
train,80.tif,0.558138,21.8147,0.303066
train,800.tif,0.794384,23.5386,0.193187
train,8000.tif,0.585225,21.4311,0.292506
train,8001.tif,0.597946,23.1818,0.306216
train,8002.tif,0.450913,19.2905,0.30836
train,8003.tif,0.489766,16.9636,0.31348
train,8004.tif,0.518842,20.3291,0.313377
train,8005.tif,0.434204,18.648,0.261401
train,8006.tif,0.503172,18.1762,0.303163
train,8007.tif,0.560805,21.8571,0.323446
train,8008.tif,0.510871,19.7859,0.322978
train,8009.tif,0.540892,19.7921,0.325361
train,801.tif,0.670811,21.1942,0.254265
train,8010.tif,0.59517,20.9166,0.301142
train,8011.tif,0.465609,19.1861,0.295789
train,8012.tif,0.494213,20.7076,0.288003
train,8013.tif,0.49938,20.3484,0.315638
train,8014.tif,0.576367,21.0538,0.262811
train,8015.tif,0.572553,21.6216,0.244909
train,8016.tif,0.617414,21.6969,0.263166
train,8017.tif,0.496985,19.6426,0.297309
train,8018.tif,0.525723,20.0641,0.293756
train,8019.tif,0.584001,22.3887,0.325597
train,802.tif,0.52431,20.6692,0.317706
train,8020.tif,0.556968,20.7633,0.298445
train,8021.tif,0.516968,21.8047,0.26216
train,8022.tif,0.471184,20.273,0.309687
train,8023.tif,0.601442,22.2699,0.313839
train,8024.tif,0.754255,21.1084,0.325822
train,8025.tif,0.466752,18.3098,0.290635
train,8026.tif,0.563424,20.8032,0.340104
train,8027.tif,0.563014,21.8781,0.28701
train,8028.tif,0.596302,21.8825,0.273551
train,8029.tif,0.558168,22.8995,0.273283
train,803.tif,0.544787,19.8992,0.300853
train,8030.tif,0.50597,19.9057,0.326524
train,8031.tif,0.461388,19.7797,0.309241
train,8032.tif,0.468788,19.6876,0.269385
train,8033.tif,0.500573,19.618,0.250262
train,8034.tif,0.589074,22.6611,0.260817
train,8035.tif,0.579163,21.3883,0.280555
train,8036.tif,0.480979,19.6242,0.266182
train,8037.tif,0.516624,21.0735,0.272497
train,8038.tif,0.534491,20.3215,0.273243
train,8039.tif,0.489853,20.9081,0.29904
train,804.tif,0.490696,17.2821,0.296396
train,8040.tif,0.442724,20.6997,0.27186
train,8041.tif,0.56571,21.6775,0.245873
train,8042.tif,0.544678,22.2579,0.277997
train,8043.tif,0.531411,21.4277,0.29347
train,8044.tif,0.458593,20.401,0.243618
train,8045.tif,0.546858,21.1966,0.29269
train,8046.tif,0.445138,20.3165,0.327052
train,8047.tif,0.508487,20.3431,0.279256
train,8048.tif,0.444677,20.9483,0.271435
train,8049.tif,0.624099,22.7001,0.283507
train,805.tif,0.569731,21.8737,0.366467
train,8050.tif,0.545567,19.2385,0.276942
train,8051.tif,0.537563,20.6963,0.295174
train,8052.tif,0.387763,19.43,0.326575
train,8053.tif,0.569281,20.2318,0.298706
train,8054.tif,0.564303,20.8727,0.278297
train,8055.tif,0.526183,19.7991,0.260565
train,8056.tif,0.520432,20.7224,0.263273
train,8057.tif,0.436734,20.9394,0.276917
train,8058.tif,0.607635,21.0768,0.338377
train,8059.tif,0.46532,18.3323,0.294249
train,806.tif,0.51016,19.9286,0.273399
train,8060.tif,0.556603,21.8271,0.268489
train,8061.tif,0.549415,21.4702,0.303567
train,8062.tif,0.614472,22.0668,0.285125
train,8063.tif,0.607184,22.4288,0.26914
train,8064.tif,0.517894,20.2976,0.288455
train,8065.tif,0.447892,19.0003,0.310607
train,8066.tif,0.60981,22.1433,0.322865
train,8067.tif,0.475204,19.3853,0.307099
train,8068.tif,0.497257,20.7528,0.285956
train,8069.tif,0.502003,20.7271,0.269134
train,807.tif,0.561781,21.783,0.31007
train,8070.tif,0.462016,19.0777,0.299109
train,8071.tif,0.561572,22.0627,0.363455
train,8072.tif,0.397265,20.0523,0.314936
train,8073.tif,0.457474,20.4403,0.284005
train,8074.tif,0.525757,19.5782,0.308535
train,8075.tif,0.508622,22.1697,0.243168
train,8076.tif,0.57974,19.6471,0.315541
train,8077.tif,0.61665,23.5838,0.259833
train,8078.tif,0.557009,20.1588,0.274553
train,8079.tif,0.595779,21.8497,0.283624
train,808.tif,0.519862,20.9358,0.258017
train,8080.tif,0.568032,22.1012,0.259065
train,8081.tif,0.538088,20.8733,0.29671
train,8082.tif,0.433567,20.8684,0.309039
train,8083.tif,0.517085,20.2232,0.267558
train,8084.tif,0.574877,22.1011,0.26355
train,8085.tif,0.60437,22.6349,0.264089
train,8086.tif,0.472048,20.0205,0.293054
train,8087.tif,0.480777,19.8958,0.280373
train,8088.tif,0.570808,21.3064,0.299654
train,8089.tif,0.449072,17.6159,0.303521
train,809.tif,0.657313,23.1441,0.231474
train,8090.tif,0.595475,22.6377,0.26426
train,8091.tif,0.611279,22.4847,0.293818
train,8092.tif,0.600313,21.7376,0.293278
train,8093.tif,0.502612,19.6396,0.251543
train,8094.tif,0.770259,25.837,0.309396
train,8095.tif,0.474944,18.6849,0.262615
train,8096.tif,0.61988,22.683,0.286175
train,8097.tif,0.575693,21.2958,0.290848
train,8098.tif,0.431814,19.6703,0.296915
train,8099.tif,0.471603,19.0537,0.289054
train,81.tif,0.590157,21.5524,0.267751
train,810.tif,0.564452,20.9579,0.288612
train,8100.tif,0.495041,20.9965,0.309427
train,8101.tif,0.490159,21.6137,0.252812
train,8102.tif,0.541817,21.3554,0.237375
train,8103.tif,0.516901,20.9681,0.286477
train,8104.tif,0.516037,21.4957,0.345113
train,8105.tif,0.681833,24.0924,0.260331
train,8106.tif,0.445948,19.3314,0.309368
train,8107.tif,0.492021,21.2986,0.267228
train,8108.tif,0.575809,20.5653,0.259729
train,8109.tif,0.545326,22.5882,0.28073
train,811.tif,0.696727,23.1818,0.279074
train,8110.tif,0.461262,20.3554,0.281505
train,8111.tif,0.596715,21.1927,0.269996
train,8112.tif,0.523405,20.0364,0.357795
train,8113.tif,0.464993,18.6734,0.321457
train,8114.tif,0.547925,21.5862,0.315428
train,8115.tif,0.551669,20.7726,0.291607
train,8116.tif,0.577165,21.217,0.325535
train,8117.tif,0.576172,21.3855,0.254795
train,8118.tif,0.463502,19.4317,0.32306
train,8119.tif,0.44874,19.9054,0.289569
train,812.tif,0.552184,19.6556,0.300859
train,8120.tif,0.404333,20.2224,0.30567
train,8121.tif,0.48424,21.2422,0.28976
train,8122.tif,0.474745,20.7914,0.271002
train,8123.tif,0.528977,20.5364,0.279192
train,8124.tif,0.549584,22.0256,0.313884
train,8125.tif,0.544665,20.9882,0.283331
train,8126.tif,0.612294,21.2857,0.258516
train,8127.tif,0.403431,18.9521,0.284332
train,8128.tif,0.442166,20.0005,0.287958
train,8129.tif,0.562393,21.5829,0.277991
train,813.tif,0.463462,21.8321,0.29153
train,8130.tif,0.560191,20.7102,0.262204
train,8131.tif,0.598893,21.9528,0.290094
train,8132.tif,0.450196,20.4983,0.2793
train,8133.tif,0.552172,19.7996,0.285053
train,8134.tif,0.532346,21.6939,0.25701
train,8135.tif,0.608422,20.519,0.357877
train,8136.tif,0.563708,19.9959,0.357903
train,8137.tif,0.569247,20.4356,0.301923
train,8138.tif,0.49464,19.4885,0.339556
train,8139.tif,0.442536,19.6801,0.279467
train,814.tif,0.555985,20.5735,0.295912
train,8140.tif,0.448782,20.8393,0.25545
train,8141.tif,0.455979,20.7482,0.251193
train,8142.tif,0.443442,19.9816,0.277433
train,8143.tif,0.465177,18.7569,0.273018
train,8144.tif,0.559861,21.1397,0.307343
train,8145.tif,0.580938,20.4136,0.262008
train,8146.tif,0.529095,20.8047,0.300061
train,8147.tif,0.487403,20.9655,0.264847
train,8148.tif,0.466292,20.5437,0.297644
train,8149.tif,0.494678,21.6593,0.255201
train,815.tif,0.608712,24.0765,0.282046
train,8150.tif,0.457517,20.1421,0.257336
train,8151.tif,0.604436,24.1578,0.293201
train,8152.tif,0.481803,21.7329,0.290556
train,8153.tif,0.375689,16.6935,0.288073
train,8154.tif,0.602365,21.5786,0.267458
train,8155.tif,0.426468,18.9479,0.314845
train,8156.tif,0.522161,20.7805,0.266689
train,8157.tif,0.514099,21.4251,0.279481
train,8158.tif,0.605084,22.135,0.250161
train,8159.tif,0.771937,25.5917,0.242569
train,816.tif,0.496277,20.1141,0.266115
train,8160.tif,0.424194,19.7356,0.290539
train,8161.tif,0.543985,21.6494,0.262996
train,8162.tif,0.496094,21.9141,0.276544
train,8163.tif,0.436682,19.6904,0.260195
train,8164.tif,0.510962,19.8654,0.294605
train,8165.tif,0.533808,20.363,0.318906
train,8166.tif,0.401318,18.5719,0.281285
train,8167.tif,0.535625,21.9388,0.255304
train,8168.tif,0.512375,20.3273,0.260868
train,8169.tif,0.500697,18.9088,0.363474
train,817.tif,0.597049,23.4657,0.364149
train,8170.tif,0.507774,22.7422,0.286355
train,8171.tif,0.510454,20.9582,0.270559
train,8172.tif,0.649384,23.6174,0.242337
train,8173.tif,0.473701,20.5204,0.282664
train,8174.tif,0.661642,23.8466,0.258607
train,8175.tif,0.521324,21.2103,0.344273
train,8176.tif,0.490237,20.6824,0.305978
train,8177.tif,0.55481,19.8954,0.256734
train,8178.tif,0.517332,19.8522,0.283343
train,8179.tif,0.523085,19.1773,0.301249
train,818.tif,0.794401,23.32,0.23804
train,8180.tif,0.567221,21.362,0.294329
train,8181.tif,0.46969,20.1175,0.29326
train,8182.tif,0.541639,20.8554,0.271232
train,8183.tif,0.483838,20.5633,0.269411
train,8184.tif,0.428823,19.7762,0.248066
train,8185.tif,0.452195,19.5034,0.28943
train,8186.tif,0.467639,18.156,0.347064
train,8187.tif,0.469878,19.4116,0.267712
train,8188.tif,0.598343,21.1455,0.267796
train,8189.tif,0.395432,19.8464,0.288753
train,819.tif,0.516429,18.6135,0.284474
train,8190.tif,0.501481,20.3258,0.288693
train,8191.tif,0.590179,21.742,0.280577
train,8192.tif,0.569534,21.0584,0.27705
train,8193.tif,0.553485,22.5723,0.29145
train,8194.tif,0.618145,21.4381,0.275762
train,8195.tif,0.483122,20.78,0.258375
train,8196.tif,0.552898,22.4685,0.254936
train,8197.tif,0.57232,22.8573,0.274437
train,8198.tif,0.46599,20.3397,0.283803
train,8199.tif,0.420284,19.8862,0.272446
train,82.tif,0.614287,21.6338,0.242082
train,820.tif,0.548739,18.881,0.262067
train,8200.tif,0.632167,22.4361,0.284256
train,8201.tif,0.511038,20.709,0.281758
train,8202.tif,0.718775,21.0907,0.223384
train,8203.tif,0.466748,18.5774,0.266834
train,8204.tif,0.432281,20.9529,0.258305
train,8205.tif,0.498942,19.7245,0.305178
train,8206.tif,0.582272,21.5672,0.269833
train,8207.tif,0.465535,21.0008,0.256531
train,8208.tif,0.570096,20.2231,0.276483
train,8209.tif,0.492002,20.7559,0.362132
train,821.tif,0.557331,20.3082,0.287558
train,8210.tif,0.522523,20.2027,0.319555
train,8211.tif,0.579969,20.6283,0.358777
train,8212.tif,0.565081,21.1143,0.330911
train,8213.tif,0.569293,20.7318,0.318942
train,8214.tif,0.497893,18.6832,0.323459
train,8215.tif,0.579352,22.3844,0.257504
train,8216.tif,0.516507,20.2901,0.309037
train,8217.tif,0.710735,23.859,0.272595
train,8218.tif,0.576581,21.4218,0.306626
train,8219.tif,0.572953,19.9777,0.257814
train,822.tif,0.579715,21.1063,0.280734
train,8220.tif,0.411418,19.2814,0.292423
train,8221.tif,0.468462,18.9788,0.301964
train,8222.tif,0.411134,17.155,0.305937
train,8223.tif,0.537054,21.7747,0.269662
train,8224.tif,0.518384,21.9418,0.253908
train,8225.tif,0.545494,21.9089,0.266878
train,8226.tif,0.54104,21.2743,0.304354
train,8227.tif,0.52408,21.8078,0.259083
train,8228.tif,0.446153,19.8916,0.316862
train,8229.tif,0.429248,19.6488,0.306007
train,823.tif,0.607563,23.3692,0.227884
train,8230.tif,0.556827,20.9987,0.321632
train,8231.tif,0.436769,20.0466,0.327798
train,8232.tif,0.490784,20.1852,0.288458
train,8233.tif,0.425456,18.5947,0.279035
train,8234.tif,0.733152,24.1015,0.283754
train,8235.tif,0.682069,22.8198,0.258777
train,8236.tif,0.447641,16.1303,0.28533
train,8237.tif,0.633701,22.3747,0.298157
train,8238.tif,0.517673,18.2516,0.268788
train,8239.tif,0.55711,21.5725,0.286761
train,824.tif,0.574395,18.9385,0.296655
train,8240.tif,0.5787,19.8521,0.287937
train,8241.tif,0.59411,20.4956,0.322482
train,8242.tif,0.571553,22.0665,0.292303
train,8243.tif,0.552584,20.7694,0.283175
train,8244.tif,0.551449,20.0494,0.297231
train,8245.tif,0.577917,19.8593,0.339673
train,8246.tif,0.472067,19.846,0.289708
train,8247.tif,0.506127,20.9569,0.318872
train,8248.tif,0.496046,22.7251,0.329289
train,8249.tif,0.380155,20.0285,0.302881
train,825.tif,0.690127,18.0522,0.326038
train,8250.tif,0.566548,21.6741,0.315438
train,8251.tif,0.468677,20.6531,0.319661
train,8252.tif,0.574994,21.5631,0.282436
train,8253.tif,0.65345,23.5093,0.301512
train,8254.tif,0.524818,20.702,0.282944
train,8255.tif,0.479674,17.9786,0.338339
train,8256.tif,0.61153,23.0714,0.240738
train,8257.tif,0.63725,22.0503,0.304712
train,8258.tif,0.546945,21.0221,0.309453
train,8259.tif,0.52506,20.6894,0.270877
train,826.tif,0.587259,17.506,0.311364
train,8260.tif,0.627078,22.03,0.298504
train,8261.tif,0.555828,21.5525,0.266753
train,8262.tif,0.568677,21.782,0.290518
train,8263.tif,0.543807,20.6042,0.261174
train,8264.tif,0.45615,18.4021,0.278964
train,8265.tif,0.468862,17.4214,0.314255
train,8266.tif,0.638136,21.0028,0.431928
train,8267.tif,0.494876,20.2397,0.294813
train,8268.tif,0.451786,20.8317,0.285649
train,8269.tif,0.581728,20.1996,0.294586
train,827.tif,0.539545,18.221,0.284725
train,8270.tif,0.515179,20.0966,0.352929
train,8271.tif,0.544792,21.4281,0.278847
train,8272.tif,0.543268,18.3419,0.379858
train,8273.tif,0.416081,20.5539,0.285523
train,8274.tif,0.533835,21.1539,0.274456
train,8275.tif,0.518112,17.9715,0.377776
train,8276.tif,0.539718,20.7827,0.344853
train,8277.tif,0.499094,20.5759,0.286114
train,8278.tif,0.597403,22.3618,0.273526
train,8279.tif,0.611408,23.3646,0.265192
train,828.tif,0.571629,20.534,0.294789
train,8280.tif,0.435671,19.624,0.256101
train,8281.tif,0.562884,20.7865,0.331006
train,8282.tif,0.428801,17.4538,0.325516
train,8283.tif,0.618771,20.4921,0.269456
train,8284.tif,0.427106,20.1812,0.28455
train,8285.tif,0.557131,20.067,0.28135
train,8286.tif,0.495349,20.0873,0.299714
train,8287.tif,0.459309,20.3312,0.290996
train,8288.tif,0.625711,23.1457,0.226236
train,8289.tif,0.512274,20.0626,0.317505
train,829.tif,0.516923,21.1887,0.266999
train,8290.tif,0.648946,23.1535,0.253471
train,8291.tif,0.47442,20.4599,0.267135
train,8292.tif,0.547421,21.7726,0.289106
train,8293.tif,0.519646,18.6834,0.366887
train,8294.tif,0.542492,21.7681,0.286506
train,8295.tif,0.545414,21.3944,0.279226
train,8296.tif,0.463617,19.766,0.323406
train,8297.tif,0.491191,21.3426,0.274228
train,8298.tif,0.504122,18.5881,0.285963
train,8299.tif,0.809292,24.7736,0.208573
train,83.tif,0.529253,17.9782,0.295862
train,830.tif,0.483643,18.4275,0.29664
train,8300.tif,0.575723,21.6921,0.283593
train,8301.tif,0.572471,21.6794,0.27251
train,8302.tif,0.559869,21.8785,0.294618
train,8303.tif,0.594721,22.5679,0.273377
train,8304.tif,0.532527,19.5566,0.289933
train,8305.tif,0.471602,19.6358,0.30267
train,8306.tif,0.447695,19.1756,0.299422
train,8307.tif,0.524758,19.7953,0.311531
train,8308.tif,0.588343,22.0021,0.263162
train,8309.tif,0.585027,18.9939,0.314267
train,831.tif,0.549173,19.4116,0.339683
train,8310.tif,0.453835,18.6354,0.272012
train,8311.tif,0.565325,19.4996,0.339418
train,8312.tif,0.680994,22.6578,0.284513
train,8313.tif,0.495262,20.8211,0.316099
train,8314.tif,0.526221,20.8983,0.268545
train,8315.tif,0.588931,22.6495,0.289689
train,8316.tif,0.493624,20.8885,0.331318
train,8317.tif,0.50293,20.2485,0.300735
train,8318.tif,0.548172,21.2173,0.282484
train,8319.tif,0.637902,22.5457,0.276894
train,832.tif,0.532538,19.9215,0.257942
train,8320.tif,0.453343,19.4673,0.308309
train,8321.tif,0.408245,20.3642,0.271593
train,8322.tif,0.58905,22.4385,0.263466
train,8323.tif,0.489781,18.7575,0.26765
train,8324.tif,0.576198,21.5533,0.296371
train,8325.tif,0.743105,26.0108,0.218395
train,8326.tif,0.569543,21.5867,0.273406
train,8327.tif,0.490857,20.0632,0.296563
train,8328.tif,0.508274,20.2001,0.418178
train,8329.tif,0.594857,22.6099,0.272535
train,833.tif,0.538046,20.4431,0.325219
train,8330.tif,0.534809,22.0029,0.251767
train,8331.tif,0.578806,21.5267,0.283906
train,8332.tif,0.4984,19.9664,0.299517
train,8333.tif,0.752922,25.0646,0.224458
train,8334.tif,0.51189,21.1566,0.28724
train,8335.tif,0.59216,20.6901,0.293149
train,8336.tif,0.581287,21.7677,0.267314
train,8337.tif,0.435439,19.3167,0.337419
train,8338.tif,0.452032,19.7388,0.31888
train,8339.tif,0.504368,19.3846,0.290756
train,834.tif,0.417803,17.6985,0.321378
train,8340.tif,0.585884,22.3059,0.300051
train,8341.tif,0.531292,19.4276,0.305151
train,8342.tif,0.538302,22.8706,0.296085
train,8343.tif,0.500574,19.8475,0.285534
train,8344.tif,0.671615,22.9016,0.313741
train,8345.tif,0.515045,20.8725,0.322271
train,8346.tif,0.531081,20.5967,0.276605
train,8347.tif,0.522695,20.7315,0.265554
train,8348.tif,0.576893,21.3462,0.247507
train,8349.tif,0.427648,19.9447,0.27813
train,835.tif,0.548386,21.3729,0.2809
train,8350.tif,0.471119,20.4259,0.269041
train,8351.tif,0.5062,21.0139,0.286976
train,8352.tif,0.596217,21.2293,0.295189
train,8353.tif,0.465994,20.801,0.276091
train,8354.tif,0.518115,20.4269,0.30319
train,8355.tif,0.540699,21.3484,0.30356
train,8356.tif,0.478398,20.7632,0.273999
train,8357.tif,0.521716,20.7175,0.294493
train,8358.tif,0.531016,21.1426,0.30507
train,8359.tif,0.494397,21.1126,0.266723
train,836.tif,0.515035,19.4372,0.303021
train,8360.tif,0.527477,19.5213,0.316647
train,8361.tif,0.448923,21.4455,0.379729
train,8362.tif,0.572633,21.7767,0.266175
train,8363.tif,0.586564,21.1596,0.25984
train,8364.tif,0.547529,19.2638,0.301704
train,8365.tif,0.450906,20.9998,0.272667
train,8366.tif,0.460321,20.2997,0.258913
train,8367.tif,0.527896,17.5944,0.294241
train,8368.tif,0.452824,19.1771,0.316085
train,8369.tif,0.495338,19.8585,0.35465
train,837.tif,0.499902,22.0578,0.304464
train,8370.tif,0.476625,20.4612,0.237591
train,8371.tif,0.539364,20.8954,0.322388
train,8372.tif,0.492695,21.161,0.307722
train,8373.tif,0.526037,20.6509,0.340524
train,8374.tif,0.561634,20.6103,0.300723
train,8375.tif,0.583127,21.2712,0.29685
train,8376.tif,0.564126,21.6732,0.303656
train,8377.tif,0.714427,23.6367,0.248863
train,8378.tif,0.527381,21.5438,0.335988
train,8379.tif,0.514529,21.389,0.311319
train,838.tif,0.563161,21.0457,0.284843
train,8380.tif,0.563753,20.6073,0.333835
train,8381.tif,0.417905,18.1771,0.296351
train,8382.tif,0.489945,19.1945,0.300852
train,8383.tif,0.624054,22.5323,0.250822
train,8384.tif,0.421417,19.137,0.293194
train,8385.tif,0.590521,22.1456,0.264096
train,8386.tif,0.487688,21.5603,0.243492
train,8387.tif,0.607064,22.6602,0.305785
train,8388.tif,0.548268,21.8045,0.258257
train,8389.tif,0.514508,21.231,0.264059
train,839.tif,0.848935,25.5554,0.144455
train,8390.tif,0.481875,17.0027,0.307062
train,8391.tif,0.48119,20.543,0.275311
train,8392.tif,0.573983,22.1662,0.27101
train,8393.tif,0.511069,20.7912,0.318328
train,8394.tif,0.507603,21.5764,0.248952
train,8395.tif,0.522614,21.159,0.280353
train,8396.tif,0.668498,22.3492,0.26356
train,8397.tif,0.558499,20.0984,0.294946
train,8398.tif,0.559265,22.3239,0.271928
train,8399.tif,0.524547,20.072,0.295525
train,84.tif,0.438373,19.9753,0.314843
train,840.tif,0.60061,20.1184,0.280855
train,8400.tif,0.556919,21.9925,0.327192
train,8401.tif,0.483121,18.9958,0.266409
train,8402.tif,0.753444,24.389,0.27078
train,8403.tif,0.562372,21.9701,0.261959
train,8404.tif,0.584404,22.8777,0.297603
train,8405.tif,0.562893,20.5477,0.27937
train,8406.tif,0.589709,19.5609,0.357282
train,8407.tif,0.440636,19.6817,0.249878
train,8408.tif,0.571915,19.6595,0.286541
train,8409.tif,0.465745,20.2667,0.271412
train,841.tif,0.576868,19.4864,0.254892
train,8410.tif,0.583008,22.8281,0.255326
train,8411.tif,0.524805,20.2937,0.246455
train,8412.tif,0.48535,20.6137,0.273566
train,8413.tif,0.542978,20.8094,0.280852
train,8414.tif,0.585983,19.6202,0.328426
train,8415.tif,0.510053,19.3944,0.262958
train,8416.tif,0.472712,15.3375,0.333045
train,8417.tif,0.81868,23.4449,0.252473
train,8418.tif,0.490501,18.0658,0.31727
train,8419.tif,0.494763,18.089,0.309191
train,842.tif,0.567266,20.4341,0.287267
train,8420.tif,0.568881,20.1554,0.268686
train,8421.tif,0.547944,20.4434,0.277305
train,8422.tif,0.428921,18.4232,0.261713
train,8423.tif,0.597402,21.9223,0.270695
train,8424.tif,0.616912,20.6783,0.269811
train,8425.tif,0.513784,20.9571,0.324993
train,8426.tif,0.47528,21.0687,0.265439
train,8427.tif,0.602843,23.0621,0.287551
train,8428.tif,0.532685,18.3305,0.351632
train,8429.tif,0.520543,19.7493,0.302189
train,843.tif,0.657766,22.6029,0.257973
train,8430.tif,0.522006,19.5332,0.343846
train,8431.tif,0.602968,22.2201,0.292999
train,8432.tif,0.468077,19.9878,0.284943
train,8433.tif,0.493361,20.7252,0.242362
train,8434.tif,0.509892,20.7062,0.319799
train,8435.tif,0.664749,19.3672,0.256073
train,8436.tif,0.650054,19.8428,0.258209
train,8437.tif,0.580776,21.8942,0.269733
train,8438.tif,0.600806,20.9822,0.278808
train,8439.tif,0.515737,18.9693,0.267723
train,844.tif,0.514142,21.2974,0.294005
train,8440.tif,0.658199,20.8765,0.223418
train,8441.tif,0.67529,19.1126,0.237636
train,8442.tif,0.655513,21.7192,0.243129
train,8443.tif,0.64805,20.5968,0.286604
train,8444.tif,0.501555,19.7463,0.3174
train,8445.tif,0.718594,21.63,0.222595
train,8446.tif,0.59605,21.4483,0.263017
train,8447.tif,0.744923,23.0788,0.231737
train,8448.tif,0.548407,17.0016,0.384518
train,8449.tif,0.505979,20.2306,0.260182
train,845.tif,0.476082,18.7901,0.321994
train,8450.tif,0.500477,17.0967,0.288842
train,8451.tif,0.689217,22.3988,0.234215
train,8452.tif,0.651816,23.526,0.311626
train,8453.tif,0.641542,21.6027,0.241882
train,8454.tif,0.552564,17.9374,0.299888
train,8455.tif,0.604729,22.1337,0.224943
train,8456.tif,0.669703,22.8428,0.245628
train,8457.tif,0.583543,20.7102,0.305233
train,8458.tif,0.567674,22.9247,0.252639
train,8459.tif,0.482942,16.6343,0.292912
train,846.tif,0.580408,21.2596,0.291336
train,8460.tif,0.589594,21.0364,0.256142
train,8461.tif,0.695815,20.2833,0.288773
train,8462.tif,0.633103,20.3992,0.247425
train,8463.tif,0.694866,19.4631,0.263145
train,8464.tif,0.551308,21.6695,0.3565
train,8465.tif,0.576888,22.4917,0.224985
train,8466.tif,0.58014,22.1911,0.231642
train,8467.tif,0.524656,14.2336,0.351068
train,8468.tif,0.552227,22.0801,0.263948
train,8469.tif,0.661779,19.722,0.278063
train,847.tif,0.556572,19.7377,0.269988
train,8470.tif,0.734982,23.943,0.238443
train,8471.tif,0.588511,22.4784,0.278555
train,8472.tif,0.500837,17.1079,0.279065
train,8473.tif,0.675279,23.2761,0.253021
train,8474.tif,0.484687,15.2854,0.280489
train,8475.tif,0.695626,22.8128,0.260084
train,8476.tif,0.640853,20.1848,0.25551
train,8477.tif,0.684991,20.8318,0.252673
train,8478.tif,0.453543,19.3717,0.333375
train,8479.tif,0.529788,20.0307,0.241624
train,848.tif,0.612147,20.3989,0.301009
train,8480.tif,0.610557,21.4802,0.239709
train,8481.tif,0.648414,20.8909,0.291116
train,8482.tif,0.617461,19.576,0.293483
train,8483.tif,0.575162,18.5734,0.260943
train,8484.tif,0.566607,18.6564,0.28863
train,8485.tif,0.65683,19.0424,0.255137
train,8486.tif,0.636286,15.7465,0.274211
train,8487.tif,0.63286,22.6807,0.240773
train,8488.tif,0.617265,25.0455,0.271411
train,8489.tif,0.640125,18.8763,0.342173
train,849.tif,0.657091,22.1133,0.263025
train,8490.tif,0.751424,21.809,0.260826
train,8491.tif,0.649397,24.0133,0.275363
train,8492.tif,0.558002,22.6401,0.245301
train,8493.tif,0.584082,23.6394,0.28214
train,8494.tif,0.546139,19.3836,0.276907
train,8495.tif,0.540462,18.5991,0.245831
train,8496.tif,0.532097,21.9977,0.254593
train,8497.tif,0.552473,17.6532,0.227048
train,8498.tif,0.622067,18.534,0.230178
train,8499.tif,0.716374,20.5069,0.231891
train,85.tif,0.626841,22.7282,0.234381
train,850.tif,0.505489,23.0561,0.354541
train,8500.tif,0.540285,19.8985,0.248408
train,8501.tif,0.602512,20.5089,0.237872
train,8502.tif,0.610021,20.1707,0.280914
train,8503.tif,0.685292,19.6499,0.257441
train,8504.tif,0.582735,18.5618,0.301333
train,8505.tif,0.65636,22.5838,0.28061
train,8506.tif,0.571782,19.5781,0.257972
train,8507.tif,0.602993,24.0188,0.235066
train,8508.tif,0.660537,23.9774,0.252475
train,8509.tif,0.612742,20.5104,0.259508
train,851.tif,0.723607,18.6064,0.307868
train,8510.tif,0.593975,21.339,0.24927
train,8511.tif,0.625652,23.351,0.277275
train,8512.tif,0.670434,17.0952,0.269103
train,8513.tif,0.629494,20.8732,0.250872
train,8514.tif,0.545756,15.8316,0.29133
train,8515.tif,0.565996,19.3334,0.251536
train,8516.tif,0.621389,17.6929,0.356073
train,8517.tif,0.567761,19.5974,0.238169
train,8518.tif,0.61901,22.5733,0.282639
train,8519.tif,0.722027,24.846,0.254014
train,852.tif,0.597189,21.1624,0.230898
train,8520.tif,0.554791,20.7209,0.22886
train,8521.tif,0.574927,17.8971,0.254606
train,8522.tif,0.626298,23.7433,0.263227
train,8523.tif,0.690289,22.9072,0.255017
train,8524.tif,0.523387,19.5304,0.278766
train,8525.tif,0.668388,23.0889,0.274581
train,8526.tif,0.503656,20.1932,0.235725
train,8527.tif,0.54096,18.3551,0.342811
train,8528.tif,0.597853,22.3354,0.270685
train,8529.tif,0.650211,20.9596,0.264231
train,853.tif,0.619662,23.1112,0.256927
train,8530.tif,0.643111,21.2355,0.276188
train,8531.tif,0.562363,22.5961,0.270985
train,8532.tif,0.608555,19.6963,0.270427
train,8533.tif,0.586839,16.5017,0.3837
train,8534.tif,0.646984,18.7224,0.262014
train,8535.tif,0.685565,22.4795,0.339879
train,8536.tif,0.553507,19.128,0.274669
train,8537.tif,0.602978,21.3676,0.226232
train,8538.tif,0.664713,19.8461,0.273517
train,8539.tif,0.593934,22.8375,0.23662
train,854.tif,0.529083,19.2916,0.290692
train,8540.tif,0.493256,19.1194,0.257639
train,8541.tif,0.611295,21.6256,0.259903
train,8542.tif,0.573191,21.5571,0.266361
train,8543.tif,0.610094,16.1797,0.249132
train,8544.tif,0.623227,17.3385,0.288372
train,8545.tif,0.615608,21.9095,0.242979
train,8546.tif,0.636673,24.0148,0.262573
train,8547.tif,0.554748,22.7492,0.251768
train,8548.tif,0.619577,17.3152,0.2938
train,8549.tif,0.541085,20.334,0.253354
train,855.tif,0.782166,25.153,0.235021
train,8550.tif,0.594117,17.2271,0.287095
train,8551.tif,0.509246,17.0978,0.294674
train,8552.tif,0.762557,23.4177,0.277761
train,8553.tif,0.658246,21.2937,0.259868
train,8554.tif,0.589155,22.2871,0.269649
train,8555.tif,0.710254,20.8448,0.225346
train,8556.tif,0.61987,19.2738,0.240864
train,8557.tif,0.618608,22.2212,0.310404
train,8558.tif,0.698759,22.3657,0.258325
train,8559.tif,0.585512,20.3378,0.23634
train,856.tif,0.587499,21.2641,0.238723
train,8560.tif,0.532245,19.8511,0.22994
train,8561.tif,0.697999,23.5428,0.209774
train,8562.tif,0.59995,22.3386,0.268274
train,8563.tif,0.658637,23.7045,0.256191
train,8564.tif,0.608947,19.805,0.228426
train,8565.tif,0.545726,21.1012,0.322636
train,8566.tif,0.592936,19.7763,0.273194
train,8567.tif,0.72478,24.6931,0.207609
train,8568.tif,0.525638,19.1513,0.283395
train,8569.tif,0.631712,21.9664,0.266683
train,857.tif,0.554508,24.6781,0.289562
train,8570.tif,0.503533,19.8801,0.250906
train,8571.tif,0.575932,19.5614,0.29658
train,8572.tif,0.645423,18.7035,0.314917
train,8573.tif,0.685233,18.6247,0.349659
train,8574.tif,0.763092,20.7517,0.230913
train,8575.tif,0.641842,21.6629,0.257097
train,8576.tif,0.574293,21.8857,0.268244
train,8577.tif,0.590859,18.3406,0.249597
train,8578.tif,0.602138,22.8396,0.273668
train,8579.tif,0.673281,20.5633,0.269328
train,858.tif,0.648801,21.3224,0.300238
train,8580.tif,0.556599,21.1027,0.259816
train,8581.tif,0.658994,22.7009,0.320206
train,8582.tif,0.574406,23.0464,0.248068
train,8583.tif,0.592622,22.1194,0.281884
train,8584.tif,0.607598,17.938,0.271556
train,8585.tif,0.669836,21.6325,0.252539
train,8586.tif,0.538385,22.6855,0.244394
train,8587.tif,0.595938,19.015,0.2209
train,8588.tif,0.591714,16.5201,0.285509
train,8589.tif,0.55211,21.0001,0.263385
train,859.tif,0.687532,22.0196,0.255857
train,8590.tif,0.596175,22.4178,0.270849
train,8591.tif,0.564723,18.4742,0.290847
train,8592.tif,0.722525,18.6906,0.325989
train,8593.tif,0.65251,21.2017,0.285877
train,8594.tif,0.654232,19.0564,0.258525
train,8595.tif,0.577705,21.8516,0.23865
train,8596.tif,0.690749,22.5392,0.304048
train,8597.tif,0.672406,19.6583,0.279755
train,8598.tif,0.695121,20.043,0.290897
train,8599.tif,0.663661,22.6732,0.253694
train,86.tif,0.576338,20.7854,0.250108
train,860.tif,0.5362,22.1466,0.208016
train,8600.tif,0.648168,18.5933,0.267868
train,8601.tif,0.728825,17.0303,0.360981
train,8602.tif,0.586274,16.7747,0.244524
train,8603.tif,0.69663,23.3118,0.221228
train,8604.tif,0.603131,19.7121,0.242273
train,8605.tif,0.52245,22.1985,0.301887
train,8606.tif,0.63349,19.582,0.241489
train,8607.tif,0.576838,19.1782,0.346552
train,8608.tif,0.515279,18.1113,0.290059
train,8609.tif,0.703604,23.0524,0.262829
train,861.tif,0.53047,20.6288,0.281549
train,8610.tif,0.730687,19.3649,0.259807
train,8611.tif,0.645975,19.1828,0.233037
train,8612.tif,0.56878,21.6977,0.252587
train,8613.tif,0.68083,20.0833,0.219613
train,8614.tif,0.732971,20.2286,0.252166
train,8615.tif,0.670021,18.1636,0.261622
train,8616.tif,0.646897,23.8131,0.256759
train,8617.tif,0.545899,18.2663,0.241591
train,8618.tif,0.585124,22.2989,0.276841
train,8619.tif,0.538594,21.0009,0.223893
train,862.tif,0.641844,22.424,0.232606
train,8620.tif,0.65511,23.3068,0.234625
train,8621.tif,0.523012,21.4208,0.244283
train,8622.tif,0.667937,20.7761,0.257464
train,8623.tif,0.653535,19.7802,0.264507
train,8624.tif,0.548627,18.1341,0.297586
train,8625.tif,0.602073,19.6263,0.251171
train,8626.tif,0.709551,21.0458,0.267328
train,8627.tif,0.68885,18.9391,0.250854
train,8628.tif,0.574791,22.4437,0.265793
train,8629.tif,0.582705,20.3323,0.250745
train,863.tif,0.49565,20.687,0.307171
train,8630.tif,0.720844,19.9971,0.230739
train,8631.tif,0.646907,23.6301,0.244889
train,8632.tif,0.716437,22.6839,0.245977
train,8633.tif,0.464336,18.0819,0.255704
train,8634.tif,0.64274,20.0144,0.261076
train,8635.tif,0.665788,17.6446,0.356543
train,8636.tif,0.642951,21.7719,0.241431
train,8637.tif,0.65873,22.2077,0.231222
train,8638.tif,0.62828,17.885,0.284525
train,8639.tif,0.548412,21.5345,0.235447
train,864.tif,0.61034,18.972,0.309063
train,8640.tif,0.724677,22.6338,0.264965
train,8641.tif,0.651604,20.9864,0.23228
train,8642.tif,0.515143,20.4901,0.297759
train,8643.tif,0.577164,20.6606,0.246653
train,8644.tif,0.537815,17.9097,0.277955
train,8645.tif,0.562789,22.734,0.313568
train,8646.tif,0.542858,16.3305,0.272786
train,8647.tif,0.481147,18.7508,0.239184
train,8648.tif,0.598675,23.8049,0.219362
train,8649.tif,0.55497,19.8588,0.241649
train,865.tif,0.340568,18.3924,0.380621
train,8650.tif,0.583166,17.3228,0.272468
train,8651.tif,0.725754,20.754,0.244366
train,8652.tif,0.521989,20.2269,0.280378
train,8653.tif,0.537084,16.5775,0.319965
train,8654.tif,0.579804,17.5052,0.261786
train,8655.tif,0.710173,21.3011,0.226779
train,8656.tif,0.706681,23.4433,0.227116
train,8657.tif,0.678545,23.606,0.281019
train,8658.tif,0.534036,19.0925,0.257564
train,8659.tif,0.539747,18.8496,0.240654
train,866.tif,0.563658,22.1602,0.240282
train,8660.tif,0.674928,20.1915,0.227954
train,8661.tif,0.615248,20.8247,0.235755
train,8662.tif,0.561402,20.5993,0.250611
train,8663.tif,0.722085,22.6818,0.256249
train,8664.tif,0.576343,21.9404,0.324921
train,8665.tif,0.543999,18.5899,0.308343
train,8666.tif,0.575935,22.7894,0.259157
train,8667.tif,0.648507,20.1397,0.312794
train,8668.tif,0.661058,16.3672,0.280989
train,8669.tif,0.648902,19.4003,0.254531
train,867.tif,0.738036,23.1457,0.291663
train,8670.tif,0.548179,19.9524,0.280728
train,8671.tif,0.569336,19.3139,0.275895
train,8672.tif,0.724995,24.0899,0.229572
train,8673.tif,0.658403,17.4332,0.347779
train,8674.tif,0.698174,23.0003,0.257536
train,8675.tif,0.55886,18.1153,0.303371
train,8676.tif,0.606977,22.038,0.263268
train,8677.tif,0.504845,20.5819,0.252539
train,8678.tif,0.656139,19.8983,0.253264
train,8679.tif,0.59047,21.5731,0.261809
train,868.tif,0.532196,20.8049,0.335111
train,8680.tif,0.712646,17.9316,0.310991
train,8681.tif,0.670795,20.5422,0.231193
train,8682.tif,0.740037,24.5193,0.247025
train,8683.tif,0.65259,16.8397,0.272631
train,8684.tif,0.612251,19.4992,0.247446
train,8685.tif,0.570689,19.2366,0.278512
train,8686.tif,0.636053,24.6989,0.235414
train,8687.tif,0.670897,22.0691,0.226873
train,8688.tif,0.683802,17.4986,0.303004
train,8689.tif,0.659285,20.9599,0.26062
train,869.tif,0.579147,21.0909,0.261695
train,8690.tif,0.670339,22.1681,0.24642
train,8691.tif,0.693566,23.3047,0.245189
train,8692.tif,0.604781,21.6069,0.258824
train,8693.tif,0.572311,21.8084,0.265305
train,8694.tif,0.734897,22.9668,0.285135
train,8695.tif,0.680673,22.6504,0.266835
train,8696.tif,0.54253,17.4521,0.28008
train,8697.tif,0.562366,17.9852,0.243045
train,8698.tif,0.537291,20.9453,0.260557
train,8699.tif,0.55458,20.614,0.261352
train,87.tif,0.519735,18.8053,0.293868
train,870.tif,0.519961,19.1679,0.268758
train,8700.tif,0.672422,20.7573,0.244598
train,8701.tif,0.604851,22.4646,0.230135
train,8702.tif,0.554264,22.6099,0.239257
train,8703.tif,0.65874,21.6612,0.218219
train,8704.tif,0.659997,23.803,0.249382
train,8705.tif,0.659979,19.6416,0.22329
train,8706.tif,0.680077,23.3256,0.229796
train,8707.tif,0.543134,18.0247,0.278695
train,8708.tif,0.550741,18.466,0.259846
train,8709.tif,0.592205,19.7497,0.286082
train,871.tif,0.500464,20.2879,0.280319
train,8710.tif,0.735131,24.444,0.202375
train,8711.tif,0.650971,19.668,0.258442
train,8712.tif,0.563875,21.3552,0.261131
train,8713.tif,0.518289,15.8721,0.29313
train,8714.tif,0.667239,21.1927,0.272617
train,8715.tif,0.686905,22.6851,0.253516
train,8716.tif,0.541456,21.7101,0.321351
train,8717.tif,0.59124,22.1661,0.229621
train,8718.tif,0.588283,19.4745,0.279285
train,8719.tif,0.529283,17.7648,0.273746
train,872.tif,0.615738,23.327,0.270728
train,8720.tif,0.538705,20.8243,0.296211
train,8721.tif,0.584258,19.1903,0.230509
train,8722.tif,0.611248,17.5447,0.343834
train,8723.tif,0.672894,19.0713,0.322426
train,8724.tif,0.62854,24.9711,0.295259
train,8725.tif,0.608532,20.7188,0.2521
train,8726.tif,0.593925,17.0875,0.287494
train,8727.tif,0.655949,17.167,0.339666
train,8728.tif,0.531726,20.183,0.294565
train,8729.tif,0.467243,18.7669,0.271808
train,873.tif,0.552658,20.381,0.246339
train,8730.tif,0.533032,19.9875,0.260875
train,8731.tif,0.612283,18.9156,0.265261
train,8732.tif,0.628872,20.6266,0.337461
train,8733.tif,0.795975,16.872,0.272006
train,8734.tif,0.615474,18.5153,0.291524
train,8735.tif,0.660132,20.3576,0.306139
train,8736.tif,0.562225,22.2454,0.256156
train,8737.tif,0.631546,17.2509,0.325304
train,8738.tif,0.653611,18.198,0.256001
train,8739.tif,0.687618,19.496,0.23931
train,874.tif,0.607502,22.2229,0.294338
train,8740.tif,0.535884,18.6374,0.266024
train,8741.tif,0.585481,22.9652,0.262523
train,8742.tif,0.640644,18.187,0.257635
train,8743.tif,0.624385,23.2506,0.298887
train,8744.tif,0.527754,18.5296,0.244521
train,8745.tif,0.627663,18.7992,0.266198
train,8746.tif,0.603748,18.0125,0.237777
train,8747.tif,0.599066,16.6044,0.311151
train,8748.tif,0.598993,23.2518,0.230208
train,8749.tif,0.557683,21.2089,0.259566
train,875.tif,0.535078,19.132,0.294157
train,8750.tif,0.562433,21.7484,0.240839
train,8751.tif,0.636804,21.2427,0.219457
train,8752.tif,0.67119,20.3827,0.275148
train,8753.tif,0.668863,19.549,0.242731
train,8754.tif,0.525299,21.8267,0.302877
train,8755.tif,0.59759,15.4912,0.275961
train,8756.tif,0.498745,16.611,0.274746
train,8757.tif,0.707018,17.1377,0.315233
train,8758.tif,0.54775,20.3131,0.286715
train,8759.tif,0.664432,23.1907,0.273305
train,876.tif,0.829479,23.486,0.25568
train,8760.tif,0.548772,17.6307,0.321398
train,8761.tif,0.561674,23.2304,0.237145
train,8762.tif,0.725788,23.588,0.236465
train,8763.tif,0.557734,19.1394,0.299723
train,8764.tif,0.604635,22.8792,0.221001
train,8765.tif,0.520307,19.2657,0.279944
train,8766.tif,0.687755,22.8535,0.256997
train,8767.tif,0.731593,19.9868,0.225181
train,8768.tif,0.81868,25.3629,0.338109
train,8769.tif,0.656711,20.0506,0.317547
train,877.tif,0.537785,16.6225,0.297809
train,8770.tif,0.506628,21.0987,0.312252
train,8771.tif,0.582849,17.0207,0.265094
train,8772.tif,0.577534,21.9548,0.275834
train,8773.tif,0.507562,15.6918,0.270854
train,8774.tif,0.725383,23.0983,0.213834
train,8775.tif,0.649314,19.7384,0.270942
train,8776.tif,0.67441,20.9922,0.336932
train,8777.tif,0.541858,18.307,0.294451
train,8778.tif,0.502832,18.6363,0.278903
train,8779.tif,0.673159,21.8715,0.220638
train,878.tif,0.503402,21.1564,0.269048
train,8780.tif,0.572439,19.4564,0.255539
train,8781.tif,0.521551,19.1152,0.259129
train,8782.tif,0.480392,19.4049,0.267411
train,8783.tif,0.628291,20.4238,0.229064
train,8784.tif,0.628731,20.2422,0.250307
train,8785.tif,0.598078,22.0401,0.256668
train,8786.tif,0.611774,22.9242,0.266529
train,8787.tif,0.545366,19.0346,0.26863
train,8788.tif,0.593109,20.6945,0.255887
train,8789.tif,0.692583,23.5407,0.255889
train,879.tif,0.603039,22.2659,0.241283
train,8790.tif,0.610614,19.2351,0.232483
train,8791.tif,0.487665,17.9209,0.23271
train,8792.tif,0.689046,21.0894,0.272518
train,8793.tif,0.578465,23.6547,0.225759
train,8794.tif,0.564187,22.2488,0.310486
train,8795.tif,0.65302,20.8158,0.281216
train,8796.tif,0.532082,17.0413,0.298694
train,8797.tif,0.714622,20.484,0.274697
train,8798.tif,0.688102,18.2978,0.287656
train,8799.tif,0.667645,19.8566,0.27776
train,88.tif,0.68903,20.646,0.228793
train,880.tif,0.514162,20.0904,0.295964
train,8800.tif,0.570127,21.8021,0.260594
train,8801.tif,0.706221,22.0149,0.265536
train,8802.tif,0.623059,22.1071,0.266057
train,8803.tif,0.683328,24.8913,0.238118
train,8804.tif,0.70733,23.7029,0.202155
train,8805.tif,0.557213,17.2755,0.277451
train,8806.tif,0.604493,18.7619,0.246811
train,8807.tif,0.627595,22.3987,0.294224
train,8808.tif,0.636927,24.2539,0.248689
train,8809.tif,0.603478,18.0154,0.265632
train,881.tif,0.626459,22.8767,0.274966
train,8810.tif,0.575475,22.9773,0.271167
train,8811.tif,0.731486,23.3547,0.227449
train,8812.tif,0.631305,21.4265,0.265043
train,8813.tif,0.678315,20.2088,0.255983
train,8814.tif,0.573639,18.2699,0.288099
train,8815.tif,0.571294,21.3463,0.244161
train,8816.tif,0.631355,24.3499,0.228569
train,8817.tif,0.830163,20.7612,0.289171
train,8818.tif,0.663817,23.4513,0.251007
train,8819.tif,0.507778,16.7029,0.316816
train,882.tif,0.542547,20.555,0.338763
train,8820.tif,0.637556,21.5162,0.27075
train,8821.tif,0.674231,21.7117,0.220362
train,8822.tif,0.621566,21.0251,0.270135
train,8823.tif,0.673903,24.0306,0.274378
train,8824.tif,0.591055,17.9549,0.301657
train,8825.tif,0.65615,19.7597,0.209189
train,8826.tif,0.522114,15.9578,0.335839
train,8827.tif,0.535205,19.0124,0.284182
train,8828.tif,0.672532,21.4965,0.244071
train,8829.tif,0.554528,17.0029,0.286234
train,883.tif,0.514426,20.3513,0.276369
train,8830.tif,0.582172,21.0431,0.26966
train,8831.tif,0.701424,18.8684,0.300292
train,8832.tif,0.62844,21.0192,0.260635
train,8833.tif,0.68444,23.9931,0.229725
train,8834.tif,0.59119,19.6638,0.28951
train,8835.tif,0.530204,22.4306,0.242711
train,8836.tif,0.731747,23.6898,0.269282
train,8837.tif,0.566423,21.1937,0.261902
train,8838.tif,0.681996,21.8913,0.210194
train,8839.tif,0.72544,22.3848,0.258397
train,884.tif,0.60016,19.4807,0.280959
train,8840.tif,0.52358,20.4401,0.306322
train,8841.tif,0.722261,23.6664,0.219477
train,8842.tif,0.749421,23.4525,0.229433
train,8843.tif,0.71956,14.746,0.508628
train,8844.tif,0.667832,21.8523,0.23241
train,8845.tif,0.601389,21.6131,0.287871
train,8846.tif,0.669827,21.8571,0.25311
train,8847.tif,0.607671,18.266,0.364172
train,8848.tif,0.614883,18.2821,0.33111
train,8849.tif,0.564583,19.4104,0.359057
train,885.tif,0.763966,23.909,0.246413
train,8850.tif,0.539341,18.4267,0.291243
train,8851.tif,0.65509,21.9124,0.282739
train,8852.tif,0.494108,19.4524,0.258882
train,8853.tif,0.678055,22.6112,0.243505
train,8854.tif,0.662734,18.472,0.232868
train,8855.tif,0.588344,17.4757,0.275043
train,8856.tif,0.640615,17.0314,0.25723
train,8857.tif,0.544463,17.556,0.274062
train,8858.tif,0.683142,22.503,0.251108
train,8859.tif,0.665931,22.2147,0.252004
train,886.tif,0.492799,19.5718,0.342323
train,8860.tif,0.605901,23.5653,0.270005
train,8861.tif,0.585866,17.3875,0.312526
train,8862.tif,0.518784,16.9831,0.256442
train,8863.tif,0.719696,17.3181,0.334114
train,8864.tif,0.672424,23.018,0.217898
train,8865.tif,0.497242,19.538,0.283215
train,8866.tif,0.532957,18.1442,0.280037
train,8867.tif,0.544434,17.8316,0.28052
train,8868.tif,0.62649,21.3786,0.260775
train,8869.tif,0.599528,20.756,0.250433
train,887.tif,0.669088,22.8469,0.294077
train,8870.tif,0.556857,22.2809,0.278583
train,8871.tif,0.634352,22.4158,0.222854
train,8872.tif,0.620357,24.532,0.256886
train,8873.tif,0.496879,18.1007,0.245638
train,8874.tif,0.563124,21.6793,0.260066
train,8875.tif,0.729852,22.2615,0.223613
train,8876.tif,0.653519,20.776,0.272384
train,8877.tif,0.638267,20.5322,0.243882
train,8878.tif,0.720062,20.4733,0.227712
train,8879.tif,0.678635,20.1824,0.276971
train,888.tif,0.529734,20.3602,0.280071
train,8880.tif,0.532581,21.3846,0.231049
train,8881.tif,0.540865,16.8471,0.360036
train,8882.tif,0.554247,18.4405,0.209465
train,8883.tif,0.610932,22.7472,0.257682
train,8884.tif,0.704685,23.7012,0.223253
train,8885.tif,0.67936,22.7343,0.226079
train,8886.tif,0.53234,19.7621,0.259907
train,8887.tif,0.567446,19.9675,0.264397
train,8888.tif,0.677647,20.8269,0.227864
train,8889.tif,0.637262,20.9467,0.252924
train,889.tif,0.633188,16.7978,0.272375
train,8890.tif,0.630756,20.5629,0.263188
train,8891.tif,0.588261,19.0485,0.265185
train,8892.tif,0.628832,19.1472,0.271845
train,8893.tif,0.554477,21.276,0.298307
train,8894.tif,0.530824,19.995,0.289055
train,8895.tif,0.701803,22.619,0.230264
train,8896.tif,0.529022,19.1096,0.241143
train,8897.tif,0.511313,19.184,0.289984
train,8898.tif,0.559107,20.3476,0.292146
train,8899.tif,0.562317,19.1164,0.25713
train,89.tif,0.594935,19.5105,0.32659
train,890.tif,0.553243,19.6199,0.307256
train,8900.tif,0.654998,20.9519,0.259564
train,8901.tif,0.694009,24.1262,0.243854
train,8902.tif,0.533614,20.5415,0.233703
train,8903.tif,0.57523,19.6524,0.254458
train,8904.tif,0.5529,21.8909,0.310674
train,8905.tif,0.628414,22.7333,0.24092
train,8906.tif,0.597507,19.8233,0.275535
train,8907.tif,0.705474,17.1095,0.301977
train,8908.tif,0.538887,22.1467,0.302965
train,8909.tif,0.53275,20.4354,0.28297
train,891.tif,0.538347,19.9674,0.313948
train,8910.tif,0.505367,21.706,0.236313
train,8911.tif,0.565919,22.5689,0.296529
train,8912.tif,0.480224,18.6532,0.299088
train,8913.tif,0.716271,22.5129,0.299594
train,8914.tif,0.706908,24.1586,0.244202
train,8915.tif,0.712799,24.5742,0.238258
train,8916.tif,0.650256,21.6717,0.240899
train,8917.tif,0.696273,21.7175,0.241824
train,8918.tif,0.670837,16.9537,0.256677
train,8919.tif,0.619719,22.6405,0.257565
train,892.tif,0.522773,19.3147,0.297985
train,8920.tif,0.54988,21.8934,0.240265
train,8921.tif,0.598122,18.3702,0.276675
train,8922.tif,0.517845,17.9312,0.273629
train,8923.tif,0.508828,17.0337,0.272939
train,8924.tif,0.553185,21.4965,0.299186
train,8925.tif,0.597317,15.6241,0.308606
train,8926.tif,0.728002,16.3909,0.350184
train,8927.tif,0.669602,20.8766,0.242608
train,8928.tif,0.637797,20.1977,0.25157
train,8929.tif,0.680237,23.9627,0.228942
train,893.tif,0.529445,17.4374,0.286965
train,8930.tif,0.599391,18.72,0.268303
train,8931.tif,0.588002,21.4838,0.246413
train,8932.tif,0.616112,18.8293,0.247163
train,8933.tif,0.528717,21.1009,0.242078
train,8934.tif,0.609106,23.6945,0.210934
train,8935.tif,0.74877,22.8038,0.242556
train,8936.tif,0.711916,17.3349,0.286113
train,8937.tif,0.55542,22.5952,0.316779
train,8938.tif,0.539562,20.6714,0.266715
train,8939.tif,0.696324,20.4191,0.257552
train,894.tif,0.560163,22.7297,0.287829
train,8940.tif,0.582945,20.7528,0.277835
train,8941.tif,0.65558,22.8137,0.241661
train,8942.tif,0.691967,21.0743,0.233865
train,8943.tif,0.631474,19.0252,0.315148
train,8944.tif,0.564949,22.2068,0.246123
train,8945.tif,0.519795,19.8071,0.229962
train,8946.tif,0.621317,24.8237,0.28114
train,8947.tif,0.622632,24.6168,0.273587
train,8948.tif,0.612391,22.8228,0.228511
train,8949.tif,0.544503,20.0571,0.257643
train,895.tif,0.579361,17.6363,0.31557
train,8950.tif,0.626903,18.5436,0.285585
train,8951.tif,0.570068,17.3026,0.290005
train,8952.tif,0.748416,22.3406,0.220389
train,8953.tif,0.652797,20.172,0.238346
train,8954.tif,0.790818,16.4202,0.240191
train,8955.tif,0.719444,23.8388,0.239624
train,8956.tif,0.696022,22.213,0.248075
train,8957.tif,0.644293,18.1286,0.292255
train,8958.tif,0.556385,18.5529,0.293847
train,8959.tif,0.555215,19.5876,0.2716
train,896.tif,0.429837,19.9359,0.30845
train,8960.tif,0.602325,22.8857,0.236038
train,8961.tif,0.646002,19.1102,0.280758
train,8962.tif,0.648296,18.095,0.30731
train,8963.tif,0.593772,22.4559,0.240955
train,8964.tif,0.564813,20.3037,0.272069
train,8965.tif,0.585389,21.7884,0.282154
train,8966.tif,0.538243,19.7283,0.257168
train,8967.tif,0.683708,22.923,0.2693
train,8968.tif,0.59374,23.3237,0.250145
train,8969.tif,0.54505,15.4918,0.306636
train,897.tif,0.51588,20.0272,0.271746
train,8970.tif,0.592506,22.2857,0.249081
train,8971.tif,0.618537,19.6544,0.234343
train,8972.tif,0.542489,18.9928,0.2352
train,8973.tif,0.66507,21.3665,0.261076
train,8974.tif,0.493832,17.7256,0.259827
train,8975.tif,0.568035,20.8376,0.227473
train,8976.tif,0.649249,22.6529,0.300154
train,8977.tif,0.688906,21.2867,0.223485
train,8978.tif,0.649945,22.6971,0.240025
train,8979.tif,0.635756,19.4023,0.249515
train,898.tif,0.520258,20.9477,0.307341
train,8980.tif,0.671519,19.9683,0.27915
train,8981.tif,0.677676,25.123,0.313071
train,8982.tif,0.523335,18.908,0.347677
train,8983.tif,0.55355,14.577,0.42038
train,8984.tif,0.564252,22.6517,0.253918
train,8985.tif,0.717191,19.8721,0.219554
train,8986.tif,0.571319,22.5443,0.264938
train,8987.tif,0.572347,20.8611,0.276845
train,8988.tif,0.605568,22.0766,0.283949
train,8989.tif,0.647464,22.713,0.295922
train,899.tif,0.671751,22.5494,0.225707
train,8990.tif,0.681592,23.7048,0.234833
train,8991.tif,0.55854,20.1251,0.284281
train,8992.tif,0.581396,21.2245,0.226549
train,8993.tif,0.529598,22.7864,0.261846
train,8994.tif,0.594485,20.3055,0.248901
train,8995.tif,0.551308,19.4143,0.311628
train,8996.tif,0.485601,15.4391,0.27896
train,8997.tif,0.681786,21.2974,0.247815
train,8998.tif,0.628287,19.367,0.222435
train,8999.tif,0.540276,21.8004,0.290078
train,9.tif,0.540991,21.7221,0.249478
train,90.tif,0.570615,16.6314,0.27627
train,900.tif,0.590755,21.3182,0.251404
train,9000.tif,0.483526,20.5631,0.259016
train,9001.tif,0.655418,20.9719,0.230997
train,9002.tif,0.574282,18.4984,0.242316
train,9003.tif,0.506135,16.9998,0.319106
train,9004.tif,0.666636,24.8779,0.233558
train,9005.tif,0.719652,23.4853,0.25051
train,9006.tif,0.675696,17.5934,0.299044
train,9007.tif,0.674825,17.9122,0.307481
train,9008.tif,0.585877,19.588,0.333588
train,9009.tif,0.605242,22.5439,0.238076
train,901.tif,0.514357,20.8505,0.273459
train,9010.tif,0.536872,18.2126,0.31383
train,9011.tif,0.592693,23.6665,0.242301
train,9012.tif,0.639045,17.524,0.305182
train,9013.tif,0.55264,16.5055,0.351295
train,9014.tif,0.570934,21.6086,0.253434
train,9015.tif,0.52767,16.0452,0.266357
train,9016.tif,0.664038,20.7006,0.243117
train,9017.tif,0.487843,18.4461,0.258053
train,9018.tif,0.57575,15.1316,0.332153
train,9019.tif,0.597485,18.9083,0.291361
train,902.tif,0.635052,21.1714,0.253571
train,9020.tif,0.664448,18.1969,0.31565
train,9021.tif,0.693706,16.502,0.329939
train,9022.tif,0.651546,16.2777,0.313173
train,9023.tif,0.590128,23.2737,0.238436
train,9024.tif,0.56007,19.708,0.246874
train,9025.tif,0.664816,22.6731,0.218485
train,9026.tif,0.556675,23.4107,0.252593
train,9027.tif,0.536524,16.7721,0.282645
train,9028.tif,0.544408,19.0967,0.270184
train,9029.tif,0.633802,20.3765,0.289487
train,903.tif,0.583968,24.0782,0.326706
train,9030.tif,0.67511,21.6252,0.253769
train,9031.tif,0.69833,19.3188,0.26928
train,9032.tif,0.589559,21.023,0.322232
train,9033.tif,0.587973,22.4727,0.253276
train,9034.tif,0.621614,22.9903,0.23849
train,9035.tif,0.673465,19.5608,0.242575
train,9036.tif,0.620932,15.3487,0.289957
train,9037.tif,0.6519,21.6687,0.258503
train,9038.tif,0.691175,17.0831,0.372461
train,9039.tif,0.692406,22.642,0.225572
train,904.tif,0.667921,24.5718,0.278397
train,9040.tif,0.609248,18.1995,0.276398
train,9041.tif,0.555335,23.098,0.282322
train,9042.tif,0.679666,23.3891,0.247369
train,9043.tif,0.570618,18.7658,0.268949
train,9044.tif,0.704234,17.6476,0.271132
train,9045.tif,0.648813,21.8855,0.263816
train,9046.tif,0.522212,18.17,0.280795
train,9047.tif,0.66124,22.1032,0.26442
train,9048.tif,0.534665,17.6924,0.265835
train,9049.tif,0.705818,23.1217,0.260059
train,905.tif,0.495955,21.0338,0.28722
train,9050.tif,0.580459,20.7078,0.235484
train,9051.tif,0.471471,14.1271,0.323938
train,9052.tif,0.699373,18.6791,0.23459
train,9053.tif,0.699711,25.176,0.242059
train,9054.tif,0.730674,23.5239,0.224134
train,9055.tif,0.724124,20.2113,0.326776
train,9056.tif,0.564603,20.1172,0.260825
train,9057.tif,0.529042,19.8365,0.294378
train,9058.tif,0.583093,21.85,0.290008
train,9059.tif,0.595837,20.7685,0.228919
train,906.tif,0.474611,21.2215,0.296775
train,9060.tif,0.701109,22.5868,0.242793
train,9061.tif,0.63567,16.51,0.317041
train,9062.tif,0.700113,24.2086,0.258363
train,9063.tif,0.674558,16.8559,0.30755
train,9064.tif,0.706698,20.4392,0.213648
train,9065.tif,0.663501,20.9464,0.220781
train,9066.tif,0.563254,21.3422,0.262087
train,9067.tif,0.582839,21.007,0.292046
train,9068.tif,0.6868,24.7541,0.23674
train,9069.tif,0.644022,17.8154,0.30143
train,907.tif,0.520484,20.8559,0.306605
train,9070.tif,0.614466,17.9048,0.240409
train,9071.tif,0.55336,22.6086,0.246416
train,9072.tif,0.685171,19.6286,0.30961
train,9073.tif,0.640995,19.766,0.299403
train,9074.tif,0.560935,20.1971,0.245688
train,9075.tif,0.527756,15.6054,0.360872
train,9076.tif,0.623784,20.2433,0.271061
train,9077.tif,0.582331,22.7462,0.291622
train,9078.tif,0.645839,22.0776,0.26849
train,9079.tif,0.652585,23.468,0.251666
train,908.tif,0.576023,21.2136,0.282373
train,9080.tif,0.619504,18.1209,0.257603
train,9081.tif,0.641455,17.7657,0.319752
train,9082.tif,0.642135,21.6052,0.211419
train,9083.tif,0.603774,19.7854,0.280772
train,9084.tif,0.53335,19.7951,0.264666
train,9085.tif,0.594137,15.4416,0.345208
train,9086.tif,0.632271,17.5569,0.294223
train,9087.tif,0.53609,18.4193,0.320135
train,9088.tif,0.590555,20.1557,0.33021
train,9089.tif,0.585891,18.9638,0.264474
train,909.tif,0.599814,20.0382,0.270306
train,9090.tif,0.628102,22.6884,0.249958
train,9091.tif,0.555222,21.8787,0.297188
train,9092.tif,0.677993,23.8545,0.242799
train,9093.tif,0.572499,19.8102,0.212594
train,9094.tif,0.615177,18.1837,0.28923
train,9095.tif,0.574758,18.4544,0.26639
train,9096.tif,0.603924,19.9064,0.250649
train,9097.tif,0.622925,20.2005,0.249347
train,9098.tif,0.488996,18.7793,0.274004
train,9099.tif,0.720967,18.9912,0.234835
train,91.tif,0.495643,20.5625,0.305339
train,910.tif,0.542317,20.9138,0.276521
train,9100.tif,0.704958,22.2662,0.249081
train,9101.tif,0.584605,16.7279,0.294426
train,9102.tif,0.639823,22.6618,0.266357
train,9103.tif,0.595893,22.9913,0.236661
train,9104.tif,0.582429,19.2662,0.253017
train,9105.tif,0.643256,23.2466,0.280978
train,9106.tif,0.711693,20.8527,0.248332
train,9107.tif,0.548171,16.3395,0.311919
train,9108.tif,0.561693,18.0932,0.289168
train,9109.tif,0.616526,21.1189,0.242901
train,911.tif,0.486292,19.3709,0.302919
train,9110.tif,0.65834,24.0059,0.221261
train,9111.tif,0.572927,20.9337,0.255553
train,9112.tif,0.598351,21.5204,0.245027
train,9113.tif,0.62406,20.753,0.249843
train,9114.tif,0.68751,17.2996,0.34133
train,9115.tif,0.632247,19.3518,0.300671
train,9116.tif,0.672917,21.3348,0.24534
train,9117.tif,0.746529,15.5419,0.348955
train,9118.tif,0.696248,23.2162,0.246204
train,9119.tif,0.678608,23.7831,0.25297
train,912.tif,0.561571,20.8309,0.28508
train,9120.tif,0.55904,20.8294,0.262791
train,9121.tif,0.618972,19.9918,0.26042
train,9122.tif,0.671808,18.0946,0.242525
train,9123.tif,0.650934,23.4405,0.277488
train,9124.tif,0.583998,21.2509,0.294702
train,9125.tif,0.642772,18.8637,0.261804
train,9126.tif,0.645721,20.9032,0.278653
train,9127.tif,0.772645,16.3169,0.327065
train,9128.tif,0.689948,22.388,0.284123
train,9129.tif,0.685429,23.3906,0.232432
train,913.tif,0.586558,22.0339,0.273268
train,9130.tif,0.666362,21.9295,0.271351
train,9131.tif,0.691708,23.3057,0.257847
train,9132.tif,0.541218,18.7425,0.29274
train,9133.tif,0.635309,20.8063,0.255835
train,9134.tif,0.600455,18.9929,0.322989
train,9135.tif,0.528494,15.4329,0.313881
train,9136.tif,0.515638,16.0164,0.269539
train,9137.tif,0.527449,21.9591,0.29981
train,9138.tif,0.504211,17.3411,0.335651
train,9139.tif,0.700601,20.3844,0.233694
train,914.tif,0.572433,20.6596,0.263587
train,9140.tif,0.636984,20.3888,0.251214
train,9141.tif,0.607243,23.117,0.258539
train,9142.tif,0.600143,23.489,0.235642
train,9143.tif,0.585102,24.237,0.325848
train,9144.tif,0.543046,20.0437,0.274354
train,9145.tif,0.512836,17.0995,0.243721
train,9146.tif,0.662137,22.8693,0.257498
train,9147.tif,0.627106,19.9073,0.24944
train,9148.tif,0.528701,15.1674,0.285645
train,9149.tif,0.619427,19.3263,0.270559
train,915.tif,0.477282,19.8524,0.285719
train,9150.tif,0.579534,21.8282,0.292433
train,9151.tif,0.549257,20.1843,0.340544
train,9152.tif,0.608357,22.7913,0.247179
train,9153.tif,0.581141,19.5611,0.245836
train,9154.tif,0.571315,20.3409,0.312044
train,9155.tif,0.586344,22.0631,0.247568
train,9156.tif,0.558309,18.8705,0.26635
train,9157.tif,0.556513,19.3671,0.268449
train,9158.tif,0.634693,21.7099,0.25323
train,9159.tif,0.538896,21.0614,0.29311
train,916.tif,0.552849,18.9359,0.270678
train,9160.tif,0.528225,16.6953,0.303386
train,9161.tif,0.685138,18.6383,0.255109
train,9162.tif,0.667365,23.2182,0.264001
train,9163.tif,0.666661,21.9735,0.233279
train,9164.tif,0.542577,19.8527,0.31426
train,9165.tif,0.605619,20.2008,0.233286
train,9166.tif,0.547672,19.7896,0.275133
train,9167.tif,0.651525,23.9202,0.226319
train,9168.tif,0.525287,23.1756,0.277667
train,9169.tif,0.54023,21.9886,0.274439
train,917.tif,0.623009,23.0518,0.236131
train,9170.tif,0.606193,21.4977,0.278856
train,9171.tif,0.719873,23.2948,0.224471
train,9172.tif,0.601734,20.6747,0.245646
train,9173.tif,0.677831,23.5811,0.222268
train,9174.tif,0.596623,23.2365,0.316789
train,9175.tif,0.641567,22.6011,0.234328
train,9176.tif,0.589071,19.7842,0.29985
train,9177.tif,0.551517,22.2557,0.254899
train,9178.tif,0.664018,22.5412,0.28867
train,9179.tif,0.576221,22.2808,0.229754
train,918.tif,0.512058,16.8325,0.311746
train,9180.tif,0.624929,22.6678,0.356353
train,9181.tif,0.579588,22.6011,0.308667
train,9182.tif,0.676893,24.0232,0.237388
train,9183.tif,0.50068,19.88,0.309958
train,9184.tif,0.563491,23.1373,0.231303
train,9185.tif,0.523507,21.3381,0.330375
train,9186.tif,0.517599,20.1607,0.287459
train,9187.tif,0.559524,21.7527,0.261265
train,9188.tif,0.602512,21.8741,0.21875
train,9189.tif,0.737381,24.1832,0.219537
train,919.tif,0.513091,19.8431,0.299642
train,9190.tif,0.656248,21.9591,0.269612
train,9191.tif,0.573934,21.9741,0.292446
train,9192.tif,0.599192,24.2379,0.261498
train,9193.tif,0.570768,20.6041,0.324398
train,9194.tif,0.785798,23.8496,0.2018
train,9195.tif,0.559728,22.1515,0.244152
train,9196.tif,0.621842,21.8119,0.229835
train,9197.tif,0.701589,23.4572,0.220306
train,9198.tif,0.656086,22.8124,0.208238
train,9199.tif,0.592236,21.0137,0.232818
train,92.tif,0.503805,20.4651,0.27472
train,920.tif,0.510473,20.6329,0.256336
train,9200.tif,0.502746,20.6273,0.288506
train,9201.tif,0.634767,23.1388,0.272098
train,9202.tif,0.537166,21.7939,0.327189
train,9203.tif,0.467391,19.2689,0.277884
train,9204.tif,0.581719,22.1463,0.265552
train,9205.tif,0.672554,24.0424,0.242968
train,9206.tif,0.542705,21.1585,0.314364
train,9207.tif,0.566244,22.0628,0.25223
train,9208.tif,0.711286,24.1019,0.20919
train,9209.tif,0.652008,22.9541,0.294486
train,921.tif,0.497523,21.2542,0.296258
train,9210.tif,0.606129,21.2062,0.257537
train,9211.tif,0.681471,23.3089,0.260349
train,9212.tif,0.647424,21.4548,0.282641
train,9213.tif,0.534972,21.438,0.234871
train,9214.tif,0.691296,24.2468,0.229909
train,9215.tif,0.711324,23.4239,0.215442
train,9216.tif,0.682155,22.9199,0.219336
train,9217.tif,0.670412,22.793,0.209791
train,9218.tif,0.666689,24.0534,0.210791
train,9219.tif,0.674958,23.2849,0.260037
train,922.tif,0.535435,21.9852,0.264159
train,9220.tif,0.563319,20.9274,0.277708
train,9221.tif,0.495015,19.6274,0.252478
train,9222.tif,0.687617,23.2604,0.267781
train,9223.tif,0.523486,21.2183,0.276163
train,9224.tif,0.62345,23.1117,0.25784
train,9225.tif,0.683091,23.6851,0.217479
train,9226.tif,0.667634,22.731,0.302059
train,9227.tif,0.551991,21.7345,0.263782
train,9228.tif,0.790335,23.9138,0.258936
train,9229.tif,0.656158,24.7402,0.253876
train,923.tif,0.563543,20.253,0.234642
train,9230.tif,0.56407,22.0384,0.239065
train,9231.tif,0.728449,23.8294,0.208945
train,9232.tif,0.820155,27.0175,0.203341
train,9233.tif,0.567506,21.6126,0.325122
train,9234.tif,0.666991,22.4099,0.235911
train,9235.tif,0.667044,22.4812,0.281141
train,9236.tif,0.46898,21.2432,0.265228
train,9237.tif,0.664333,23.0378,0.264794
train,9238.tif,0.583573,21.6217,0.236791
train,9239.tif,0.530397,21.2035,0.286583
train,924.tif,0.53719,19.0971,0.290944
train,9240.tif,0.61583,23.1511,0.247908
train,9241.tif,0.513633,19.7476,0.330907
train,9242.tif,0.633788,24.4634,0.271837
train,9243.tif,0.542745,22.8339,0.228098
train,9244.tif,0.522857,22.0085,0.265825
train,9245.tif,0.648873,23.7775,0.23462
train,9246.tif,0.563777,21.5861,0.277391
train,9247.tif,0.546533,22.0418,0.226529
train,9248.tif,0.553594,21.3616,0.270884
train,9249.tif,0.533121,20.8565,0.29158
train,925.tif,0.515107,19.0587,0.280487
train,9250.tif,0.621988,22.6679,0.20863
train,9251.tif,0.593466,23.0006,0.257962
train,9252.tif,0.570636,22.747,0.276523
train,9253.tif,0.507616,21.7577,0.256169
train,9254.tif,0.418715,20.623,0.398793
train,9255.tif,0.611284,22.613,0.246638
train,9256.tif,0.539133,21.1979,0.313601
train,9257.tif,0.547993,18.7296,0.269439
train,9258.tif,0.690088,23.1159,0.221623
train,9259.tif,0.525239,23.0073,0.282525
train,926.tif,0.587233,18.4792,0.253788
train,9260.tif,0.593022,23.6856,0.272678
train,9261.tif,0.613541,22.9113,0.25896
train,9262.tif,0.631767,22.51,0.226375
train,9263.tif,0.682534,24.2354,0.24527
train,9264.tif,0.570048,22.0449,0.284521
train,9265.tif,0.501206,21.6922,0.279232
train,9266.tif,0.568305,21.4694,0.278924
train,9267.tif,0.513684,21.1044,0.275315
train,9268.tif,0.532723,20.5479,0.262905
train,9269.tif,0.545395,21.8682,0.258911
train,927.tif,0.677643,22.3662,0.233534
train,9270.tif,0.517535,21.625,0.265008
train,9271.tif,0.5924,24.3052,0.310745
train,9272.tif,0.560238,21.6984,0.256543
train,9273.tif,0.706708,24.0714,0.205283
train,9274.tif,0.661834,22.0014,0.238852
train,9275.tif,0.697132,24.2556,0.274135
train,9276.tif,0.697757,23.8327,0.213844
train,9277.tif,0.620067,23.0328,0.286655
train,9278.tif,0.609791,23.2356,0.257847
train,9279.tif,0.546398,21.5344,0.25651
train,928.tif,0.611475,21.3805,0.288568
train,9280.tif,0.599501,22.9415,0.246667
train,9281.tif,0.656803,22.8015,0.214021
train,9282.tif,0.55734,21.8054,0.2607
train,9283.tif,0.634427,21.7297,0.274174
train,9284.tif,0.499124,20.8635,0.288067
train,9285.tif,0.529826,21.0534,0.2407
train,9286.tif,0.679751,23.0327,0.265083
train,9287.tif,0.668953,24.2147,0.274439
train,9288.tif,0.612966,23.6916,0.245626
train,9289.tif,0.674842,24.4263,0.234311
train,929.tif,0.520315,20.5947,0.247556
train,9290.tif,0.698304,24.2523,0.222454
train,9291.tif,0.560439,22.7293,0.227904
train,9292.tif,0.590377,23.0936,0.286822
train,9293.tif,0.708496,24.6298,0.238466
train,9294.tif,0.592881,22.0898,0.241888
train,9295.tif,0.599978,22.6495,0.298321
train,9296.tif,0.644196,24.0765,0.24242
train,9297.tif,0.786186,26.0211,0.238842
train,9298.tif,0.593301,23.9903,0.297322
train,9299.tif,0.809361,24.1545,0.217352
train,93.tif,0.578639,22.5041,0.26898
train,930.tif,0.46509,20.3586,0.281972
train,9300.tif,0.55966,19.1565,0.352517
train,9301.tif,0.448644,21.45,0.305934
train,9302.tif,0.543385,21.324,0.272706
train,9303.tif,0.593286,22.5313,0.274441
train,9304.tif,0.740031,22.2846,0.264955
train,9305.tif,0.838095,23.6605,0.271251
train,9306.tif,0.64542,24.0202,0.318195
train,9307.tif,0.527623,21.1366,0.316099
train,9308.tif,0.608652,23.0729,0.221338
train,9309.tif,0.535596,21.3435,0.249987
train,931.tif,0.560167,17.2681,0.340716
train,9310.tif,0.70945,23.2655,0.225537
train,9311.tif,0.600541,23.2521,0.244379
train,9312.tif,0.685736,23.0285,0.220682
train,9313.tif,0.625253,22.803,0.236448
train,9314.tif,0.78707,24.305,0.232298
train,9315.tif,0.566591,22.5659,0.290353
train,9316.tif,0.418752,19.8462,0.313673
train,9317.tif,0.539181,22.5383,0.244381
train,9318.tif,0.550078,22.6714,0.23953
train,9319.tif,0.569557,20.7807,0.336581
train,932.tif,0.483118,19.2734,0.280955
train,9320.tif,0.583149,22.5849,0.233836
train,9321.tif,0.63014,23.4628,0.245344
train,9322.tif,0.479376,21.0048,0.279818
train,9323.tif,0.680094,22.3932,0.27084
train,9324.tif,0.568988,21.5949,0.255563
train,9325.tif,0.591324,21.7082,0.218911
train,9326.tif,0.586041,22.4964,0.28391
train,9327.tif,0.660672,24.391,0.227671
train,9328.tif,0.688104,24.0759,0.214292
train,9329.tif,0.664628,23.7705,0.296941
train,933.tif,0.473678,20.937,0.30253
train,9330.tif,0.570191,23.1748,0.241561
train,9331.tif,0.650396,24.4396,0.236682
train,9332.tif,0.559634,19.5949,0.284911
train,9333.tif,0.547257,21.2237,0.276758
train,9334.tif,0.640916,23.6463,0.215498
train,9335.tif,0.587767,20.6364,0.226737
train,9336.tif,0.675912,22.7289,0.217422
train,9337.tif,0.673381,21.6938,0.2484
train,9338.tif,0.616384,23.0523,0.270986
train,9339.tif,0.520182,21.9488,0.285137
train,934.tif,0.505564,19.2338,0.314909
train,9340.tif,0.502802,19.3165,0.328505
train,9341.tif,0.571991,21.414,0.278964
train,9342.tif,0.629939,24.7191,0.302474
train,9343.tif,0.566904,22.3584,0.26874
train,9344.tif,0.521177,20.5038,0.287615
train,9345.tif,0.63363,25.1459,0.254833
train,9346.tif,0.622851,22.4554,0.235325
train,9347.tif,0.564076,19.7694,0.279717
train,9348.tif,0.61015,23.227,0.210275
train,9349.tif,0.531907,23.051,0.234351
train,935.tif,0.589202,23.1567,0.309367
train,9350.tif,0.556569,22.3688,0.276705
train,9351.tif,0.59479,21.567,0.259501
train,9352.tif,0.504848,19.7166,0.300996
train,9353.tif,0.643787,23.5242,0.239003
train,9354.tif,0.704835,23.25,0.205005
train,9355.tif,0.615049,23.1803,0.251438
train,9356.tif,0.629088,23.724,0.264756
train,9357.tif,0.645714,22.7444,0.225437
train,9358.tif,0.619685,22.486,0.252722
train,9359.tif,0.489263,18.5635,0.288886
train,936.tif,0.713967,21.5795,0.21659
train,9360.tif,0.579412,21.4755,0.257022
train,9361.tif,0.621887,23.67,0.269656
train,9362.tif,0.723339,23.5695,0.241333
train,9363.tif,0.68229,24.1821,0.261158
train,9364.tif,0.779482,25.4879,0.229995
train,9365.tif,0.550434,20.1635,0.302958
train,9366.tif,0.666711,23.4803,0.231218
train,9367.tif,0.647176,21.8389,0.266075
train,9368.tif,0.542322,21.0442,0.290375
train,9369.tif,0.513036,18.7391,0.338301
train,937.tif,0.777519,24.0713,0.250119
train,9370.tif,0.572541,21.5126,0.262763
train,9371.tif,0.524652,20.818,0.259843
train,9372.tif,0.531593,21.7899,0.270697
train,9373.tif,0.596916,22.8829,0.264805
train,9374.tif,0.531415,22.2455,0.286907
train,9375.tif,0.566579,22.1212,0.267021
train,9376.tif,0.208651,18.5614,0.547459
train,9377.tif,0.557007,24.2123,0.363348
train,9378.tif,0.648684,22.4993,0.259267
train,9379.tif,0.483176,21.1836,0.26576
train,938.tif,0.480558,19.4961,0.309221
train,9380.tif,0.511134,19.9376,0.261054
train,9381.tif,0.623239,21.5049,0.225632
train,9382.tif,0.675575,23.6283,0.263073
train,9383.tif,0.576123,20.8544,0.261626
train,9384.tif,0.670154,22.3377,0.256559
train,9385.tif,0.522531,22.9061,0.307454
train,9386.tif,0.5388,19.929,0.283594
train,9387.tif,0.527536,19.0192,0.272187
train,9388.tif,0.680073,21.5126,0.217872
train,9389.tif,0.701869,23.7586,0.206053
train,939.tif,0.547858,22.0842,0.327797
train,9390.tif,0.642215,24.3226,0.230999
train,9391.tif,0.594807,21.1827,0.301077
train,9392.tif,0.464452,20.1301,0.288051
train,9393.tif,0.536861,20.5822,0.256001
train,9394.tif,0.632597,22.9632,0.2743
train,9395.tif,0.683973,24.8734,0.252139
train,9396.tif,0.599697,21.2354,0.276573
train,9397.tif,0.587463,21.7322,0.238335
train,9398.tif,0.484933,21.4075,0.252671
train,9399.tif,0.586722,22.6589,0.226147
train,94.tif,0.61039,19.9984,0.264371
train,940.tif,0.646163,22.9294,0.2661
train,9400.tif,0.457762,20.4088,0.315109
train,9401.tif,0.585917,22.4488,0.231549
train,9402.tif,0.577578,21.9018,0.25426
train,9403.tif,0.498287,20.9598,0.284342
train,9404.tif,0.661118,23.6613,0.275023
train,9405.tif,0.48635,21.0482,0.313575
train,9406.tif,0.639769,22.4321,0.234851
train,9407.tif,0.721323,25.4017,0.24789
train,9408.tif,0.658757,22.6493,0.224031
train,9409.tif,0.723224,24.048,0.233292
train,941.tif,0.54781,21.4016,0.278247
train,9410.tif,0.618604,22.0495,0.294609
train,9411.tif,0.533091,21.4012,0.257986
train,9412.tif,0.478247,17.8803,0.365425
train,9413.tif,0.607511,22.4141,0.298924
train,9414.tif,0.690354,24.0261,0.21627
train,9415.tif,0.76204,23.7182,0.164652
train,9416.tif,0.477757,18.6548,0.297602
train,9417.tif,0.564885,22.7283,0.284458
train,9418.tif,0.54852,22.1843,0.249747
train,9419.tif,0.589764,21.6538,0.311953
train,942.tif,0.725885,24.6039,0.265753
train,9420.tif,0.666394,22.6552,0.252328
train,9421.tif,0.530279,21.5301,0.243575
train,9422.tif,0.648749,24.3971,0.256155
train,9423.tif,0.628434,22.2831,0.229169
train,9424.tif,0.716607,23.6469,0.220367
train,9425.tif,0.600774,23.6842,0.320408
train,9426.tif,0.624669,19.3206,0.270285
train,9427.tif,0.634209,22.5699,0.289152
train,9428.tif,0.604591,22.2828,0.262147
train,9429.tif,0.673828,24.0158,0.21452
train,943.tif,0.610621,22.2059,0.288896
train,9430.tif,0.56664,22.5399,0.30113
train,9431.tif,0.583388,22.0448,0.259409
train,9432.tif,0.558359,20.8216,0.288777
train,9433.tif,0.653316,23.1847,0.211906
train,9434.tif,0.5335,20.4377,0.286463
train,9435.tif,0.541624,22.0641,0.300712
train,9436.tif,0.62557,22.8559,0.229107
train,9437.tif,0.657831,22.3717,0.368433
train,9438.tif,0.563314,22.7771,0.250133
train,9439.tif,0.621676,21.7405,0.283505
train,944.tif,0.6029,18.549,0.281215
train,9440.tif,0.566323,22.3286,0.271392
train,9441.tif,0.312425,18.9431,0.562837
train,9442.tif,0.834908,23.8254,0.2165
train,9443.tif,0.594956,22.8163,0.234365
train,9444.tif,0.639769,22.3156,0.269839
train,9445.tif,0.498703,19.8188,0.249625
train,9446.tif,0.694193,23.611,0.206764
train,9447.tif,0.568332,21.6122,0.273162
train,9448.tif,0.472162,20.1858,0.288931
train,9449.tif,0.655466,24.281,0.265939
train,945.tif,0.579127,18.8098,0.25957
train,9450.tif,0.522601,21.0641,0.272106
train,9451.tif,0.700067,22.9824,0.230451
train,9452.tif,0.587442,21.9692,0.285349
train,9453.tif,0.529676,22.4135,0.284768
train,9454.tif,0.653736,23.4502,0.216548
train,9455.tif,0.511078,21.8349,0.297288
train,9456.tif,0.619253,23.7041,0.29115
train,9457.tif,0.724885,23.4657,0.266206
train,9458.tif,0.483919,20.1757,0.300968
train,9459.tif,0.647542,23.0685,0.269909
train,946.tif,0.621467,20.5135,0.271664
train,9460.tif,0.557324,23.0144,0.245038
train,9461.tif,0.662033,23.4879,0.215158
train,9462.tif,0.627547,23.7536,0.209438
train,9463.tif,0.522542,20.6273,0.281767
train,9464.tif,0.663427,22.6848,0.248
train,9465.tif,0.55501,21.7812,0.326704
train,9466.tif,0.599051,22.1737,0.258187
train,9467.tif,0.626408,22.7991,0.251325
train,9468.tif,0.7116,22.4317,0.226846
train,9469.tif,0.54482,22.5718,0.276599
train,947.tif,0.571452,22.4407,0.269845
train,9470.tif,0.636082,21.9725,0.244855
train,9471.tif,0.504093,20.9356,0.293296
train,9472.tif,0.483861,20.8931,0.282197
train,9473.tif,0.705608,25.1225,0.198913
train,9474.tif,0.786294,23.6401,0.306788
train,9475.tif,0.502552,20.1993,0.312856
train,9476.tif,0.513068,20.5948,0.267545
train,9477.tif,0.594363,21.8147,0.234235
train,9478.tif,0.61133,22.9631,0.265069
train,9479.tif,0.607885,22.7984,0.248178
train,948.tif,0.540349,22.5948,0.260197
train,9480.tif,0.591412,22.4589,0.253642
train,9481.tif,0.686036,24.1959,0.22836
train,9482.tif,0.59853,21.7733,0.249644
train,9483.tif,0.654665,25.2342,0.235863
train,9484.tif,0.681234,24.0196,0.238071
train,9485.tif,0.559908,22.6204,0.264608
train,9486.tif,0.578323,22.1423,0.257311
train,9487.tif,0.674596,22.5081,0.22495
train,9488.tif,0.571465,22.9428,0.341773
train,9489.tif,0.70137,24.5219,0.19621
train,949.tif,0.624857,23.1327,0.270241
train,9490.tif,0.820244,24.3595,0.243426
train,9491.tif,0.673429,21.3157,0.302786
train,9492.tif,0.18613,17.4333,0.56023
train,9493.tif,0.635259,22.6966,0.250415
train,9494.tif,0.549118,21.1546,0.263596
train,9495.tif,0.667352,23.2371,0.220367
train,9496.tif,0.627157,22.476,0.318725
train,9497.tif,0.521295,21.883,0.271158
train,9498.tif,0.671581,23.0773,0.254799
train,9499.tif,0.586629,21.6904,0.263415
train,95.tif,0.527855,19.4222,0.265559
train,950.tif,0.637248,20.6593,0.239901
train,9500.tif,0.552661,21.9986,0.259965
train,9501.tif,0.615182,24.0614,0.300869
train,9502.tif,0.592713,21.7206,0.247027
train,9503.tif,0.529785,21.8283,0.282225
train,9504.tif,0.598183,22.0764,0.266684
train,9505.tif,0.536858,22.2557,0.324066
train,9506.tif,0.765331,23.5105,0.254237
train,9507.tif,0.540491,22.2334,0.312221
train,9508.tif,0.460062,21.233,0.319084
train,9509.tif,0.603247,22.7614,0.211273
train,951.tif,0.655988,24.6587,0.284019
train,9510.tif,0.571496,21.2482,0.275844
train,9511.tif,0.59612,21.8658,0.223769
train,9512.tif,0.599644,20.3887,0.265812
train,9513.tif,0.509781,20.1646,0.337788
train,9514.tif,0.478546,20.5664,0.313292
train,9515.tif,0.488442,21.1271,0.255709
train,9516.tif,0.494297,20.7129,0.246166
train,9517.tif,0.598259,21.895,0.263675
train,9518.tif,0.579554,22.4724,0.264621
train,9519.tif,0.68189,22.7884,0.20419
train,952.tif,0.521321,22.0285,0.264992
train,9520.tif,0.624191,22.2362,0.235124
train,9521.tif,0.694926,19.3756,0.286356
train,9522.tif,0.543388,21.1671,0.284104
train,9523.tif,0.69758,22.7993,0.23145
train,9524.tif,0.738141,23.9405,0.305273
train,9525.tif,0.631081,23.0169,0.305276
train,9526.tif,0.674559,24.1557,0.25398
train,9527.tif,0.562346,19.2807,0.33671
train,9528.tif,0.596552,23.8305,0.294073
train,9529.tif,0.499383,22.2862,0.278639
train,953.tif,0.609529,21.7513,0.276793
train,9530.tif,0.648987,23.7209,0.261859
train,9531.tif,0.682255,23.0898,0.240451
train,9532.tif,0.622824,20.6799,0.220361
train,9533.tif,0.703982,24.3091,0.252968
train,9534.tif,0.554364,22.4083,0.222871
train,9535.tif,0.61407,22.3759,0.300897
train,9536.tif,0.621818,23.0381,0.220172
train,9537.tif,0.671034,23.7251,0.254303
train,9538.tif,0.642244,23.0697,0.249698
train,9539.tif,0.643387,22.1993,0.235397
train,954.tif,0.539644,19.1403,0.351826
train,9540.tif,0.72073,25.0282,0.201784
train,9541.tif,0.616651,21.8611,0.284582
train,9542.tif,0.668868,24.8014,0.251557
train,9543.tif,0.701676,24.0437,0.25691
train,9544.tif,0.576892,21.1057,0.300034
train,9545.tif,0.525503,13.4663,0.376792
train,9546.tif,0.539549,21.6397,0.277184
train,9547.tif,0.713941,23.0135,0.269388
train,9548.tif,0.555547,21.2317,0.27002
train,9549.tif,0.658542,24.5169,0.272447
train,955.tif,0.537356,21.0896,0.292599
train,9550.tif,0.793081,24.8749,0.374484
train,9551.tif,0.603068,22.8768,0.24998
train,9552.tif,0.617335,23.0205,0.24692
train,9553.tif,0.643646,22.3704,0.215552
train,9554.tif,0.631032,25.1773,0.321079
train,9555.tif,0.657208,24.3625,0.253244
train,9556.tif,0.556536,23.0799,0.273751
train,9557.tif,0.527596,21.738,0.284184
train,9558.tif,0.56751,21.8588,0.297422
train,9559.tif,0.493589,20.8564,0.267514
train,956.tif,0.550074,21.1693,0.255523
train,9560.tif,0.54064,21.6361,0.267329
train,9561.tif,0.615913,22.3901,0.251563
train,9562.tif,0.619367,22.2875,0.281256
train,9563.tif,0.52981,20.8179,0.27184
train,9564.tif,0.641506,21.1891,0.234854
train,9565.tif,0.535607,20.2458,0.286339
train,9566.tif,0.603715,23.0132,0.242249
train,9567.tif,0.591393,22.0669,0.229205
train,9568.tif,0.705244,24.5927,0.227283
train,9569.tif,0.659272,23.5179,0.278454
train,957.tif,0.473493,21.4283,0.345984
train,9570.tif,0.546534,21.1801,0.356819
train,9571.tif,0.508776,21.2757,0.272482
train,9572.tif,0.48844,19.8887,0.328074
train,9573.tif,0.53322,21.4696,0.350598
train,9574.tif,0.655971,22.5535,0.237416
train,9575.tif,0.5367,22.5713,0.209578
train,9576.tif,0.485137,20.8473,0.25446
train,9577.tif,0.727924,23.5562,0.230744
train,9578.tif,0.602716,22.9389,0.264398
train,9579.tif,0.51438,20.7858,0.277092
train,958.tif,0.47672,19.0865,0.308677
train,9580.tif,0.399415,21.4858,0.453634
train,9581.tif,0.654485,21.3567,0.282575
train,9582.tif,0.624626,23.2925,0.267635
train,9583.tif,0.630735,21.5705,0.254698
train,9584.tif,0.656171,21.7232,0.254315
train,9585.tif,0.505188,21.7294,0.292671
train,9586.tif,0.574652,21.6269,0.285193
train,9587.tif,0.511802,20.3684,0.31837
train,9588.tif,0.556271,21.1792,0.257603
train,9589.tif,0.631798,22.8875,0.338114
train,959.tif,0.534361,22.1462,0.257715
train,9590.tif,0.564533,20.1552,0.259244
train,9591.tif,0.578643,21.3731,0.257731
train,9592.tif,0.535955,21.6413,0.280565
train,9593.tif,0.624162,21.3524,0.293258
train,9594.tif,0.573043,22.2394,0.290776
train,9595.tif,0.659523,24.5595,0.220852
train,9596.tif,0.772404,23.0835,0.303865
train,9597.tif,0.703203,22.7648,0.300687
train,9598.tif,0.614413,22.0113,0.249909
train,9599.tif,0.613366,23.8752,0.27149
train,96.tif,0.581896,21.2314,0.280652
train,960.tif,0.544806,22.132,0.258931
train,9600.tif,0.625738,22.8605,0.234575
train,9601.tif,0.596428,23.6118,0.280275
train,9602.tif,0.659077,20.4985,0.272748
train,9603.tif,0.614937,22.9447,0.271949
train,9604.tif,0.57207,22.7799,0.283414
train,9605.tif,0.625188,23.6551,0.228584
train,9606.tif,0.628752,21.373,0.270612
train,9607.tif,0.574288,22.641,0.269347
train,9608.tif,0.688454,22.9705,0.252767
train,9609.tif,0.616373,20.3859,0.24269
train,961.tif,0.688929,23.7512,0.216324
train,9610.tif,0.534019,20.6451,0.29693
train,9611.tif,0.49156,21.069,0.251353
train,9612.tif,0.536645,22.0146,0.268564
train,9613.tif,0.6974,24.6367,0.255302
train,9614.tif,0.68651,24.4498,0.248071
train,9615.tif,0.601019,22.246,0.214335
train,9616.tif,0.680866,23.8938,0.240301
train,9617.tif,0.565895,21.4243,0.27402
train,9618.tif,0.632802,22.5826,0.258698
train,9619.tif,0.483028,20.2195,0.263479
train,962.tif,0.644286,21.3703,0.300929
train,9620.tif,0.644879,21.3374,0.281055
train,9621.tif,0.48349,20.1592,0.302437
train,9622.tif,0.658828,24.7882,0.233102
train,9623.tif,0.634498,21.0075,0.297296
train,9624.tif,0.644969,21.9998,0.254669
train,9625.tif,0.621131,19.9711,0.31123
train,9626.tif,0.561349,21.7338,0.266146
train,9627.tif,0.548436,22.2748,0.273932
train,9628.tif,0.547115,22.0163,0.293658
train,9629.tif,0.773237,25.4694,0.209712
train,963.tif,0.49096,21.8419,0.264322
train,9630.tif,0.731667,25.0185,0.1887
train,9631.tif,0.712463,24.2004,0.198829
train,9632.tif,0.619006,22.8325,0.255099
train,9633.tif,0.62165,24.0213,0.243726
train,9634.tif,0.565072,22.3007,0.281974
train,9635.tif,0.556605,20.8771,0.269037
train,9636.tif,0.657977,22.6488,0.234729
train,9637.tif,0.731142,24.4524,0.217936
train,9638.tif,0.480878,20.2518,0.285482
train,9639.tif,0.710608,24.8614,0.207398
train,964.tif,0.464973,17.064,0.34624
train,9640.tif,0.554996,20.2218,0.322351
train,9641.tif,0.588388,22.3474,0.261763
train,9642.tif,0.526139,22.0502,0.27747
train,9643.tif,0.499683,20.9311,0.313247
train,9644.tif,0.617315,21.0996,0.268173
train,9645.tif,0.549605,20.6488,0.270439
train,9646.tif,0.641465,22.0454,0.266195
train,9647.tif,0.553635,22.8364,0.239032
train,9648.tif,0.571782,22.8896,0.261536
train,9649.tif,0.552873,21.1572,0.247188
train,965.tif,0.559836,18.2943,0.311993
train,9650.tif,0.487204,22.0527,0.286724
train,9651.tif,0.484649,19.7759,0.291835
train,9652.tif,0.512106,22.1287,0.261546
train,9653.tif,0.618829,22.1908,0.279565
train,9654.tif,0.80337,24.9767,0.18711
train,9655.tif,0.529995,20.4778,0.252934
train,9656.tif,0.633036,23.1212,0.270449
train,9657.tif,0.649597,25.6464,0.309796
train,9658.tif,0.498579,21.1213,0.275806
train,9659.tif,0.660618,23.145,0.271515
train,966.tif,0.483775,19.9127,0.260781
train,9660.tif,0.651228,23.7781,0.292608
train,9661.tif,0.665529,24.6469,0.256097
train,9662.tif,0.516775,20.5867,0.292022
train,9663.tif,0.664219,23.736,0.289697
train,9664.tif,0.454071,19.797,0.248919
train,9665.tif,0.643775,22.9802,0.257275
train,9666.tif,0.521651,21.4002,0.245283
train,9667.tif,0.635892,21.1506,0.236721
train,9668.tif,0.490618,20.8526,0.308447
train,9669.tif,0.680594,23.5259,0.231297
train,967.tif,0.567937,19.749,0.312416
train,9670.tif,0.682532,22.6907,0.244518
train,9671.tif,0.614028,23.8488,0.240784
train,9672.tif,0.665375,23.7135,0.243793
train,9673.tif,0.696761,22.9469,0.224516
train,9674.tif,0.674065,22.7749,0.265678
train,9675.tif,0.53567,21.7543,0.234487
train,9676.tif,0.651421,23.8296,0.246317
train,9677.tif,0.526032,20.8343,0.313944
train,9678.tif,0.534137,20.4259,0.254008
train,9679.tif,0.583507,21.6494,0.254944
train,968.tif,0.528578,18.9422,0.327767
train,9680.tif,0.709595,24.8211,0.226754
train,9681.tif,0.643917,22.2036,0.225356
train,9682.tif,0.484709,20.7458,0.282084
train,9683.tif,0.705596,23.2943,0.224741
train,9684.tif,0.53227,20.92,0.297459
train,9685.tif,0.667022,23.2787,0.239099
train,9686.tif,0.479975,20.2266,0.286095
train,9687.tif,0.629667,22.3604,0.258139
train,9688.tif,0.551043,21.5955,0.29571
train,9689.tif,0.550381,20.6981,0.309195
train,969.tif,0.572407,23.2085,0.284226
train,9690.tif,0.756924,24.9853,0.253857
train,9691.tif,0.579917,23.5759,0.269203
train,9692.tif,0.603498,22.5032,0.228217
train,9693.tif,0.664299,23.8045,0.233078
train,9694.tif,0.578283,22.5074,0.269488
train,9695.tif,0.728505,24.0201,0.239899
train,9696.tif,0.543582,21.866,0.312406
train,9697.tif,0.688686,23.1262,0.247436
train,9698.tif,0.520593,22.6419,0.248919
train,9699.tif,0.600978,23.2591,0.337278
train,97.tif,0.634714,20.9245,0.388061
train,970.tif,0.505857,21.0695,0.323917
train,9700.tif,0.62299,23.0939,0.290354
train,9701.tif,0.464811,20.7087,0.295837
train,9702.tif,0.521186,20.3295,0.261543
train,9703.tif,0.492041,20.5563,0.341958
train,9704.tif,0.555967,19.348,0.274947
train,9705.tif,0.55074,21.613,0.226021
train,9706.tif,0.684802,22.825,0.229724
train,9707.tif,0.58831,20.551,0.258585
train,9708.tif,0.698008,24.6623,0.261659
train,9709.tif,0.619044,21.9362,0.264412
train,971.tif,0.521496,20.9851,0.320449
train,9710.tif,0.57208,21.1974,0.229421
train,9711.tif,0.676342,23.8691,0.283033
train,9712.tif,0.60161,22.6466,0.246748
train,9713.tif,0.483535,20.7596,0.291772
train,9714.tif,0.661104,21.0765,0.259559
train,9715.tif,0.511672,20.8515,0.300678
train,9716.tif,0.634546,23.7833,0.219815
train,9717.tif,0.683011,22.886,0.233121
train,9718.tif,0.539308,19.2004,0.266494
train,9719.tif,0.532003,21.1645,0.22364
train,972.tif,0.508232,18.8745,0.291284
train,9720.tif,0.621216,22.8064,0.220875
train,9721.tif,0.566191,21.6488,0.267649
train,9722.tif,0.687316,24.64,0.239225
train,9723.tif,0.679795,23.9872,0.254344
train,9724.tif,0.551616,21.4983,0.266454
train,9725.tif,0.561974,22.9726,0.250863
train,9726.tif,0.656474,23.4195,0.214135
train,9727.tif,0.57151,20.4363,0.283774
train,9728.tif,0.690568,23.5416,0.261297
train,9729.tif,0.630841,22.2722,0.250929
train,973.tif,0.512283,20.4574,0.295706
train,9730.tif,0.672831,24.2152,0.263293
train,9731.tif,0.740821,23.949,0.259222
train,9732.tif,0.558776,22.1156,0.26669
train,9733.tif,0.565257,22.0399,0.261423
train,9734.tif,0.625279,21.5999,0.270791
train,9735.tif,0.636585,23.1966,0.267801
train,9736.tif,0.580506,22.3833,0.260739
train,9737.tif,0.587039,22.6108,0.321484
train,9738.tif,0.750667,24.5018,0.227439
train,9739.tif,0.573865,21.2355,0.304619
train,974.tif,0.565459,19.7505,0.350385
train,9740.tif,0.57578,20.2817,0.335266
train,9741.tif,0.551595,22.4318,0.236657
train,9742.tif,0.55275,21.684,0.252708
train,9743.tif,0.670947,25.017,0.30056
train,9744.tif,0.668504,21.5152,0.240345
train,9745.tif,0.491302,19.3689,0.239343
train,9746.tif,0.509714,21.7124,0.331814
train,9747.tif,0.563296,21.3263,0.267585
train,9748.tif,0.690903,24.7194,0.22439
train,9749.tif,0.621477,23.1808,0.213398
train,975.tif,0.529382,18.3235,0.271906
train,9750.tif,0.598225,21.7494,0.265002
train,9751.tif,0.619178,24.3516,0.287591
train,9752.tif,0.609467,22.5851,0.244826
train,9753.tif,0.482087,21.1574,0.290224
train,9754.tif,0.63882,23.3768,0.232455
train,9755.tif,0.677249,21.1127,0.225197
train,9756.tif,0.55821,22.6811,0.291105
train,9757.tif,0.553544,22.1637,0.251312
train,9758.tif,0.484322,19.7253,0.296088
train,9759.tif,0.624069,22.9042,0.23952
train,976.tif,0.577681,21.4309,0.267323
train,9760.tif,0.604045,22.8737,0.256207
train,9761.tif,0.519282,20.9028,0.268165
train,9762.tif,0.497717,21.2161,0.277604
train,9763.tif,0.667886,21.8599,0.239042
train,9764.tif,0.626681,23.0844,0.25698
train,9765.tif,0.46294,19.8192,0.307995
train,9766.tif,0.53836,20.4927,0.25803
train,9767.tif,0.625528,24.3296,0.28647
train,9768.tif,0.629443,22.6368,0.237171
train,9769.tif,0.58728,22.8632,0.250722
train,977.tif,0.641902,22.528,0.212375
train,9770.tif,0.726942,23.0902,0.212009
train,9771.tif,0.484664,21.2608,0.274878
train,9772.tif,0.517471,22.1202,0.25955
train,9773.tif,0.540839,21.6359,0.419979
train,9774.tif,0.663944,24.6138,0.226666
train,9775.tif,0.559325,21.4669,0.278685
train,9776.tif,0.673959,23.9742,0.232636
train,9777.tif,0.577205,21.9161,0.26036
train,9778.tif,0.592975,23.1888,0.236019
train,9779.tif,0.59657,23.0133,0.275307
train,978.tif,0.58148,18.8438,0.309532
train,9780.tif,0.574901,19.5209,0.280042
train,9781.tif,0.645376,23.5858,0.254931
train,9782.tif,0.694411,23.9562,0.235473
train,9783.tif,0.654175,24.0708,0.215122
train,9784.tif,0.514432,18.7509,0.293082
train,9785.tif,0.535517,20.8801,0.280564
train,9786.tif,0.650056,23.5118,0.390476
train,9787.tif,0.518189,22.3391,0.306128
train,9788.tif,0.710374,24.9885,0.227754
train,9789.tif,0.665269,22.3798,0.258902
train,979.tif,0.44948,20.4953,0.348864
train,9790.tif,0.54779,21.8015,0.262422
train,9791.tif,0.655765,24.0275,0.229578
train,9792.tif,0.43811,19.4073,0.495789
train,9793.tif,0.531952,22.929,0.264185
train,9794.tif,0.760553,25.0896,0.200668
train,9795.tif,0.582222,21.4704,0.281347
train,9796.tif,0.569544,22.7986,0.231465
train,9797.tif,0.573862,19.3844,0.27759
train,9798.tif,0.671306,23.3541,0.252514
train,9799.tif,0.571474,21.6543,0.24598
train,98.tif,0.561922,20.4183,0.256606
train,980.tif,0.800602,24.3115,0.250402
train,9800.tif,0.672585,22.8624,0.35622
train,9801.tif,0.569565,22.5302,0.298879
train,9802.tif,0.58735,22.8212,0.253763
train,9803.tif,0.63935,22.3084,0.249576
train,9804.tif,0.582184,23.0572,0.320092
train,9805.tif,0.622478,21.7338,0.260903
train,9806.tif,0.693632,22.4041,0.266159
train,9807.tif,0.629706,21.0986,0.25557
train,9808.tif,0.608198,22.4327,0.29179
train,9809.tif,0.569234,21.5514,0.261775
train,981.tif,0.608963,21.2274,0.251411
train,9810.tif,0.531345,22.96,0.277611
train,9811.tif,0.586592,22.4102,0.261759
train,9812.tif,0.57683,21.8842,0.243589
train,9813.tif,0.692044,23.3392,0.258575
train,9814.tif,0.643974,22.8884,0.287782
train,9815.tif,0.618153,22.6048,0.217996
train,9816.tif,0.560501,21.7789,0.261371
train,9817.tif,0.600822,21.5264,0.318161
train,9818.tif,0.495543,22.4347,0.305724
train,9819.tif,0.622572,24.8375,0.286261
train,982.tif,0.517976,19.881,0.254391
train,9820.tif,0.636108,20.986,0.270334
train,9821.tif,0.662479,24.2187,0.260377
train,9822.tif,0.601101,23.1774,0.244205
train,9823.tif,0.63534,23.2202,0.220357
train,9824.tif,0.651862,22.6255,0.251804
train,9825.tif,0.682102,22.2251,0.241298
train,9826.tif,0.590595,23.07,0.322973
train,9827.tif,0.493777,20.777,0.251033
train,9828.tif,0.543507,22.8666,0.2659
train,9829.tif,0.530668,19.7791,0.297072
train,983.tif,0.677723,20.6692,0.304809
train,9830.tif,0.615865,22.3297,0.265782
train,9831.tif,0.723086,23.1156,0.254783
train,9832.tif,0.629568,23.0238,0.211016
train,9833.tif,0.632773,23.3549,0.295191
train,9834.tif,0.576604,20.8358,0.239673
train,9835.tif,0.458229,21.5598,0.262555
train,9836.tif,0.494022,20.5212,0.266696
train,9837.tif,0.605002,22.8993,0.247386
train,9838.tif,0.638421,23.0715,0.268025
train,9839.tif,0.678239,22.8218,0.23918
train,984.tif,0.617927,21.2949,0.272831
train,9840.tif,0.584091,21.8127,0.332285
train,9841.tif,0.661333,23.0866,0.361051
train,9842.tif,0.654063,24.357,0.287913
train,9843.tif,0.646423,21.6343,0.258548
train,9844.tif,0.645956,23.0064,0.301459
train,9845.tif,0.478151,20.8745,0.261045
train,9846.tif,0.572878,21.7771,0.271508
train,9847.tif,0.515426,20.7413,0.2775
train,9848.tif,0.564479,22.1986,0.25968
train,9849.tif,0.521044,20.6104,0.284497
train,985.tif,0.571026,21.9481,0.237179
train,9850.tif,0.661879,24.3597,0.291377
train,9851.tif,0.447987,21.0772,0.330909
train,9852.tif,0.52496,21.7323,0.310371
train,9853.tif,0.703092,22.1353,0.229961
train,9854.tif,0.542507,22.321,0.410261
train,9855.tif,0.661463,21.1128,0.288199
train,9856.tif,0.548429,21.7239,0.238002
train,9857.tif,0.527072,20.9001,0.282652
train,9858.tif,0.582917,21.2528,0.235433
train,9859.tif,0.529579,22.1707,0.223239
train,986.tif,0.584693,19.2829,0.257779
train,9860.tif,0.634438,18.1904,0.282629
train,9861.tif,0.635058,22.9152,0.246301
train,9862.tif,0.666144,23.8165,0.220919
train,9863.tif,0.537807,21.7795,0.306823
train,9864.tif,0.644886,22.5088,0.261026
train,9865.tif,0.688646,24.0327,0.211197
train,9866.tif,0.57369,22.3482,0.268675
train,9867.tif,0.616971,19.9895,0.25083
train,9868.tif,0.615417,22.7462,0.239896
train,9869.tif,0.641991,20.7532,0.25577
train,987.tif,0.53687,20.2582,0.274119
train,9870.tif,0.555035,21.9758,0.259792
train,9871.tif,0.63057,22.1266,0.267996
train,9872.tif,0.674262,24.06,0.236676
train,9873.tif,0.705681,22.2083,0.23133
train,9874.tif,0.650218,23.7397,0.251272
train,9875.tif,0.602933,22.9417,0.257625
train,9876.tif,0.575544,23.7088,0.263898
train,9877.tif,0.569976,21.4341,0.243052
train,9878.tif,0.594012,21.9297,0.301231
train,9879.tif,0.716173,24.3191,0.242936
train,988.tif,0.504419,21.508,0.279058
train,9880.tif,0.616096,23.1992,0.235919
train,9881.tif,0.574531,22.5486,0.231508
train,9882.tif,0.60804,23.0474,0.331898
train,9883.tif,0.581716,22.934,0.237041
train,9884.tif,0.582859,19.7466,0.313276
train,9885.tif,0.706786,21.9369,0.279722
train,9886.tif,0.527943,20.8421,0.286578
train,9887.tif,0.52517,19.9138,0.257066
train,9888.tif,0.538989,21.3119,0.333201
train,9889.tif,0.510232,21.3517,0.266311
train,989.tif,0.505863,21.5406,0.311656
train,9890.tif,0.543623,20.4715,0.261848
train,9891.tif,0.693291,23.5764,0.267419
train,9892.tif,0.611787,22.4874,0.246026
train,9893.tif,0.565427,21.9874,0.300828
train,9894.tif,0.609672,21.4343,0.277608
train,9895.tif,0.535751,21.9822,0.29518
train,9896.tif,0.58664,21.8294,0.254913
train,9897.tif,0.524223,21.1785,0.267953
train,9898.tif,0.525975,20.3396,0.302102
train,9899.tif,0.547319,21.8637,0.30388
train,99.tif,0.562055,19.6125,0.314198
train,990.tif,0.675387,20.8796,0.263943
train,9900.tif,0.716831,22.8773,0.229135
train,9901.tif,0.61981,22.1036,0.284035
train,9902.tif,0.59315,22.6572,0.289042
train,9903.tif,0.674528,23.3214,0.233718
train,9904.tif,0.61358,22.1777,0.262755
train,9905.tif,0.675242,24.3569,0.278962
train,9906.tif,0.834976,26.199,0.149319
train,9907.tif,0.545345,20.8432,0.279824
train,9908.tif,0.570703,22.5534,0.331706
train,9909.tif,0.569854,20.0565,0.272389
train,991.tif,0.596135,21.8971,0.256032
train,9910.tif,0.681347,24.4715,0.283869
train,9911.tif,0.569829,21.1969,0.273161
train,9912.tif,0.63914,23.9099,0.265357
train,9913.tif,0.606237,23.4448,0.227069
train,9914.tif,0.649086,23.898,0.223677
train,9915.tif,0.644516,24.0422,0.227875
train,9916.tif,0.636338,21.9503,0.291605
train,9917.tif,0.542991,20.5026,0.292112
train,9918.tif,0.737339,25.2346,0.289187
train,9919.tif,0.481098,20.931,0.310137
train,992.tif,0.61562,22.3101,0.277342
train,9920.tif,0.614412,23.6681,0.305553
train,9921.tif,0.589318,23.0438,0.326923
train,9922.tif,0.726097,25.3799,0.245041
train,9923.tif,0.589803,22.0793,0.248197
train,9924.tif,0.549773,20.8594,0.262329
train,9925.tif,0.547118,20.0159,0.36545
train,9926.tif,0.539739,20.8034,0.270668
train,9927.tif,0.57063,21.6686,0.27571
train,9928.tif,0.337011,20.5349,0.454672
train,9929.tif,0.833141,26.6237,0.196616
train,993.tif,0.611623,23.7838,0.318043
train,9930.tif,0.624805,21.8601,0.288264
train,9931.tif,0.509458,21.1886,0.291732
train,9932.tif,0.709787,23.654,0.234612
train,9933.tif,0.617074,23.016,0.237361
train,9934.tif,0.777234,24.5288,0.236808
train,9935.tif,0.610799,20.4646,0.410365
train,9936.tif,0.539388,20.065,0.319196
train,9937.tif,0.548492,22.224,0.259304
train,9938.tif,0.462413,20.971,0.320817
train,9939.tif,0.642016,21.8636,0.223985
train,994.tif,0.464068,17.485,0.345646
train,9940.tif,0.543186,18.7655,0.299553
train,9941.tif,0.533393,21.344,0.251489
train,9942.tif,0.57789,22.855,0.267927
train,9943.tif,0.528133,22.0087,0.231716
train,9944.tif,0.515127,22.6103,0.320937
train,9945.tif,0.619736,20.3666,0.412051
train,9946.tif,0.636394,22.5525,0.284883
train,9947.tif,0.70258,24.2908,0.287061
train,9948.tif,0.712283,21.9394,0.394743
train,9949.tif,0.618936,23.0381,0.295044
train,995.tif,0.540099,20.9587,0.274165
train,9950.tif,0.436021,19.0298,0.357674
train,9951.tif,0.564366,19.5958,0.323183
train,9952.tif,0.693173,23.5866,0.239462
train,9953.tif,0.537504,19.4229,0.299859
train,9954.tif,0.475229,19.7841,0.342119
train,9955.tif,0.545331,21.7213,0.30994
train,9956.tif,0.566362,20.4652,0.346902
train,9957.tif,0.788545,23.6071,0.182209
train,9958.tif,0.478768,20.9959,0.294748
train,9959.tif,0.506583,20.6329,0.289896
train,996.tif,0.525518,21.5856,0.269773
train,9960.tif,0.537883,20.0052,0.32998
train,9961.tif,0.665355,24.8055,0.275579
train,9962.tif,0.726831,24.4201,0.201353
train,9963.tif,0.516558,19.2198,0.297623
train,9964.tif,0.497227,20.474,0.288713
train,9965.tif,0.598185,22.6824,0.24562
train,9966.tif,0.58879,22.0409,0.279613
train,9967.tif,0.596253,20.0415,0.268235
train,9968.tif,0.692234,23.9209,0.23793
train,9969.tif,0.563352,21.6901,0.330052
train,997.tif,0.590782,21.3966,0.28874
train,9970.tif,0.64542,24.5734,0.302824
train,9971.tif,0.673274,22.146,0.259949
train,9972.tif,0.714774,25.0785,0.358539
train,9973.tif,0.515246,21.946,0.30081
train,9974.tif,0.568245,22.0921,0.256751
train,9975.tif,0.559179,21.3602,0.270819
train,9976.tif,0.764064,23.5538,0.27243
train,9977.tif,0.630919,23.8992,0.219967
train,9978.tif,0.52261,20.4469,0.306139
train,9979.tif,0.580472,20.7156,0.295392
train,998.tif,0.452405,18.6397,0.286574
train,9980.tif,0.600547,18.6472,0.383854
train,9981.tif,0.573087,20.9977,0.262881
train,9982.tif,0.568039,22.9302,0.227868
train,9983.tif,0.601456,22.2806,0.30455
train,9984.tif,0.534218,22.647,0.290063
train,9985.tif,0.597327,21.9534,0.263471
train,9986.tif,0.774394,24.8758,0.227907
train,9987.tif,0.716101,24.9854,0.285925
train,9988.tif,0.609492,22.1241,0.288787
train,9989.tif,0.554112,20.2334,0.331848
train,999.tif,0.559217,20.8715,0.324208
train,9990.tif,0.528507,20.0655,0.278518
train,9991.tif,0.543283,20.2811,0.284216
train,9992.tif,0.707043,23.3033,0.208031
train,9993.tif,0.606027,22.4276,0.270803
train,9994.tif,0.515918,20.9159,0.284614
train,9995.tif,0.581537,18.1217,0.318299
train,9996.tif,0.610124,22.2024,0.318532
train,9997.tif,0.672202,21.8907,0.389449
train,9998.tif,0.673945,22.7795,0.245265
train,9999.tif,0.506196,20.2864,0.290335
val,0.tif,0.705514,21.0191,0.303195
val,1.tif,0.53601,18.3855,0.287925
val,10.tif,0.495191,18.5341,0.384992
val,100.tif,0.595716,21.419,0.302795
val,1000.tif,0.53947,20.0555,0.292161
val,1001.tif,0.774301,23.7359,0.241578
val,1002.tif,0.717888,20.6367,0.260302
val,1003.tif,0.457048,19.6835,0.326502
val,1004.tif,0.55766,22.2427,0.274204
val,1005.tif,0.656463,18.6778,0.253422
val,1006.tif,0.630942,22.8684,0.307715
val,1007.tif,0.605688,20.9731,0.27537
val,1008.tif,0.560305,22.4048,0.307332
val,1009.tif,0.472053,17.925,0.273036
val,101.tif,0.561341,22.9925,0.268141
val,1010.tif,0.4392,20.5168,0.316536
val,1011.tif,0.516475,19.7005,0.267893
val,1012.tif,0.524951,17.773,0.325666
val,1013.tif,0.562672,22.073,0.306659
val,1014.tif,0.532806,20.4548,0.24608
val,1015.tif,0.471513,21.3662,0.28642
val,1016.tif,0.600239,21.7855,0.27499
val,1017.tif,0.67556,21.2936,0.253707
val,1018.tif,0.523161,19.9054,0.310092
val,1019.tif,0.737898,24.5032,0.271116
val,102.tif,0.543944,21.6576,0.260027
val,1020.tif,0.555731,20.1827,0.252799
val,1021.tif,0.50518,21.088,0.316251
val,1022.tif,0.582666,20.9616,0.270084
val,1023.tif,0.492534,21.3025,0.268784
val,1024.tif,0.495337,20.8805,0.286697
val,1025.tif,0.507925,19.4586,0.304085
val,1026.tif,0.620205,19.1423,0.267224
val,1027.tif,0.549229,22.9745,0.289772
val,1028.tif,0.516424,22.2279,0.272551
val,1029.tif,0.524001,20.8625,0.262287
val,103.tif,0.485792,19.8381,0.298849
val,1030.tif,0.562419,20.8085,0.238191
val,1031.tif,0.493216,19.9814,0.237009
val,1032.tif,0.550912,19.9892,0.301969
val,1033.tif,0.561411,21.7175,0.303847
val,1034.tif,0.653584,21.63,0.291031
val,1035.tif,0.578734,22.2695,0.264113
val,1036.tif,0.663452,22.2049,0.268701
val,1037.tif,0.59763,19.4803,0.252688
val,1038.tif,0.555589,19.638,0.332674
val,1039.tif,0.654392,22.2845,0.246156
val,104.tif,0.55486,22.7872,0.249965
val,1040.tif,0.701615,21.8472,0.234465
val,1041.tif,0.552349,18.4131,0.292683
val,1042.tif,0.533325,21.013,0.286553
val,1043.tif,0.612663,23.6131,0.266275
val,1044.tif,0.582729,20.6518,0.307015
val,1045.tif,0.58678,20.6959,0.273103
val,1046.tif,0.538805,16.0316,0.27634
val,1047.tif,0.561629,20.3568,0.314826
val,1048.tif,0.760848,24.6503,0.253025
val,1049.tif,0.529094,20.0038,0.283222
val,105.tif,0.700534,24.0978,0.295385
val,1050.tif,0.461955,17.592,0.303323
val,1051.tif,0.523186,20.326,0.300188
val,1052.tif,0.547178,20.2293,0.254541
val,1053.tif,0.750237,23.243,0.271406
val,1054.tif,0.538282,21.1901,0.282318
val,1055.tif,0.640083,23.6237,0.270763
val,1056.tif,0.477014,20.8795,0.312827
val,1057.tif,0.688847,22.6445,0.235295
val,1058.tif,0.647972,22.2904,0.278538
val,1059.tif,0.536131,22.2196,0.310388
val,106.tif,0.621932,19.5248,0.286737
val,1060.tif,0.615115,24.4358,0.308956
val,1061.tif,0.484612,18.3779,0.27285
val,1062.tif,0.655617,22.639,0.331605
val,1063.tif,0.563384,21.4045,0.244028
val,1064.tif,0.540054,20.3204,0.300903
val,1065.tif,0.512227,17.6934,0.299851
val,1066.tif,0.773868,20.8579,0.246943
val,1067.tif,0.493586,20.0843,0.325136
val,1068.tif,0.718149,23.3987,0.25742
val,1069.tif,0.672657,23.6071,0.298218
val,107.tif,0.564115,21.9622,0.293978
val,1070.tif,0.564393,23.4413,0.273932
val,1071.tif,0.58364,23.1057,0.256708
val,1072.tif,0.542289,20.1304,0.277251
val,1073.tif,0.543092,19.3661,0.301927
val,1074.tif,0.493548,18.5678,0.304136
val,1075.tif,0.526483,19.4675,0.243179
val,1076.tif,0.65424,21.1053,0.331312
val,1077.tif,0.548194,22.1675,0.266271
val,1078.tif,0.590162,20.6977,0.293947
val,1079.tif,0.598811,22.9927,0.26096
val,108.tif,0.573253,23.0028,0.273627
val,1080.tif,0.583101,19.3163,0.28369
val,1081.tif,0.549164,21.7902,0.273033
val,1082.tif,0.650357,20.4902,0.264327
val,1083.tif,0.567232,22.5567,0.271345
val,1084.tif,0.433335,20.6575,0.395255
val,1085.tif,0.512046,21.0692,0.338109
val,1086.tif,0.565453,21.7164,0.263749
val,1087.tif,0.571112,21.0686,0.265712
val,1088.tif,0.518295,21.2897,0.272271
val,1089.tif,0.63693,22.2467,0.275689
val,109.tif,0.54472,20.0562,0.267819
val,1090.tif,0.509391,19.0401,0.274322
val,1091.tif,0.515086,19.9835,0.305654
val,1092.tif,0.543854,21.4176,0.391303
val,1093.tif,0.515516,20.9726,0.32472
val,1094.tif,0.502714,23.0664,0.31926
val,1095.tif,0.500598,18.3332,0.297788
val,1096.tif,0.640218,23.4065,0.255751
val,1097.tif,0.564777,21.8406,0.307331
val,1098.tif,0.557674,20.7152,0.251594
val,1099.tif,0.638463,22.6633,0.301809
val,11.tif,0.625691,18.9025,0.302562
val,110.tif,0.616863,18.9042,0.254099
val,1100.tif,0.610958,23.3223,0.313747
val,1101.tif,0.578092,22.4597,0.347635
val,1102.tif,0.566669,19.7482,0.24926
val,1103.tif,0.529829,20.6948,0.242515
val,1104.tif,0.590871,21.0951,0.272025
val,1105.tif,0.677766,22.5543,0.256008
val,1106.tif,0.53475,20.397,0.313895
val,1107.tif,0.629045,20.0157,0.279013
val,1108.tif,0.52958,23.5766,0.328408
val,1109.tif,0.554314,21.3051,0.275387
val,111.tif,0.546771,18.2111,0.295335
val,1110.tif,0.567262,21.2937,0.290011
val,1111.tif,0.49894,19.7778,0.318118
val,1112.tif,0.544967,21.5143,0.281021
val,1113.tif,0.589094,22.9776,0.232224
val,1114.tif,0.505137,20.1284,0.292526
val,1115.tif,0.607021,20.1271,0.310786
val,1116.tif,0.48959,18.2827,0.284346
val,1117.tif,0.637402,21.8405,0.222929
val,1118.tif,0.765951,24.5412,0.22089
val,1119.tif,0.529361,21.4911,0.310151
val,112.tif,0.56012,22.5355,0.271853
val,1120.tif,0.575942,22.6332,0.295263
val,1121.tif,0.53123,16.8065,0.280427
val,1122.tif,0.584718,18.1177,0.349354
val,1123.tif,0.630666,21.3541,0.239516
val,1124.tif,0.494153,18.2416,0.320047
val,1125.tif,0.676171,23.8358,0.255898
val,1126.tif,0.694949,21.9907,0.273009
val,1127.tif,0.757675,21.7489,0.2525
val,1128.tif,0.548221,21.139,0.277153
val,1129.tif,0.57476,21.5139,0.309722
val,113.tif,0.594671,23.5635,0.272443
val,1130.tif,0.4697,20.1516,0.288638
val,1131.tif,0.490062,22.4111,0.388338
val,1132.tif,0.633617,22.6684,0.266498
val,1133.tif,0.584053,20.8252,0.314605
val,1134.tif,0.636604,24.9236,0.311285
val,1135.tif,0.649042,24.4314,0.234107
val,1136.tif,0.604366,21.9934,0.303238
val,1137.tif,0.64662,23.0895,0.292868
val,1138.tif,0.542046,20.6534,0.279241
val,1139.tif,0.549422,20.1385,0.294634
val,114.tif,0.62941,20.1528,0.266424
val,1140.tif,0.565492,21.628,0.269911
val,1141.tif,0.500707,20.6328,0.274172
val,1142.tif,0.596334,24.0344,0.286885
val,1143.tif,0.552862,19.7319,0.26644
val,1144.tif,0.54817,19.124,0.272578
val,1145.tif,0.471367,17.7555,0.280333
val,1146.tif,0.708425,21.6847,0.293499
val,1147.tif,0.609125,24.4687,0.303357
val,1148.tif,0.548676,21.8523,0.264689
val,1149.tif,0.592384,18.687,0.244699
val,115.tif,0.585815,19.4134,0.2601
val,1150.tif,0.670749,23.1482,0.248147
val,1151.tif,0.524415,19.8761,0.377004
val,1152.tif,0.646959,22.3803,0.263268
val,1153.tif,0.612004,22.1836,0.267401
val,1154.tif,0.560829,20.3816,0.283732
val,1155.tif,0.53732,17.9604,0.253253
val,1156.tif,0.532256,23.0046,0.30029
val,1157.tif,0.494583,16.5505,0.276785
val,1158.tif,0.576139,19.6383,0.314536
val,1159.tif,0.538669,22.4135,0.264655
val,116.tif,0.637052,21.6136,0.345126
val,1160.tif,0.485174,18.7668,0.287581
val,1161.tif,0.553446,20.8048,0.244875
val,1162.tif,0.566282,22.0928,0.271001
val,1163.tif,0.614219,21.6795,0.248311
val,1164.tif,0.630162,21.0954,0.382202
val,1165.tif,0.528086,22.4178,0.270885
val,1166.tif,0.448062,20.4785,0.328459
val,1167.tif,0.546951,21.8347,0.295297
val,1168.tif,0.542539,22.4517,0.263881
val,1169.tif,0.52294,17.2543,0.283786
val,117.tif,0.525234,18.944,0.283124
val,1170.tif,0.595313,19.8362,0.304053
val,1171.tif,0.559633,22.3473,0.290954
val,1172.tif,0.528621,17.5009,0.267126
val,1173.tif,0.477637,16.7159,0.300373
val,1174.tif,0.55545,23.7731,0.313674
val,1175.tif,0.583371,20.3276,0.266418
val,1176.tif,0.549487,22.2501,0.2831
val,1177.tif,0.63878,20.9748,0.299018
val,1178.tif,0.530545,22.2857,0.2826
val,1179.tif,0.563352,21.3877,0.292924
val,118.tif,0.414956,14.5109,0.34973
val,1180.tif,0.473448,19.7514,0.313308
val,1181.tif,0.679663,22.4842,0.224932
val,1182.tif,0.580285,21.1533,0.237143
val,1183.tif,0.596174,21.0605,0.256065
val,1184.tif,0.610394,20.8702,0.281969
val,1185.tif,0.604585,19.266,0.345482
val,1186.tif,0.601557,19.696,0.367701
val,1187.tif,0.624713,16.4789,0.316783
val,1188.tif,0.517837,16.619,0.317406
val,1189.tif,0.648004,22.874,0.312166
val,119.tif,0.482633,19.4432,0.271015
val,1190.tif,0.523969,22.0741,0.27489
val,1191.tif,0.565592,20.2362,0.251709
val,1192.tif,0.497912,18.6927,0.331442
val,1193.tif,0.509239,20.3699,0.27954
val,1194.tif,0.514606,20.8337,0.298006
val,1195.tif,0.501961,21.9308,0.314053
val,1196.tif,0.646098,23.1031,0.294937
val,1197.tif,0.779386,26.8779,0.31011
val,1198.tif,0.563633,20.8728,0.265532
val,1199.tif,0.801841,24.5352,0.27246
val,12.tif,0.526951,18.8357,0.346472
val,120.tif,0.548254,19.3512,0.270658
val,1200.tif,0.519734,20.4961,0.255675
val,1201.tif,0.580214,22.8181,0.221339
val,1202.tif,0.55609,23.4128,0.400603
val,1203.tif,0.539145,19.3527,0.284418
val,1204.tif,0.560836,21.0743,0.253963
val,1205.tif,0.513794,20.1564,0.271063
val,1206.tif,0.546544,23.1027,0.282464
val,1207.tif,0.527513,22.8793,0.267366
val,1208.tif,0.548473,22.2887,0.301956
val,1209.tif,0.495347,21.6182,0.291982
val,121.tif,0.591797,22.2238,0.26102
val,1210.tif,0.468944,20.7649,0.292686
val,1211.tif,0.536406,21.0932,0.250997
val,1212.tif,0.65953,20.3144,0.270325
val,1213.tif,0.569248,20.3727,0.258064
val,1214.tif,0.638465,23.112,0.273595
val,1215.tif,0.54479,21.045,0.296086
val,1216.tif,0.471986,20.942,0.247175
val,1217.tif,0.515996,22.6268,0.265732
val,1218.tif,0.626489,22.3722,0.30353
val,1219.tif,0.602757,21.5982,0.279186
val,122.tif,0.521055,20.9016,0.274209
val,1220.tif,0.566778,22.9582,0.273721
val,1221.tif,0.524003,21.5982,0.321196
val,1222.tif,0.540168,21.3773,0.286102
val,1223.tif,0.403365,19.7403,0.333876
val,1224.tif,0.491157,21.1503,0.303311
val,1225.tif,0.722299,24.7245,0.244414
val,1226.tif,0.541587,22.9959,0.239202
val,1227.tif,0.450868,21.4367,0.339
val,1228.tif,0.580033,22.1195,0.262102
val,1229.tif,0.600327,21.5112,0.272628
val,123.tif,0.615098,18.1221,0.26975
val,1230.tif,0.522863,21.2986,0.279666
val,1231.tif,0.729963,24.1362,0.276624
val,1232.tif,0.581835,21.2494,0.296355
val,1233.tif,0.609214,21.7238,0.260708
val,1234.tif,0.569949,19.3382,0.270636
val,1235.tif,0.58346,21.7456,0.32902
val,1236.tif,0.499071,20.8532,0.340392
val,1237.tif,0.420936,17.1109,0.355862
val,1238.tif,0.506544,22.1261,0.294727
val,1239.tif,0.467661,20.818,0.268724
val,124.tif,0.483132,20.8546,0.328944
val,1240.tif,0.553145,22.5866,0.278165
val,1241.tif,0.521266,21.1389,0.269036
val,1242.tif,0.571052,22.2636,0.272172
val,1243.tif,0.635605,22.4341,0.266912
val,1244.tif,0.733934,25.8315,0.273406
val,1245.tif,0.515371,21.528,0.280574
val,1246.tif,0.511661,21.5019,0.323269
val,1247.tif,0.604234,20.2657,0.271835
val,1248.tif,0.614365,21.816,0.236962
val,1249.tif,0.604971,23.0872,0.275235
val,125.tif,0.559187,19.471,0.272664
val,1250.tif,0.582162,22.3168,0.263911
val,1251.tif,0.55002,21.0606,0.318158
val,1252.tif,0.58495,19.0552,0.342888
val,1253.tif,0.540206,21.0086,0.23119
val,1254.tif,0.45002,21.5387,0.269314
val,1255.tif,0.456682,21.5617,0.240964
val,1256.tif,0.514647,21.2765,0.261184
val,1257.tif,0.495163,20.7474,0.294171
val,1258.tif,0.530348,19.5038,0.274333
val,1259.tif,0.49793,20.1199,0.258598
val,126.tif,0.586821,18.5167,0.263703
val,1260.tif,0.596184,21.7419,0.282147
val,1261.tif,0.452223,20.0347,0.31244
val,1262.tif,0.498446,22.2235,0.300441
val,1263.tif,0.539137,22.7748,0.299551
val,1264.tif,0.523496,20.8134,0.283508
val,1265.tif,0.625888,21.4296,0.306653
val,1266.tif,0.474988,21.2163,0.276089
val,1267.tif,0.656058,23.2858,0.249896
val,1268.tif,0.593651,22.7588,0.260444
val,1269.tif,0.527478,22.4838,0.301708
val,127.tif,0.669564,20.902,0.302974
val,1270.tif,0.610141,21.9867,0.332588
val,1271.tif,0.448185,20.2941,0.313513
val,1272.tif,0.648,23.5646,0.255162
val,1273.tif,0.563066,21.3576,0.250826
val,1274.tif,0.61189,22.4147,0.277587
val,1275.tif,0.655819,22.6576,0.306103
val,1276.tif,0.668696,22.1808,0.244036
val,1277.tif,0.530039,17.728,0.307597
val,1278.tif,0.666844,20.1219,0.292526
val,1279.tif,0.484337,18.5725,0.292271
val,128.tif,0.606161,21.6691,0.256718
val,1280.tif,0.629123,20.5188,0.265834
val,1281.tif,0.523427,21.501,0.295036
val,1282.tif,0.446802,19.9115,0.324362
val,1283.tif,0.698586,24.4522,0.294025
val,1284.tif,0.5198,20.3149,0.284021
val,1285.tif,0.57512,21.2634,0.260031
val,1286.tif,0.562243,21.3568,0.369985
val,1287.tif,0.56469,23.491,0.301175
val,1288.tif,0.529801,21.4101,0.273423
val,1289.tif,0.514715,21.5239,0.348237
val,129.tif,0.526062,17.2876,0.298858
val,1290.tif,0.585954,21.134,0.267714
val,1291.tif,0.623762,21.8616,0.307984
val,1292.tif,0.627571,22.8969,0.26307
val,1293.tif,0.493484,20.7629,0.297024
val,1294.tif,0.480269,20.1168,0.296216
val,1295.tif,0.627259,22.6503,0.300273
val,1296.tif,0.562276,19.6559,0.294833
val,1297.tif,0.490159,22.1176,0.262827
val,1298.tif,0.585976,21.4696,0.270007
val,1299.tif,0.467467,19.9494,0.317508
val,13.tif,0.547514,20.2443,0.285347
val,130.tif,0.741804,20.3055,0.253235
val,1300.tif,0.501919,21.9661,0.265348
val,1301.tif,0.566099,22.8709,0.286393
val,1302.tif,0.589477,23.4352,0.266126
val,1303.tif,0.672718,22.2736,0.255746
val,1304.tif,0.563532,21.1569,0.292295
val,1305.tif,0.668044,20.8387,0.240867
val,1306.tif,0.546333,21.5547,0.2847
val,1307.tif,0.588735,21.1744,0.261664
val,1308.tif,0.486574,20.8589,0.292506
val,1309.tif,0.512173,20.3939,0.29281
val,131.tif,0.532447,19.7011,0.286536
val,1310.tif,0.66047,23.069,0.268573
val,1311.tif,0.640423,22.7696,0.294
val,1312.tif,0.530609,20.9798,0.383634
val,1313.tif,0.534966,19.6226,0.315871
val,1314.tif,0.53002,19.9541,0.314429
val,1315.tif,0.58811,19.7147,0.354193
val,1316.tif,0.498066,20.0421,0.273188
val,1317.tif,0.641772,20.7993,0.285699
val,1318.tif,0.631869,21.8568,0.232635
val,1319.tif,0.602081,23.7972,0.275647
val,132.tif,0.57628,17.8833,0.264843
val,1320.tif,0.405501,17.1271,0.325605
val,1321.tif,0.585865,22.6251,0.268325
val,1322.tif,0.477901,20.9903,0.265628
val,1323.tif,0.617853,22.81,0.290599
val,1324.tif,0.626099,22.6963,0.25409
val,1325.tif,0.750282,24.7033,0.282299
val,1326.tif,0.490359,20.8991,0.250914
val,1327.tif,0.486132,20.7248,0.288323
val,1328.tif,0.494043,21.2941,0.296787
val,1329.tif,0.548741,20.7594,0.303187
val,133.tif,0.492435,19.8055,0.279371
val,1330.tif,0.556608,21.1628,0.288106
val,1331.tif,0.489975,21.5208,0.310309
val,1332.tif,0.617103,21.4579,0.254701
val,1333.tif,0.587603,21.9624,0.323741
val,1334.tif,0.727577,22.1848,0.337163
val,1335.tif,0.503168,20.7287,0.252158
val,1336.tif,0.643641,20.9766,0.322587
val,1337.tif,0.496713,20.9991,0.275256
val,1338.tif,0.435689,19.6517,0.287992
val,1339.tif,0.585733,21.472,0.244191
val,134.tif,0.437256,19.9768,0.291973
val,1340.tif,0.596127,23.1918,0.25974
val,1341.tif,0.53961,21.5146,0.262396
val,1342.tif,0.51335,21.8607,0.27187
val,1343.tif,0.735796,23.3879,0.299928
val,1344.tif,0.612718,23.3966,0.29558
val,1345.tif,0.561516,22.3818,0.394507
val,1346.tif,0.656557,20.9956,0.288719
val,1347.tif,0.55954,21.5975,0.264571
val,1348.tif,0.505917,20.1816,0.289481
val,1349.tif,0.64274,21.9794,0.291883
val,135.tif,0.518216,18.692,0.297013
val,1350.tif,0.538112,21.0307,0.27752
val,1351.tif,0.550219,22.4937,0.296284
val,1352.tif,0.505215,21.3095,0.287495
val,1353.tif,0.491393,20.3298,0.294596
val,1354.tif,0.511697,21.1425,0.308355
val,1355.tif,0.453746,20.1328,0.337836
val,1356.tif,0.609605,22.3458,0.28117
val,1357.tif,0.559918,21.8029,0.26802
val,1358.tif,0.537943,17.4737,0.355157
val,1359.tif,0.625918,21.9152,0.267084
val,136.tif,0.61163,19.5637,0.323951
val,1360.tif,0.557773,20.5613,0.279532
val,1361.tif,0.592789,20.7379,0.275511
val,1362.tif,0.476084,20.3222,0.335663
val,1363.tif,0.681275,22.0803,0.246397
val,1364.tif,0.640585,22.5033,0.261381
val,1365.tif,0.598517,22.4828,0.312446
val,1366.tif,0.559967,21.8244,0.26744
val,1367.tif,0.570075,21.795,0.270834
val,1368.tif,0.537602,19.3753,0.310798
val,1369.tif,0.470013,19.9125,0.353323
val,137.tif,0.563755,20.4011,0.306252
val,1370.tif,0.513592,21.2475,0.288315
val,1371.tif,0.558354,23.1308,0.327687
val,1372.tif,0.471108,20.4998,0.315758
val,1373.tif,0.653985,24.6876,0.290395
val,1374.tif,0.637369,22.0556,0.248236
val,1375.tif,0.549071,21.5476,0.310735
val,1376.tif,0.65019,18.5957,0.32472
val,1377.tif,0.47726,19.3858,0.329321
val,1378.tif,0.54645,22.5104,0.2347
val,1379.tif,0.546989,23.6715,0.284395
val,138.tif,0.770798,20.4215,0.274561
val,1380.tif,0.500096,21.0904,0.22903
val,1381.tif,0.592074,21.9234,0.303475
val,1382.tif,0.597039,21.4074,0.249956
val,1383.tif,0.633099,21.0906,0.259143
val,1384.tif,0.511012,20.275,0.276277
val,1385.tif,0.578307,22.5287,0.265277
val,1386.tif,0.557718,18.9294,0.271213
val,1387.tif,0.575278,16.9848,0.409679
val,1388.tif,0.691564,23.0455,0.280843
val,1389.tif,0.823377,23.4134,0.188678
val,139.tif,0.550741,20.0634,0.303317
val,1390.tif,0.644444,21.683,0.277597
val,1391.tif,0.534151,20.266,0.320938
val,1392.tif,0.505943,20.8894,0.284127
val,1393.tif,0.694001,21.6369,0.280903
val,1394.tif,0.582094,21.0942,0.305668
val,1395.tif,0.542519,20.3726,0.289851
val,1396.tif,0.491151,20.3582,0.284072
val,1397.tif,0.566195,20.936,0.317806
val,1398.tif,0.568034,21.0054,0.302386
val,1399.tif,0.423317,18.6453,0.329912
val,14.tif,0.504996,21.0482,0.289579
val,140.tif,0.544251,18.1566,0.280075
val,1400.tif,0.491976,19.9507,0.296245
val,1401.tif,0.523826,20.5058,0.313907
val,1402.tif,0.573962,22.1957,0.386492
val,1403.tif,0.572751,20.1433,0.319124
val,1404.tif,0.517975,21.4275,0.291367
val,1405.tif,0.535882,14.2041,0.343906
val,1406.tif,0.442172,19.9504,0.314792
val,1407.tif,0.535943,20.1336,0.293001
val,1408.tif,0.558606,18.4775,0.290514
val,1409.tif,0.417747,20.3689,0.326188
val,141.tif,0.698059,20.4197,0.256899
val,1410.tif,0.480081,19.3006,0.321862
val,1411.tif,0.504014,21.0924,0.27912
val,1412.tif,0.537648,20.931,0.35837
val,1413.tif,0.616219,21.2399,0.364545
val,1414.tif,0.483254,20.8905,0.345683
val,1415.tif,0.420127,16.9608,0.337349
val,1416.tif,0.447131,19.9121,0.311129
val,1417.tif,0.547383,17.6112,0.299526
val,1418.tif,0.589438,19.583,0.368768
val,1419.tif,0.53981,21.8338,0.261478
val,142.tif,0.597681,18.5113,0.282685
val,1420.tif,0.465953,20.0242,0.307146
val,1421.tif,0.530358,20.1336,0.285501
val,1422.tif,0.505754,19.7088,0.298827
val,1423.tif,0.514535,21.412,0.297265
val,1424.tif,0.557002,20.6816,0.312078
val,1425.tif,0.467892,20.6033,0.281454
val,1426.tif,0.512878,20.6884,0.313056
val,1427.tif,0.551243,22.6615,0.283227
val,1428.tif,0.579724,20.8927,0.316009
val,1429.tif,0.498993,21.0684,0.312218
val,143.tif,0.516154,21.546,0.324346
val,1430.tif,0.481917,22.1229,0.297961
val,1431.tif,0.528675,19.1558,0.318606
val,1432.tif,0.585203,22.4684,0.315631
val,1433.tif,0.551272,21.5483,0.31927
val,1434.tif,0.505107,20.2555,0.303905
val,1435.tif,0.586646,21.4004,0.281814
val,1436.tif,0.575551,21.2701,0.290932
val,1437.tif,0.512594,20.2114,0.331646
val,1438.tif,0.662125,18.3144,0.339478
val,1439.tif,0.602665,22.3033,0.299292
val,144.tif,0.57849,22.9557,0.270604
val,1440.tif,0.484279,20.7909,0.319393
val,1441.tif,0.443629,20.3998,0.280139
val,1442.tif,0.582684,22.0225,0.292109
val,1443.tif,0.486663,20.3188,0.275223
val,1444.tif,0.565953,22.0747,0.295511
val,1445.tif,0.527774,21.5154,0.269965
val,1446.tif,0.538594,19.8647,0.291581
val,1447.tif,0.540294,20.7702,0.304621
val,1448.tif,0.49182,18.5799,0.307255
val,1449.tif,0.497312,19.1282,0.316564
val,145.tif,0.617153,22.027,0.237877
val,1450.tif,0.614703,22.057,0.302519
val,1451.tif,0.50984,21.3373,0.271716
val,1452.tif,0.551427,20.3626,0.322603
val,1453.tif,0.502521,20.2417,0.285769
val,1454.tif,0.4696,22.0867,0.287129
val,1455.tif,0.573114,21.2029,0.26922
val,1456.tif,0.743173,22.448,0.312915
val,1457.tif,0.523253,22.4084,0.290558
val,1458.tif,0.573681,22.2722,0.35597
val,1459.tif,0.659013,22.8713,0.319772
val,146.tif,0.669642,23.3622,0.27006
val,1460.tif,0.54314,17.8965,0.295482
val,1461.tif,0.603959,22.3921,0.288413
val,1462.tif,0.447731,18.7458,0.330775
val,1463.tif,0.495259,19.9047,0.272646
val,1464.tif,0.502345,21.4557,0.25798
val,1465.tif,0.531496,18.0807,0.292798
val,1466.tif,0.521762,20.8981,0.279873
val,1467.tif,0.714421,22.0229,0.335744
val,1468.tif,0.519964,19.8849,0.280303
val,1469.tif,0.479878,20.1215,0.263094
val,147.tif,0.55501,20.9259,0.259289
val,1470.tif,0.446686,21.4227,0.272163
val,1471.tif,0.598211,21.7903,0.251821
val,1472.tif,0.495997,20.5975,0.318795
val,1473.tif,0.509979,20.4339,0.271688
val,1474.tif,0.617493,21.0029,0.262737
val,1475.tif,0.575153,21.771,0.28849
val,1476.tif,0.624005,20.755,0.309708
val,1477.tif,0.538503,22.1739,0.322987
val,1478.tif,0.486905,18.6724,0.280621
val,1479.tif,0.508478,20.3354,0.290847
val,148.tif,0.50514,19.751,0.263207
val,1480.tif,0.525993,19.4722,0.295336
val,1481.tif,0.614039,21.5679,0.288155
val,1482.tif,0.523325,19.8591,0.270031
val,1483.tif,0.494725,19.7853,0.276738
val,1484.tif,0.530677,20.1757,0.282017
val,1485.tif,0.843875,21.4544,0.284565
val,1486.tif,0.528874,22.7996,0.313102
val,1487.tif,0.590981,21.892,0.304889
val,1488.tif,0.47194,19.6835,0.312473
val,1489.tif,0.530597,20.5028,0.271303
val,149.tif,0.542973,19.986,0.255919
val,1490.tif,0.460108,20.9561,0.276422
val,1491.tif,0.55025,21.0697,0.269138
val,1492.tif,0.591625,20.8086,0.277946
val,1493.tif,0.43764,17.5455,0.369832
val,1494.tif,0.550242,22.6684,0.292088
val,1495.tif,0.518543,19.839,0.321059
val,1496.tif,0.540667,20.4055,0.259168
val,1497.tif,0.53305,19.8283,0.27848
val,1498.tif,0.490267,20.4449,0.289544
val,1499.tif,0.754606,23.1035,0.384784
val,15.tif,0.533373,19.3876,0.275897
val,150.tif,0.583871,20.4677,0.225829
val,1500.tif,0.511835,19.9261,0.296162
val,1501.tif,0.610221,20.6536,0.311437
val,1502.tif,0.560463,21.4255,0.346128
val,1503.tif,0.557912,22.6871,0.274262
val,1504.tif,0.532585,20.751,0.291977
val,1505.tif,0.458689,20.0391,0.329214
val,1506.tif,0.493183,20.3775,0.2854
val,1507.tif,0.496546,20.1921,0.300571
val,1508.tif,0.520657,21.965,0.282054
val,1509.tif,0.600226,21.5349,0.321666
val,151.tif,0.639968,22.1885,0.267454
val,1510.tif,0.499448,21.4128,0.303038
val,1511.tif,0.534515,22.1022,0.304294
val,1512.tif,0.504112,20.8383,0.298007
val,1513.tif,0.584151,19.4419,0.276935
val,1514.tif,0.74231,23.9414,0.329589
val,1515.tif,0.522306,20.6394,0.281884
val,1516.tif,0.396023,18.9276,0.36105
val,1517.tif,0.51697,19.8523,0.318726
val,1518.tif,0.497892,19.9793,0.27832
val,1519.tif,0.514849,19.8792,0.293279
val,152.tif,0.486955,19.5673,0.270237
val,1520.tif,0.632952,21.0561,0.316373
val,1521.tif,0.589753,21.965,0.308296
val,1522.tif,0.522441,21.4273,0.284775
val,1523.tif,0.55171,18.9678,0.294544
val,1524.tif,0.540117,20.8049,0.255335
val,1525.tif,0.524233,20.8964,0.281092
val,1526.tif,0.519275,21.1132,0.27072
val,1527.tif,0.501076,20.1205,0.307868
val,1528.tif,0.52541,21.7573,0.261638
val,1529.tif,0.563935,20.9753,0.325578
val,153.tif,0.663926,23.2292,0.262406
val,1530.tif,0.624287,22.0037,0.266207
val,1531.tif,0.497906,22.0648,0.307649
val,1532.tif,0.538131,20.0118,0.30611
val,1533.tif,0.625435,21.8122,0.309351
val,1534.tif,0.575294,21.7403,0.261726
val,1535.tif,0.742094,24.7374,0.292002
val,1536.tif,0.563339,21.6806,0.311238
val,1537.tif,0.480914,21.1508,0.258404
val,1538.tif,0.497547,19.3786,0.312958
val,1539.tif,0.468108,18.2759,0.290754
val,154.tif,0.755545,23.6861,0.263513
val,1540.tif,0.477351,21.6884,0.269428
val,1541.tif,0.528073,21.8437,0.329681
val,1542.tif,0.561569,21.2697,0.308132
val,1543.tif,0.571362,21.0681,0.275587
val,1544.tif,0.69359,21.2537,0.264448
val,1545.tif,0.630301,21.803,0.28076
val,1546.tif,0.567814,19.3204,0.295888
val,1547.tif,0.548416,21.1446,0.257832
val,1548.tif,0.4912,20.2492,0.266305
val,1549.tif,0.614242,21.1118,0.288942
val,155.tif,0.634722,20.7187,0.258658
val,1550.tif,0.480891,21.5556,0.283901
val,1551.tif,0.606622,23.0476,0.266991
val,1552.tif,0.507407,19.4444,0.295289
val,1553.tif,0.513717,21.3357,0.281386
val,1554.tif,0.559297,21.3113,0.320528
val,1555.tif,0.531043,22.1777,0.267334
val,1556.tif,0.513003,20.9113,0.372652
val,1557.tif,0.563696,19.718,0.317383
val,1558.tif,0.522861,20.5515,0.295603
val,1559.tif,0.554119,20.204,0.306983
val,156.tif,0.568793,19.5283,0.253224
val,1560.tif,0.533002,22.5917,0.283476
val,1561.tif,0.523723,18.69,0.280299
val,1562.tif,0.541107,20.7712,0.316444
val,1563.tif,0.540047,21.7001,0.306396
val,1564.tif,0.524101,20.9168,0.297493
val,1565.tif,0.515884,20.0908,0.313811
val,1566.tif,0.519183,18.9043,0.312191
val,1567.tif,0.700321,21.999,0.234451
val,1568.tif,0.577285,21.4932,0.301555
val,1569.tif,0.623727,20.0046,0.373778
val,157.tif,0.667205,22.0214,0.229969
val,1570.tif,0.575736,20.3073,0.314992
val,1571.tif,0.490537,21.3522,0.295539
val,1572.tif,0.46439,19.8112,0.244147
val,1573.tif,0.519216,21.4383,0.339455
val,1574.tif,0.460237,18.3337,0.372607
val,1575.tif,0.532481,21.2482,0.289767
val,1576.tif,0.565707,20.7503,0.314943
val,1577.tif,0.508686,21.4939,0.277151
val,1578.tif,0.498636,20.2359,0.261298
val,1579.tif,0.512199,20.0926,0.320936
val,158.tif,0.495689,20.7116,0.277687
val,1580.tif,0.504827,20.4694,0.26521
val,1581.tif,0.603144,21.2433,0.308317
val,1582.tif,0.672433,24.4171,0.308362
val,1583.tif,0.514419,18.4453,0.291948
val,1584.tif,0.583113,23.4409,0.261326
val,1585.tif,0.492664,19.0257,0.359996
val,1586.tif,0.600687,20.9951,0.292913
val,1587.tif,0.477957,20.9835,0.270539
val,1588.tif,0.566531,21.4729,0.291719
val,1589.tif,0.525725,20.9627,0.285581
val,159.tif,0.561734,21.7527,0.24244
val,1590.tif,0.60191,21.6709,0.337774
val,1591.tif,0.554689,22.2696,0.292902
val,1592.tif,0.65933,20.9745,0.306077
val,1593.tif,0.430856,17.7886,0.335302
val,1594.tif,0.579532,21.0376,0.270152
val,1595.tif,0.479209,18.8738,0.315309
val,1596.tif,0.493795,19.2656,0.323044
val,1597.tif,0.499622,21.5053,0.348416
val,1598.tif,0.620055,20.4332,0.27925
val,1599.tif,0.537978,22.266,0.311516
val,16.tif,0.554781,19.5191,0.29925
val,160.tif,0.621446,21.2224,0.332785
val,1600.tif,0.535412,20.8313,0.288734
val,1601.tif,0.546635,21.1723,0.30797
val,1602.tif,0.499039,20.8082,0.318867
val,1603.tif,0.572756,20.909,0.328896
val,1604.tif,0.452238,18.4417,0.274807
val,1605.tif,0.550407,19.9885,0.260427
val,1606.tif,0.477478,16.8442,0.305383
val,1607.tif,0.544559,22.4104,0.238556
val,1608.tif,0.610431,22.833,0.285554
val,1609.tif,0.766499,23.2712,0.222623
val,161.tif,0.602109,20.4835,0.265614
val,1610.tif,0.516144,21.802,0.299219
val,1611.tif,0.586786,20.8279,0.252863
val,1612.tif,0.469413,19.1596,0.355261
val,1613.tif,0.640836,21.3063,0.326769
val,1614.tif,0.634106,22.858,0.303489
val,1615.tif,0.638063,21.2761,0.312235
val,1616.tif,0.678017,23.035,0.344931
val,1617.tif,0.675106,22.8217,0.212686
val,1618.tif,0.524301,21.1012,0.274398
val,1619.tif,0.624498,21.3074,0.236593
val,162.tif,0.63349,19.1482,0.270725
val,1620.tif,0.567609,18.9282,0.309188
val,1621.tif,0.508959,21.6938,0.250966
val,1622.tif,0.59219,20.3048,0.288565
val,1623.tif,0.57188,18.1381,0.308367
val,1624.tif,0.534732,18.3609,0.261688
val,1625.tif,0.538083,22.0644,0.309377
val,1626.tif,0.556224,21.4036,0.289403
val,1627.tif,0.506258,20.2345,0.370882
val,1628.tif,0.624489,19.914,0.240085
val,1629.tif,0.460016,20.7543,0.270921
val,163.tif,0.520962,19.103,0.269013
val,1630.tif,0.586454,18.4947,0.264128
val,1631.tif,0.542622,22.3245,0.26723
val,1632.tif,0.438599,19.1275,0.36852
val,1633.tif,0.582824,20.478,0.284808
val,1634.tif,0.581555,21.6425,0.278593
val,1635.tif,0.578955,21.8262,0.283232
val,1636.tif,0.571174,20.7583,0.283984
val,1637.tif,0.451288,21.1262,0.329155
val,1638.tif,0.570468,18.06,0.290342
val,1639.tif,0.60143,21.1577,0.258357
val,164.tif,0.619599,21.4216,0.266169
val,1640.tif,0.579904,20.2249,0.268205
val,1641.tif,0.519589,19.5578,0.267278
val,1642.tif,0.498906,18.4434,0.29341
val,1643.tif,0.516241,14.9787,0.347143
val,1644.tif,0.718006,21.6178,0.251106
val,1645.tif,0.50525,20.9313,0.373766
val,1646.tif,0.640205,21.4535,0.249772
val,1647.tif,0.631587,22.682,0.241541
val,1648.tif,0.518614,21.4165,0.267416
val,1649.tif,0.649209,19.3885,0.303561
val,165.tif,0.563994,20.6542,0.291917
val,1650.tif,0.465803,20.4326,0.308836
val,1651.tif,0.625216,21.9375,0.248084
val,1652.tif,0.602585,21.144,0.270695
val,1653.tif,0.661991,22.214,0.281541
val,1654.tif,0.612929,21.5992,0.264373
val,1655.tif,0.666658,21.3772,0.248801
val,1656.tif,0.530337,22.4618,0.31041
val,1657.tif,0.506082,21.1455,0.298628
val,1658.tif,0.488486,19.7637,0.302944
val,1659.tif,0.552614,20.8043,0.289203
val,166.tif,0.588136,21.8165,0.301331
val,1660.tif,0.706895,23.8549,0.313488
val,1661.tif,0.571503,17.0259,0.350937
val,1662.tif,0.554338,19.2117,0.276152
val,1663.tif,0.507307,20.0866,0.297707
val,1664.tif,0.566016,18.0548,0.325524
val,1665.tif,0.589494,20.9756,0.319745
val,1666.tif,0.518723,18.6,0.29692
val,1667.tif,0.530837,21.3617,0.347417
val,1668.tif,0.617924,19.468,0.284067
val,1669.tif,0.552069,20.2022,0.277516
val,167.tif,0.572795,20.9379,0.324085
val,1670.tif,0.475867,18.4249,0.297485
val,1671.tif,0.427085,21.394,0.350728
val,1672.tif,0.517042,18.6868,0.296506
val,1673.tif,0.537224,20.2659,0.279295
val,1674.tif,0.515168,18.8882,0.309181
val,1675.tif,0.661176,20.7433,0.260925
val,1676.tif,0.561416,20.6618,0.312402
val,1677.tif,0.483401,22.9539,0.323557
val,1678.tif,0.567707,22.1979,0.262704
val,1679.tif,0.565466,22.2962,0.299495
val,168.tif,0.64082,21.7689,0.252231
val,1680.tif,0.530547,21.3813,0.321963
val,1681.tif,0.468061,19.5285,0.307269
val,1682.tif,0.61231,20.7581,0.30063
val,1683.tif,0.538722,21.5061,0.2752
val,1684.tif,0.567849,22.1263,0.240082
val,1685.tif,0.567402,21.7804,0.285067
val,1686.tif,0.500532,21.5581,0.296366
val,1687.tif,0.625974,20.5423,0.265843
val,1688.tif,0.691324,21.5707,0.297778
val,1689.tif,0.490866,20.2652,0.268796
val,169.tif,0.558837,20.3668,0.298443
val,1690.tif,0.677847,24.8124,0.30085
val,1691.tif,0.512634,21.8204,0.261402
val,1692.tif,0.473254,18.9759,0.30418
val,1693.tif,0.483177,18.6234,0.2628
val,1694.tif,0.607098,19.3049,0.315189
val,1695.tif,0.592214,24.0351,0.343175
val,1696.tif,0.578455,18.1061,0.312577
val,1697.tif,0.464087,21.8436,0.333876
val,1698.tif,0.641522,20.3817,0.263862
val,1699.tif,0.564514,20.4124,0.277821
val,17.tif,0.493151,20.4728,0.271993
val,170.tif,0.629752,22.2246,0.343551
val,1700.tif,0.568882,21.3798,0.271589
val,1701.tif,0.660958,23.8959,0.219169
val,1702.tif,0.583444,24.5908,0.22442
val,1703.tif,0.519773,21.616,0.284989
val,1704.tif,0.580426,22.4233,0.242279
val,1705.tif,0.668611,21.5317,0.27455
val,1706.tif,0.665658,22.7712,0.253299
val,1707.tif,0.510766,21.1716,0.29413
val,1708.tif,0.600386,17.7104,0.363379
val,1709.tif,0.525569,24.1583,0.326828
val,171.tif,0.497817,19.9186,0.284571
val,1710.tif,0.528159,14.8741,0.298062
val,1711.tif,0.507225,18.6742,0.252825
val,1712.tif,0.60438,22.0924,0.318928
val,1713.tif,0.606419,21.1732,0.275055
val,1714.tif,0.513383,21.3907,0.276232
val,1715.tif,0.478118,19.7448,0.281069
val,1716.tif,0.509332,22.3697,0.290358
val,1717.tif,0.470948,18.8968,0.314119
val,1718.tif,0.546228,17.1629,0.275036
val,1719.tif,0.515155,19.3785,0.293405
val,172.tif,0.520056,17.9895,0.276711
val,1720.tif,0.530962,22.1545,0.272665
val,1721.tif,0.529524,20.9752,0.310473
val,1722.tif,0.549999,21.3484,0.278611
val,1723.tif,0.624591,21.6495,0.284446
val,1724.tif,0.59271,19.7675,0.311246
val,1725.tif,0.542419,20.8637,0.275305
val,1726.tif,0.454743,18.3948,0.306476
val,1727.tif,0.63189,21.9964,0.32194
val,1728.tif,0.478212,22.5339,0.365323
val,1729.tif,0.602583,21.6833,0.272707
val,173.tif,0.610215,16.5728,0.385111
val,1730.tif,0.613574,20.565,0.286196
val,1731.tif,0.529397,17.5075,0.333093
val,1732.tif,0.511808,18.8683,0.290483
val,1733.tif,0.527039,20.4272,0.301544
val,1734.tif,0.485125,17.0628,0.296743
val,1735.tif,0.652633,22.0466,0.239862
val,1736.tif,0.49519,21.2961,0.244427
val,1737.tif,0.59284,16.4674,0.288875
val,1738.tif,0.567408,20.7798,0.325081
val,1739.tif,0.510343,21.8244,0.338085
val,174.tif,0.734832,23.7479,0.324814
val,1740.tif,0.54813,20.3407,0.225955
val,1741.tif,0.570595,21.0656,0.269139
val,1742.tif,0.569431,18.9545,0.261089
val,1743.tif,0.538628,21.2035,0.295165
val,1744.tif,0.503573,21.0804,0.242588
val,1745.tif,0.598389,23.4266,0.34101
val,1746.tif,0.587823,17.6763,0.303177
val,1747.tif,0.707012,21.9178,0.256633
val,1748.tif,0.609779,22.7964,0.277507
val,1749.tif,0.492657,21.8098,0.305886
val,175.tif,0.645185,23.2403,0.253097
val,1750.tif,0.654883,19.5883,0.284784
val,1751.tif,0.516299,20.7855,0.352298
val,1752.tif,0.585678,17.5063,0.283972
val,1753.tif,0.483679,18.8005,0.342247
val,1754.tif,0.496687,17.2254,0.31432
val,1755.tif,0.44893,18.9013,0.315168
val,1756.tif,0.639104,23.773,0.291605
val,1757.tif,0.591768,20.4837,0.287584
val,1758.tif,0.686926,18.4791,0.454534
val,1759.tif,0.523644,24.4816,0.237325
val,176.tif,0.77375,21.33,0.341228
val,1760.tif,0.457386,20.1765,0.38779
val,1761.tif,0.475029,18.3825,0.312341
val,1762.tif,0.538419,14.4136,0.388182
val,1763.tif,0.484133,20.5144,0.258375
val,1764.tif,0.614501,21.3083,0.358821
val,1765.tif,0.529632,13.9188,0.32458
val,1766.tif,0.592998,20.1029,0.282476
val,1767.tif,0.491295,21.2228,0.330803
val,1768.tif,0.578963,18.5703,0.309486
val,1769.tif,0.631878,22.8287,0.260934
val,177.tif,0.61044,19.2231,0.269153
val,1770.tif,0.606922,22.132,0.291162
val,1771.tif,0.457789,19.711,0.256562
val,1772.tif,0.622067,20.9263,0.266324
val,1773.tif,0.522001,21.0804,0.279945
val,1774.tif,0.527196,22.1881,0.288257
val,1775.tif,0.550863,21.0547,0.268925
val,1776.tif,0.528683,20.1186,0.317318
val,1777.tif,0.574549,21.9168,0.303131
val,1778.tif,0.591685,21.9484,0.276361
val,1779.tif,0.444267,18.9749,0.350734
val,178.tif,0.633195,20.7874,0.252274
val,1780.tif,0.595577,19.2953,0.293783
val,1781.tif,0.589106,22.5226,0.272941
val,1782.tif,0.517692,13.7405,0.315609
val,1783.tif,0.752454,22.5667,0.352325
val,1784.tif,0.531549,19.1915,0.267547
val,1785.tif,0.631269,23.9413,0.324899
val,1786.tif,0.660155,22.2576,0.278231
val,1787.tif,0.620155,21.0131,0.258653
val,1788.tif,0.643828,24.1605,0.29291
val,1789.tif,0.548102,18.3282,0.324456
val,179.tif,0.5683,19.813,0.250756
val,1790.tif,0.577308,18.7692,0.30929
val,1791.tif,0.558942,18.8591,0.278711
val,1792.tif,0.658007,21.3705,0.274582
val,1793.tif,0.445792,19.1813,0.342048
val,1794.tif,0.537859,20.6052,0.264121
val,1795.tif,0.636677,22.0923,0.292105
val,1796.tif,0.497547,20.3648,0.267693
val,1797.tif,0.619946,21.1618,0.29417
val,1798.tif,0.696208,22.5819,0.290205
val,1799.tif,0.620723,22.5205,0.281826
val,18.tif,0.588131,21.93,0.28654
val,180.tif,0.511728,21.6606,0.330676
val,1800.tif,0.682518,20.9408,0.226833
val,1801.tif,0.547079,18.6184,0.321018
val,1802.tif,0.611266,23.4038,0.280661
val,1803.tif,0.603832,22.4802,0.299353
val,1804.tif,0.478775,22.5276,0.341757
val,1805.tif,0.518592,21.064,0.300477
val,1806.tif,0.585506,20.9756,0.266223
val,1807.tif,0.545005,21.4082,0.31051
val,1808.tif,0.6724,25.0839,0.317409
val,1809.tif,0.523985,21.3392,0.257753
val,181.tif,0.538775,21.7897,0.31397
val,1810.tif,0.587944,23.0347,0.3056
val,1811.tif,0.520575,22.8848,0.309392
val,1812.tif,0.600016,22.8007,0.274019
val,1813.tif,0.525046,19.9174,0.274461
val,1814.tif,0.730864,23.8969,0.297566
val,1815.tif,0.572636,20.6772,0.263886
val,1816.tif,0.625165,24.6114,0.236548
val,1817.tif,0.595386,21.7836,0.267243
val,1818.tif,0.503015,20.9699,0.30209
val,1819.tif,0.479219,20.0823,0.315646
val,182.tif,0.564337,20.3031,0.25349
val,1820.tif,0.536792,21.4114,0.268827
val,1821.tif,0.531584,21.6129,0.280077
val,1822.tif,0.543732,22.5135,0.290838
val,1823.tif,0.517503,16.9228,0.28617
val,1824.tif,0.588069,20.9379,0.286753
val,1825.tif,0.636775,20.6265,0.25788
val,1826.tif,0.683349,22.3721,0.249013
val,1827.tif,0.569363,23.4778,0.308551
val,1828.tif,0.581937,22.2265,0.319951
val,1829.tif,0.572989,21.1609,0.307983
val,183.tif,0.532007,21.4964,0.225901
val,1830.tif,0.643108,21.876,0.27135
val,1831.tif,0.614613,24.4196,0.237228
val,1832.tif,0.695304,21.1609,0.25481
val,1833.tif,0.479367,17.9305,0.309873
val,1834.tif,0.532472,20.1055,0.335052
val,1835.tif,0.514466,21.003,0.29676
val,1836.tif,0.563907,23.4362,0.248103
val,1837.tif,0.625961,23.7753,0.246068
val,1838.tif,0.524681,19.6411,0.36735
val,1839.tif,0.60242,22.2345,0.346121
val,184.tif,0.591776,20.4792,0.283941
val,1840.tif,0.547091,18.9022,0.313282
val,1841.tif,0.602532,15.5014,0.300819
val,1842.tif,0.588693,21.9305,0.276607
val,1843.tif,0.673698,22.6862,0.24832
val,1844.tif,0.620454,21.8711,0.259768
val,1845.tif,0.60496,22.6862,0.28752
val,1846.tif,0.613167,21.2552,0.261434
val,1847.tif,0.555449,21.1487,0.322692
val,1848.tif,0.661996,20.5833,0.266042
val,1849.tif,0.545677,22.8537,0.32486
val,185.tif,0.498491,18.8286,0.275028
val,1850.tif,0.6953,20.0198,0.28818
val,1851.tif,0.646846,23.573,0.290123
val,1852.tif,0.541647,20.585,0.35508
val,1853.tif,0.599858,17.0226,0.292968
val,1854.tif,0.542354,18.1175,0.299576
val,1855.tif,0.491191,20.2289,0.293846
val,1856.tif,0.532331,17.7452,0.296939
val,1857.tif,0.594376,19.3933,0.298842
val,1858.tif,0.687548,21.9508,0.207716
val,1859.tif,0.530796,20.4587,0.274966
val,186.tif,0.563071,20.9891,0.293485
val,1860.tif,0.643154,21.5557,0.331238
val,1861.tif,0.550532,16.7872,0.344016
val,1862.tif,0.505338,18.0197,0.283703
val,1863.tif,0.558357,23.4127,0.314277
val,1864.tif,0.547777,20.4628,0.297435
val,1865.tif,0.494253,17.2101,0.309731
val,1866.tif,0.581913,23.0207,0.267873
val,1867.tif,0.580534,22.4581,0.320531
val,1868.tif,0.592172,22.8333,0.259585
val,1869.tif,0.482296,19.6364,0.287763
val,187.tif,0.549135,21.012,0.297
val,1870.tif,0.550488,23.1774,0.371401
val,1871.tif,0.615687,20.9135,0.276474
val,1872.tif,0.461861,20.4131,0.322644
val,1873.tif,0.551915,19.4083,0.27079
val,1874.tif,0.670602,23.5801,0.27795
val,1875.tif,0.655638,23.6241,0.355009
val,1876.tif,0.528681,19.4765,0.287192
val,1877.tif,0.55264,20.474,0.2784
val,1878.tif,0.46074,20.6534,0.317378
val,1879.tif,0.600889,19.8932,0.27028
val,188.tif,0.573438,19.6446,0.291855
val,1880.tif,0.493392,19.8578,0.328013
val,1881.tif,0.494273,22.0128,0.330507
val,1882.tif,0.576962,22.8336,0.267153
val,1883.tif,0.54543,20.5717,0.250969
val,1884.tif,0.635676,21.2622,0.252817
val,1885.tif,0.660873,22.0474,0.275792
val,1886.tif,0.603375,21.0152,0.259285
val,1887.tif,0.555628,21.4003,0.232017
val,1888.tif,0.677741,21.9568,0.237084
val,1889.tif,0.595407,20.8979,0.254142
val,189.tif,0.485614,21.3871,0.292416
val,1890.tif,0.633124,22.2929,0.255477
val,1891.tif,0.516978,17.6505,0.314161
val,1892.tif,0.559134,20.5958,0.32083
val,1893.tif,0.696349,24.2397,0.240897
val,1894.tif,0.594634,22.4246,0.301734
val,1895.tif,0.507341,21.3377,0.254504
val,1896.tif,0.63442,23.1826,0.253024
val,1897.tif,0.575956,19.8621,0.261933
val,1898.tif,0.608467,19.724,0.2529
val,1899.tif,0.697409,20.8377,0.261716
val,19.tif,0.533867,21.3295,0.349585
val,190.tif,0.50506,18.597,0.304374
val,1900.tif,0.540399,21.657,0.245169
val,1901.tif,0.485677,19.566,0.236548
val,1902.tif,0.644361,21.3172,0.313078
val,1903.tif,0.533055,20.8857,0.277459
val,1904.tif,0.630111,24.213,0.261607
val,1905.tif,0.55351,21.0284,0.276455
val,1906.tif,0.559405,23.4467,0.278725
val,1907.tif,0.534164,21.619,0.259691
val,1908.tif,0.633776,22.5742,0.235024
val,1909.tif,0.703006,24.5557,0.226528
val,191.tif,0.517458,19.8291,0.291815
val,1910.tif,0.519105,22.1491,0.262117
val,1911.tif,0.51409,19.6474,0.24898
val,1912.tif,0.595425,23.0965,0.294633
val,1913.tif,0.657251,21.6978,0.251972
val,1914.tif,0.62674,22.4399,0.256446
val,1915.tif,0.65637,22.6283,0.279735
val,1916.tif,0.532956,21.8272,0.257191
val,1917.tif,0.734262,23.587,0.307416
val,1918.tif,0.585481,20.1188,0.246432
val,1919.tif,0.608531,23.4482,0.300768
val,192.tif,0.544368,18.3657,0.319479
val,1920.tif,0.487224,21.6731,0.265266
val,1921.tif,0.586556,23.0096,0.235632
val,1922.tif,0.598428,21.1838,0.270651
val,1923.tif,0.687477,21.5905,0.260644
val,1924.tif,0.593831,22.1867,0.260691
val,1925.tif,0.552103,22.0255,0.271564
val,1926.tif,0.65091,22.8521,0.265933
val,1927.tif,0.653467,24.4294,0.237279
val,1928.tif,0.692109,23.2743,0.249267
val,1929.tif,0.649041,21.3864,0.239542
val,193.tif,0.410889,18.8541,0.312888
val,1930.tif,0.575651,20.4643,0.300044
val,1931.tif,0.546225,21.3946,0.237678
val,1932.tif,0.550533,21.3877,0.263791
val,1933.tif,0.50995,21.4804,0.310059
val,1934.tif,0.642753,22.3233,0.266954
val,1935.tif,0.464275,20.7174,0.264877
val,1936.tif,0.713967,23.6185,0.223979
val,1937.tif,0.539069,22.4839,0.26287
val,1938.tif,0.616594,23.6366,0.241011
val,1939.tif,0.615883,20.4869,0.293061
val,194.tif,0.644331,22.1985,0.294164
val,1940.tif,0.480658,19.4994,0.330495
val,1941.tif,0.623868,21.5637,0.232678
val,1942.tif,0.625243,23.7314,0.271128
val,1943.tif,0.564342,21.3095,0.272173
val,1944.tif,0.754341,22.6513,0.294854
val,1945.tif,0.622125,19.6708,0.293037
val,1946.tif,0.634328,22.2645,0.261187
val,1947.tif,0.682596,22.8534,0.263182
val,1948.tif,0.514203,18.767,0.282007
val,1949.tif,0.62375,20.6439,0.263176
val,195.tif,0.526312,20.9271,0.28137
val,1950.tif,0.557698,22.4507,0.262708
val,1951.tif,0.583342,20.3472,0.282278
val,1952.tif,0.505013,20.6045,0.244692
val,1953.tif,0.624574,22.3511,0.260933
val,1954.tif,0.580238,21.651,0.260836
val,1955.tif,0.599074,23.7541,0.260222
val,1956.tif,0.528459,20.8318,0.238403
val,1957.tif,0.537873,20.5483,0.313096
val,1958.tif,0.54938,21.6657,0.309506
val,1959.tif,0.514986,17.9355,0.333666
val,196.tif,0.502542,20.8736,0.276795
val,1960.tif,0.604709,23.4222,0.347463
val,1961.tif,0.704438,20.6188,0.28133
val,1962.tif,0.598604,22.8335,0.265147
val,1963.tif,0.560885,21.2956,0.361753
val,1964.tif,0.57957,21.7091,0.302212
val,1965.tif,0.587274,23.2731,0.224325
val,1966.tif,0.600319,21.271,0.33612
val,1967.tif,0.517089,19.1061,0.314927
val,1968.tif,0.530886,18.6173,0.377014
val,1969.tif,0.608986,21.7934,0.245071
val,197.tif,0.393336,19.8759,0.325275
val,1970.tif,0.542594,22.3079,0.255261
val,1971.tif,0.477193,19.652,0.294957
val,1972.tif,0.812459,21.8423,0.243838
val,1973.tif,0.536298,22.26,0.308262
val,1974.tif,0.525829,22.9145,0.324665
val,1975.tif,0.530675,21.559,0.282028
val,1976.tif,0.799438,22.4193,0.30534
val,1977.tif,0.580246,21.8191,0.2432
val,1978.tif,0.462958,19.3608,0.324628
val,1979.tif,0.641066,21.9405,0.252219
val,198.tif,0.482069,20.5797,0.327501
val,1980.tif,0.467418,18.5101,0.345256
val,1981.tif,0.549407,21.347,0.248207
val,1982.tif,0.618682,22.3876,0.264063
val,1983.tif,0.633489,18.9267,0.323771
val,1984.tif,0.593696,22.6352,0.258659
val,1985.tif,0.624435,22.6108,0.257538
val,1986.tif,0.710132,23.756,0.27948
val,1987.tif,0.645431,22.2768,0.240869
val,1988.tif,0.813198,25.6606,0.32177
val,1989.tif,0.547154,20.1968,0.267367
val,199.tif,0.520108,22.6298,0.279658
val,1990.tif,0.610382,24.6932,0.261097
val,1991.tif,0.542608,20.8143,0.252549
val,1992.tif,0.646284,23.5094,0.222082
val,1993.tif,0.685808,23.2631,0.219691
val,1994.tif,0.642589,22.4752,0.239231
val,1995.tif,0.673305,22.4917,0.251628
val,1996.tif,0.600969,22.018,0.2546
val,1997.tif,0.615954,25.1631,0.280746
val,1998.tif,0.520995,21.3954,0.297776
val,1999.tif,0.674086,23.7866,0.234616
val,2.tif,0.634922,22.9363,0.348011
val,20.tif,0.580112,20.8839,0.266651
val,200.tif,0.520763,21.78,0.248287
val,2000.tif,0.584896,22.2133,0.385977
val,2001.tif,0.400037,18.3579,0.350328
val,2002.tif,0.512773,20.7599,0.231735
val,2003.tif,0.69477,23.6429,0.269415
val,2004.tif,0.551193,21.868,0.278894
val,2005.tif,0.701687,23.534,0.254289
val,2006.tif,0.520578,20.0229,0.254665
val,2007.tif,0.605344,21.5034,0.248823
val,2008.tif,0.580077,21.6924,0.240324
val,2009.tif,0.690861,22.2162,0.272783
val,201.tif,0.532023,19.3661,0.319891
val,2010.tif,0.676841,21.1817,0.264327
val,2011.tif,0.573823,19.6941,0.249219
val,2012.tif,0.667294,24.0741,0.212162
val,2013.tif,0.64581,23.2963,0.272453
val,2014.tif,0.726619,22.6511,0.267197
val,2015.tif,0.606186,24.0741,0.240853
val,2016.tif,0.528923,22.3512,0.250864
val,2017.tif,0.519657,19.4984,0.317595
val,2018.tif,0.718701,24.475,0.243929
val,2019.tif,0.598923,21.612,0.252512
val,202.tif,0.531341,19.8525,0.293902
val,2020.tif,0.508689,18.3457,0.319496
val,2021.tif,0.536921,22.0817,0.245089
val,2022.tif,0.530206,21.5674,0.304806
val,2023.tif,0.584101,22.734,0.257567
val,2024.tif,0.479689,19.1445,0.266908
val,2025.tif,0.666771,24.236,0.21458
val,2026.tif,0.603387,19.2637,0.355903
val,2027.tif,0.595761,20.2238,0.295922
val,2028.tif,0.614413,19.9387,0.26143
val,2029.tif,0.606455,21.9533,0.264851
val,203.tif,0.59749,21.3286,0.28568
val,2030.tif,0.667177,21.3845,0.217276
val,2031.tif,0.533174,17.7114,0.418081
val,2032.tif,0.648574,20.9779,0.264121
val,2033.tif,0.650599,21.2262,0.281329
val,2034.tif,0.615434,23.0626,0.234367
val,2035.tif,0.635425,23.596,0.269101
val,2036.tif,0.595904,23.2791,0.294111
val,2037.tif,0.615176,21.3408,0.264397
val,2038.tif,0.557799,22.6253,0.259966
val,2039.tif,0.663055,25.1665,0.263626
val,204.tif,0.433256,18.252,0.360607
val,2040.tif,0.523888,19.8746,0.259778
val,2041.tif,0.730053,24.3753,0.193872
val,2042.tif,0.46084,18.1838,0.314605
val,2043.tif,0.615652,21.2302,0.243707
val,2044.tif,0.621497,20.6421,0.241488
val,2045.tif,0.686229,22.852,0.219984
val,2046.tif,0.546078,22.2772,0.238346
val,2047.tif,0.6315,22.2355,0.267173
val,2048.tif,0.538895,20.2518,0.307612
val,2049.tif,0.454135,20.4597,0.265491
val,205.tif,0.567712,21.1385,0.308584
val,2050.tif,0.601146,20.7674,0.249995
val,2051.tif,0.527642,16.8665,0.296492
val,2052.tif,0.553417,20.1823,0.257847
val,2053.tif,0.671248,21.9654,0.282648
val,2054.tif,0.591945,22.1645,0.229451
val,2055.tif,0.538631,21.338,0.280347
val,2056.tif,0.547599,21.7619,0.27418
val,2057.tif,0.683439,23.5426,0.258492
val,2058.tif,0.668351,24.4465,0.280675
val,2059.tif,0.525704,18.7925,0.276325
val,206.tif,0.665313,20.8685,0.296263
val,2060.tif,0.623372,24.4748,0.233324
val,2061.tif,0.615555,21.3282,0.292081
val,2062.tif,0.701007,23.2072,0.221248
val,2063.tif,0.554005,23.9035,0.261016
val,2064.tif,0.536347,20.3803,0.250235
val,2065.tif,0.707686,24.4298,0.217679
val,2066.tif,0.672379,21.6642,0.249569
val,2067.tif,0.542994,21.2618,0.321903
val,2068.tif,0.67048,20.3079,0.312913
val,2069.tif,0.530924,18.2995,0.322916
val,207.tif,0.530326,20.2955,0.334197
val,2070.tif,0.610391,21.4624,0.249532
val,2071.tif,0.627751,20.2518,0.247208
val,2072.tif,0.588445,23.4755,0.279795
val,2073.tif,0.622984,22.3993,0.246053
val,2074.tif,0.489088,21.0322,0.290901
val,2075.tif,0.487283,21.2831,0.251429
val,2076.tif,0.650476,21.2789,0.271709
val,2077.tif,0.714207,23.7631,0.252171
val,2078.tif,0.570227,18.8827,0.346944
val,2079.tif,0.676535,23.6546,0.256242
val,208.tif,0.530451,19.1019,0.283383
val,2080.tif,0.608959,22.0805,0.228144
val,2081.tif,0.60496,24.0662,0.244974
val,2082.tif,0.638031,23.619,0.218279
val,2083.tif,0.614776,23.5877,0.222617
val,2084.tif,0.518206,21.8033,0.282135
val,2085.tif,0.586909,21.9995,0.243498
val,2086.tif,0.710177,24.0966,0.252386
val,2087.tif,0.529988,21.0658,0.250996
val,2088.tif,0.548838,21.4002,0.32247
val,2089.tif,0.532963,20.9272,0.254431
val,209.tif,0.481859,20.1821,0.262288
val,2090.tif,0.580237,21.766,0.266695
val,2091.tif,0.623534,23.8214,0.219585
val,2092.tif,0.667812,21.0994,0.260511
val,2093.tif,0.541428,21.295,0.230307
val,2094.tif,0.620327,22.5222,0.243772
val,2095.tif,0.567416,22.2246,0.318744
val,2096.tif,0.609344,22.6188,0.251317
val,2097.tif,0.534181,16.701,0.284862
val,2098.tif,0.531402,20.0883,0.261894
val,2099.tif,0.575552,22.2392,0.331068
val,21.tif,0.677432,23.7389,0.261847
val,210.tif,0.492321,20.814,0.295706
val,2100.tif,0.650285,23.1679,0.264252
val,2101.tif,0.615303,24.0747,0.245219
val,2102.tif,0.547178,22.0053,0.238833
val,2103.tif,0.599561,21.6345,0.243746
val,2104.tif,0.742433,25.4409,0.201204
val,2105.tif,0.502138,21.3169,0.324892
val,2106.tif,0.724799,22.9382,0.234965
val,2107.tif,0.553743,21.1806,0.263358
val,2108.tif,0.633332,23.148,0.242862
val,2109.tif,0.712807,19.2343,0.289565
val,211.tif,0.471908,18.6562,0.30423
val,2110.tif,0.602975,20.7506,0.253386
val,2111.tif,0.681479,22.8273,0.225523
val,2112.tif,0.451847,20.7344,0.279014
val,2113.tif,0.549668,22.3043,0.218191
val,2114.tif,0.661567,22.0682,0.245975
val,2115.tif,0.515568,21.8851,0.275836
val,2116.tif,0.623781,23.3977,0.227368
val,2117.tif,0.533103,21.1585,0.245584
val,2118.tif,0.640284,23.8168,0.231989
val,2119.tif,0.51179,19.8849,0.265584
val,212.tif,0.561526,19.2608,0.30154
val,2120.tif,0.599661,21.9228,0.255469
val,2121.tif,0.673136,23.6809,0.250273
val,2122.tif,0.634302,20.0455,0.220587
val,2123.tif,0.646502,23.9556,0.252031
val,2124.tif,0.645203,22.1614,0.262609
val,2125.tif,0.782972,23.621,0.244351
val,2126.tif,0.615572,18.361,0.252961
val,2127.tif,0.620831,19.2,0.322715
val,2128.tif,0.543174,22.355,0.248492
val,2129.tif,0.501835,21.3112,0.268294
val,213.tif,0.484417,20.224,0.300815
val,2130.tif,0.576853,21.8317,0.252367
val,2131.tif,0.732788,23.0387,0.222812
val,2132.tif,0.651536,21.9713,0.221131
val,2133.tif,0.516926,21.8153,0.242168
val,2134.tif,0.497603,20.2466,0.278229
val,2135.tif,0.717112,23.8044,0.235187
val,2136.tif,0.672928,22.9404,0.223531
val,2137.tif,0.561433,22.906,0.230335
val,2138.tif,0.441331,20.0564,0.266329
val,2139.tif,0.664738,23.222,0.24893
val,214.tif,0.720046,24.6127,0.29862
val,2140.tif,0.481133,20.4348,0.30977
val,2141.tif,0.638861,19.0371,0.342273
val,2142.tif,0.675216,23.0776,0.186166
val,2143.tif,0.587642,22.0277,0.24118
val,2144.tif,0.643565,18.6727,0.302774
val,2145.tif,0.596576,20.6939,0.259893
val,2146.tif,0.560092,23.9363,0.232071
val,2147.tif,0.630068,21.4919,0.285906
val,2148.tif,0.615191,20.017,0.246695
val,2149.tif,0.601675,20.691,0.30057
val,215.tif,0.550002,20.5357,0.266244
val,2150.tif,0.678132,21.4537,0.334084
val,2151.tif,0.569528,19.3198,0.317432
val,2152.tif,0.675141,21.7344,0.275257
val,2153.tif,0.591333,22.7879,0.232887
val,2154.tif,0.719466,19.8828,0.283526
val,2155.tif,0.597919,22.7086,0.243521
val,2156.tif,0.572225,22.5979,0.265073
val,2157.tif,0.56738,21.3352,0.293673
val,2158.tif,0.692837,22.1683,0.237181
val,2159.tif,0.583734,19.6595,0.283091
val,216.tif,0.507093,21.3982,0.277225
val,2160.tif,0.705347,23.1231,0.246009
val,2161.tif,0.668517,23.2516,0.229588
val,2162.tif,0.549252,22.5944,0.265171
val,2163.tif,0.609866,16.1971,0.329155
val,2164.tif,0.499697,21.6742,0.319187
val,2165.tif,0.501981,19.2535,0.325551
val,2166.tif,0.594198,19.5248,0.318567
val,2167.tif,0.640697,23.2012,0.253687
val,2168.tif,0.504602,21.9724,0.277149
val,2169.tif,0.516484,22.5878,0.249757
val,217.tif,0.524142,20.8163,0.290855
val,2170.tif,0.531968,17.8271,0.346574
val,2171.tif,0.594924,22.159,0.262272
val,2172.tif,0.620832,21.492,0.24238
val,2173.tif,0.545877,22.252,0.230135
val,2174.tif,0.561193,22.1916,0.296224
val,2175.tif,0.338092,18.4688,0.465654
val,2176.tif,0.547375,18.8616,0.293707
val,2177.tif,0.609715,21.8777,0.206719
val,2178.tif,0.643834,23.1616,0.229267
val,2179.tif,0.677951,23.9584,0.237056
val,218.tif,0.470012,19.832,0.280328
val,2180.tif,0.574397,21.5911,0.279605
val,2181.tif,0.763094,26.0213,0.259421
val,2182.tif,0.640186,23.0473,0.227895
val,2183.tif,0.489004,19.3305,0.275714
val,2184.tif,0.587231,22.7782,0.259246
val,2185.tif,0.597294,22.3929,0.272197
val,2186.tif,0.55669,22.4884,0.2794
val,2187.tif,0.716638,24.5697,0.267961
val,2188.tif,0.646008,23.6237,0.214456
val,2189.tif,0.514681,21.0654,0.236308
val,219.tif,0.54898,21.9418,0.289646
val,2190.tif,0.635171,22.917,0.268601
val,2191.tif,0.632645,23.3846,0.247551
val,2192.tif,0.70636,24.5405,0.183514
val,2193.tif,0.58585,21.1944,0.303208
val,2194.tif,0.598869,22.5575,0.238602
val,2195.tif,0.553871,20.6991,0.29263
val,2196.tif,0.608542,22.8063,0.213461
val,2197.tif,0.531042,21.7837,0.269633
val,2198.tif,0.616475,23.7664,0.279364
val,2199.tif,0.654063,24.0674,0.214453
val,22.tif,0.510857,20.5611,0.271254
val,220.tif,0.554947,22.1073,0.340578
val,2200.tif,0.674486,23.1834,0.229823
val,2201.tif,0.503316,21.8529,0.290383
val,2202.tif,0.607841,21.3053,0.242901
val,2203.tif,0.671866,23.8701,0.210955
val,2204.tif,0.657313,23.6012,0.293752
val,2205.tif,0.540629,22.1286,0.26414
val,2206.tif,0.643775,23.9861,0.240355
val,2207.tif,0.586193,21.7788,0.240361
val,2208.tif,0.591859,22.0647,0.240267
val,2209.tif,0.396107,19.8106,0.477169
val,221.tif,0.505483,20.9022,0.253841
val,2210.tif,0.654609,22.5334,0.353131
val,2211.tif,0.505175,22.3212,0.2888
val,2212.tif,0.629458,23.4903,0.231601
val,2213.tif,0.65668,23.6783,0.246904
val,2214.tif,0.607022,23.238,0.248976
val,2215.tif,0.654947,24.1487,0.280495
val,2216.tif,0.660726,21.9157,0.254696
val,2217.tif,0.628975,21.5183,0.259022
val,2218.tif,0.563151,20.6629,0.241592
val,2219.tif,0.478452,19.9785,0.280801
val,222.tif,0.463901,20.0727,0.271338
val,2220.tif,0.592191,19.5816,0.259236
val,2221.tif,0.547637,21.9415,0.270456
val,2222.tif,0.503341,21.3276,0.424685
val,2223.tif,0.761157,25.0649,0.257192
val,2224.tif,0.599408,22.7317,0.233791
val,2225.tif,0.549333,21.834,0.23376
val,2226.tif,0.607644,21.9605,0.250787
val,2227.tif,0.590569,21.4095,0.270917
val,2228.tif,0.565303,22.4718,0.229985
val,2229.tif,0.645652,23.3771,0.287312
val,223.tif,0.420939,19.0883,0.294796
val,2230.tif,0.578013,22.3618,0.230421
val,2231.tif,0.557159,21.5957,0.325472
val,2232.tif,0.663573,23.5464,0.218881
val,2233.tif,0.558083,22.2088,0.284779
val,2234.tif,0.65697,22.3428,0.255344
val,2235.tif,0.614114,24.0373,0.256239
val,2236.tif,0.562639,21.4765,0.241194
val,2237.tif,0.514629,17.6053,0.297769
val,2238.tif,0.623677,23.9408,0.273355
val,2239.tif,0.682036,22.9145,0.221607
val,224.tif,0.473175,18.9712,0.302669
val,2240.tif,0.556802,22.1687,0.259023
val,2241.tif,0.59982,21.885,0.248255
val,2242.tif,0.634527,24.4577,0.307306
val,2243.tif,0.544353,20.5906,0.249489
val,2244.tif,0.601135,22.6315,0.271901
val,2245.tif,0.469514,21.8824,0.286418
val,2246.tif,0.564805,21.7375,0.277884
val,2247.tif,0.688893,22.8476,0.248864
val,2248.tif,0.663127,22.9478,0.225305
val,2249.tif,0.557419,21.3538,0.291917
val,225.tif,0.475732,20.1857,0.284672
val,2250.tif,0.525403,19.7561,0.285193
val,2251.tif,0.661785,23.2024,0.253615
val,2252.tif,0.537569,21.4835,0.24706
val,2253.tif,0.676583,23.739,0.241478
val,2254.tif,0.602242,22.3184,0.283438
val,2255.tif,0.68212,23.3389,0.228136
val,2256.tif,0.603511,17.1697,0.307989
val,2257.tif,0.60145,21.0952,0.270844
val,2258.tif,0.666169,23.5599,0.228238
val,2259.tif,0.681077,23.3413,0.352058
val,226.tif,0.538229,19.0613,0.268634
val,2260.tif,0.576482,20.9159,0.233751
val,2261.tif,0.586372,21.7993,0.295694
val,2262.tif,0.682022,23.042,0.205073
val,2263.tif,0.688046,23.8009,0.212153
val,2264.tif,0.683999,23.597,0.248402
val,2265.tif,0.665624,23.8147,0.230742
val,2266.tif,0.642114,22.8296,0.206112
val,2267.tif,0.573565,21.4095,0.29892
val,2268.tif,0.662045,21.648,0.237082
val,2269.tif,0.558061,21.5501,0.257308
val,227.tif,0.496886,20.146,0.274319
val,2270.tif,0.558575,21.6052,0.249831
val,2271.tif,0.598785,23.3321,0.327697
val,2272.tif,0.63181,22.6365,0.303748
val,2273.tif,0.503864,20.5583,0.304681
val,2274.tif,0.546108,22.3723,0.30227
val,2275.tif,0.604155,21.4404,0.260351
val,2276.tif,0.622087,23.1009,0.261777
val,2277.tif,0.66366,23.1928,0.215856
val,2278.tif,0.625644,23.0835,0.229706
val,2279.tif,0.679318,22.4761,0.292828
val,228.tif,0.533726,21.3277,0.289358
val,2280.tif,0.666981,23.8382,0.239861
val,2281.tif,0.651672,23.5286,0.216961
val,2282.tif,0.63171,23.3634,0.222872
val,2283.tif,0.627859,23.6279,0.322304
val,2284.tif,0.627554,22.5993,0.24146
val,2285.tif,0.571647,21.2018,0.250392
val,2286.tif,0.626217,21.5782,0.31104
val,2287.tif,0.675931,22.971,0.20166
val,2288.tif,0.557588,21.626,0.246243
val,2289.tif,0.595456,20.7433,0.245999
val,229.tif,0.487069,18.2891,0.366457
val,2290.tif,0.683992,22.9028,0.211144
val,2291.tif,0.627254,22.1024,0.255378
val,2292.tif,0.520771,21.954,0.310422
val,2293.tif,0.593167,21.4737,0.32954
val,2294.tif,0.602206,20.1175,0.248117
val,2295.tif,0.582763,21.793,0.264863
val,2296.tif,0.695019,22.4098,0.198703
val,2297.tif,0.532224,22.0333,0.248444
val,2298.tif,0.519399,21.5969,0.244854
val,2299.tif,0.714356,23.6681,0.238158
val,23.tif,0.747316,22.6106,0.297928
val,230.tif,0.577317,19.3707,0.323188
val,2300.tif,0.583432,18.4809,0.275484
val,2301.tif,0.471121,20.2689,0.269631
val,2302.tif,0.733296,22.9705,0.203217
val,2303.tif,0.69563,22.4515,0.218943
val,2304.tif,0.636258,23.3391,0.245795
val,2305.tif,0.553832,20.5482,0.308377
val,2306.tif,0.616709,21.6261,0.339932
val,2307.tif,0.526044,19.4326,0.294622
val,2308.tif,0.520972,20.4981,0.306457
val,2309.tif,0.57696,23.0349,0.268619
val,231.tif,0.44262,19.8182,0.272263
val,2310.tif,0.560359,22.009,0.275431
val,2311.tif,0.582777,21.8826,0.27853
val,2312.tif,0.692926,24.3452,0.223155
val,2313.tif,0.600736,22.5306,0.248814
val,2314.tif,0.706329,22.8566,0.31631
val,2315.tif,0.590429,22.4282,0.228998
val,2316.tif,0.687246,19.4594,0.281419
val,2317.tif,0.633661,22.745,0.262276
val,2318.tif,0.74473,24.301,0.284896
val,2319.tif,0.672134,23.5045,0.231426
val,232.tif,0.49754,20.6875,0.290094
val,2320.tif,0.611934,23.2083,0.239112
val,2321.tif,0.544791,21.177,0.2882
val,2322.tif,0.562208,20.7426,0.274206
val,2323.tif,0.495178,21.6309,0.262894
val,2324.tif,0.731958,25.5721,0.228315
val,2325.tif,0.649231,24.2783,0.21371
val,2326.tif,0.663858,24.679,0.247176
val,2327.tif,0.55042,21.5246,0.250312
val,2328.tif,0.478634,18.5024,0.325574
val,2329.tif,0.612845,21.2657,0.238162
val,233.tif,0.541634,21.0113,0.288606
val,2330.tif,0.484651,21.5687,0.26121
val,2331.tif,0.587851,21.32,0.247277
val,2332.tif,0.560305,20.9122,0.287141
val,2333.tif,0.482959,21.7185,0.2755
val,2334.tif,0.69511,23.9202,0.239251
val,2335.tif,0.54963,23.2533,0.270326
val,2336.tif,0.530963,22.3205,0.239221
val,2337.tif,0.575588,23.3881,0.25913
val,2338.tif,0.479424,19.3051,0.281765
val,2339.tif,0.66152,20.8333,0.200413
val,234.tif,0.443315,19.336,0.282633
val,2340.tif,0.645799,23.6972,0.276608
val,2341.tif,0.713324,23.7316,0.352372
val,2342.tif,0.59021,21.88,0.259507
val,2343.tif,0.682245,23.7707,0.219273
val,2344.tif,0.5474,21.2743,0.268231
val,2345.tif,0.669789,23.1269,0.242618
val,2346.tif,0.500087,20.7025,0.285452
val,2347.tif,0.533362,20.0583,0.296276
val,2348.tif,0.645447,23.1023,0.21279
val,2349.tif,0.608511,22.5504,0.265187
val,235.tif,0.501956,20.3756,0.273357
val,2350.tif,0.659143,23.1794,0.270785
val,2351.tif,0.548222,21.5629,0.25874
val,2352.tif,0.667453,22.3884,0.204022
val,2353.tif,0.552317,21.7757,0.266213
val,2354.tif,0.554278,21.7896,0.249345
val,2355.tif,0.573086,22.2441,0.236883
val,2356.tif,0.576696,21.6659,0.28906
val,2357.tif,0.592914,21.9446,0.285027
val,2358.tif,0.724565,24.4973,0.235004
val,2359.tif,0.566686,21.3903,0.245016
val,236.tif,0.583955,21.6479,0.268326
val,2360.tif,0.534137,22.8146,0.280097
val,2361.tif,0.52124,20.6895,0.277578
val,2362.tif,0.570607,19.9292,0.242562
val,2363.tif,0.645973,23.5035,0.254308
val,2364.tif,0.672267,23.6837,0.23174
val,2365.tif,0.651266,22.8372,0.264007
val,2366.tif,0.53344,20.2873,0.297218
val,2367.tif,0.577206,22.7677,0.317992
val,2368.tif,0.66928,23.3687,0.28847
val,2369.tif,0.743944,24.4344,0.25068
val,237.tif,0.52839,21.6119,0.28239
val,2370.tif,0.591808,22.2899,0.257301
val,2371.tif,0.574852,22.5728,0.282538
val,2372.tif,0.613611,24.5143,0.251206
val,2373.tif,0.555203,19.5962,0.264656
val,2374.tif,0.542873,22.4001,0.290944
val,2375.tif,0.556991,22.1225,0.26741
val,2376.tif,0.547088,20.6958,0.281289
val,2377.tif,0.659368,23.8933,0.213556
val,2378.tif,0.557444,20.8343,0.320857
val,2379.tif,0.550234,20.6648,0.272821
val,238.tif,0.44018,19.6759,0.278114
val,2380.tif,0.482931,21.0312,0.252333
val,2381.tif,0.692459,23.4741,0.231121
val,2382.tif,0.581809,20.3339,0.280108
val,2383.tif,0.499339,21.6121,0.253226
val,2384.tif,0.627897,22.915,0.215018
val,2385.tif,0.645263,23.2996,0.239799
val,2386.tif,0.700224,24.447,0.225428
val,2387.tif,0.602878,22.693,0.2248
val,2388.tif,0.56768,21.1025,0.270361
val,2389.tif,0.593625,21.4644,0.268905
val,239.tif,0.490235,20.4318,0.29523
val,2390.tif,0.553313,22.7522,0.261206
val,2391.tif,0.668294,23.455,0.274793
val,2392.tif,0.511374,19.3061,0.299994
val,2393.tif,0.517547,22.4362,0.256514
val,2394.tif,0.719839,24.3119,0.350094
val,2395.tif,0.609652,23.0251,0.264294
val,2396.tif,0.569297,21.6484,0.259526
val,2397.tif,0.646157,20.9754,0.26645
val,2398.tif,0.629499,21.4884,0.280858
val,2399.tif,0.479749,18.2339,0.300506
val,24.tif,0.643451,22.1135,0.263415
val,240.tif,0.478094,20.0079,0.287065
val,2400.tif,0.586786,21.5572,0.254724
val,2401.tif,0.652844,22.7118,0.235773
val,2402.tif,0.602583,22.894,0.244984
val,2403.tif,0.589139,20.463,0.256461
val,2404.tif,0.63554,22.5347,0.238175
val,2405.tif,0.550265,21.4296,0.238087
val,2406.tif,0.633887,21.4939,0.271508
val,2407.tif,0.575873,21.652,0.24243
val,2408.tif,0.647341,23.4261,0.258637
val,2409.tif,0.683136,23.9661,0.207709
val,241.tif,0.775181,24.0977,0.265161
val,2410.tif,0.656072,22.7996,0.239138
val,2411.tif,0.670554,24.2077,0.261168
val,2412.tif,0.627705,23.3164,0.250894
val,2413.tif,0.592287,22.9068,0.303185
val,2414.tif,0.481159,19.348,0.328709
val,2415.tif,0.608108,21.8997,0.242567
val,2416.tif,0.677396,24.8275,0.250552
val,2417.tif,0.499895,20.0954,0.284565
val,2418.tif,0.739965,23.1993,0.232897
val,2419.tif,0.555997,21.3271,0.239781
val,242.tif,0.548887,20.268,0.285768
val,2420.tif,0.551301,22.3558,0.295921
val,2421.tif,0.602007,21.4922,0.303369
val,2422.tif,0.57738,23.1506,0.24688
val,2423.tif,0.671933,24.1052,0.225955
val,2424.tif,0.544313,22.6167,0.238248
val,2425.tif,0.482127,21.0137,0.295355
val,2426.tif,0.60986,23.0247,0.226352
val,2427.tif,0.61233,21.7603,0.287137
val,2428.tif,0.607679,24.8058,0.260617
val,2429.tif,0.479679,20.6442,0.246666
val,243.tif,0.801331,23.8867,0.21497
val,2430.tif,0.524814,21.1147,0.262589
val,2431.tif,0.569152,22.2438,0.236779
val,2432.tif,0.683285,22.804,0.232523
val,2433.tif,0.681337,24.7347,0.233355
val,2434.tif,0.549773,22.7725,0.263388
val,2435.tif,0.663677,23.4491,0.259826
val,2436.tif,0.595409,21.974,0.318369
val,2437.tif,0.591658,22.0529,0.268327
val,2438.tif,0.556886,22.0036,0.288339
val,2439.tif,0.537666,21.3408,0.253617
val,244.tif,0.505086,19.6665,0.25272
val,2440.tif,0.685417,23.395,0.21297
val,2441.tif,0.57074,22.412,0.220411
val,2442.tif,0.516306,23.0637,0.283929
val,2443.tif,0.787408,24.2203,0.266106
val,2444.tif,0.486404,20.2639,0.268168
val,2445.tif,0.536597,22.2185,0.2609
val,2446.tif,0.577794,21.7411,0.268893
val,2447.tif,0.702532,25.1049,0.23844
val,2448.tif,0.544233,21.7607,0.279589
val,2449.tif,0.636405,21.1966,0.221511
val,245.tif,0.602475,21.6155,0.253471
val,2450.tif,0.530865,21.9283,0.238203
val,2451.tif,0.516227,21.1303,0.247487
val,2452.tif,0.642914,22.2124,0.246582
val,2453.tif,0.657227,23.5403,0.229195
val,2454.tif,0.661863,23.9759,0.23155
val,2455.tif,0.49735,19.8882,0.271995
val,2456.tif,0.668434,24.3157,0.277643
val,2457.tif,0.538644,21.0456,0.270839
val,2458.tif,0.699032,24.2415,0.24508
val,2459.tif,0.581365,21.6952,0.280782
val,246.tif,0.569098,20.8317,0.280389
val,2460.tif,0.635373,24.2011,0.237144
val,2461.tif,0.535924,21.7834,0.26603
val,2462.tif,0.665957,23.9459,0.263775
val,2463.tif,0.66922,21.7451,0.267061
val,2464.tif,0.649743,22.0395,0.245552
val,2465.tif,0.673712,20.6151,0.267563
val,2466.tif,0.567969,22.668,0.246895
val,2467.tif,0.613832,21.2061,0.264551
val,2468.tif,0.527317,20.4272,0.245449
val,2469.tif,0.622456,23.6771,0.280267
val,247.tif,0.469321,19.2821,0.282214
val,2470.tif,0.788066,23.2081,0.187845
val,2471.tif,0.689798,22.2025,0.249156
val,2472.tif,0.641157,23.9171,0.262863
val,2473.tif,0.736325,24.5659,0.221153
val,2474.tif,0.436137,17.5952,0.341015
val,2475.tif,0.521812,21.0859,0.241252
val,2476.tif,0.501092,20.7292,0.297236
val,2477.tif,0.640616,23.6936,0.255223
val,2478.tif,0.643838,23.1929,0.225771
val,2479.tif,0.57328,21.8537,0.255709
val,248.tif,0.507592,19.4611,0.359844
val,2480.tif,0.556135,21.8207,0.236103
val,2481.tif,0.65256,22.5239,0.252036
val,2482.tif,0.603047,21.4896,0.259852
val,2483.tif,0.53002,21.6064,0.272134
val,2484.tif,0.655419,23.6603,0.222926
val,2485.tif,0.600359,19.3188,0.267999
val,2486.tif,0.581315,21.755,0.23447
val,2487.tif,0.475049,21.7427,0.296998
val,2488.tif,0.598788,22.5941,0.238111
val,2489.tif,0.621265,23.1059,0.269776
val,249.tif,0.383933,19.7321,0.349988
val,2490.tif,0.560676,21.7051,0.264875
val,2491.tif,0.650025,22.9007,0.259844
val,2492.tif,0.541826,19.4714,0.275127
val,2493.tif,0.662144,25.6133,0.274981
val,2494.tif,0.737644,21.5939,0.24067
val,2495.tif,0.639974,22.1279,0.256324
val,2496.tif,0.590448,22.3459,0.274939
val,2497.tif,0.560638,21.2342,0.260718
val,2498.tif,0.648208,22.7933,0.251947
val,2499.tif,0.659438,23.1717,0.247037
val,25.tif,0.570301,18.5157,0.307411
val,250.tif,0.522305,21.5687,0.278858
val,2500.tif,0.567094,22.1701,0.265469
val,2501.tif,0.633782,23.4201,0.233184
val,2502.tif,0.571676,22.5238,0.252611
val,2503.tif,0.71925,23.425,0.263265
val,2504.tif,0.615133,22.1736,0.28466
val,2505.tif,0.552825,22.5483,0.29843
val,2506.tif,0.770402,24.7957,0.260108
val,2507.tif,0.70013,23.116,0.247783
val,2508.tif,0.66047,23.8514,0.251644
val,2509.tif,0.4977,20.7426,0.25136
val,251.tif,0.551317,21.5665,0.313023
val,2510.tif,0.595118,22.4442,0.255034
val,2511.tif,0.661684,22.2175,0.24441
val,2512.tif,0.534625,21.0751,0.260879
val,2513.tif,0.563073,20.5922,0.304605
val,2514.tif,0.649353,22.2813,0.221999
val,2515.tif,0.688102,22.0713,0.297151
val,2516.tif,0.637684,21.2087,0.240191
val,2517.tif,0.631794,20.5516,0.26229
val,2518.tif,0.485078,20.0012,0.279218
val,2519.tif,0.570448,20.8473,0.239615
val,252.tif,0.515767,19.5809,0.282655
val,2520.tif,0.596303,19.5139,0.277375
val,2521.tif,0.544287,21.8744,0.258087
val,2522.tif,0.574612,21.1037,0.259538
val,2523.tif,0.628398,21.502,0.27214
val,2524.tif,0.572435,22.3608,0.323232
val,2525.tif,0.57909,20.8814,0.23521
val,2526.tif,0.51171,20.7566,0.268107
val,2527.tif,0.572258,20.4811,0.256468
val,2528.tif,0.691823,24.7973,0.239487
val,2529.tif,0.596712,19.7709,0.262594
val,253.tif,0.542852,20.5438,0.234978
val,2530.tif,0.700223,23.6836,0.207849
val,2531.tif,0.694226,24.9532,0.23221
val,2532.tif,0.490481,20.9584,0.267907
val,2533.tif,0.47504,19.9626,0.271641
val,2534.tif,0.64711,23.2339,0.234487
val,2535.tif,0.466159,17.3774,0.370713
val,2536.tif,0.617296,21.8028,0.29188
val,2537.tif,0.525816,20.6425,0.275486
val,2538.tif,0.576693,21.449,0.263385
val,2539.tif,0.707173,24.3521,0.235571
val,254.tif,0.48286,19.5026,0.278772
val,2540.tif,0.529599,20.0298,0.308698
val,2541.tif,0.723565,21.8605,0.254058
val,2542.tif,0.661694,22.4672,0.222679
val,2543.tif,0.711175,22.928,0.232145
val,2544.tif,0.491001,20.5141,0.278357
val,2545.tif,0.625044,23.029,0.247674
val,2546.tif,0.709216,23.3951,0.221878
val,2547.tif,0.662325,23.8633,0.25293
val,2548.tif,0.626334,24.1613,0.300565
val,2549.tif,0.581119,21.9149,0.295491
val,255.tif,0.510423,19.6331,0.312996
val,2550.tif,0.532396,20.1226,0.278407
val,2551.tif,0.516996,22.071,0.282164
val,2552.tif,0.568774,22.7256,0.257682
val,2553.tif,0.513362,20.9914,0.273283
val,2554.tif,0.589276,21.4425,0.27921
val,2555.tif,0.533816,21.7769,0.300974
val,2556.tif,0.511365,19.1181,0.320747
val,2557.tif,0.46854,19.7197,0.282832
val,2558.tif,0.654854,23.9437,0.233528
val,2559.tif,0.654068,22.536,0.211411
val,256.tif,0.461517,20.4246,0.342416
val,2560.tif,0.542121,19.8611,0.286658
val,2561.tif,0.757885,25.3628,0.220673
val,2562.tif,0.690769,24.3426,0.239732
val,2563.tif,0.639592,23.4713,0.228185
val,2564.tif,0.664552,22.3648,0.26534
val,2565.tif,0.501927,20.0197,0.259314
val,2566.tif,0.518332,17.6643,0.29213
val,2567.tif,0.612458,20.7654,0.251267
val,2568.tif,0.623439,21.9812,0.229806
val,2569.tif,0.569059,22.5342,0.254477
val,257.tif,0.444008,19.0279,0.317873
val,2570.tif,0.562396,20.8947,0.277146
val,2571.tif,0.638764,22.9109,0.245514
val,2572.tif,0.744253,23.4901,0.262122
val,2573.tif,0.650975,23.8111,0.253175
val,2574.tif,0.615384,20.8973,0.281333
val,2575.tif,0.608604,22.691,0.256809
val,2576.tif,0.679751,23.4703,0.229179
val,2577.tif,0.632385,22.9119,0.236309
val,2578.tif,0.659788,20.3663,0.218471
val,2579.tif,0.611654,22.5619,0.252204
val,258.tif,0.637936,22.5492,0.29298
val,2580.tif,0.6625,24.2829,0.221388
val,2581.tif,0.233404,17.1575,0.509857
val,2582.tif,0.794667,25.9252,0.254753
val,2583.tif,0.617791,21.2618,0.282528
val,2584.tif,0.688305,23.163,0.21738
val,2585.tif,0.601909,22.6968,0.280268
val,2586.tif,0.535658,18.6379,0.297233
val,2587.tif,0.526901,22.0635,0.277956
val,2588.tif,0.672997,24.0091,0.246671
val,2589.tif,0.634965,24.2384,0.30718
val,259.tif,0.501082,19.1644,0.28931
val,2590.tif,0.649321,21.447,0.25058
val,2591.tif,0.655918,22.9322,0.213348
val,2592.tif,0.653608,23.4042,0.284153
val,2593.tif,0.566911,21.1339,0.268744
val,2594.tif,0.623542,22.8393,0.240281
val,2595.tif,0.651093,23.7809,0.253457
val,2596.tif,0.516913,22.9724,0.296659
val,2597.tif,0.672557,21.8971,0.217195
val,2598.tif,0.593937,20.3281,0.238873
val,2599.tif,0.728194,23.5215,0.255609
val,26.tif,0.600883,21.3691,0.268197
val,260.tif,0.462204,20.0664,0.27651
val,2600.tif,0.529309,19.266,0.314814
val,2601.tif,0.610071,21.9048,0.241327
val,2602.tif,0.59862,22.3725,0.25565
val,2603.tif,0.547726,21.1523,0.310585
val,2604.tif,0.594909,22.6498,0.242589
val,2605.tif,0.617267,22.0694,0.245288
val,2606.tif,0.722138,24.4643,0.230504
val,2607.tif,0.702869,23.4986,0.210753
val,2608.tif,0.619158,22.4696,0.32506
val,2609.tif,0.723357,24.4843,0.236855
val,261.tif,0.742727,22.3774,0.254529
val,2610.tif,0.584967,22.519,0.253395
val,2611.tif,0.617703,22.1999,0.225294
val,2612.tif,0.517695,19.7264,0.273655
val,2613.tif,0.609855,21.2493,0.258675
val,2614.tif,0.669545,23.8353,0.226333
val,2615.tif,0.586564,21.7895,0.283456
val,2616.tif,0.547867,21.9845,0.26247
val,2617.tif,0.536286,21.5731,0.280793
val,2618.tif,0.736525,22.5203,0.214678
val,2619.tif,0.598984,23.7731,0.306026
val,262.tif,0.608203,21.6184,0.236025
val,2620.tif,0.54233,20.6135,0.262392
val,2621.tif,0.673783,23.8138,0.244568
val,2622.tif,0.681546,21.1831,0.230531
val,2623.tif,0.697744,23.2426,0.207942
val,2624.tif,0.529071,21.3352,0.246819
val,2625.tif,0.566543,20.4315,0.285977
val,2626.tif,0.562813,23.1243,0.253702
val,2627.tif,0.674568,24.4411,0.245495
val,2628.tif,0.626504,23.1018,0.2554
val,2629.tif,0.65302,24.0192,0.220769
val,263.tif,0.498873,19.5218,0.321021
val,2630.tif,0.524501,21.5658,0.263475
val,2631.tif,0.597122,22.7495,0.242708
val,2632.tif,0.576462,21.2943,0.24549
val,2633.tif,0.57005,20.2221,0.292108
val,2634.tif,0.683003,24.4483,0.20831
val,2635.tif,0.528889,21.0871,0.28627
val,2636.tif,0.658716,21.8818,0.287501
val,2637.tif,0.670089,23.4951,0.211416
val,2638.tif,0.726541,24.3979,0.248114
val,2639.tif,0.574637,22.8805,0.246331
val,264.tif,0.46224,19.2804,0.311896
val,2640.tif,0.496769,18.2143,0.29739
val,2641.tif,0.510623,20.1091,0.279204
val,2642.tif,0.663932,23.3218,0.259967
val,2643.tif,0.639867,23.5739,0.253414
val,2644.tif,0.590147,20.5052,0.283755
val,2645.tif,0.603045,22.5197,0.254101
val,2646.tif,0.651838,22.4739,0.231926
val,2647.tif,0.584167,22.3365,0.267787
val,2648.tif,0.695211,23.5901,0.209097
val,2649.tif,0.541633,22.292,0.255694
val,265.tif,0.79998,24.2376,0.227933
val,2650.tif,0.708085,24.2181,0.254231
val,2651.tif,0.612801,23.0309,0.276447
val,2652.tif,0.668106,23.2697,0.254045
val,2653.tif,0.689965,24.3018,0.236476
val,2654.tif,0.591102,20.7398,0.262188
val,2655.tif,0.595658,23.4827,0.215601
val,2656.tif,0.660021,23.0597,0.242548
val,2657.tif,0.527639,21.1382,0.251839
val,2658.tif,0.508433,21.5097,0.257799
val,2659.tif,0.609928,23.2498,0.275851
val,266.tif,0.471871,19.2408,0.307775
val,2660.tif,0.54842,20.7247,0.269618
val,2661.tif,0.580723,22.6794,0.271637
val,2662.tif,0.664198,21.3709,0.261219
val,2663.tif,0.682663,23.7165,0.226394
val,2664.tif,0.505666,21.2788,0.301924
val,2665.tif,0.713371,21.8524,0.251046
val,2666.tif,0.560272,22.1345,0.311017
val,2667.tif,0.544783,20.7176,0.264924
val,2668.tif,0.584136,21.8635,0.266448
val,2669.tif,0.581301,22.508,0.225174
val,267.tif,0.779069,23.5454,0.305074
val,2670.tif,0.594108,22.9111,0.262779
val,2671.tif,0.68863,23.8375,0.229257
val,2672.tif,0.640109,21.7219,0.270713
val,2673.tif,0.758552,26.0317,0.262901
val,2674.tif,0.669029,24.0193,0.237488
val,2675.tif,0.669609,23.7089,0.24275
val,2676.tif,0.604005,21.3424,0.257614
val,2677.tif,0.683547,24.3752,0.242158
val,2678.tif,0.588109,21.3338,0.296249
val,2679.tif,0.541936,22.7227,0.265618
val,268.tif,0.503826,20.3713,0.304452
val,2680.tif,0.674913,22.2509,0.232252
val,2681.tif,0.681076,22.4529,0.201916
val,2682.tif,0.679517,24.8309,0.253771
val,2683.tif,0.567233,20.1914,0.248623
val,2684.tif,0.688616,23.5367,0.266961
val,2685.tif,0.510687,21.2257,0.312025
val,2686.tif,0.569623,20.1235,0.271441
val,2687.tif,0.676482,22.2964,0.202449
val,2688.tif,0.668168,23.6257,0.213559
val,2689.tif,0.734975,24.0669,0.201246
val,269.tif,0.534069,19.1986,0.325169
val,2690.tif,0.671487,22.6363,0.244627
val,2691.tif,0.542905,20.8601,0.27806
val,2692.tif,0.624211,23.5649,0.222946
val,2693.tif,0.54655,19.6152,0.277957
val,2694.tif,0.690846,24.3591,0.202746
val,2695.tif,0.682653,24.1155,0.254017
val,2696.tif,0.586366,21.3834,0.288556
val,2697.tif,0.742141,24.1129,0.220804
val,2698.tif,0.536136,21.2086,0.288872
val,2699.tif,0.636746,23.5553,0.273775
val,27.tif,0.601692,21.1304,0.30282
val,270.tif,0.597008,18.7387,0.312174
val,2700.tif,0.50774,22.5257,0.245713
val,2701.tif,0.669875,24.0792,0.252424
val,2702.tif,0.688503,21.4735,0.199948
val,2703.tif,0.55819,22.0014,0.242717
val,2704.tif,0.525144,21.8215,0.28157
val,2705.tif,0.631122,21.8033,0.255129
val,2706.tif,0.778297,24.861,0.241333
val,2707.tif,0.570811,22.9806,0.278164
val,2708.tif,0.430383,20.1606,0.464733
val,2709.tif,0.609034,22.5461,0.248599
val,271.tif,0.610115,22.1972,0.233166
val,2710.tif,0.490838,20.9736,0.312241
val,2711.tif,0.631577,23.7632,0.282401
val,2712.tif,0.192711,17.5161,0.564932
val,2713.tif,0.520829,19.6393,0.302471
val,2714.tif,0.646591,20.9299,0.275455
val,2715.tif,0.71805,24.5366,0.205742
val,2716.tif,0.60309,22.0851,0.232903
val,2717.tif,0.642042,23.4069,0.281719
val,2718.tif,0.579834,20.3419,0.257788
val,2719.tif,0.607532,22.0072,0.248672
val,272.tif,0.494656,19.9828,0.282695
val,2720.tif,0.605381,22.175,0.251346
val,2721.tif,0.360096,20.5786,0.499819
val,2722.tif,0.64217,22.7686,0.269428
val,2723.tif,0.524164,21.7575,0.293188
val,2724.tif,0.502739,19.8048,0.312413
val,2725.tif,0.593346,22.9357,0.282363
val,2726.tif,0.548503,22.0239,0.235716
val,2727.tif,0.648826,22.9843,0.237164
val,2728.tif,0.614801,18.9316,0.253759
val,2729.tif,0.658527,23.7424,0.239088
val,273.tif,0.542192,17.393,0.30089
val,2730.tif,0.407962,19.5171,0.344403
val,2731.tif,0.607336,22.834,0.217252
val,2732.tif,0.645099,22.3789,0.225806
val,2733.tif,0.658842,22.6622,0.213757
val,2734.tif,0.659392,23.4883,0.228501
val,2735.tif,0.517094,20.089,0.286181
val,2736.tif,0.746655,25.2806,0.240589
val,2737.tif,0.582509,22.6212,0.251678
val,2738.tif,0.571389,22.3847,0.226374
val,2739.tif,0.677877,21.2879,0.270019
val,274.tif,0.529755,20.1717,0.276094
val,2740.tif,0.542446,21.5429,0.250183
val,2741.tif,0.665278,22.306,0.239557
val,2742.tif,0.599534,21.6868,0.240654
val,2743.tif,0.569471,20.5449,0.266604
val,2744.tif,0.628698,23.7132,0.279832
val,2745.tif,0.692686,23.8645,0.259666
val,2746.tif,0.520147,19.1836,0.268396
val,2747.tif,0.641745,23.0563,0.222669
val,2748.tif,0.622768,20.3409,0.296037
val,2749.tif,0.544236,22.0212,0.317075
val,275.tif,0.495691,21.1141,0.267847
val,2750.tif,0.562954,20.6588,0.266941
val,2751.tif,0.5621,20.0473,0.273085
val,2752.tif,0.609528,23.316,0.277281
val,2753.tif,0.685812,22.8642,0.39576
val,2754.tif,0.640936,22.882,0.272269
val,2755.tif,0.603032,23.4141,0.265788
val,2756.tif,0.626832,21.9308,0.229597
val,2757.tif,0.626628,22.3222,0.210919
val,2758.tif,0.499411,19.5592,0.28637
val,2759.tif,0.62176,19.2326,0.2511
val,276.tif,0.495647,20.4801,0.280532
val,2760.tif,0.645543,23.4639,0.26258
val,2761.tif,0.578115,20.5248,0.262701
val,2762.tif,0.658287,23.4694,0.212805
val,2763.tif,0.574988,19.8812,0.301307
val,2764.tif,0.539919,21.0238,0.245959
val,2765.tif,0.596809,20.1894,0.292518
val,2766.tif,0.62951,22.5607,0.321339
val,2767.tif,0.43099,19.3814,0.366855
val,2768.tif,0.419771,18.4801,0.344906
val,2769.tif,0.546755,21.7312,0.263098
val,277.tif,0.478031,19.9036,0.321786
val,2770.tif,0.547478,21.9085,0.332125
val,2771.tif,0.661695,24.0749,0.262928
val,2772.tif,0.606289,21.7059,0.278109
val,2773.tif,0.498106,19.6167,0.296092
val,2774.tif,0.726918,22.6236,0.239836
val,2775.tif,0.628877,21.8405,0.352306
val,2776.tif,0.561964,20.0413,0.283788
val,2777.tif,0.55667,20.5397,0.26479
val,2778.tif,0.555402,21.3594,0.379096
val,2779.tif,0.541931,20.7029,0.295913
val,278.tif,0.800962,24.8084,0.231266
val,2780.tif,0.645522,21.5635,0.284605
val,2781.tif,0.576789,22.0314,0.263061
val,2782.tif,0.66667,21.5089,0.276485
val,2783.tif,0.56341,18.7273,0.337271
val,2784.tif,0.613687,23.4702,0.247963
val,2785.tif,0.660458,22.2653,0.260595
val,2786.tif,0.562038,19.0783,0.33884
val,2787.tif,0.491834,18.4657,0.301881
val,2788.tif,0.579139,21.4418,0.358804
val,2789.tif,0.533887,19.0999,0.31775
val,279.tif,0.475138,19.1346,0.309944
val,2790.tif,0.575975,19.3226,0.351434
val,2791.tif,0.701204,23.2045,0.358688
val,2792.tif,0.665732,23.8689,0.220298
val,2793.tif,0.667306,19.4323,0.297122
val,2794.tif,0.494996,19.6286,0.325882
val,2795.tif,0.77884,24.1577,0.19457
val,2796.tif,0.551157,13.8249,0.383263
val,2797.tif,0.58674,22.7502,0.29248
val,2798.tif,0.533708,18.3828,0.358391
val,2799.tif,0.501754,18.0805,0.323257
val,28.tif,0.790766,20.723,0.247148
val,280.tif,0.470265,20.6289,0.288682
val,2800.tif,0.521586,21.1192,0.277924
val,2801.tif,0.617726,23.2859,0.2737
val,2802.tif,0.488972,22.0139,0.308798
val,2803.tif,0.554316,21.5839,0.259269
val,2804.tif,0.565441,20.8069,0.322773
val,2805.tif,0.692977,20.2211,0.312634
val,2806.tif,0.717308,24.1827,0.241125
val,2807.tif,0.632883,21.1149,0.275425
val,2808.tif,0.521746,19.5516,0.314893
val,2809.tif,0.634849,22.4995,0.280603
val,281.tif,0.496865,21.0145,0.283891
val,2810.tif,0.623349,20.607,0.257345
val,2811.tif,0.60913,22.8468,0.312202
val,2812.tif,0.55692,21.4186,0.266467
val,2813.tif,0.654706,19.7233,0.293751
val,2814.tif,0.732065,23.5392,0.318708
val,2815.tif,0.706995,22.0935,0.275435
val,2816.tif,0.670995,23.653,0.273573
val,2817.tif,0.553003,21.6058,0.301488
val,2818.tif,0.626923,22.9645,0.252752
val,2819.tif,0.643107,23.1428,0.272177
val,282.tif,0.411755,20.0703,0.376311
val,2820.tif,0.578498,19.967,0.258535
val,2821.tif,0.607115,22.0855,0.308614
val,2822.tif,0.708375,25.0334,0.223076
val,2823.tif,0.655797,21.3899,0.3242
val,2824.tif,0.496608,20.2413,0.309993
val,2825.tif,0.550194,21.9932,0.268695
val,2826.tif,0.676497,21.1888,0.230786
val,2827.tif,0.807783,22.5719,0.241946
val,2828.tif,0.548294,19.0274,0.27674
val,2829.tif,0.63906,20.495,0.270475
val,283.tif,0.534137,20.7128,0.285163
val,2830.tif,0.603917,20.8956,0.319267
val,2831.tif,0.449646,19.6309,0.307131
val,2832.tif,0.64801,23.3469,0.254149
val,2833.tif,0.558464,18.8725,0.35216
val,2834.tif,0.622308,21.3591,0.2668
val,2835.tif,0.6198,22.3993,0.280717
val,2836.tif,0.623881,18.9382,0.318717
val,2837.tif,0.659382,21.4202,0.287616
val,2838.tif,0.549319,20.9256,0.270699
val,2839.tif,0.690457,22.6072,0.256326
val,284.tif,0.468863,21.2877,0.269307
val,2840.tif,0.542067,19.5931,0.32767
val,2841.tif,0.53864,19.2819,0.302882
val,2842.tif,0.77252,24.6503,0.323967
val,2843.tif,0.556742,22.1288,0.27924
val,2844.tif,0.684761,24.9951,0.234125
val,2845.tif,0.544964,22.3853,0.317895
val,2846.tif,0.69931,23.9852,0.223055
val,2847.tif,0.398928,20.065,0.352269
val,2848.tif,0.513497,20.6843,0.292956
val,2849.tif,0.702231,24.6598,0.314195
val,285.tif,0.496415,18.6756,0.314691
val,2850.tif,0.511987,19.9515,0.309146
val,2851.tif,0.607708,20.6004,0.338107
val,2852.tif,0.595018,23.3168,0.254734
val,2853.tif,0.573081,21.5636,0.26267
val,2854.tif,0.552383,18.4422,0.303563
val,2855.tif,0.5374,20.6055,0.288588
val,2856.tif,0.530647,21.1683,0.301094
val,2857.tif,0.617727,22.9727,0.275698
val,2858.tif,0.534614,19.6027,0.336879
val,2859.tif,0.677469,23.3854,0.333624
val,286.tif,0.40835,19.6977,0.283879
val,2860.tif,0.562937,22.8256,0.297215
val,2861.tif,0.639713,20.2452,0.293604
val,2862.tif,0.55731,21.803,0.261562
val,2863.tif,0.569635,21.0262,0.317327
val,2864.tif,0.705652,21.4446,0.253454
val,2865.tif,0.584293,22.4156,0.299119
val,2866.tif,0.566137,21.1603,0.307595
val,2867.tif,0.536302,19.6237,0.270253
val,2868.tif,0.605694,21.1768,0.33221
val,2869.tif,0.591384,21.2625,0.24169
val,287.tif,0.506368,20.4154,0.248348
val,2870.tif,0.636741,24.0735,0.255457
val,2871.tif,0.534515,20.1344,0.289196
val,2872.tif,0.589805,22.1928,0.264646
val,2873.tif,0.5379,20.8603,0.277922
val,2874.tif,0.544801,21.1399,0.279684
val,2875.tif,0.695996,19.7378,0.340643
val,2876.tif,0.79715,21.861,0.235387
val,2877.tif,0.704542,21.2892,0.248094
val,2878.tif,0.499636,18.0026,0.33666
val,2879.tif,0.541532,20.6592,0.325408
val,288.tif,0.504244,20.3463,0.285614
val,2880.tif,0.654105,24.0117,0.251848
val,2881.tif,0.621984,22.8964,0.302849
val,2882.tif,0.684568,23.7712,0.238252
val,2883.tif,0.68856,22.7954,0.256128
val,2884.tif,0.587309,20.4566,0.310436
val,2885.tif,0.550145,21.2897,0.261518
val,2886.tif,0.575299,21.7179,0.351659
val,2887.tif,0.665983,23.279,0.268961
val,2888.tif,0.504871,21.2999,0.30887
val,2889.tif,0.545666,19.1961,0.284415
val,289.tif,0.411122,19.6078,0.325963
val,2890.tif,0.500387,21.0256,0.33992
val,2891.tif,0.683682,23.8557,0.216634
val,2892.tif,0.587143,21.7673,0.316662
val,2893.tif,0.617259,18.9975,0.302339
val,2894.tif,0.573871,21.4061,0.290625
val,2895.tif,0.544028,19.8707,0.295383
val,2896.tif,0.642981,22.6704,0.241581
val,2897.tif,0.693307,23.2758,0.248345
val,2898.tif,0.79902,26.0295,0.238386
val,2899.tif,0.699913,22.6971,0.248303
val,29.tif,0.525332,22.415,0.274356
val,290.tif,0.533022,20.4208,0.298513
val,2900.tif,0.588715,20.5448,0.314416
val,2901.tif,0.6734,24.3956,0.281825
val,2902.tif,0.606068,20.8549,0.236308
val,2903.tif,0.621936,21.0586,0.29868
val,2904.tif,0.691633,24.2829,0.262727
val,2905.tif,0.519937,19.9479,0.300313
val,2906.tif,0.652582,22.0193,0.280936
val,2907.tif,0.554899,22.5679,0.27574
val,2908.tif,0.567341,21.9082,0.356985
val,2909.tif,0.706239,23.7852,0.246261
val,291.tif,0.593832,20.5213,0.305729
val,2910.tif,0.635354,22.2561,0.254042
val,2911.tif,0.767177,25.9473,0.258233
val,2912.tif,0.594994,19.6198,0.291419
val,2913.tif,0.574318,21.9524,0.292647
val,2914.tif,0.525726,18.8119,0.353904
val,2915.tif,0.689299,24.318,0.260773
val,2916.tif,0.595736,21.7114,0.330103
val,2917.tif,0.66643,22.6192,0.244384
val,2918.tif,0.558973,22.7059,0.249463
val,2919.tif,0.562831,22.4453,0.262353
val,292.tif,0.545007,19.1126,0.331791
val,2920.tif,0.562667,23.0027,0.270887
val,2921.tif,0.582576,19.7605,0.285698
val,2922.tif,0.568859,21.2191,0.256812
val,2923.tif,0.564803,21.5472,0.299324
val,2924.tif,0.577776,21.2791,0.320542
val,2925.tif,0.60753,22.502,0.258407
val,2926.tif,0.571762,20.9442,0.319089
val,2927.tif,0.521065,20.2523,0.289234
val,2928.tif,0.575674,21.905,0.282945
val,2929.tif,0.749789,22.4206,0.274183
val,293.tif,0.46605,19.2897,0.263634
val,2930.tif,0.54051,19.2251,0.316093
val,2931.tif,0.71852,25.207,0.234726
val,2932.tif,0.666365,23.5375,0.324271
val,2933.tif,0.523145,20.3489,0.306544
val,2934.tif,0.57801,21.1275,0.276143
val,2935.tif,0.790884,24.389,0.218435
val,2936.tif,0.516955,21.4818,0.352105
val,2937.tif,0.606673,22.1787,0.29421
val,2938.tif,0.628206,21.8925,0.30744
val,2939.tif,0.633247,20.5108,0.294124
val,294.tif,0.557962,21.5486,0.286476
val,2940.tif,0.514836,19.555,0.259547
val,2941.tif,0.488212,20.9102,0.25653
val,2942.tif,0.533553,19.9506,0.280266
val,2943.tif,0.597163,20.0031,0.299693
val,2944.tif,0.607834,22.7873,0.282304
val,2945.tif,0.656436,23.7824,0.222375
val,2946.tif,0.538151,20.6791,0.261553
val,2947.tif,0.585698,21.6062,0.260304
val,2948.tif,0.650994,24.4118,0.233786
val,2949.tif,0.575614,23.3527,0.263631
val,295.tif,0.554452,19.866,0.293221
val,2950.tif,0.543874,21.3687,0.233716
val,2951.tif,0.584289,21.8575,0.300205
val,2952.tif,0.521012,20.2291,0.272167
val,2953.tif,0.608821,23.6582,0.269859
val,2954.tif,0.567434,20.6749,0.273663
val,2955.tif,0.5633,20.6212,0.244092
val,2956.tif,0.451574,19.3225,0.312556
val,2957.tif,0.628099,21.7539,0.232572
val,2958.tif,0.684743,25.1981,0.228826
val,2959.tif,0.596058,21.5955,0.233039
val,296.tif,0.529523,20.7099,0.31536
val,2960.tif,0.616404,21.2172,0.245297
val,2961.tif,0.566192,19.4776,0.275627
val,2962.tif,0.595956,20.1609,0.246353
val,2963.tif,0.533091,22.2434,0.249244
val,2964.tif,0.619669,22.2495,0.24819
val,2965.tif,0.519813,20.1831,0.265994
val,2966.tif,0.776601,25.1037,0.265834
val,2967.tif,0.665622,22.5615,0.225298
val,2968.tif,0.597081,22.8129,0.239428
val,2969.tif,0.540412,20.0933,0.288302
val,297.tif,0.611508,21.2475,0.286672
val,2970.tif,0.591718,22.1787,0.287955
val,2971.tif,0.511764,20.7383,0.242247
val,2972.tif,0.619163,23.2314,0.29128
val,2973.tif,0.515968,21.3629,0.262016
val,2974.tif,0.647491,23.8519,0.252189
val,2975.tif,0.676101,23.277,0.218993
val,2976.tif,0.712954,23.7349,0.196397
val,2977.tif,0.693223,24.6564,0.242087
val,2978.tif,0.537883,20.0699,0.325385
val,2979.tif,0.603381,21.3218,0.262237
val,298.tif,0.551621,21.9447,0.293172
val,2980.tif,0.585304,22.3218,0.276418
val,2981.tif,0.615265,19.0965,0.242749
val,2982.tif,0.628696,23.0043,0.238256
val,2983.tif,0.603604,19.6273,0.276561
val,2984.tif,0.698819,21.0677,0.23379
val,2985.tif,0.571303,20.8936,0.232423
val,2986.tif,0.666999,22.8507,0.227004
val,2987.tif,0.470716,19.3524,0.26155
val,2988.tif,0.571174,22.0006,0.243034
val,2989.tif,0.740258,23.6652,0.277698
val,299.tif,0.486559,19.9736,0.28937
val,2990.tif,0.673731,23.4796,0.2271
val,2991.tif,0.669841,24.641,0.241166
val,2992.tif,0.582088,22.3513,0.245474
val,2993.tif,0.737718,23.1754,0.243001
val,2994.tif,0.577646,21.793,0.255983
val,2995.tif,0.563706,22.4889,0.233675
val,2996.tif,0.618202,20.8776,0.251328
val,2997.tif,0.568577,22.3683,0.242492
val,2998.tif,0.686723,22.4198,0.21734
val,2999.tif,0.693959,23.7616,0.233727
val,3.tif,0.582553,20.1627,0.26893
val,30.tif,0.617413,18.8059,0.281731
val,300.tif,0.522969,20.2196,0.299935
val,3000.tif,0.625965,24.1143,0.25771
val,3001.tif,0.613744,21.8245,0.3036
val,3002.tif,0.663494,23.9947,0.261039
val,3003.tif,0.648055,23.6627,0.226623
val,3004.tif,0.645325,24.3553,0.249037
val,3005.tif,0.522557,21.7385,0.270613
val,3006.tif,0.608514,22.2113,0.246057
val,3007.tif,0.664806,23.32,0.220407
val,3008.tif,0.518422,18.401,0.267123
val,3009.tif,0.535816,21.6715,0.316587
val,301.tif,0.505377,18.1744,0.312377
val,3010.tif,0.621072,22.0584,0.294738
val,3011.tif,0.593591,20.6991,0.337597
val,3012.tif,0.558634,21.3182,0.259237
val,3013.tif,0.68577,21.4914,0.234505
val,3014.tif,0.598858,22.1931,0.220963
val,3015.tif,0.555216,22.3131,0.260262
val,3016.tif,0.598677,19.4722,0.284755
val,3017.tif,0.548954,21.1003,0.283708
val,3018.tif,0.699375,24.0475,0.239698
val,3019.tif,0.645086,22.2858,0.266087
val,302.tif,0.561115,22.5098,0.287839
val,3020.tif,0.561121,21.5769,0.248106
val,3021.tif,0.581316,21.057,0.320186
val,3022.tif,0.567388,20.5445,0.271163
val,3023.tif,0.517796,20.3462,0.266994
val,3024.tif,0.526835,21.248,0.237798
val,3025.tif,0.60829,23.1624,0.270181
val,3026.tif,0.621021,21.2991,0.214385
val,3027.tif,0.50492,21.343,0.240139
val,3028.tif,0.656161,21.133,0.261144
val,3029.tif,0.637254,23.9616,0.219804
val,303.tif,0.620092,22.2454,0.306901
val,3030.tif,0.58392,19.0469,0.318286
val,3031.tif,0.711543,23.8509,0.207669
val,3032.tif,0.640896,23.1981,0.220526
val,3033.tif,0.655028,23.5516,0.211324
val,3034.tif,0.633036,22.1885,0.254515
val,3035.tif,0.727922,23.9084,0.213541
val,3036.tif,0.684801,23.0066,0.264169
val,3037.tif,0.49985,20.1865,0.259555
val,3038.tif,0.701294,22.7121,0.216032
val,3039.tif,0.465466,19.2786,0.260755
val,304.tif,0.418755,20.32,0.317395
val,3040.tif,0.635575,23.3327,0.247499
val,3041.tif,0.563949,20.699,0.249484
val,3042.tif,0.632195,21.1712,0.260479
val,3043.tif,0.655262,23.5234,0.223669
val,3044.tif,0.708755,23.9612,0.210582
val,3045.tif,0.684142,22.3591,0.234477
val,3046.tif,0.528375,19.7281,0.270516
val,3047.tif,0.531351,21.484,0.298244
val,3048.tif,0.460976,20.0354,0.29006
val,3049.tif,0.556934,22.0541,0.239099
val,305.tif,0.490147,20.0917,0.273075
val,3050.tif,0.670678,21.0739,0.259466
val,3051.tif,0.691335,25.1568,0.229572
val,3052.tif,0.597101,22.146,0.242447
val,3053.tif,0.613691,19.0074,0.270678
val,3054.tif,0.577192,22.2055,0.276986
val,3055.tif,0.537535,21.1712,0.251149
val,3056.tif,0.607604,23.5808,0.24676
val,3057.tif,0.476889,18.7922,0.271913
val,3058.tif,0.493978,19.0482,0.267748
val,3059.tif,0.602422,21.506,0.255845
val,306.tif,0.514386,19.8918,0.337765
val,3060.tif,0.603858,19.7739,0.328827
val,3061.tif,0.714373,24.7956,0.227333
val,3062.tif,0.522428,20.5997,0.281525
val,3063.tif,0.525721,19.2169,0.319136
val,3064.tif,0.619594,23.215,0.242224
val,3065.tif,0.672706,23.1634,0.251185
val,3066.tif,0.675442,23.1919,0.330911
val,3067.tif,0.559682,19.805,0.266989
val,3068.tif,0.589799,21.2507,0.319774
val,3069.tif,0.498456,20.5153,0.295813
val,307.tif,0.457242,20.4488,0.340128
val,3070.tif,0.512926,19.2016,0.254723
val,3071.tif,0.676584,21.3863,0.257061
val,3072.tif,0.716882,23.7836,0.216985
val,3073.tif,0.65389,24.4139,0.230149
val,3074.tif,0.563219,23.8686,0.311235
val,3075.tif,0.538239,20.9376,0.276556
val,3076.tif,0.514808,18.5079,0.250196
val,3077.tif,0.568706,22.0119,0.2619
val,3078.tif,0.65298,22.3069,0.267647
val,3079.tif,0.541189,19.052,0.244069
val,308.tif,0.493577,20.2573,0.280583
val,3080.tif,0.546849,21.0854,0.246083
val,3081.tif,0.567982,21.8104,0.256745
val,3082.tif,0.606674,22.6596,0.277913
val,3083.tif,0.669502,21.4073,0.258288
val,3084.tif,0.68923,24.8645,0.207975
val,3085.tif,0.522442,18.6597,0.279193
val,3086.tif,0.676795,22.3866,0.245553
val,3087.tif,0.538004,22.104,0.280793
val,3088.tif,0.609959,18.4733,0.283336
val,3089.tif,0.681983,24.2997,0.221141
val,309.tif,0.433096,19.3664,0.335765
val,3090.tif,0.668808,24.5293,0.247388
val,3091.tif,0.568028,19.5589,0.284215
val,3092.tif,0.584477,21.142,0.271261
val,3093.tif,0.646495,22.4219,0.253615
val,3094.tif,0.623419,23.0403,0.241425
val,3095.tif,0.661892,21.787,0.241029
val,3096.tif,0.607215,22.296,0.26428
val,3097.tif,0.472053,19.9248,0.296256
val,3098.tif,0.524495,20.6469,0.273478
val,3099.tif,0.538313,21.951,0.24929
val,31.tif,0.5995,20.1177,0.261087
val,310.tif,0.432581,19.132,0.309642
val,3100.tif,0.689766,23.3914,0.246159
val,3101.tif,0.599297,19.5377,0.349974
val,3102.tif,0.618203,21.0987,0.238094
val,3103.tif,0.672444,24.1887,0.218759
val,3104.tif,0.677186,23.8699,0.215098
val,3105.tif,0.599622,23.0738,0.252042
val,3106.tif,0.611879,22.939,0.225898
val,3107.tif,0.676029,24.4035,0.234963
val,3108.tif,0.528097,21.1783,0.241416
val,3109.tif,0.618257,21.7743,0.252761
val,311.tif,0.548967,16.9499,0.311352
val,3110.tif,0.736787,23.4869,0.266587
val,3111.tif,0.488561,19.5383,0.262549
val,3112.tif,0.680776,21.8166,0.261611
val,3113.tif,0.62913,21.6152,0.256756
val,3114.tif,0.515704,20.4109,0.263256
val,3115.tif,0.579126,22.395,0.244803
val,3116.tif,0.598728,18.1506,0.294579
val,3117.tif,0.636917,23.4812,0.234083
val,3118.tif,0.676727,23.5559,0.255242
val,3119.tif,0.513272,18.1942,0.329422
val,312.tif,0.750113,23.339,0.347946
val,3120.tif,0.566826,20.9245,0.280216
val,3121.tif,0.692465,21.1482,0.227855
val,3122.tif,0.516861,19.493,0.290287
val,3123.tif,0.653559,22.1211,0.250086
val,3124.tif,0.649444,21.1571,0.216882
val,3125.tif,0.70865,22.8864,0.257499
val,3126.tif,0.630678,22.1307,0.231663
val,3127.tif,0.440875,16.7604,0.314429
val,3128.tif,0.587727,20.8134,0.247003
val,3129.tif,0.590706,21.7224,0.234832
val,313.tif,0.528175,20.0815,0.276272
val,3130.tif,0.760261,24.207,0.239798
val,3131.tif,0.671542,22.6581,0.248336
val,3132.tif,0.607259,22.0776,0.249389
val,3133.tif,0.712426,20.9371,0.313452
val,3134.tif,0.556591,22.6393,0.256222
val,3135.tif,0.529633,20.7802,0.285806
val,3136.tif,0.58279,19.8944,0.304218
val,3137.tif,0.616443,22.3943,0.235953
val,3138.tif,0.507871,19.6774,0.276949
val,3139.tif,0.592912,19.7886,0.263616
val,314.tif,0.465747,19.2521,0.321933
val,3140.tif,0.449828,20.0156,0.277701
val,3141.tif,0.431669,20.356,0.300987
val,3142.tif,0.711391,23.0515,0.230576
val,3143.tif,0.630734,21.1418,0.283934
val,3144.tif,0.67114,22.6049,0.246054
val,3145.tif,0.495423,20.0925,0.239463
val,3146.tif,0.590999,23.1831,0.252737
val,3147.tif,0.677032,22.7034,0.253739
val,3148.tif,0.561781,17.09,0.315633
val,3149.tif,0.656354,20.0552,0.256419
val,315.tif,0.504523,20.0987,0.270969
val,3150.tif,0.614106,22.7582,0.304364
val,3151.tif,0.568612,20.5591,0.228252
val,3152.tif,0.598624,21.6283,0.256994
val,3153.tif,0.707636,23.8488,0.244987
val,3154.tif,0.441165,19.8739,0.301396
val,3155.tif,0.551513,21.7232,0.273429
val,3156.tif,0.516028,17.929,0.261965
val,3157.tif,0.537259,21.824,0.297477
val,3158.tif,0.577222,22.8062,0.292854
val,3159.tif,0.544541,21.9427,0.220167
val,316.tif,0.703741,22.622,0.251434
val,3160.tif,0.562059,16.6531,0.276541
val,3161.tif,0.639515,23.0023,0.228317
val,3162.tif,0.582581,22.3001,0.22959
val,3163.tif,0.545817,21.176,0.277911
val,3164.tif,0.404903,19.1076,0.275303
val,3165.tif,0.464752,20.2796,0.265275
val,3166.tif,0.532014,20.1733,0.273561
val,3167.tif,0.534644,19.8884,0.284616
val,3168.tif,0.715128,24.3331,0.185381
val,3169.tif,0.653323,23.5442,0.240751
val,317.tif,0.558254,22.6131,0.279229
val,3170.tif,0.439261,18.4043,0.255688
val,3171.tif,0.47609,19.5457,0.262689
val,3172.tif,0.527511,21.2529,0.250873
val,3173.tif,0.565932,21.5278,0.282632
val,3174.tif,0.556621,20.1411,0.274443
val,3175.tif,0.626492,22.2278,0.257775
val,3176.tif,0.61772,20.0174,0.260241
val,3177.tif,0.621445,22.5134,0.226763
val,3178.tif,0.500201,20.8105,0.237023
val,3179.tif,0.551032,19.6874,0.333053
val,318.tif,0.536989,21.6362,0.275425
val,3180.tif,0.736818,22.6941,0.231185
val,3181.tif,0.51807,19.3959,0.25861
val,3182.tif,0.656572,22.1933,0.242746
val,3183.tif,0.534395,21.5596,0.257761
val,3184.tif,0.686602,22.798,0.239871
val,3185.tif,0.537514,19.467,0.274849
val,3186.tif,0.553419,19.8756,0.250251
val,3187.tif,0.578721,21.3959,0.24351
val,3188.tif,0.669867,24.4894,0.218262
val,3189.tif,0.565225,22.8848,0.232499
val,319.tif,0.476168,20.7165,0.280204
val,3190.tif,0.515427,19.2173,0.302886
val,3191.tif,0.557188,22.9109,0.329636
val,3192.tif,0.553757,20.1482,0.320301
val,3193.tif,0.62056,22.6927,0.219089
val,3194.tif,0.564745,21.2576,0.280489
val,3195.tif,0.718263,24.5218,0.250065
val,3196.tif,0.667342,22.5411,0.270871
val,3197.tif,0.582335,20.7645,0.29711
val,3198.tif,0.56954,20.7284,0.285392
val,3199.tif,0.410207,19.0483,0.26344
val,32.tif,0.651541,20.7011,0.286333
val,320.tif,0.688968,23.3691,0.270488
val,3200.tif,0.632469,23.223,0.237776
val,3201.tif,0.609723,21.4772,0.269466
val,3202.tif,0.527352,20.6442,0.290943
val,3203.tif,0.594481,20.7506,0.346777
val,3204.tif,0.61632,23.1533,0.376285
val,3205.tif,0.668979,22.0776,0.266293
val,3206.tif,0.539241,21.5301,0.283844
val,3207.tif,0.509222,19.9,0.343014
val,3208.tif,0.56918,22.3419,0.264652
val,3209.tif,0.561461,21.39,0.273193
val,321.tif,0.493063,21.1497,0.303143
val,3210.tif,0.484277,19.3627,0.282803
val,3211.tif,0.618554,23.8665,0.287539
val,3212.tif,0.450823,19.7058,0.279687
val,3213.tif,0.461,19.9339,0.308882
val,3214.tif,0.572445,21.4511,0.280565
val,3215.tif,0.460008,18.8919,0.273413
val,3216.tif,0.517609,19.2654,0.280451
val,3217.tif,0.497025,19.2693,0.313242
val,3218.tif,0.492893,19.7756,0.259118
val,3219.tif,0.533818,21.6503,0.294461
val,322.tif,0.430165,19.9936,0.287953
val,3220.tif,0.542842,20.3321,0.294506
val,3221.tif,0.521519,20.5963,0.265414
val,3222.tif,0.573192,21.8814,0.301903
val,3223.tif,0.397692,19.5538,0.285998
val,3224.tif,0.441469,20.0782,0.291255
val,3225.tif,0.56754,22.0862,0.273896
val,3226.tif,0.532501,19.2783,0.266621
val,3227.tif,0.453863,20.9918,0.311469
val,3228.tif,0.54253,22.019,0.296218
val,3229.tif,0.51345,21.893,0.259291
val,323.tif,0.488459,20.7733,0.326436
val,3230.tif,0.467831,19.9908,0.28515
val,3231.tif,0.449225,19.1129,0.282828
val,3232.tif,0.597907,20.4859,0.273252
val,3233.tif,0.556862,22.5454,0.346272
val,3234.tif,0.461107,20.0457,0.287387
val,3235.tif,0.525426,22.1116,0.299416
val,3236.tif,0.670435,23.5857,0.287253
val,3237.tif,0.507441,19.9242,0.30314
val,3238.tif,0.547227,20.8711,0.291453
val,3239.tif,0.671975,23.314,0.232488
val,324.tif,0.374935,19.4104,0.334893
val,3240.tif,0.503023,19.8841,0.27173
val,3241.tif,0.638657,22.0916,0.272444
val,3242.tif,0.524016,20.6564,0.299161
val,3243.tif,0.620613,21.6672,0.308731
val,3244.tif,0.505753,20.8767,0.2895
val,3245.tif,0.495846,18.7018,0.27962
val,3246.tif,0.574756,20.9376,0.300613
val,3247.tif,0.442769,19.5131,0.384315
val,3248.tif,0.618449,21.8905,0.277902
val,3249.tif,0.519404,18.8898,0.296205
val,325.tif,0.519727,20.3747,0.313872
val,3250.tif,0.629517,23.3384,0.320229
val,3251.tif,0.587464,21.3325,0.251815
val,3252.tif,0.498376,21.4386,0.27383
val,3253.tif,0.511222,19.5557,0.312442
val,3254.tif,0.560539,21.5925,0.264256
val,3255.tif,0.492625,19.9874,0.272073
val,3256.tif,0.602311,19.235,0.334953
val,3257.tif,0.575002,21.9208,0.241296
val,3258.tif,0.612916,18.4572,0.375366
val,3259.tif,0.637981,22.0603,0.291715
val,326.tif,0.563967,21.3013,0.291646
val,3260.tif,0.505259,19.3335,0.347538
val,3261.tif,0.455256,21.0456,0.301286
val,3262.tif,0.525547,21.3286,0.270036
val,3263.tif,0.483154,18.0917,0.292263
val,3264.tif,0.554787,21.8473,0.265997
val,3265.tif,0.492019,19.2726,0.31445
val,3266.tif,0.621424,21.2707,0.284267
val,3267.tif,0.428644,20.3132,0.28
val,3268.tif,0.682635,23.6251,0.272366
val,3269.tif,0.475707,19.9733,0.371202
val,327.tif,0.517948,20.098,0.320739
val,3270.tif,0.47561,21.1387,0.276116
val,3271.tif,0.592492,20.7754,0.312784
val,3272.tif,0.55945,19.0791,0.281759
val,3273.tif,0.441674,19.53,0.326039
val,3274.tif,0.47844,20.4833,0.318062
val,3275.tif,0.478244,20.358,0.278709
val,3276.tif,0.582901,22.0647,0.299393
val,3277.tif,0.551164,21.7648,0.290062
val,3278.tif,0.598832,21.8017,0.274494
val,3279.tif,0.646599,22.1062,0.308816
val,328.tif,0.513206,20.2769,0.348587
val,3280.tif,0.529346,21.2032,0.305366
val,3281.tif,0.46935,20.473,0.291766
val,3282.tif,0.417398,19.3168,0.27599
val,3283.tif,0.591746,22.7733,0.256352
val,3284.tif,0.529832,20.9262,0.276853
val,3285.tif,0.468525,20.6369,0.326422
val,3286.tif,0.583163,22.2952,0.285662
val,3287.tif,0.660658,22.0901,0.270941
val,3288.tif,0.432296,19.3359,0.287076
val,3289.tif,0.429936,19.2566,0.311604
val,329.tif,0.54507,21.1929,0.289834
val,3290.tif,0.610736,23.0937,0.285511
val,3291.tif,0.547346,21.8793,0.296216
val,3292.tif,0.445786,20.7154,0.294465
val,3293.tif,0.449566,20.8344,0.311457
val,3294.tif,0.611902,21.1486,0.253646
val,3295.tif,0.5496,19.7074,0.301412
val,3296.tif,0.577987,22.0747,0.313227
val,3297.tif,0.56107,22.1553,0.316208
val,3298.tif,0.477668,19.278,0.304963
val,3299.tif,0.728112,22.1998,0.241508
val,33.tif,0.514466,17.1526,0.276185
val,330.tif,0.497005,21.3631,0.368268
val,3300.tif,0.483013,20.1714,0.288169
val,3301.tif,0.602185,20.0975,0.292086
val,3302.tif,0.658674,22.4784,0.276777
val,3303.tif,0.615583,20.5647,0.326966
val,3304.tif,0.462083,20.7216,0.295038
val,3305.tif,0.496543,18.1807,0.415677
val,3306.tif,0.573935,21.5985,0.313174
val,3307.tif,0.55576,19.682,0.27705
val,3308.tif,0.470317,20.5857,0.337769
val,3309.tif,0.573189,21.9766,0.254171
val,331.tif,0.481275,20.5123,0.280569
val,3310.tif,0.426012,19.1219,0.281793
val,3311.tif,0.508937,20.2423,0.292676
val,3312.tif,0.442173,19.1701,0.298257
val,3313.tif,0.550228,22.1015,0.309624
val,3314.tif,0.540735,21.5891,0.281964
val,3315.tif,0.57117,21.2555,0.278073
val,3316.tif,0.550914,20.7499,0.312873
val,3317.tif,0.439326,20.0604,0.294477
val,3318.tif,0.493543,20.401,0.292084
val,3319.tif,0.505024,18.877,0.313756
val,332.tif,0.503031,19.6429,0.308065
val,3320.tif,0.50278,20.0056,0.248332
val,3321.tif,0.450039,19.8991,0.27071
val,3322.tif,0.461694,19.7868,0.280493
val,3323.tif,0.510449,20.3518,0.345081
val,3324.tif,0.54568,22.1683,0.258395
val,3325.tif,0.455398,19.998,0.280161
val,3326.tif,0.535716,19.6231,0.310585
val,3327.tif,0.526185,21.0575,0.333205
val,3328.tif,0.478645,20.7918,0.282697
val,3329.tif,0.506417,20.4765,0.285815
val,333.tif,0.794986,25.0358,0.214266
val,3330.tif,0.469798,20.3311,0.294344
val,3331.tif,0.586586,21.4501,0.301681
val,3332.tif,0.55425,21.6409,0.325265
val,3333.tif,0.489757,19.5484,0.305074
val,3334.tif,0.490669,20.8231,0.277867
val,3335.tif,0.519447,20.296,0.269679
val,3336.tif,0.50613,21.0228,0.302303
val,3337.tif,0.570562,22.2285,0.269654
val,3338.tif,0.3985,19.8769,0.289629
val,3339.tif,0.494392,18.5306,0.349882
val,334.tif,0.424781,19.0648,0.334879
val,3340.tif,0.670362,22.7856,0.262156
val,3341.tif,0.451936,20.6808,0.282326
val,3342.tif,0.489561,19.9962,0.295583
val,3343.tif,0.639234,21.5091,0.288674
val,3344.tif,0.519662,20.3271,0.276088
val,3345.tif,0.498014,18.6096,0.289106
val,3346.tif,0.564565,20.8252,0.304143
val,3347.tif,0.422844,19.9199,0.269515
val,3348.tif,0.574883,19.0277,0.2764
val,3349.tif,0.598848,22.233,0.265249
val,335.tif,0.489444,20.9257,0.281417
val,3350.tif,0.484994,19.9952,0.312571
val,3351.tif,0.505345,20.2155,0.316978
val,3352.tif,0.590668,20.7896,0.280255
val,3353.tif,0.537719,21.0232,0.272856
val,3354.tif,0.49614,19.7939,0.265603
val,3355.tif,0.595464,21.7911,0.370345
val,3356.tif,0.462418,19.9835,0.317972
val,3357.tif,0.571262,18.727,0.332416
val,3358.tif,0.525054,20.3209,0.299919
val,3359.tif,0.581103,21.8482,0.274161
val,336.tif,0.492588,20.1895,0.290132
val,3360.tif,0.519592,18.4093,0.409892
val,3361.tif,0.452835,18.6906,0.31832
val,3362.tif,0.588923,23.311,0.281973
val,3363.tif,0.591186,21.1905,0.291381
val,3364.tif,0.438739,20.3095,0.323654
val,3365.tif,0.660605,22.6001,0.245325
val,3366.tif,0.575169,22.0791,0.289514
val,3367.tif,0.68953,22.6877,0.337983
val,3368.tif,0.482463,20.8326,0.269089
val,3369.tif,0.524834,18.6482,0.369714
val,337.tif,0.55623,22.4217,0.29964
val,3370.tif,0.479366,16.8346,0.319154
val,3371.tif,0.459954,20.9497,0.282928
val,3372.tif,0.512987,19.6046,0.328607
val,3373.tif,0.596471,21.4666,0.273854
val,3374.tif,0.466083,20.936,0.288406
val,3375.tif,0.454169,19.9272,0.289183
val,3376.tif,0.533542,20.3913,0.30429
val,3377.tif,0.397026,18.68,0.314974
val,3378.tif,0.490955,19.0985,0.321524
val,3379.tif,0.457466,20.2774,0.285856
val,338.tif,0.541278,19.4014,0.27626
val,3380.tif,0.591914,19.9682,0.313796
val,3381.tif,0.53972,19.9732,0.296584
val,3382.tif,0.556581,21.0197,0.297092
val,3383.tif,0.41403,17.5888,0.34127
val,3384.tif,0.699933,23.9889,0.28412
val,3385.tif,0.415239,18.8092,0.33086
val,3386.tif,0.605512,22.6391,0.273505
val,3387.tif,0.577063,22.7739,0.257655
val,3388.tif,0.496147,21.0567,0.300071
val,3389.tif,0.522853,21.5409,0.269784
val,339.tif,0.71892,24.0238,0.252518
val,3390.tif,0.412464,19.4659,0.312033
val,3391.tif,0.510557,19.9659,0.315874
val,3392.tif,0.579089,20.8509,0.319813
val,3393.tif,0.514625,19.8187,0.301177
val,3394.tif,0.487569,18.9117,0.275828
val,3395.tif,0.484906,19.7854,0.260324
val,3396.tif,0.657614,22.6726,0.269186
val,3397.tif,0.517397,21.115,0.27801
val,3398.tif,0.597005,22.4667,0.280046
val,3399.tif,0.57676,22.4237,0.264999
val,34.tif,0.582065,20.3657,0.235482
val,340.tif,0.517329,22.8852,0.332522
val,3400.tif,0.542922,20.8791,0.261365
val,3401.tif,0.478121,20.7826,0.272502
val,3402.tif,0.500039,20.8773,0.278476
val,3403.tif,0.607517,22.0542,0.277378
val,3404.tif,0.52062,21.6271,0.255366
val,3405.tif,0.638047,23.503,0.29674
val,3406.tif,0.598369,20.7679,0.326481
val,3407.tif,0.509201,21.5497,0.255485
val,3408.tif,0.49668,21.0514,0.27001
val,3409.tif,0.561744,19.0216,0.32332
val,341.tif,0.598039,18.7487,0.293803
val,3410.tif,0.491464,20.1366,0.310702
val,3411.tif,0.474185,19.9259,0.29297
val,3412.tif,0.604834,22.0525,0.252133
val,3413.tif,0.730379,24.1884,0.247652
val,3414.tif,0.520962,21.6068,0.277754
val,3415.tif,0.608773,22.5052,0.251219
val,3416.tif,0.475094,21.346,0.266883
val,3417.tif,0.567203,21.6903,0.29634
val,3418.tif,0.553997,20.8843,0.319144
val,3419.tif,0.531461,20.8701,0.296805
val,342.tif,0.650242,21.6017,0.315629
val,3420.tif,0.481682,19.5556,0.259009
val,3421.tif,0.575382,21.3604,0.292589
val,3422.tif,0.584023,21.3529,0.26403
val,3423.tif,0.486949,19.9257,0.282306
val,3424.tif,0.383248,19.871,0.332934
val,3425.tif,0.470697,19.5834,0.315307
val,3426.tif,0.529455,21.5782,0.310407
val,3427.tif,0.537548,21.6972,0.326667
val,3428.tif,0.493965,20.5442,0.263905
val,3429.tif,0.417976,18.8279,0.289557
val,343.tif,0.418636,19.9815,0.317042
val,3430.tif,0.584941,22.3133,0.285968
val,3431.tif,0.566722,20.5046,0.300378
val,3432.tif,0.52973,21.6427,0.279223
val,3433.tif,0.439065,19.7815,0.270718
val,3434.tif,0.571562,20.6814,0.319865
val,3435.tif,0.484091,20.4918,0.311818
val,3436.tif,0.54792,22.1062,0.309843
val,3437.tif,0.625684,17.6501,0.433931
val,3438.tif,0.444943,20.12,0.320715
val,3439.tif,0.543678,20.0372,0.312315
val,344.tif,0.521383,19.7189,0.241192
val,3440.tif,0.65331,22.6962,0.292043
val,3441.tif,0.647288,21.3763,0.277132
val,3442.tif,0.508201,19.1516,0.311385
val,3443.tif,0.498707,19.1407,0.295072
val,3444.tif,0.593279,22.6098,0.318243
val,3445.tif,0.428399,18.4496,0.281417
val,3446.tif,0.511133,20.4699,0.320094
val,3447.tif,0.63083,22.0564,0.253282
val,3448.tif,0.611919,20.7974,0.275159
val,3449.tif,0.444437,19.7041,0.296349
val,345.tif,0.531901,18.1403,0.294754
val,3450.tif,0.557364,22.7973,0.262815
val,3451.tif,0.520116,19.8242,0.302324
val,3452.tif,0.562783,21.0229,0.322546
val,3453.tif,0.546215,20.7777,0.296326
val,3454.tif,0.631007,20.6945,0.248888
val,3455.tif,0.597335,22.5001,0.268312
val,3456.tif,0.612368,20.9172,0.287149
val,3457.tif,0.468665,19.0846,0.273625
val,3458.tif,0.607419,21.5721,0.348569
val,3459.tif,0.593819,22.7457,0.268049
val,346.tif,0.539125,22.4268,0.249052
val,3460.tif,0.545947,19.9789,0.305584
val,3461.tif,0.571187,20.4281,0.274177
val,3462.tif,0.551288,20.0491,0.343544
val,3463.tif,0.511819,21.7977,0.264833
val,3464.tif,0.467973,20.602,0.38702
val,3465.tif,0.580514,18.9218,0.284317
val,3466.tif,0.54477,18.3222,0.326665
val,3467.tif,0.535222,20.9356,0.265012
val,3468.tif,0.444687,20.3298,0.288998
val,3469.tif,0.492365,20.9866,0.302566
val,347.tif,0.574458,19.4387,0.253482
val,3470.tif,0.486474,18.336,0.279058
val,3471.tif,0.550587,20.9375,0.310857
val,3472.tif,0.483858,20.0108,0.303196
val,3473.tif,0.467455,19.0323,0.37911
val,3474.tif,0.650934,23.3399,0.284638
val,3475.tif,0.424273,19.3023,0.322653
val,3476.tif,0.534852,20.2124,0.308893
val,3477.tif,0.557441,21.996,0.267765
val,3478.tif,0.562805,22.2082,0.306772
val,3479.tif,0.614815,23.3125,0.271791
val,348.tif,0.563834,19.1917,0.273821
val,3480.tif,0.495599,19.5891,0.294525
val,3481.tif,0.557189,20.7379,0.289481
val,3482.tif,0.51272,19.3068,0.311836
val,3483.tif,0.596548,21.5841,0.309118
val,3484.tif,0.522529,19.1025,0.274578
val,3485.tif,0.403283,18.9289,0.272232
val,3486.tif,0.48862,20.6591,0.31381
val,3487.tif,0.613087,22.5338,0.2781
val,3488.tif,0.500511,20.1341,0.324376
val,3489.tif,0.61687,21.2707,0.321552
val,349.tif,0.829578,25.1542,0.276781
val,3490.tif,0.535468,20.1183,0.311295
val,3491.tif,0.583529,21.6516,0.254127
val,3492.tif,0.618583,23.1442,0.252156
val,3493.tif,0.541147,19.9399,0.309654
val,3494.tif,0.588875,20.7032,0.314369
val,3495.tif,0.552083,21.1633,0.276978
val,3496.tif,0.422583,19.0445,0.294715
val,3497.tif,0.452766,20.1622,0.277153
val,3498.tif,0.435719,18.7966,0.303714
val,3499.tif,0.44221,20.6546,0.322212
val,35.tif,0.58379,19.8732,0.289405
val,350.tif,0.548575,20.1118,0.265681
val,3500.tif,0.49799,21.2727,0.254024
val,3501.tif,0.462294,18.9976,0.253179
val,3502.tif,0.496596,20.1902,0.36676
val,3503.tif,0.565316,21.7475,0.270465
val,3504.tif,0.53536,20.2927,0.275838
val,3505.tif,0.547366,20.7205,0.294707
val,3506.tif,0.499675,21.3358,0.255621
val,3507.tif,0.499702,21.4803,0.275162
val,3508.tif,0.539938,21.1714,0.305784
val,3509.tif,0.506428,21.3318,0.317672
val,351.tif,0.492575,19.4949,0.280095
val,3510.tif,0.612775,22.5554,0.260529
val,3511.tif,0.574039,20.943,0.266961
val,3512.tif,0.420914,19.6858,0.276461
val,3513.tif,0.610576,20.7187,0.260564
val,3514.tif,0.504969,21.271,0.366413
val,3515.tif,0.608229,22.6086,0.318694
val,3516.tif,0.497637,19.4036,0.321704
val,3517.tif,0.471123,20.5763,0.261044
val,3518.tif,0.493997,17.9567,0.30109
val,3519.tif,0.40449,19.1919,0.28747
val,352.tif,0.654986,20.4178,0.320864
val,3520.tif,0.451697,20.3324,0.258765
val,3521.tif,0.500879,20.1487,0.295582
val,3522.tif,0.592185,22.5697,0.251854
val,3523.tif,0.518291,21.4453,0.254867
val,3524.tif,0.60138,21.0964,0.27966
val,3525.tif,0.549262,20.487,0.286087
val,3526.tif,0.637846,21.52,0.269484
val,3527.tif,0.521862,21.2982,0.278352
val,3528.tif,0.450456,19.8865,0.268203
val,3529.tif,0.458437,19.7951,0.316161
val,353.tif,0.608351,22.1007,0.256541
val,3530.tif,0.580666,21.4961,0.305527
val,3531.tif,0.613334,21.6665,0.297312
val,3532.tif,0.558489,20.9747,0.26477
val,3533.tif,0.493108,21.1316,0.29557
val,3534.tif,0.431818,20.2122,0.296451
val,3535.tif,0.489305,20.6306,0.283663
val,3536.tif,0.587766,21.4345,0.237135
val,3537.tif,0.545015,20.2526,0.276796
val,3538.tif,0.515268,18.8651,0.309078
val,3539.tif,0.470701,19.8655,0.271107
val,354.tif,0.581187,19.5361,0.294015
val,3540.tif,0.453949,19.0263,0.289687
val,3541.tif,0.501436,20.6412,0.318885
val,3542.tif,0.456411,17.555,0.274056
val,3543.tif,0.502221,20.8789,0.282665
val,3544.tif,0.437548,19.0185,0.256121
val,3545.tif,0.60374,21.7442,0.281754
val,3546.tif,0.47621,21.3264,0.288263
val,3547.tif,0.463801,20.887,0.278534
val,3548.tif,0.492725,19.6984,0.281661
val,3549.tif,0.480518,20.5913,0.28063
val,355.tif,0.703786,23.083,0.248277
val,3550.tif,0.568914,21.0692,0.316386
val,3551.tif,0.528073,20.4808,0.277448
val,3552.tif,0.478128,20.0964,0.272243
val,3553.tif,0.455681,17.6968,0.299197
val,3554.tif,0.51094,21.1202,0.262467
val,3555.tif,0.504159,20.842,0.26874
val,3556.tif,0.453096,19.0214,0.280446
val,3557.tif,0.55707,22.3401,0.307182
val,3558.tif,0.443733,19.3315,0.306198
val,3559.tif,0.539774,20.7566,0.270409
val,356.tif,0.565515,20.8525,0.327545
val,3560.tif,0.466538,17.6073,0.296799
val,3561.tif,0.542218,22.1551,0.267082
val,3562.tif,0.479971,19.7554,0.316433
val,3563.tif,0.428279,21.0209,0.280223
val,3564.tif,0.412238,19.5097,0.296687
val,3565.tif,0.502547,20.4022,0.275675
val,3566.tif,0.810026,24.1686,0.284638
val,3567.tif,0.42396,20.2772,0.339688
val,3568.tif,0.631288,21.7451,0.281083
val,3569.tif,0.483337,21.0319,0.293839
val,357.tif,0.480165,21.2855,0.28481
val,3570.tif,0.605956,20.8202,0.296034
val,3571.tif,0.491871,19.5619,0.277097
val,3572.tif,0.554305,21.4346,0.299219
val,3573.tif,0.527957,18.6576,0.28726
val,3574.tif,0.432251,20.031,0.284763
val,3575.tif,0.523716,20.7651,0.239637
val,3576.tif,0.458661,20.2595,0.275122
val,3577.tif,0.57029,21.6702,0.293395
val,3578.tif,0.498371,18.7213,0.293188
val,3579.tif,0.775218,22.5333,0.252581
val,358.tif,0.587013,23.139,0.414403
val,3580.tif,0.556932,19.8288,0.285951
val,3581.tif,0.63796,23.2423,0.23578
val,3582.tif,0.499413,21.2024,0.275558
val,3583.tif,0.611159,22.4126,0.279234
val,3584.tif,0.521458,21.033,0.326032
val,3585.tif,0.543247,21.0072,0.262976
val,3586.tif,0.517223,20.8672,0.328584
val,3587.tif,0.447568,20.0036,0.277814
val,3588.tif,0.410648,19.5004,0.28735
val,3589.tif,0.699721,22.5419,0.285476
val,359.tif,0.530041,22.0508,0.290639
val,3590.tif,0.560928,22.0066,0.296328
val,3591.tif,0.430764,18.5458,0.26903
val,3592.tif,0.435765,18.681,0.281872
val,3593.tif,0.475736,19.5499,0.286159
val,3594.tif,0.567116,21.1937,0.301656
val,3595.tif,0.442355,20.6424,0.252391
val,3596.tif,0.466867,19.2352,0.297387
val,3597.tif,0.613798,21.9263,0.316068
val,3598.tif,0.561687,21.5256,0.312662
val,3599.tif,0.589903,22.5863,0.273561
val,36.tif,0.585143,19.9876,0.244313
val,360.tif,0.637341,19.9661,0.286978
val,3600.tif,0.576306,20.2826,0.293382
val,3601.tif,0.44466,19.7743,0.28881
val,3602.tif,0.471997,19.9821,0.291091
val,3603.tif,0.524493,18.6541,0.317243
val,3604.tif,0.730641,23.4729,0.283281
val,3605.tif,0.618269,21.5387,0.277262
val,3606.tif,0.436051,20.35,0.283594
val,3607.tif,0.48716,18.8617,0.325216
val,3608.tif,0.609713,21.1377,0.261143
val,3609.tif,0.660038,22.8292,0.230533
val,361.tif,0.722425,22.8781,0.248337
val,3610.tif,0.407264,18.9142,0.392499
val,3611.tif,0.543389,21.0126,0.263378
val,3612.tif,0.531285,21.4132,0.274554
val,3613.tif,0.561757,21.2229,0.285653
val,3614.tif,0.596597,23.3373,0.285888
val,3615.tif,0.585518,19.8298,0.284951
val,3616.tif,0.580734,21.1234,0.271502
val,3617.tif,0.593836,18.8459,0.294632
val,3618.tif,0.663688,21.3855,0.300787
val,3619.tif,0.54148,22.7593,0.269015
val,362.tif,0.58668,22.9043,0.25732
val,3620.tif,0.681747,23.0779,0.246864
val,3621.tif,0.574848,15.4611,0.301062
val,3622.tif,0.729882,19.1115,0.255404
val,3623.tif,0.549543,20.0561,0.246802
val,3624.tif,0.642047,20.0558,0.265545
val,3625.tif,0.515259,17.9308,0.330896
val,3626.tif,0.570528,20.7624,0.249707
val,3627.tif,0.618315,18.4922,0.359688
val,3628.tif,0.626191,16.502,0.373348
val,3629.tif,0.678671,22.5395,0.267633
val,363.tif,0.795762,24.1042,0.256192
val,3630.tif,0.719096,22.3228,0.23637
val,3631.tif,0.694844,24.413,0.270118
val,3632.tif,0.627002,23.213,0.29186
val,3633.tif,0.65787,24.3249,0.267803
val,3634.tif,0.583682,20.0842,0.245109
val,3635.tif,0.571338,21.2549,0.282735
val,3636.tif,0.470036,16.5265,0.302701
val,3637.tif,0.619081,22.6494,0.245946
val,3638.tif,0.547363,22.4719,0.25078
val,3639.tif,0.645064,21.9082,0.309218
val,364.tif,0.520273,17.814,0.308056
val,3640.tif,0.745867,23.5168,0.261416
val,3641.tif,0.770992,17.8274,0.256594
val,3642.tif,0.511843,20.9897,0.261154
val,3643.tif,0.642987,23.44,0.23273
val,3644.tif,0.596036,22.9368,0.321374
val,3645.tif,0.54994,17.7769,0.258406
val,3646.tif,0.574812,19.1339,0.274784
val,3647.tif,0.620715,22.7999,0.246556
val,3648.tif,0.654806,21.8291,0.249722
val,3649.tif,0.60083,22.7249,0.278574
val,365.tif,0.6749,21.9601,0.321861
val,3650.tif,0.68417,21.3641,0.230279
val,3651.tif,0.687678,20.4644,0.284014
val,3652.tif,0.666854,22.2467,0.253338
val,3653.tif,0.547498,21.8059,0.226025
val,3654.tif,0.4347,14.9896,0.341672
val,3655.tif,0.626278,19.0922,0.23376
val,3656.tif,0.528624,22.2682,0.257318
val,3657.tif,0.640116,19.8498,0.240839
val,3658.tif,0.638908,19.9092,0.256614
val,3659.tif,0.5728,22.711,0.266975
val,366.tif,0.570534,18.3625,0.268907
val,3660.tif,0.63664,23.298,0.257347
val,3661.tif,0.63553,19.1929,0.290051
val,3662.tif,0.540221,17.9171,0.381592
val,3663.tif,0.618529,19.5485,0.243035
val,3664.tif,0.590166,22.1039,0.242989
val,3665.tif,0.605871,19.3265,0.250552
val,3666.tif,0.607953,22.807,0.255427
val,3667.tif,0.574537,17.8923,0.358164
val,3668.tif,0.700448,22.8552,0.237653
val,3669.tif,0.628889,20.9333,0.24745
val,367.tif,0.566853,22.2245,0.270893
val,3670.tif,0.754952,24.1997,0.271064
val,3671.tif,0.570819,23.0192,0.259628
val,3672.tif,0.568351,20.3071,0.259236
val,3673.tif,0.63755,23.3916,0.245228
val,3674.tif,0.798399,19.8286,0.292193
val,3675.tif,0.651919,18.1938,0.255753
val,3676.tif,0.482244,21.7352,0.284418
val,3677.tif,0.515479,17.2371,0.318547
val,3678.tif,0.713513,22.5813,0.244705
val,3679.tif,0.519436,19.0843,0.303415
val,368.tif,0.631895,20.6616,0.277852
val,3680.tif,0.536555,14.8155,0.25639
val,3681.tif,0.492952,22.0402,0.2599
val,3682.tif,0.591832,21.4157,0.282333
val,3683.tif,0.622545,17.6166,0.266781
val,3684.tif,0.568678,22.2615,0.269095
val,3685.tif,0.593107,22.3566,0.243126
val,3686.tif,0.800146,19.4587,0.26792
val,3687.tif,0.768086,20.1057,0.205484
val,3688.tif,0.589817,19.8836,0.256981
val,3689.tif,0.568972,21.1434,0.25435
val,369.tif,0.566106,21.6122,0.284657
val,3690.tif,0.693003,22.8171,0.226161
val,3691.tif,0.614564,19.2947,0.253549
val,3692.tif,0.575909,18.6359,0.226036
val,3693.tif,0.648038,23.4263,0.249866
val,3694.tif,0.581572,19.7364,0.259533
val,3695.tif,0.693871,21.5456,0.298529
val,3696.tif,0.712284,23.6741,0.244987
val,3697.tif,0.541925,16.2568,0.343827
val,3698.tif,0.501309,22.117,0.24279
val,3699.tif,0.56626,19.5258,0.231497
val,37.tif,0.511643,19.122,0.30113
val,370.tif,0.533875,20.6774,0.280273
val,3700.tif,0.684366,22.043,0.280783
val,3701.tif,0.551379,19.1515,0.241103
val,3702.tif,0.554448,22.742,0.277655
val,3703.tif,0.612721,24.2539,0.275778
val,3704.tif,0.582924,17.8806,0.329161
val,3705.tif,0.671835,22.8045,0.248564
val,3706.tif,0.61145,20.8768,0.294031
val,3707.tif,0.592949,21.527,0.270308
val,3708.tif,0.785828,25.422,0.27775
val,3709.tif,0.543033,18.3139,0.295374
val,371.tif,0.590123,21.0936,0.287442
val,3710.tif,0.528201,19.1776,0.272653
val,3711.tif,0.500868,17.0859,0.304363
val,3712.tif,0.720901,22.1205,0.311454
val,3713.tif,0.597022,21.1478,0.28287
val,3714.tif,0.734844,18.7186,0.229716
val,3715.tif,0.641235,18.4876,0.36392
val,3716.tif,0.601777,20.7996,0.299667
val,3717.tif,0.56725,22.1655,0.247143
val,3718.tif,0.496368,16.9222,0.271027
val,3719.tif,0.68667,21.4111,0.253734
val,372.tif,0.562661,22.0768,0.261279
val,3720.tif,0.667019,21.4861,0.218614
val,3721.tif,0.564,23.3368,0.267329
val,3722.tif,0.559158,18.655,0.22843
val,3723.tif,0.505422,21.1983,0.280413
val,3724.tif,0.57887,20.6045,0.294381
val,3725.tif,0.569643,21.9411,0.235874
val,3726.tif,0.552694,20.3491,0.268266
val,3727.tif,0.696983,21.9403,0.239204
val,3728.tif,0.749334,22.5671,0.219464
val,3729.tif,0.649452,21.6117,0.263987
val,373.tif,0.492427,20.0614,0.283162
val,3730.tif,0.625613,18.4084,0.270688
val,3731.tif,0.592695,15.2417,0.296356
val,3732.tif,0.584374,20.3084,0.249655
val,3733.tif,0.568227,17.2103,0.278142
val,3734.tif,0.503105,16.8572,0.292425
val,3735.tif,0.526534,22.8929,0.244653
val,3736.tif,0.579954,21.1683,0.260139
val,3737.tif,0.63829,19.9055,0.233618
val,3738.tif,0.602975,20.7852,0.278824
val,3739.tif,0.632419,18.2101,0.259197
val,374.tif,0.522022,20.7504,0.275022
val,3740.tif,0.680259,24.6434,0.25349
val,3741.tif,0.546559,20.151,0.248879
val,3742.tif,0.695568,22.5374,0.265397
val,3743.tif,0.719126,19.2212,0.225591
val,3744.tif,0.60405,19.3107,0.286693
val,3745.tif,0.528951,22.5006,0.261825
val,3746.tif,0.563854,15.4962,0.32694
val,3747.tif,0.625494,20.4471,0.266292
val,3748.tif,0.548259,21.4394,0.227968
val,3749.tif,0.684595,21.4651,0.285942
val,375.tif,0.485903,19.0682,0.310002
val,3750.tif,0.59249,22.2298,0.271159
val,3751.tif,0.586531,18.2386,0.239711
val,3752.tif,0.703948,21.5498,0.220995
val,3753.tif,0.635901,19.9629,0.269419
val,3754.tif,0.604182,19.7909,0.244877
val,3755.tif,0.553817,23.0694,0.234261
val,3756.tif,0.552562,17.2216,0.394602
val,3757.tif,0.556621,20.9767,0.238418
val,3758.tif,0.557751,19.9225,0.272506
val,3759.tif,0.571614,23.4157,0.250581
val,376.tif,0.66641,23.2498,0.266728
val,3760.tif,0.796132,22.3719,0.286759
val,3761.tif,0.540653,18.6325,0.293148
val,3762.tif,0.649086,22.3091,0.243115
val,3763.tif,0.554226,18.3252,0.26344
val,3764.tif,0.549696,20.7184,0.248655
val,3765.tif,0.613964,21.6565,0.246277
val,3766.tif,0.604119,23.4742,0.269837
val,3767.tif,0.618118,17.1764,0.304428
val,3768.tif,0.612757,16.5686,0.301942
val,3769.tif,0.540579,22.455,0.30559
val,377.tif,0.511079,19.8648,0.28334
val,3770.tif,0.559292,19.1631,0.289393
val,3771.tif,0.666321,20.7374,0.234743
val,3772.tif,0.501887,18.239,0.250148
val,3773.tif,0.696685,24.0738,0.361413
val,3774.tif,0.605709,23.7476,0.264952
val,3775.tif,0.660394,19.4027,0.255939
val,3776.tif,0.523145,16.7984,0.273583
val,3777.tif,0.588731,21.2693,0.292505
val,3778.tif,0.667167,24.2578,0.248821
val,3779.tif,0.594331,22.1041,0.275946
val,378.tif,0.711532,22.923,0.259023
val,3780.tif,0.538866,16.7556,0.298546
val,3781.tif,0.653904,21.6835,0.262042
val,3782.tif,0.604894,18.5782,0.265276
val,3783.tif,0.63607,24.4991,0.219252
val,3784.tif,0.668728,21.638,0.341433
val,3785.tif,0.556267,19.1908,0.234677
val,3786.tif,0.664812,22.1032,0.293653
val,3787.tif,0.579939,22.9812,0.251645
val,3788.tif,0.581146,17.7253,0.299628
val,3789.tif,0.679838,20.0465,0.239787
val,379.tif,0.710709,25.0845,0.243703
val,3790.tif,0.577208,17.7085,0.322557
val,3791.tif,0.585456,19.4998,0.260432
val,3792.tif,0.513394,19.0098,0.317446
val,3793.tif,0.583789,20.4139,0.263823
val,3794.tif,0.644615,22.8614,0.265362
val,3795.tif,0.572169,16.348,0.301763
val,3796.tif,0.661579,24.7854,0.332002
val,3797.tif,0.664884,22.2165,0.256013
val,3798.tif,0.513589,17.0985,0.276706
val,3799.tif,0.595364,21.1358,0.248574
val,38.tif,0.667839,22.4462,0.254428
val,380.tif,0.549087,20.2125,0.272286
val,3800.tif,0.554441,21.3018,0.234406
val,3801.tif,0.569817,20.9121,0.238356
val,3802.tif,0.588711,18.8988,0.255335
val,3803.tif,0.616191,20.6476,0.266962
val,3804.tif,0.62994,24.7013,0.256592
val,3805.tif,0.470038,15.8487,0.312379
val,3806.tif,0.509293,18.6311,0.285783
val,3807.tif,0.542318,21.7519,0.228352
val,3808.tif,0.625117,22.08,0.220538
val,3809.tif,0.517508,20.0753,0.267008
val,381.tif,0.492372,18.1158,0.301494
val,3810.tif,0.604966,21.8561,0.239144
val,3811.tif,0.59784,19.524,0.311377
val,3812.tif,0.611292,20.0807,0.274326
val,3813.tif,0.558865,20.8002,0.277679
val,3814.tif,0.715604,23.5425,0.214443
val,3815.tif,0.527358,18.4798,0.310084
val,3816.tif,0.609655,24.1287,0.233165
val,3817.tif,0.560218,21.4703,0.294071
val,3818.tif,0.565316,20.2013,0.240293
val,3819.tif,0.433902,15.5484,0.308437
val,382.tif,0.541164,20.5433,0.259771
val,3820.tif,0.544014,23.6727,0.256153
val,3821.tif,0.540023,17.8219,0.265763
val,3822.tif,0.657661,21.829,0.278923
val,3823.tif,0.612453,20.6251,0.247788
val,3824.tif,0.647526,20.4293,0.22276
val,3825.tif,0.692458,23.9179,0.244422
val,3826.tif,0.687199,22.4792,0.22322
val,3827.tif,0.550013,22.6236,0.239031
val,3828.tif,0.574565,19.9815,0.258396
val,3829.tif,0.574241,17.8404,0.283705
val,383.tif,0.580316,22.8804,0.284903
val,3830.tif,0.56533,20.914,0.258625
val,3831.tif,0.597856,21.3388,0.253178
val,3832.tif,0.538177,21.1414,0.248748
val,3833.tif,0.601004,24.2063,0.293662
val,3834.tif,0.570223,18.7137,0.245038
val,3835.tif,0.546542,21.4042,0.325196
val,3836.tif,0.668882,20.0925,0.25918
val,3837.tif,0.56504,18.8005,0.234652
val,3838.tif,0.610438,20.0073,0.24152
val,3839.tif,0.61533,21.0021,0.242029
val,384.tif,0.685999,23.4945,0.280606
val,3840.tif,0.717293,22.5517,0.238414
val,3841.tif,0.681599,18.1697,0.246421
val,3842.tif,0.504045,19.1798,0.271637
val,3843.tif,0.630294,18.3635,0.302069
val,3844.tif,0.59479,22.6145,0.26616
val,3845.tif,0.60116,19.0505,0.309771
val,3846.tif,0.523501,20.6546,0.249799
val,3847.tif,0.582071,19.5118,0.245885
val,3848.tif,0.583621,16.3912,0.305363
val,3849.tif,0.678167,20.8616,0.262037
val,385.tif,0.604754,23.1863,0.297795
val,3850.tif,0.587619,20.0972,0.278642
val,3851.tif,0.698563,18.6271,0.274735
val,3852.tif,0.608887,21.02,0.256394
val,3853.tif,0.511896,16.1522,0.25658
val,3854.tif,0.607691,20.9686,0.253242
val,3855.tif,0.627621,22.5588,0.236273
val,3856.tif,0.558605,19.0103,0.265496
val,3857.tif,0.664172,23.1407,0.23507
val,3858.tif,0.679915,17.7862,0.250162
val,3859.tif,0.604347,16.9345,0.343277
val,386.tif,0.483609,18.521,0.27458
val,3860.tif,0.571586,18.2169,0.248892
val,3861.tif,0.683993,23.7475,0.255326
val,3862.tif,0.691069,19.9467,0.24516
val,3863.tif,0.512259,18.8206,0.282746
val,3864.tif,0.581181,22.1646,0.244438
val,3865.tif,0.645542,15.858,0.29909
val,3866.tif,0.594716,21.0345,0.307944
val,3867.tif,0.480809,20.2854,0.309206
val,3868.tif,0.725614,19.4799,0.24616
val,3869.tif,0.607012,20.1839,0.246815
val,387.tif,0.490707,18.9103,0.291834
val,3870.tif,0.578282,20.298,0.265974
val,3871.tif,0.480393,18.0795,0.356674
val,3872.tif,0.55011,19.5332,0.282494
val,3873.tif,0.570079,22.4172,0.239167
val,3874.tif,0.55806,17.9998,0.266267
val,3875.tif,0.503024,20.5046,0.258689
val,3876.tif,0.61464,18.8692,0.267107
val,3877.tif,0.550039,22.5774,0.27447
val,3878.tif,0.706287,24.2172,0.217619
val,3879.tif,0.680115,20.792,0.264342
val,388.tif,0.552007,20.2785,0.319083
val,3880.tif,0.636086,23.6694,0.265461
val,3881.tif,0.682226,21.432,0.268311
val,3882.tif,0.675612,24.3093,0.246016
val,3883.tif,0.556654,21.4251,0.329064
val,3884.tif,0.727882,20.3804,0.235159
val,3885.tif,0.669141,24.1911,0.234784
val,3886.tif,0.502843,18.5079,0.250582
val,3887.tif,0.548386,22.5525,0.258337
val,3888.tif,0.646822,19.9074,0.23873
val,3889.tif,0.531885,19.9971,0.279382
val,389.tif,0.501904,19.365,0.304499
val,3890.tif,0.673677,21.4131,0.246518
val,3891.tif,0.690431,25.4786,0.251052
val,3892.tif,0.660188,20.3718,0.251979
val,3893.tif,0.602277,22.8364,0.298003
val,3894.tif,0.556186,19.1827,0.339027
val,3895.tif,0.602967,23.8087,0.26382
val,3896.tif,0.695134,17.5459,0.248713
val,3897.tif,0.697606,19.7253,0.260536
val,3898.tif,0.571837,19.0349,0.265386
val,3899.tif,0.651328,16.2319,0.268076
val,39.tif,0.548605,19.8394,0.240154
val,390.tif,0.568484,21.6005,0.277273
val,3900.tif,0.555957,21.3131,0.26143
val,3901.tif,0.546163,18.3935,0.297492
val,3902.tif,0.557414,19.3761,0.279052
val,3903.tif,0.680361,21.3598,0.27174
val,3904.tif,0.571532,21.5641,0.250697
val,3905.tif,0.584291,17.94,0.278191
val,3906.tif,0.660396,17.809,0.334893
val,3907.tif,0.536815,17.1156,0.304923
val,3908.tif,0.675873,17.4586,0.276362
val,3909.tif,0.513908,18.5917,0.313084
val,391.tif,0.506851,21.6847,0.2591
val,3910.tif,0.494704,22.0104,0.274012
val,3911.tif,0.688685,23.4276,0.244285
val,3912.tif,0.621246,24.6692,0.23864
val,3913.tif,0.515443,18.7645,0.281928
val,3914.tif,0.509264,20.163,0.255647
val,3915.tif,0.538981,21.7422,0.261139
val,3916.tif,0.518201,19.86,0.319517
val,3917.tif,0.717603,22.1706,0.220014
val,3918.tif,0.695727,20.5705,0.270622
val,3919.tif,0.617326,20.1375,0.236691
val,392.tif,0.686217,22.37,0.22789
val,3920.tif,0.589081,20.2364,0.260089
val,3921.tif,0.600996,15.4287,0.300893
val,3922.tif,0.654454,21.8266,0.246894
val,3923.tif,0.496314,17.2033,0.341441
val,3924.tif,0.622258,21.7902,0.242145
val,3925.tif,0.545795,21.0695,0.24149
val,3926.tif,0.728566,17.8069,0.300732
val,3927.tif,0.569569,19.4975,0.311713
val,3928.tif,0.635853,20.9774,0.241581
val,3929.tif,0.633884,22.2268,0.216214
val,393.tif,0.566243,23.8783,0.293156
val,3930.tif,0.572668,22.2684,0.313537
val,3931.tif,0.417857,17.9505,0.337228
val,3932.tif,0.491501,20.7984,0.262352
val,3933.tif,0.67027,23.251,0.226496
val,3934.tif,0.634966,22.0569,0.261799
val,3935.tif,0.590665,22.118,0.218976
val,3936.tif,0.666037,23.0427,0.2364
val,3937.tif,0.655179,21.4832,0.222866
val,3938.tif,0.576269,23.9577,0.289297
val,3939.tif,0.513755,19.8889,0.295449
val,394.tif,0.575727,22.4804,0.297482
val,3940.tif,0.545934,19.8443,0.301795
val,3941.tif,0.593355,21.846,0.250853
val,3942.tif,0.735202,22.4737,0.218355
val,3943.tif,0.566498,22.0838,0.260139
val,3944.tif,0.73164,23.3175,0.268667
val,3945.tif,0.693793,24.9608,0.213277
val,3946.tif,0.684762,23.9184,0.226116
val,3947.tif,0.594568,22.3866,0.251977
val,3948.tif,0.594333,22.8081,0.255965
val,3949.tif,0.543239,21.8207,0.278152
val,395.tif,0.548144,18.9532,0.279279
val,3950.tif,0.55665,21.3511,0.24292
val,3951.tif,0.548486,19.8027,0.261339
val,3952.tif,0.589682,23.2459,0.248677
val,3953.tif,0.651333,23.7062,0.241066
val,3954.tif,0.641034,22.0678,0.285859
val,3955.tif,0.548159,20.3567,0.294773
val,3956.tif,0.621432,21.8127,0.232064
val,3957.tif,0.593803,22.5673,0.244153
val,3958.tif,0.681141,24.0161,0.21072
val,3959.tif,0.719508,24.7338,0.21893
val,396.tif,0.64919,23.3628,0.232306
val,3960.tif,0.579461,23.1039,0.279875
val,3961.tif,0.596875,21.4505,0.260869
val,3962.tif,0.541077,21.4392,0.287653
val,3963.tif,0.672055,21.2658,0.22673
val,3964.tif,0.682772,24.1082,0.248795
val,3965.tif,0.593317,22.8195,0.261325
val,3966.tif,0.438442,19.8538,0.329158
val,3967.tif,0.505549,21.3542,0.303316
val,3968.tif,0.66608,23.6969,0.262231
val,3969.tif,0.623293,21.1273,0.230397
val,397.tif,0.541431,19.7787,0.316793
val,3970.tif,0.613198,21.4824,0.247444
val,3971.tif,0.673369,23.6944,0.236987
val,3972.tif,0.623689,22.1527,0.241875
val,3973.tif,0.501975,21.6875,0.28964
val,3974.tif,0.644347,24.9952,0.276372
val,3975.tif,0.656852,22.8447,0.233522
val,3976.tif,0.609754,23.2262,0.246091
val,3977.tif,0.655042,22.3785,0.266686
val,3978.tif,0.67385,23.9417,0.247083
val,3979.tif,0.468577,19.7313,0.262678
val,398.tif,0.501184,20.2415,0.307105
val,3980.tif,0.735486,25.0045,0.210218
val,3981.tif,0.659779,20.9835,0.306865
val,3982.tif,0.59367,23.2015,0.274085
val,3983.tif,0.700759,21.6782,0.227299
val,3984.tif,0.552502,21.3442,0.272537
val,3985.tif,0.599978,22.4076,0.243587
val,3986.tif,0.619329,22.9279,0.246646
val,3987.tif,0.629881,21.7761,0.255821
val,3988.tif,0.569824,21.3393,0.24872
val,3989.tif,0.786616,25.4206,0.246461
val,399.tif,0.653985,22.9619,0.263068
val,3990.tif,0.695622,24.6167,0.270037
val,3991.tif,0.750285,23.7775,0.2558
val,3992.tif,0.458308,19.6077,0.285264
val,3993.tif,0.669749,23.9199,0.237817
val,3994.tif,0.551243,21.6199,0.259905
val,3995.tif,0.547863,22.5503,0.223586
val,3996.tif,0.674041,21.8215,0.240065
val,3997.tif,0.529197,21.6562,0.248654
val,3998.tif,0.556072,19.8858,0.253528
val,3999.tif,0.583157,23.3003,0.299042
val,4.tif,0.559917,21.6937,0.328194
val,40.tif,0.530859,21.3819,0.308607
val,400.tif,0.458615,20.8708,0.29976
val,4000.tif,0.628838,21.6017,0.268142
val,4001.tif,0.746919,26.0442,0.174742
val,4002.tif,0.730532,24.2987,0.213021
val,4003.tif,0.779436,25.1989,0.250798
val,4004.tif,0.586665,23.0558,0.249916
val,4005.tif,0.497044,21.8023,0.333245
val,4006.tif,0.625722,20.7792,0.282282
val,4007.tif,0.634788,21.2798,0.273845
val,4008.tif,0.762926,25.4538,0.260047
val,4009.tif,0.502594,21.419,0.294841
val,401.tif,0.613413,19.5036,0.259502
val,4010.tif,0.688208,24.6446,0.226622
val,4011.tif,0.626215,22.5935,0.257338
val,4012.tif,0.621029,22.1163,0.245623
val,4013.tif,0.680556,23.605,0.226139
val,4014.tif,0.627903,22.0723,0.249493
val,4015.tif,0.504248,20.8161,0.247769
val,4016.tif,0.603998,22.2559,0.265401
val,4017.tif,0.646862,21.6945,0.231089
val,4018.tif,0.635654,20.4768,0.255541
val,4019.tif,0.585291,23.337,0.248117
val,402.tif,0.502552,21.4616,0.268507
val,4020.tif,0.543197,21.6172,0.253772
val,4021.tif,0.646587,23.895,0.250176
val,4022.tif,0.529306,22.0221,0.285002
val,4023.tif,0.659289,24.2034,0.272697
val,4024.tif,0.664435,24.7346,0.248852
val,4025.tif,0.646132,23.2665,0.241345
val,4026.tif,0.658457,23.4102,0.248646
val,4027.tif,0.529274,21.6167,0.323189
val,4028.tif,0.485452,21.1349,0.278851
val,4029.tif,0.698844,23.2905,0.253926
val,403.tif,0.588114,18.9646,0.287488
val,4030.tif,0.5743,23.3524,0.281342
val,4031.tif,0.645738,24.9291,0.270758
val,4032.tif,0.564513,19.3695,0.283774
val,4033.tif,0.586126,21.9845,0.265071
val,4034.tif,0.628526,23.7489,0.236559
val,4035.tif,0.564124,20.9292,0.28238
val,4036.tif,0.505019,21.0763,0.259977
val,4037.tif,0.579247,22.2288,0.27475
val,4038.tif,0.768367,23.793,0.186948
val,4039.tif,0.600681,22.3702,0.232806
val,404.tif,0.512431,21.0049,0.302378
val,4040.tif,0.520471,21.0613,0.289908
val,4041.tif,0.667213,22.0342,0.246123
val,4042.tif,0.21564,18.3995,0.523152
val,4043.tif,0.612037,23.0118,0.262227
val,4044.tif,0.584775,20.6415,0.352183
val,4045.tif,0.632573,24.9186,0.238834
val,4046.tif,0.588999,21.6762,0.286743
val,4047.tif,0.542008,21.974,0.283684
val,4048.tif,0.618519,18.2065,0.303375
val,4049.tif,0.491179,21.0798,0.242222
val,405.tif,0.473374,20.4063,0.299993
val,4050.tif,0.551775,20.384,0.301414
val,4051.tif,0.549727,21.7346,0.293193
val,4052.tif,0.716505,24.4745,0.264925
val,4053.tif,0.630418,24.1183,0.260905
val,4054.tif,0.753949,25.3837,0.237982
val,4055.tif,0.520208,20.6454,0.271582
val,4056.tif,0.595858,22.1777,0.276274
val,4057.tif,0.669254,24.0549,0.221779
val,4058.tif,0.726388,25.4433,0.24745
val,4059.tif,0.607445,22.8189,0.248896
val,406.tif,0.580583,18.5376,0.280514
val,4060.tif,0.639259,22.2803,0.283887
val,4061.tif,0.56136,21.8933,0.263321
val,4062.tif,0.576172,23.18,0.245164
val,4063.tif,0.649269,20.9692,0.263011
val,4064.tif,0.532458,22.2935,0.276002
val,4065.tif,0.559507,21.0453,0.232832
val,4066.tif,0.476925,21.7642,0.313813
val,4067.tif,0.589244,21.9357,0.270373
val,4068.tif,0.457472,20.4738,0.28676
val,4069.tif,0.508325,19.6134,0.30639
val,407.tif,0.543995,20.2134,0.277966
val,4070.tif,0.512298,21.5436,0.319851
val,4071.tif,0.687041,22.1385,0.234997
val,4072.tif,0.482254,21.5455,0.246826
val,4073.tif,0.700567,24.6372,0.227527
val,4074.tif,0.714667,24.3154,0.233847
val,4075.tif,0.637414,21.655,0.258247
val,4076.tif,0.690832,23.1189,0.267417
val,4077.tif,0.649561,23.7968,0.291024
val,4078.tif,0.575208,22.2806,0.251106
val,4079.tif,0.662275,22.5808,0.270845
val,408.tif,0.559209,21.2313,0.295244
val,4080.tif,0.529026,21.7515,0.258833
val,4081.tif,0.563598,22.6838,0.275023
val,4082.tif,0.559103,19.9031,0.265477
val,4083.tif,0.733507,24.4827,0.237892
val,4084.tif,0.57378,20.7819,0.270351
val,4085.tif,0.514653,21.2986,0.297827
val,4086.tif,0.746,25.8303,0.237314
val,4087.tif,0.555191,22.5179,0.2449
val,4088.tif,0.479389,20.6683,0.288206
val,4089.tif,0.627744,23.37,0.254265
val,409.tif,0.487184,18.5184,0.312098
val,4090.tif,0.484869,19.9704,0.331818
val,4091.tif,0.590765,23.0901,0.224386
val,4092.tif,0.575098,21.9581,0.272182
val,4093.tif,0.642247,22.8604,0.285464
val,4094.tif,0.573982,21.3283,0.329811
val,4095.tif,0.616938,22.1966,0.191636
val,4096.tif,0.569016,21.6456,0.240582
val,4097.tif,0.688734,24.3865,0.227335
val,4098.tif,0.628808,23.3111,0.242096
val,4099.tif,0.577309,20.2736,0.25142
val,41.tif,0.481226,18.5785,0.291598
val,410.tif,0.623657,23.9201,0.256543
val,4100.tif,0.62036,25.0962,0.284701
val,4101.tif,0.545214,22.7534,0.246431
val,4102.tif,0.742717,23.3385,0.203904
val,4103.tif,0.49544,23.028,0.298715
val,4104.tif,0.540429,22.9463,0.286183
val,4105.tif,0.514376,19.7567,0.293037
val,4106.tif,0.414155,18.9975,0.338757
val,4107.tif,0.533059,21.6497,0.295725
val,4108.tif,0.608754,22.8829,0.212677
val,4109.tif,0.590461,22.7435,0.255222
val,411.tif,0.521465,20.1419,0.262093
val,4110.tif,0.653333,21.8652,0.271073
val,4111.tif,0.646431,24.1758,0.277636
val,4112.tif,0.612651,22.6067,0.373589
val,4113.tif,0.711038,22.2723,0.252351
val,4114.tif,0.464488,20.1566,0.249578
val,4115.tif,0.596263,23.5447,0.312765
val,4116.tif,0.492656,21.2138,0.281872
val,4117.tif,0.74073,24.9216,0.217814
val,4118.tif,0.585314,21.7523,0.247856
val,4119.tif,0.674795,23.2416,0.208522
val,412.tif,0.564331,19.9885,0.29163
val,4120.tif,0.747133,24.5836,0.291214
val,4121.tif,0.529837,21.2308,0.262176
val,4122.tif,0.68836,24.7104,0.23349
val,4123.tif,0.618039,22.6781,0.281998
val,4124.tif,0.655019,24.2559,0.248559
val,4125.tif,0.56041,22.5001,0.237074
val,4126.tif,0.614382,22.7823,0.260288
val,4127.tif,0.642185,23.9393,0.265768
val,4128.tif,0.774113,25.3804,0.251348
val,4129.tif,0.459653,18.812,0.468243
val,413.tif,0.663275,23.2163,0.226565
val,4130.tif,0.549161,22.3406,0.268712
val,4131.tif,0.647857,24.0132,0.227645
val,4132.tif,0.643225,21.7125,0.290696
val,4133.tif,0.500239,21.2203,0.315952
val,4134.tif,0.543829,21.9548,0.276401
val,4135.tif,0.583539,21.609,0.254125
val,4136.tif,0.657345,22.9232,0.254558
val,4137.tif,0.619547,21.6752,0.234674
val,4138.tif,0.568104,22.6565,0.269529
val,4139.tif,0.665824,23.3647,0.218904
val,414.tif,0.668589,21.6082,0.240568
val,4140.tif,0.635276,23.7458,0.267171
val,4141.tif,0.58559,23.0246,0.322643
val,4142.tif,0.609049,22.8677,0.245225
val,4143.tif,0.65448,22.4641,0.221554
val,4144.tif,0.602639,22.0971,0.262932
val,4145.tif,0.652785,24.5455,0.227957
val,4146.tif,0.64154,22.6633,0.271134
val,4147.tif,0.48753,20.7636,0.268913
val,4148.tif,0.587327,21.4778,0.234159
val,4149.tif,0.528349,19.9647,0.315199
val,415.tif,0.465279,21.5527,0.309259
val,4150.tif,0.726795,23.267,0.234788
val,4151.tif,0.466115,19.9133,0.269745
val,4152.tif,0.576655,21.7615,0.306716
val,4153.tif,0.576675,23.7823,0.319222
val,4154.tif,0.530688,21.8302,0.245014
val,4155.tif,0.544424,21.8845,0.346765
val,4156.tif,0.685373,22.0872,0.222317
val,4157.tif,0.470485,17.7066,0.310367
val,4158.tif,0.563107,21.412,0.286065
val,4159.tif,0.706054,24.3967,0.252615
val,416.tif,0.633161,22.8432,0.275571
val,4160.tif,0.630204,24.0054,0.234031
val,4161.tif,0.636668,22.7448,0.223082
val,4162.tif,0.563401,21.3733,0.265806
val,4163.tif,0.667436,23.2008,0.224736
val,4164.tif,0.62263,23.3752,0.291635
val,4165.tif,0.727635,24.6411,0.254489
val,4166.tif,0.679927,23.8052,0.272658
val,4167.tif,0.689859,24.8986,0.22339
val,4168.tif,0.495039,21.4928,0.321387
val,4169.tif,0.587941,21.2683,0.272083
val,417.tif,0.58771,23.0725,0.246735
val,4170.tif,0.639573,23.8194,0.271339
val,4171.tif,0.612669,22.1124,0.259305
val,4172.tif,0.458746,20.4521,0.257173
val,4173.tif,0.633073,23.7703,0.253493
val,4174.tif,0.641761,19.8004,0.245708
val,4175.tif,0.559858,22.3833,0.279274
val,4176.tif,0.723989,24.6715,0.187516
val,4177.tif,0.622068,23.0116,0.269458
val,4178.tif,0.585428,22.1965,0.233365
val,4179.tif,0.611277,23.1947,0.233775
val,418.tif,0.510825,17.716,0.302067
val,4180.tif,0.610694,22.9317,0.25876
val,4181.tif,0.830493,25.2562,0.206262
val,4182.tif,0.590747,22.1184,0.245966
val,4183.tif,0.6711,22.4979,0.241249
val,4184.tif,0.700804,23.3144,0.22485
val,4185.tif,0.651702,20.4251,0.234907
val,4186.tif,0.523067,21.4815,0.258713
val,4187.tif,0.642002,21.999,0.235761
val,4188.tif,0.660316,23.7598,0.219321
val,4189.tif,0.479788,20.6397,0.287838
val,419.tif,0.623934,23.2308,0.270606
val,4190.tif,0.528933,21.308,0.254935
val,4191.tif,0.646302,23.2068,0.213831
val,4192.tif,0.62889,23.0017,0.237295
val,4193.tif,0.443451,18.2005,0.294131
val,4194.tif,0.6636,23.5074,0.234317
val,4195.tif,0.637338,23.2549,0.232092
val,4196.tif,0.646181,23.8706,0.235421
val,4197.tif,0.716488,24.2434,0.249201
val,4198.tif,0.520216,20.2805,0.268267
val,4199.tif,0.642773,21.9937,0.228295
val,42.tif,0.565677,18.0844,0.258852
val,420.tif,0.677369,22.1119,0.283877
val,4200.tif,0.676797,21.6277,0.243005
val,4201.tif,0.596233,21.1508,0.26497
val,4202.tif,0.628918,22.4917,0.242361
val,4203.tif,0.523663,19.9277,0.371274
val,4204.tif,0.593092,23.7044,0.265386
val,4205.tif,0.536162,21.3104,0.246899
val,4206.tif,0.67342,23.8846,0.228859
val,4207.tif,0.559145,20.7235,0.27135
val,4208.tif,0.582056,21.7759,0.261144
val,4209.tif,0.752548,24.5603,0.26378
val,421.tif,0.584209,22.0916,0.276562
val,4210.tif,0.505352,22.0848,0.260002
val,4211.tif,0.607181,22.0834,0.317714
val,4212.tif,0.652712,23.4245,0.228321
val,4213.tif,0.593402,21.5981,0.281255
val,4214.tif,0.665332,23.3019,0.239606
val,4215.tif,0.552965,22.2833,0.247329
val,4216.tif,0.605708,22.6839,0.248625
val,4217.tif,0.499262,20.5821,0.266233
val,4218.tif,0.671618,21.6149,0.249375
val,4219.tif,0.349419,20.3743,0.488517
val,422.tif,0.530943,19.171,0.31407
val,4220.tif,0.701901,23.1001,0.211937
val,4221.tif,0.677139,21.7008,0.256076
val,4222.tif,0.600595,22.0637,0.273663
val,4223.tif,0.523823,22.5884,0.249523
val,4224.tif,0.51401,19.892,0.265535
val,4225.tif,0.74951,25.2995,0.199602
val,4226.tif,0.641762,23.0466,0.230755
val,4227.tif,0.671279,23.2119,0.256898
val,4228.tif,0.578165,22.7726,0.223049
val,4229.tif,0.634987,22.8745,0.242187
val,423.tif,0.634795,21.217,0.243415
val,4230.tif,0.664431,23.3151,0.231958
val,4231.tif,0.531372,21.3959,0.268554
val,4232.tif,0.649475,22.9132,0.226738
val,4233.tif,0.70247,24.4706,0.219471
val,4234.tif,0.533199,21.4735,0.235464
val,4235.tif,0.634706,22.4216,0.232986
val,4236.tif,0.627308,22.6418,0.229474
val,4237.tif,0.589675,21.0079,0.255476
val,4238.tif,0.651382,22.9106,0.266377
val,4239.tif,0.538204,18.7584,0.355897
val,424.tif,0.582332,22.8108,0.267926
val,4240.tif,0.651947,23.6601,0.22201
val,4241.tif,0.564643,21.063,0.226195
val,4242.tif,0.537421,22.5206,0.314655
val,4243.tif,0.543339,20.9794,0.306234
val,4244.tif,0.551404,21.3319,0.281017
val,4245.tif,0.622892,24.1884,0.265003
val,4246.tif,0.546414,19.7172,0.346535
val,4247.tif,0.696246,24.3714,0.221029
val,4248.tif,0.553154,22.4528,0.295548
val,4249.tif,0.780619,25.8899,0.269304
val,425.tif,0.591846,21.6401,0.360588
val,4250.tif,0.616625,22.17,0.290407
val,4251.tif,0.683345,23.3839,0.245913
val,4252.tif,0.572294,20.7001,0.302125
val,4253.tif,0.530271,22.355,0.231479
val,4254.tif,0.629887,24.0899,0.226591
val,4255.tif,0.741026,23.5335,0.281359
val,4256.tif,0.67816,23.6771,0.243767
val,4257.tif,0.52074,20.5057,0.279585
val,4258.tif,0.654519,23.8051,0.209589
val,4259.tif,0.531526,21.3743,0.303777
val,426.tif,0.517411,21.7712,0.249033
val,4260.tif,0.756564,25.0534,0.241181
val,4261.tif,0.670731,23.2146,0.221011
val,4262.tif,0.634621,22.0518,0.272203
val,4263.tif,0.687426,23.4765,0.315409
val,4264.tif,0.675226,24.2778,0.214878
val,4265.tif,0.541681,21.3418,0.266063
val,4266.tif,0.614515,22.5838,0.255871
val,4267.tif,0.523086,20.3855,0.296438
val,4268.tif,0.642424,24.2441,0.262754
val,4269.tif,0.777571,24.4792,0.254721
val,427.tif,0.541992,21.1069,0.309137
val,4270.tif,0.514965,21.5432,0.28017
val,4271.tif,0.580427,22.3101,0.342737
val,4272.tif,0.574747,21.8865,0.285806
val,4273.tif,0.53472,20.8413,0.270167
val,4274.tif,0.676508,24.4197,0.247672
val,4275.tif,0.754426,23.4182,0.23865
val,4276.tif,0.538679,20.5453,0.278802
val,4277.tif,0.547149,21.238,0.325184
val,4278.tif,0.538157,21.1446,0.324646
val,4279.tif,0.669157,22.0858,0.275514
val,428.tif,0.660691,22.7725,0.224459
val,4280.tif,0.745944,24.3226,0.243757
val,4281.tif,0.675616,22.4361,0.234516
val,4282.tif,0.73533,24.7297,0.256527
val,4283.tif,0.622631,21.962,0.285276
val,4284.tif,0.668478,24.4206,0.228391
val,4285.tif,0.619909,23.79,0.29437
val,4286.tif,0.591142,23.5725,0.272564
val,4287.tif,0.576454,21.8122,0.272293
val,4288.tif,0.779685,24.996,0.220125
val,4289.tif,0.490951,20.6989,0.284996
val,429.tif,0.572666,17.0426,0.265657
val,4290.tif,0.58388,22.0437,0.356304
val,4291.tif,0.697043,22.8093,0.289616
val,4292.tif,0.237956,18.5612,0.491947
val,4293.tif,0.501513,19.4368,0.328121
val,4294.tif,0.494184,20.6286,0.300005
val,4295.tif,0.473025,18.6227,0.306023
val,4296.tif,0.7551,24.043,0.19
val,4297.tif,0.493677,20.7784,0.292356
val,4298.tif,0.71766,24.8008,0.2082
val,4299.tif,0.589654,22.3402,0.313947
val,43.tif,0.649559,20.057,0.288952
val,430.tif,0.580127,22.4242,0.253533
val,4300.tif,0.572052,22.8339,0.29862
val,4301.tif,0.672996,24.251,0.27767
val,4302.tif,0.534716,22.8749,0.300531
val,4303.tif,0.492274,21.1342,0.381047
val,4304.tif,0.59348,23.488,0.291266
val,4305.tif,0.525008,20.3222,0.293289
val,4306.tif,0.50354,20.3547,0.307323
val,4307.tif,0.595832,22.428,0.253717
val,4308.tif,0.546626,20.9383,0.268548
val,4309.tif,0.628305,24.496,0.307232
val,431.tif,0.563487,21.4255,0.298864
val,4310.tif,0.534178,21.1849,0.275238
val,4311.tif,0.563891,19.9638,0.346844
val,4312.tif,0.548185,21.2574,0.322122
val,4313.tif,0.590684,21.0017,0.26169
val,4314.tif,0.662304,23.9322,0.215708
val,4315.tif,0.543751,22.787,0.29978
val,4316.tif,0.491254,18.7669,0.329327
val,4317.tif,0.498159,20.4603,0.298173
val,4318.tif,0.601329,22.0874,0.346803
val,4319.tif,0.570911,23.5543,0.2673
val,432.tif,0.763506,22.2984,0.250712
val,4320.tif,0.533668,21.4292,0.253298
val,4321.tif,0.491764,21.9276,0.346086
val,4322.tif,0.65765,24.6699,0.275724
val,4323.tif,0.577145,21.4507,0.261114
val,4324.tif,0.824223,24.4484,0.219758
val,4325.tif,0.519008,19.5839,0.303165
val,4326.tif,0.494735,19.982,0.297277
val,4327.tif,0.665485,23.4349,0.254741
val,4328.tif,0.564265,21.9552,0.290284
val,4329.tif,0.55685,22.4028,0.281323
val,433.tif,0.616853,22.9864,0.281624
val,4330.tif,0.638199,24.7925,0.276073
val,4331.tif,0.569758,22.7601,0.255775
val,4332.tif,0.450415,20.9769,0.291592
val,4333.tif,0.548678,23.3123,0.278258
val,4334.tif,0.588928,22.5565,0.251954
val,4335.tif,0.513316,20.68,0.294125
val,4336.tif,0.53795,18.8653,0.325661
val,4337.tif,0.5771,21.4867,0.283304
val,4338.tif,0.549376,21.1299,0.372516
val,4339.tif,0.508296,18.919,0.30884
val,434.tif,0.514876,20.1957,0.267994
val,4340.tif,0.504001,21.3335,0.320386
val,4341.tif,0.603643,22.0406,0.267811
val,4342.tif,0.648739,24.8375,0.230608
val,4343.tif,0.736888,23.6176,0.288547
val,4344.tif,0.567856,21.6262,0.388151
val,4345.tif,0.740181,25.5703,0.240509
val,4346.tif,0.5766,21.5051,0.280444
val,4347.tif,0.695649,23.6112,0.236067
val,4348.tif,0.621721,21.3484,0.221884
val,4349.tif,0.713537,23.8793,0.228108
val,435.tif,0.509893,21.2329,0.256082
val,4350.tif,0.513923,20.4145,0.323692
val,4351.tif,0.536787,19.6817,0.298602
val,4352.tif,0.500523,21.3607,0.324205
val,4353.tif,0.485106,19.7141,0.478514
val,4354.tif,0.498892,20.8115,0.336365
val,4355.tif,0.631537,23.5533,0.251574
val,4356.tif,0.518496,20.5111,0.281011
val,4357.tif,0.629819,22.7415,0.263971
val,4358.tif,0.730299,23.1721,0.20295
val,4359.tif,0.643542,24.2261,0.311908
val,436.tif,0.642241,22.1028,0.240376
val,4360.tif,0.55681,19.1613,0.301149
val,4361.tif,0.682072,24.9083,0.231488
val,4362.tif,0.523063,19.7162,0.253561
val,4363.tif,0.554167,22.4256,0.255877
val,4364.tif,0.518703,21.0678,0.254864
val,4365.tif,0.745346,24.8061,0.231207
val,4366.tif,0.494715,19.6952,0.291591
val,4367.tif,0.639305,23.4889,0.256973
val,4368.tif,0.587748,21.5653,0.297172
val,4369.tif,0.789268,25.5223,0.290847
val,437.tif,0.510054,22.8068,0.308103
val,4370.tif,0.691778,23.6608,0.25615
val,4371.tif,0.55782,21.5015,0.27295
val,4372.tif,0.461134,19.4798,0.351615
val,4373.tif,0.497344,20.7415,0.327295
val,4374.tif,0.706485,22.7438,0.213849
val,4375.tif,0.713229,22.8873,0.198531
val,4376.tif,0.578072,21.1151,0.291463
val,4377.tif,0.59055,22.232,0.224129
val,4378.tif,0.665374,21.166,0.252403
val,4379.tif,0.609476,21.4042,0.322226
val,438.tif,0.580505,20.6335,0.265586
val,4380.tif,0.548668,20.7802,0.31028
val,4381.tif,0.511073,20.827,0.298609
val,4382.tif,0.566352,22.1945,0.287309
val,4383.tif,0.60729,22.0109,0.288042
val,4384.tif,0.59247,19.2142,0.225269
val,4385.tif,0.618665,21.7398,0.236428
val,4386.tif,0.573169,21.4889,0.249316
val,4387.tif,0.536752,21.7044,0.294221
val,4388.tif,0.513357,20.6692,0.270138
val,4389.tif,0.522722,20.8799,0.245335
val,439.tif,0.615957,20.5392,0.248758
val,4390.tif,0.697272,23.652,0.264978
val,4391.tif,0.560642,22.1901,0.261717
val,4392.tif,0.519207,21.4155,0.2631
val,4393.tif,0.563667,20.2717,0.297182
val,4394.tif,0.587973,22.8496,0.276747
val,4395.tif,0.652252,24.3795,0.209626
val,4396.tif,0.600381,23.4008,0.235605
val,4397.tif,0.596016,22.2946,0.27483
val,4398.tif,0.567862,22.2142,0.241087
val,4399.tif,0.549125,22.3556,0.239192
val,44.tif,0.55666,20.2646,0.266277
val,440.tif,0.596176,17.2432,0.289323
val,4400.tif,0.615558,22.9774,0.317344
val,4401.tif,0.567273,21.1868,0.32763
val,4402.tif,0.593538,23.1853,0.233699
val,4403.tif,0.601938,23.0486,0.25265
val,4404.tif,0.564005,21.4889,0.300161
val,4405.tif,0.639006,22.7699,0.256766
val,4406.tif,0.450693,20.928,0.321028
val,4407.tif,0.549356,21.1625,0.297994
val,4408.tif,0.649102,22.6593,0.241208
val,4409.tif,0.630704,23.3631,0.248623
val,441.tif,0.534927,21.0209,0.335091
val,4410.tif,0.715155,24.2466,0.236841
val,4411.tif,0.548413,19.6582,0.316297
val,4412.tif,0.571968,22.8688,0.277409
val,4413.tif,0.54367,16.6806,0.301608
val,4414.tif,0.648754,21.3788,0.33332
val,4415.tif,0.610449,22.8237,0.278044
val,4416.tif,0.5879,20.7763,0.263366
val,4417.tif,0.516575,21.6182,0.295414
val,4418.tif,0.504869,20.7208,0.281849
val,4419.tif,0.600291,21.7109,0.28158
val,442.tif,0.51905,20.6985,0.280816
val,4420.tif,0.533024,20.2783,0.279695
val,4421.tif,0.581629,22.92,0.292549
val,4422.tif,0.56363,23.1699,0.294049
val,4423.tif,0.608009,21.6189,0.27191
val,4424.tif,0.548334,20.625,0.306671
val,4425.tif,0.53817,19.2229,0.264592
val,4426.tif,0.34795,20.8238,0.447739
val,4427.tif,0.598147,22.9511,0.245024
val,4428.tif,0.751554,25.096,0.209256
val,4429.tif,0.667711,23.3413,0.210237
val,443.tif,0.548044,17.1889,0.29944
val,4430.tif,0.587901,21.8921,0.265992
val,4431.tif,0.648287,24.5421,0.300057
val,4432.tif,0.714791,24.6766,0.278362
val,4433.tif,0.683499,23.0688,0.280262
val,4434.tif,0.506318,20.4925,0.358686
val,4435.tif,0.661084,22.9729,0.288122
val,4436.tif,0.650681,23.2208,0.318642
val,4437.tif,0.545485,22.0098,0.250643
val,4438.tif,0.708595,23.854,0.23443
val,4439.tif,0.580633,22.1331,0.25063
val,444.tif,0.551865,19.8378,0.315113
val,4440.tif,0.654197,24.1386,0.223634
val,4441.tif,0.758339,23.2864,0.224654
val,4442.tif,0.529316,21.4262,0.275433
val,4443.tif,0.543159,22.4336,0.280279
val,4444.tif,0.630183,22.1896,0.234768
val,4445.tif,0.654543,22.6578,0.287552
val,4446.tif,0.590623,19.2721,0.276237
val,4447.tif,0.658732,20.4325,0.329755
val,4448.tif,0.635035,22.7668,0.238928
val,4449.tif,0.598312,22.8077,0.236804
val,445.tif,0.564996,20.6719,0.294303
val,4450.tif,0.610466,21.5027,0.261297
val,4451.tif,0.662538,23.4932,0.257084
val,4452.tif,0.495652,20.5787,0.257605
val,4453.tif,0.513132,20.8202,0.298975
val,4454.tif,0.550454,21.6255,0.253661
val,4455.tif,0.515318,21.743,0.249655
val,4456.tif,0.529966,21.5795,0.240681
val,4457.tif,0.595554,22.8388,0.245374
val,4458.tif,0.573059,21.8635,0.258981
val,4459.tif,0.613332,21.7017,0.278255
val,446.tif,0.590372,19.1211,0.273175
val,4460.tif,0.547653,22.0508,0.334097
val,4461.tif,0.562192,21.3745,0.258578
val,4462.tif,0.649662,22.3988,0.258511
val,4463.tif,0.579022,21.1606,0.254244
val,4464.tif,0.624308,22.1159,0.254931
val,4465.tif,0.708134,23.3455,0.274874
val,4466.tif,0.546707,20.9228,0.267176
val,4467.tif,0.413961,20.8069,0.308382
val,4468.tif,0.603979,21.1801,0.278859
val,4469.tif,0.685967,25.1281,0.256761
val,447.tif,0.498683,19.0703,0.316974
val,4470.tif,0.560769,21.7225,0.280225
val,4471.tif,0.529047,20.8744,0.24809
val,4472.tif,0.669593,23.3371,0.254297
val,4473.tif,0.718198,20.1788,0.329617
val,4474.tif,0.55033,19.5007,0.293585
val,4475.tif,0.579477,21.6588,0.239715
val,4476.tif,0.50913,21.0535,0.263671
val,4477.tif,0.54218,19.1833,0.240162
val,4478.tif,0.584269,22.3018,0.228203
val,4479.tif,0.612432,22.1583,0.245659
val,448.tif,0.591283,19.9861,0.271927
val,4480.tif,0.505377,21.1007,0.271489
val,4481.tif,0.491607,21.0345,0.248962
val,4482.tif,0.550769,22.2318,0.232601
val,4483.tif,0.494639,20.1507,0.272976
val,4484.tif,0.648212,23.1309,0.252409
val,4485.tif,0.616294,22.5283,0.231151
val,4486.tif,0.620639,22.6444,0.280453
val,4487.tif,0.669795,22.3725,0.22204
val,4488.tif,0.633739,23.1458,0.226381
val,4489.tif,0.595522,23.6043,0.269277
val,449.tif,0.533812,20.3562,0.297186
val,4490.tif,0.537883,22.0012,0.267072
val,4491.tif,0.520064,21.4299,0.242538
val,4492.tif,0.649479,22.9545,0.240492
val,4493.tif,0.676796,24.1167,0.204807
val,4494.tif,0.715822,23.0541,0.225387
val,4495.tif,0.66877,22.7464,0.282777
val,4496.tif,0.641833,22.9071,0.315821
val,4497.tif,0.699746,24.4454,0.218701
val,4498.tif,0.585044,23.2404,0.23181
val,4499.tif,0.643004,24.3093,0.219556
val,45.tif,0.599675,22.1896,0.26231
val,450.tif,0.484131,20.0196,0.28372
val,4500.tif,0.636095,21.9153,0.276161
val,4501.tif,0.821644,23.8049,0.232725
val,4502.tif,0.611203,23.098,0.288107
val,4503.tif,0.552688,20.8279,0.250828
val,4504.tif,0.544405,18.9717,0.315479
val,4505.tif,0.571566,22.1777,0.217077
val,4506.tif,0.69108,21.079,0.423309
val,4507.tif,0.551051,19.9599,0.286294
val,4508.tif,0.6344,20.6744,0.217501
val,4509.tif,0.44301,19.6911,0.270994
val,451.tif,0.669626,21.7446,0.226051
val,4510.tif,0.623941,21.5592,0.401794
val,4511.tif,0.558193,21.9625,0.236106
val,4512.tif,0.646359,23.4405,0.237188
val,4513.tif,0.71653,24.161,0.219258
val,4514.tif,0.556882,19.4748,0.30056
val,4515.tif,0.536385,21.3815,0.24129
val,4516.tif,0.635493,22.8028,0.231896
val,4517.tif,0.524409,20.1156,0.247836
val,4518.tif,0.637921,21.1586,0.245459
val,4519.tif,0.541666,20.1891,0.320438
val,452.tif,0.611924,21.6765,0.270967
val,4520.tif,0.549098,20.8454,0.308149
val,4521.tif,0.576597,22.0779,0.247443
val,4522.tif,0.666974,23.9706,0.236663
val,4523.tif,0.550115,22.0426,0.262364
val,4524.tif,0.693673,23.9339,0.263023
val,4525.tif,0.590413,22.3773,0.244363
val,4526.tif,0.635153,22.4143,0.253025
val,4527.tif,0.479569,20.7407,0.249179
val,4528.tif,0.671215,23.7758,0.232465
val,4529.tif,0.462788,20.328,0.274001
val,453.tif,0.47428,20.3797,0.307822
val,4530.tif,0.68042,22.9027,0.227291
val,4531.tif,0.662468,23.2441,0.238871
val,4532.tif,0.65621,22.9607,0.240575
val,4533.tif,0.629799,21.3794,0.321635
val,4534.tif,0.751314,23.3271,0.266242
val,4535.tif,0.607454,19.9478,0.308471
val,4536.tif,0.591584,20.8468,0.297338
val,4537.tif,0.591899,20.8384,0.268617
val,4538.tif,0.67264,24.6207,0.237022
val,4539.tif,0.594427,21.0695,0.26894
val,454.tif,0.497466,20.7927,0.310526
val,4540.tif,0.624669,23.2864,0.226377
val,4541.tif,0.512346,19.8601,0.291415
val,4542.tif,0.661332,24.1094,0.223134
val,4543.tif,0.493263,20.0521,0.263202
val,4544.tif,0.477056,20.055,0.254251
val,4545.tif,0.641985,23.1681,0.26553
val,4546.tif,0.601368,22.6978,0.232258
val,4547.tif,0.602343,21.9397,0.261759
val,4548.tif,0.429552,19.237,0.291829
val,4549.tif,0.628013,22.7179,0.240702
val,455.tif,0.549834,21.3093,0.243129
val,4550.tif,0.678869,22.1951,0.242128
val,4551.tif,0.504896,21.2718,0.266955
val,4552.tif,0.5631,21.979,0.289782
val,4553.tif,0.537198,23.209,0.324517
val,4554.tif,0.605991,20.8242,0.255769
val,4555.tif,0.580125,20.8142,0.280267
val,4556.tif,0.693278,23.1931,0.260596
val,4557.tif,0.574857,22.037,0.273077
val,4558.tif,0.495556,21.1266,0.266356
val,4559.tif,0.584245,19.9704,0.268146
val,456.tif,0.670409,22.7477,0.244718
val,4560.tif,0.523528,20.5078,0.247477
val,4561.tif,0.621127,23.5512,0.281047
val,4562.tif,0.797642,23.018,0.282948
val,4563.tif,0.594153,22.4796,0.268474
val,4564.tif,0.619194,23.4548,0.219002
val,4565.tif,0.595817,23.1475,0.303089
val,4566.tif,0.639403,22.36,0.24634
val,4567.tif,0.669428,22.4637,0.303692
val,4568.tif,0.518646,21.6162,0.24983
val,4569.tif,0.698992,23.5143,0.24739
val,457.tif,0.705888,22.3966,0.292627
val,4570.tif,0.618902,22.737,0.26572
val,4571.tif,0.559458,20.9546,0.248427
val,4572.tif,0.426838,20.5512,0.26275
val,4573.tif,0.613398,22.5211,0.248023
val,4574.tif,0.712189,23.8934,0.205052
val,4575.tif,0.688784,23.536,0.227061
val,4576.tif,0.558941,21.5769,0.27842
val,4577.tif,0.570925,22.8749,0.252288
val,4578.tif,0.639665,23.6721,0.253226
val,4579.tif,0.644798,23.8773,0.267771
val,458.tif,0.46845,17.7557,0.367445
val,4580.tif,0.569107,21.9341,0.212769
val,4581.tif,0.581075,21.49,0.263996
val,4582.tif,0.660603,22.5383,0.266446
val,4583.tif,0.613601,21.823,0.229408
val,4584.tif,0.646464,22.3381,0.227421
val,4585.tif,0.594082,23.2983,0.261246
val,4586.tif,0.543911,19.7182,0.289271
val,4587.tif,0.629926,21.853,0.242139
val,4588.tif,0.513938,20.6473,0.281747
val,4589.tif,0.646579,22.3874,0.232184
val,459.tif,0.622627,22.2936,0.277683
val,4590.tif,0.470362,20.6596,0.224576
val,4591.tif,0.486801,19.7165,0.268149
val,4592.tif,0.478844,17.5595,0.287318
val,4593.tif,0.703771,21.509,0.260185
val,4594.tif,0.613,23.1075,0.241435
val,4595.tif,0.569757,21.7656,0.248508
val,4596.tif,0.655067,22.4268,0.240479
val,4597.tif,0.626588,23.359,0.303737
val,4598.tif,0.565057,20.0182,0.244588
val,4599.tif,0.669861,24.2246,0.214593
val,46.tif,0.504779,20.5994,0.299838
val,460.tif,0.614982,20.0174,0.274718
val,4600.tif,0.687655,21.1614,0.232099
val,4601.tif,0.620828,22.3091,0.27259
val,4602.tif,0.529067,21.0781,0.264661
val,4603.tif,0.632035,23.0043,0.234961
val,4604.tif,0.601448,22.725,0.255423
val,4605.tif,0.637082,22.5076,0.282033
val,4606.tif,0.463929,20.46,0.300986
val,4607.tif,0.554843,22.2749,0.239596
val,4608.tif,0.604312,22.3958,0.244461
val,4609.tif,0.567202,21.5314,0.298535
val,461.tif,0.634147,22.81,0.287494
val,4610.tif,0.669805,22.1057,0.2325
val,4611.tif,0.536376,21.3092,0.300109
val,4612.tif,0.70295,23.3849,0.22591
val,4613.tif,0.604663,23.1626,0.214463
val,4614.tif,0.615021,21.5652,0.250271
val,4615.tif,0.454861,19.6784,0.302666
val,4616.tif,0.639464,23.2065,0.285028
val,4617.tif,0.660314,24.0579,0.266322
val,4618.tif,0.644997,22.8143,0.279518
val,4619.tif,0.708587,23.9041,0.191823
val,462.tif,0.784186,26.3178,0.236966
val,4620.tif,0.599976,23.0945,0.260625
val,4621.tif,0.528201,20.5614,0.276743
val,4622.tif,0.655876,22.4181,0.285895
val,4623.tif,0.719491,23.2989,0.21558
val,4624.tif,0.695135,23.3818,0.243428
val,4625.tif,0.591825,22.7422,0.260815
val,4626.tif,0.59582,22.2995,0.255902
val,4627.tif,0.482542,19.4585,0.296673
val,4628.tif,0.608798,22.1009,0.272791
val,4629.tif,0.636045,23.1738,0.253479
val,463.tif,0.542064,21.9205,0.258376
val,4630.tif,0.665543,22.6653,0.269707
val,4631.tif,0.604711,23.2698,0.264582
val,4632.tif,0.648433,22.871,0.222305
val,4633.tif,0.64372,22.8523,0.292978
val,4634.tif,0.655825,22.9468,0.326608
val,4635.tif,0.469202,19.3005,0.312556
val,4636.tif,0.636357,23.8215,0.23411
val,4637.tif,0.633008,23.4413,0.219161
val,4638.tif,0.623605,22.5491,0.24633
val,4639.tif,0.523526,21.1235,0.258118
val,464.tif,0.748883,23.5107,0.251
val,4640.tif,0.653645,22.6237,0.240685
val,4641.tif,0.634448,22.9731,0.278491
val,4642.tif,0.52353,19.8739,0.275615
val,4643.tif,0.574279,20.5528,0.300283
val,4644.tif,0.597408,21.2352,0.30519
val,4645.tif,0.535694,19.8035,0.278217
val,4646.tif,0.696461,24.2999,0.238405
val,4647.tif,0.562052,22.1019,0.258431
val,4648.tif,0.737072,23.5697,0.202508
val,4649.tif,0.659788,22.3657,0.247575
val,465.tif,0.663381,20.9261,0.261076
val,4650.tif,0.577113,22.5099,0.317519
val,4651.tif,0.64031,20.938,0.263735
val,4652.tif,0.444337,19.632,0.293727
val,4653.tif,0.484493,19.1946,0.312102
val,4654.tif,0.568362,21.8335,0.271151
val,4655.tif,0.668821,22.7376,0.249763
val,4656.tif,0.618281,23.2233,0.242516
val,4657.tif,0.615003,23.9773,0.284341
val,4658.tif,0.532169,20.8435,0.315038
val,4659.tif,0.528322,20.9926,0.279299
val,466.tif,0.618463,23.5515,0.27324
val,4660.tif,0.651341,21.655,0.231792
val,4661.tif,0.56958,21.9948,0.250445
val,4662.tif,0.661451,23.566,0.277812
val,4663.tif,0.527048,20.656,0.29515
val,4664.tif,0.540524,20.3909,0.301359
val,4665.tif,0.581355,22.5423,0.237386
val,4666.tif,0.502002,20.2749,0.258384
val,4667.tif,0.56153,22.5389,0.241771
val,4668.tif,0.580626,21.8715,0.280261
val,4669.tif,0.568512,21.8332,0.311185
val,467.tif,0.546376,21.8249,0.303193
val,4670.tif,0.622574,22.4899,0.255144
val,4671.tif,0.551343,21.76,0.255326
val,4672.tif,0.67368,24.2151,0.319758
val,4673.tif,0.539707,21.8956,0.237703
val,4674.tif,0.635659,23.9232,0.406237
val,4675.tif,0.604693,22.6195,0.252329
val,4676.tif,0.611766,21.9602,0.245677
val,4677.tif,0.709943,23.0116,0.210921
val,4678.tif,0.629515,22.8118,0.264348
val,4679.tif,0.643774,23.2556,0.253768
val,468.tif,0.691332,22.8528,0.240874
val,4680.tif,0.671218,23.6844,0.254807
val,4681.tif,0.557002,21.4589,0.28785
val,4682.tif,0.662936,23.8168,0.238546
val,4683.tif,0.532501,21.1636,0.276136
val,4684.tif,0.650198,23.0866,0.200516
val,4685.tif,0.678023,22.7212,0.258637
val,4686.tif,0.692706,23.275,0.224779
val,4687.tif,0.616189,21.2577,0.252477
val,4688.tif,0.621304,23.149,0.221612
val,4689.tif,0.568647,20.9849,0.315801
val,469.tif,0.518577,22.2678,0.248746
val,4690.tif,0.531812,21.2597,0.26056
val,4691.tif,0.52786,21.2279,0.253221
val,4692.tif,0.516946,19.9106,0.300784
val,4693.tif,0.630453,22.0915,0.259618
val,4694.tif,0.547332,21.929,0.24288
val,4695.tif,0.669482,24.6066,0.251243
val,4696.tif,0.676776,24.2416,0.2302
val,4697.tif,0.700329,23.6601,0.200605
val,4698.tif,0.68261,23.3278,0.217218
val,4699.tif,0.607419,23.1358,0.262282
val,47.tif,0.546006,21.7843,0.303334
val,470.tif,0.640253,22.1018,0.257885
val,4700.tif,0.611542,22.0207,0.223501
val,4701.tif,0.629555,23.4308,0.23533
val,4702.tif,0.501252,20.2757,0.268506
val,4703.tif,0.69886,22.6704,0.235695
val,4704.tif,0.494237,16.4165,0.332006
val,4705.tif,0.504164,20.9598,0.269217
val,4706.tif,0.684691,23.3729,0.216667
val,4707.tif,0.605141,22.743,0.255277
val,4708.tif,0.572747,21.951,0.232433
val,4709.tif,0.506603,20.7223,0.250962
val,471.tif,0.531245,22.8705,0.31622
val,4710.tif,0.506619,21.3459,0.322381
val,4711.tif,0.557682,20.8531,0.276042
val,4712.tif,0.482803,21.1098,0.246006
val,4713.tif,0.604467,22.4757,0.260965
val,4714.tif,0.68181,22.9902,0.227673
val,4715.tif,0.569601,22.1686,0.276665
val,4716.tif,0.579644,22.4518,0.25867
val,4717.tif,0.616814,20.6281,0.256937
val,4718.tif,0.506694,20.8704,0.262366
val,4719.tif,0.462658,20.712,0.286388
val,472.tif,0.475888,19.8919,0.335168
val,4720.tif,0.532041,19.9531,0.289538
val,4721.tif,0.674997,21.0615,0.220475
val,4722.tif,0.570063,23.4227,0.306511
val,4723.tif,0.665879,23.0736,0.270002
val,4724.tif,0.543758,21.8839,0.25067
val,4725.tif,0.546692,20.1179,0.293724
val,4726.tif,0.634566,19.5837,0.25452
val,4727.tif,0.641637,23.0681,0.245101
val,4728.tif,0.584,22.268,0.257488
val,4729.tif,0.480597,19.852,0.342223
val,473.tif,0.538278,20.4118,0.260139
val,4730.tif,0.60078,21.5555,0.288138
val,4731.tif,0.581583,22.8604,0.237664
val,4732.tif,0.701782,23.5678,0.21811
val,4733.tif,0.603955,22.0603,0.281471
val,4734.tif,0.580878,23.3289,0.201498
val,4735.tif,0.659468,22.4802,0.193622
val,4736.tif,0.724443,22.7173,0.197939
val,4737.tif,0.687818,24.0907,0.199049
val,4738.tif,0.50148,20.9576,0.292356
val,4739.tif,0.675403,22.5421,0.224672
val,474.tif,0.493093,21.6523,0.30597
val,4740.tif,0.509254,20.4527,0.247417
val,4741.tif,0.721414,21.8664,0.318924
val,4742.tif,0.578116,22.2295,0.229725
val,4743.tif,0.622057,24.3421,0.250428
val,4744.tif,0.49105,22.9587,0.299272
val,4745.tif,0.558312,21.0271,0.303544
val,4746.tif,0.76286,19.4407,0.422584
val,4747.tif,0.597734,21.7163,0.250076
val,4748.tif,0.525045,20.6828,0.286117
val,4749.tif,0.684937,23.9115,0.231001
val,475.tif,0.800651,26.5408,0.189948
val,4750.tif,0.664964,21.3629,0.235672
val,4751.tif,0.66649,21.0385,0.319077
val,4752.tif,0.526261,20.3019,0.281395
val,4753.tif,0.522698,21.7104,0.244896
val,4754.tif,0.540165,19.8387,0.341008
val,4755.tif,0.55338,19.0675,0.261886
val,4756.tif,0.644747,23.2574,0.226213
val,4757.tif,0.579606,20.5002,0.282417
val,4758.tif,0.52323,19.6112,0.27948
val,4759.tif,0.532888,20.9435,0.273094
val,476.tif,0.549282,23.5715,0.306901
val,4760.tif,0.631013,23.8917,0.273795
val,4761.tif,0.52178,20.8711,0.271705
val,4762.tif,0.56629,22.0209,0.265962
val,4763.tif,0.583771,22.7636,0.255268
val,4764.tif,0.484116,19.944,0.30405
val,4765.tif,0.590042,22.6566,0.275394
val,4766.tif,0.684783,24.4857,0.218823
val,4767.tif,0.5041,20.4608,0.264511
val,4768.tif,0.681051,23.2438,0.232347
val,4769.tif,0.671346,23.3682,0.241069
val,477.tif,0.529773,16.4524,0.311961
val,4770.tif,0.792492,22.8693,0.337805
val,4771.tif,0.558789,20.8588,0.250446
val,4772.tif,0.659425,22.0606,0.216105
val,4773.tif,0.528043,20.2629,0.251548
val,4774.tif,0.509705,20.6402,0.319185
val,4775.tif,0.516159,21.5957,0.224411
val,4776.tif,0.57389,22.3712,0.274768
val,4777.tif,0.644734,21.8339,0.230258
val,4778.tif,0.510916,21.6829,0.245447
val,4779.tif,0.640148,22.3238,0.269515
val,478.tif,0.57664,20.1251,0.265654
val,4780.tif,0.583043,21.5805,0.261669
val,4781.tif,0.599327,23.2567,0.234094
val,4782.tif,0.678237,23.919,0.22412
val,4783.tif,0.624689,22.0002,0.231412
val,4784.tif,0.468983,20.4473,0.282474
val,4785.tif,0.674331,20.3033,0.32072
val,4786.tif,0.500824,19.6705,0.249489
val,4787.tif,0.491411,20.7752,0.290212
val,4788.tif,0.507439,19.7657,0.313648
val,4789.tif,0.587988,22.5195,0.227725
val,479.tif,0.550031,20.3992,0.294417
val,4790.tif,0.520467,21.583,0.261488
val,4791.tif,0.646273,22.5223,0.246495
val,4792.tif,0.560434,21.0273,0.281358
val,4793.tif,0.641624,21.252,0.297111
val,4794.tif,0.52304,21.5228,0.254952
val,4795.tif,0.664204,22.1315,0.325309
val,4796.tif,0.533892,18.4192,0.285726
val,4797.tif,0.674543,23.4666,0.25697
val,4798.tif,0.751095,24.4521,0.202961
val,4799.tif,0.486317,19.0929,0.294096
val,48.tif,0.513264,21.9114,0.290007
val,480.tif,0.534577,19.304,0.287978
val,4800.tif,0.685595,20.7324,0.341441
val,4801.tif,0.698215,23.58,0.211023
val,4802.tif,0.586551,21.6109,0.2501
val,4803.tif,0.560113,19.8088,0.289555
val,4804.tif,0.480919,20.9042,0.260618
val,4805.tif,0.677495,24.2722,0.21934
val,4806.tif,0.534027,21.4418,0.227263
val,4807.tif,0.570219,19.6642,0.288521
val,4808.tif,0.561563,20.8635,0.28725
val,4809.tif,0.454276,19.3799,0.28385
val,481.tif,0.501723,18.8212,0.270512
val,4810.tif,0.559061,20.6628,0.285191
val,4811.tif,0.588861,20.1478,0.240083
val,4812.tif,0.521573,21.7737,0.282532
val,4813.tif,0.665799,21.7535,0.237376
val,4814.tif,0.512517,20.9269,0.236407
val,4815.tif,0.633279,22.9034,0.273632
val,4816.tif,0.580653,22.6289,0.253504
val,4817.tif,0.66963,20.7202,0.253383
val,4818.tif,0.426634,20.1833,0.282898
val,4819.tif,0.616509,21.7847,0.245346
val,482.tif,0.615702,21.9721,0.260452
val,4820.tif,0.626534,21.9849,0.247068
val,4821.tif,0.619132,22.5692,0.278759
val,4822.tif,0.602573,20.9617,0.259665
val,4823.tif,0.607693,20.056,0.309956
val,4824.tif,0.607404,19.4481,0.329048
val,4825.tif,0.474341,20.0667,0.27961
val,4826.tif,0.643797,21.465,0.355002
val,4827.tif,0.589754,22.6741,0.226143
val,4828.tif,0.684686,22.3728,0.23812
val,4829.tif,0.512142,21.2186,0.250905
val,483.tif,0.727345,21.1761,0.287646
val,4830.tif,0.594392,22.9167,0.23787
val,4831.tif,0.679384,22.4271,0.304108
val,4832.tif,0.492798,19.9704,0.236375
val,4833.tif,0.613351,23.1084,0.240284
val,4834.tif,0.656743,21.5075,0.277551
val,4835.tif,0.509059,19.3141,0.289751
val,4836.tif,0.519491,21.6948,0.27265
val,4837.tif,0.61996,16.8738,0.269675
val,4838.tif,0.625573,20.7161,0.260365
val,4839.tif,0.673954,22.3528,0.270575
val,484.tif,0.623476,20.1386,0.267625
val,4840.tif,0.717192,22.367,0.197994
val,4841.tif,0.556129,22.6137,0.232656
val,4842.tif,0.785389,23.4633,0.267132
val,4843.tif,0.469855,20.9467,0.306747
val,4844.tif,0.693942,22.8305,0.23659
val,4845.tif,0.548101,22.4562,0.235148
val,4846.tif,0.561224,21.2746,0.278343
val,4847.tif,0.593076,20.5518,0.332562
val,4848.tif,0.702933,24.2965,0.244441
val,4849.tif,0.55279,20.5674,0.30201
val,485.tif,0.524407,21.9451,0.279653
val,4850.tif,0.440242,19.9821,0.319137
val,4851.tif,0.667318,23.5686,0.223163
val,4852.tif,0.589032,20.9898,0.269036
val,4853.tif,0.584378,20.6107,0.242401
val,4854.tif,0.457916,19.9711,0.303007
val,4855.tif,0.481206,19.6652,0.304946
val,4856.tif,0.576273,22.9028,0.239635
val,4857.tif,0.425276,18.6649,0.29902
val,4858.tif,0.585828,22.4946,0.272018
val,4859.tif,0.641066,23.913,0.239003
val,486.tif,0.462306,18.6615,0.352727
val,4860.tif,0.682307,23.5084,0.216113
val,4861.tif,0.556022,21.5065,0.256448
val,4862.tif,0.483705,19.9641,0.250938
val,4863.tif,0.432856,19.8824,0.332635
val,4864.tif,0.516654,20.7642,0.25135
val,4865.tif,0.591883,22.5765,0.305342
val,4866.tif,0.641377,21.3239,0.280793
val,4867.tif,0.543067,21.4503,0.243743
val,4868.tif,0.740818,24.8946,0.218917
val,4869.tif,0.632164,22.925,0.254562
val,487.tif,0.584636,22.7323,0.27923
val,4870.tif,0.702709,24.133,0.220849
val,4871.tif,0.581982,21.6695,0.305336
val,4872.tif,0.58416,20.308,0.227304
val,4873.tif,0.573063,22.4106,0.268311
val,4874.tif,0.640749,23.2774,0.239455
val,4875.tif,0.613173,19.7657,0.27653
val,4876.tif,0.55875,22.212,0.229596
val,4877.tif,0.544853,22.884,0.24589
val,4878.tif,0.639096,22.7497,0.274614
val,4879.tif,0.482878,20.079,0.25503
val,488.tif,0.577755,22.4605,0.346932
val,4880.tif,0.736114,24.6327,0.198617
val,4881.tif,0.452116,19.4653,0.28677
val,4882.tif,0.65989,22.2185,0.316752
val,4883.tif,0.579453,22.5949,0.273661
val,4884.tif,0.674689,22.9949,0.248478
val,4885.tif,0.472852,18.9515,0.299973
val,4886.tif,0.700041,24.6181,0.243778
val,4887.tif,0.514456,20.3188,0.316541
val,4888.tif,0.645012,22.8175,0.2442
val,4889.tif,0.6791,24.043,0.251644
val,489.tif,0.600475,18.4706,0.323979
val,4890.tif,0.593966,22.4059,0.257287
val,4891.tif,0.484064,20.9536,0.247189
val,4892.tif,0.519717,19.8948,0.287675
val,4893.tif,0.602542,22.7369,0.246741
val,4894.tif,0.638713,22.9354,0.246349
val,4895.tif,0.476469,20.3643,0.302468
val,4896.tif,0.587782,22.314,0.293977
val,4897.tif,0.709923,23.5275,0.203203
val,4898.tif,0.498919,21.4243,0.24006
val,4899.tif,0.579553,21.3732,0.281577
val,49.tif,0.597983,19.8336,0.255276
val,490.tif,0.704139,23.1069,0.271666
val,4900.tif,0.459975,20.1582,0.256056
val,4901.tif,0.532425,21.8642,0.2714
val,4902.tif,0.558624,21.5367,0.270688
val,4903.tif,0.641515,22.9859,0.219937
val,4904.tif,0.611123,22.3347,0.261617
val,4905.tif,0.598315,22.4425,0.261192
val,4906.tif,0.618802,20.6661,0.274088
val,4907.tif,0.608538,23.0628,0.238945
val,4908.tif,0.450627,20.5186,0.329552
val,4909.tif,0.587978,21.373,0.248996
val,491.tif,0.528257,20.5998,0.293454
val,4910.tif,0.625736,23.8327,0.283381
val,4911.tif,0.472506,19.2279,0.237798
val,4912.tif,0.53419,21.9262,0.273553
val,4913.tif,0.588497,21.9784,0.262362
val,4914.tif,0.633259,22.1081,0.240943
val,4915.tif,0.488666,20.6311,0.322023
val,4916.tif,0.450037,19.7798,0.282695
val,4917.tif,0.797043,25.1873,0.241548
val,4918.tif,0.558304,19.5606,0.260938
val,4919.tif,0.635368,22.8572,0.293926
val,492.tif,0.549345,24.4465,0.378644
val,4920.tif,0.388664,19.5759,0.294857
val,4921.tif,0.597161,22.9452,0.251546
val,4922.tif,0.499297,19.2628,0.280959
val,4923.tif,0.597314,23.1129,0.342563
val,4924.tif,0.595182,18.7163,0.276483
val,4925.tif,0.582558,21.4137,0.281377
val,4926.tif,0.455483,19.6269,0.261763
val,4927.tif,0.707637,23.7328,0.212649
val,4928.tif,0.497342,20.8026,0.256418
val,4929.tif,0.551918,20.1095,0.255936
val,493.tif,0.5122,20.4615,0.297911
val,4930.tif,0.606262,22.7458,0.226304
val,4931.tif,0.708103,23.6841,0.224322
val,4932.tif,0.483245,20.7028,0.242431
val,4933.tif,0.565394,20.6326,0.299641
val,4934.tif,0.598623,20.0811,0.244218
val,4935.tif,0.619035,23.6378,0.286769
val,4936.tif,0.654929,23.2904,0.254142
val,4937.tif,0.486968,19.3013,0.296552
val,4938.tif,0.614911,19.2186,0.303625
val,4939.tif,0.480842,19.8352,0.283274
val,494.tif,0.557254,22.092,0.280901
val,4940.tif,0.442703,19.2218,0.308765
val,4941.tif,0.617559,22.5766,0.277531
val,4942.tif,0.560864,23.5221,0.266632
val,4943.tif,0.601521,21.6507,0.283725
val,4944.tif,0.5288,20.7653,0.247599
val,4945.tif,0.671239,22.7674,0.368676
val,4946.tif,0.550658,20.554,0.270582
val,4947.tif,0.503782,19.8357,0.307265
val,4948.tif,0.53949,21.0895,0.250581
val,4949.tif,0.579252,23.3349,0.219489
val,495.tif,0.523157,21.6493,0.298394
val,4950.tif,0.718332,23.941,0.211803
val,4951.tif,0.580537,21.7858,0.27857
val,4952.tif,0.679364,21.5385,0.266769
val,4953.tif,0.694507,24.089,0.221324
val,4954.tif,0.561228,20.5759,0.251397
val,4955.tif,0.565182,18.8442,0.305257
val,4956.tif,0.536452,22.1072,0.237762
val,4957.tif,0.620976,21.526,0.232031
val,4958.tif,0.598213,22.8984,0.26016
val,4959.tif,0.465353,21.1943,0.252371
val,496.tif,0.468425,20.7011,0.294799
val,4960.tif,0.676997,22.6967,0.256756
val,4961.tif,0.618005,21.9884,0.220788
val,4962.tif,0.651509,23.1637,0.216461
val,4963.tif,0.662234,23.3732,0.225135
val,4964.tif,0.633303,22.1151,0.286573
val,4965.tif,0.487909,19.6388,0.266853
val,4966.tif,0.528631,21.5171,0.250453
val,4967.tif,0.596599,23.1923,0.231737
val,4968.tif,0.694751,23.9163,0.238295
val,4969.tif,0.67252,23.7395,0.252257
val,497.tif,0.697725,22.3214,0.264755
val,4970.tif,0.541206,21.2047,0.320899
val,4971.tif,0.527819,20.8,0.243609
val,4972.tif,0.635106,21.417,0.252709
val,4973.tif,0.574977,22.7905,0.283482
val,4974.tif,0.639842,24.2251,0.221126
val,4975.tif,0.622294,23.7347,0.230923
val,4976.tif,0.520198,21.4294,0.349093
val,4977.tif,0.639299,24.3226,0.275525
val,4978.tif,0.568954,22.0554,0.281452
val,4979.tif,0.587957,23.1229,0.230192
val,498.tif,0.522469,21.6691,0.287596
val,4980.tif,0.58151,22.8426,0.246485
val,4981.tif,0.661249,23.7762,0.245789
val,4982.tif,0.553141,20.9755,0.310294
val,4983.tif,0.61245,23.1057,0.317779
val,4984.tif,0.606006,21.6781,0.237588
val,4985.tif,0.542309,19.4486,0.30492
val,4986.tif,0.670961,22.2762,0.256418
val,4987.tif,0.611056,19.7551,0.277036
val,4988.tif,0.682783,23.2821,0.259739
val,4989.tif,0.594116,21.5201,0.262337
val,499.tif,0.58877,21.4743,0.285258
val,4990.tif,0.628739,21.6818,0.319171
val,4991.tif,0.533969,22.399,0.29225
val,4992.tif,0.662511,23.7322,0.219514
val,4993.tif,0.6614,23.9172,0.257106
val,4994.tif,0.5095,21.0313,0.29511
val,4995.tif,0.61156,22.9917,0.240541
val,4996.tif,0.617764,21.5355,0.266656
val,4997.tif,0.618201,21.5579,0.280722
val,4998.tif,0.497668,20.4533,0.297416
val,4999.tif,0.673127,20.5836,0.384296
val,5.tif,0.794466,22.5961,0.249701
val,50.tif,0.505303,19.5679,0.30173
val,500.tif,0.536229,19.7472,0.264006
val,5000.tif,0.667223,21.0904,0.227353
val,5001.tif,0.582182,20.8758,0.274097
val,5002.tif,0.657674,23.2737,0.314412
val,5003.tif,0.62159,23.709,0.296817
val,5004.tif,0.631934,22.7918,0.282265
val,5005.tif,0.471915,19.6032,0.287805
val,5006.tif,0.521221,20.8052,0.288021
val,5007.tif,0.455603,20.8981,0.268547
val,5008.tif,0.464898,19.2955,0.287572
val,5009.tif,0.666487,23.22,0.252945
val,501.tif,0.553011,21.6593,0.291967
val,5010.tif,0.653816,23.033,0.221553
val,5011.tif,0.561869,22.4057,0.244969
val,5012.tif,0.532922,21.2,0.285267
val,5013.tif,0.691629,24.4659,0.217738
val,5014.tif,0.675408,23.6273,0.238996
val,5015.tif,0.484718,20.6017,0.286487
val,5016.tif,0.538182,19.8068,0.261774
val,5017.tif,0.659152,23.2501,0.220518
val,5018.tif,0.487225,20.7831,0.240926
val,5019.tif,0.522086,19.8452,0.300041
val,502.tif,0.611078,22.82,0.24456
val,5020.tif,0.688288,23.5868,0.238336
val,5021.tif,0.521686,19.7902,0.261641
val,5022.tif,0.522303,21.4667,0.28027
val,5023.tif,0.578743,22.2087,0.270021
val,5024.tif,0.587421,22.4052,0.273779
val,5025.tif,0.607923,21.6373,0.22478
val,5026.tif,0.513729,22.457,0.329706
val,5027.tif,0.671286,20.4062,0.261232
val,5028.tif,0.731046,23.4831,0.214244
val,5029.tif,0.667362,22.8216,0.202737
val,503.tif,0.50146,19.7631,0.334436
val,5030.tif,0.531376,22.4263,0.274242
val,5031.tif,0.559577,20.0368,0.282618
val,5032.tif,0.506887,19.8127,0.259495
val,5033.tif,0.478757,20.3482,0.239475
val,5034.tif,0.657366,22.5875,0.236909
val,5035.tif,0.713012,23.0501,0.209604
val,5036.tif,0.539,20.9253,0.257178
val,5037.tif,0.688645,23.6881,0.185778
val,5038.tif,0.521729,20.2648,0.216191
val,5039.tif,0.59735,22.1116,0.238048
val,504.tif,0.518941,19.1617,0.280553
val,5040.tif,0.667476,21.4196,0.262599
val,5041.tif,0.653758,22.479,0.270696
val,5042.tif,0.636324,20.9624,0.282028
val,5043.tif,0.529146,20.5023,0.24929
val,5044.tif,0.620499,20.9513,0.293403
val,5045.tif,0.635798,22.7322,0.256347
val,5046.tif,0.589694,23.0855,0.279973
val,5047.tif,0.618162,23.3611,0.293684
val,5048.tif,0.587373,22.6285,0.241542
val,5049.tif,0.749584,23.8519,0.22133
val,505.tif,0.628849,21.6161,0.277607
val,5050.tif,0.690601,23.2613,0.229488
val,5051.tif,0.663167,23.0983,0.274036
val,5052.tif,0.547247,21.3814,0.246291
val,5053.tif,0.71233,24.5921,0.223218
val,5054.tif,0.469369,19.6714,0.269345
val,5055.tif,0.72741,24.1704,0.20232
val,5056.tif,0.507249,20.723,0.2845
val,5057.tif,0.663592,22.2918,0.290684
val,5058.tif,0.68023,23.8378,0.222335
val,5059.tif,0.610958,23.2936,0.253858
val,506.tif,0.408479,20.355,0.318358
val,5060.tif,0.532141,20.1308,0.271271
val,5061.tif,0.614053,21.3948,0.250072
val,5062.tif,0.502865,20.7429,0.261555
val,5063.tif,0.676443,21.8512,0.280166
val,5064.tif,0.506272,19.4143,0.288047
val,5065.tif,0.529531,21.6194,0.296897
val,5066.tif,0.558334,21.8777,0.253595
val,5067.tif,0.589397,20.3575,0.260868
val,5068.tif,0.554238,20.918,0.242254
val,5069.tif,0.495975,20.3283,0.275238
val,507.tif,0.498283,19.003,0.286936
val,5070.tif,0.452014,20.7915,0.273506
val,5071.tif,0.666966,23.3108,0.239315
val,5072.tif,0.669992,23.2163,0.237002
val,5073.tif,0.71327,23.9114,0.286761
val,5074.tif,0.702183,23.2261,0.227533
val,5075.tif,0.582155,23.1833,0.253541
val,5076.tif,0.704939,23.9339,0.234601
val,5077.tif,0.571879,22.7005,0.252146
val,5078.tif,0.487227,20.1888,0.259316
val,5079.tif,0.677532,24.2568,0.269949
val,508.tif,0.574378,21.8334,0.267538
val,5080.tif,0.599656,20.3187,0.294303
val,5081.tif,0.488736,17.9859,0.305843
val,5082.tif,0.64209,22.54,0.274807
val,5083.tif,0.46402,19.8507,0.323095
val,5084.tif,0.532407,20.349,0.264082
val,5085.tif,0.593395,20.2826,0.244392
val,5086.tif,0.482067,20.7785,0.255356
val,5087.tif,0.616477,23.7526,0.194633
val,5088.tif,0.451547,18.206,0.286387
val,5089.tif,0.73041,23.6769,0.227337
val,509.tif,0.583092,18.2726,0.292039
val,5090.tif,0.487722,19.3348,0.26167
val,5091.tif,0.626556,22.9684,0.240855
val,5092.tif,0.54523,21.0058,0.296859
val,5093.tif,0.519391,20.8011,0.271296
val,5094.tif,0.631094,22.2689,0.247021
val,5095.tif,0.547461,21.5238,0.275847
val,5096.tif,0.516069,18.5124,0.305592
val,5097.tif,0.610212,24.2122,0.242315
val,5098.tif,0.658026,23.0776,0.225328
val,5099.tif,0.426324,19.1794,0.302681
val,51.tif,0.560195,21.6613,0.259682
val,510.tif,0.502964,20.927,0.340649
val,5100.tif,0.530154,19.5326,0.319604
val,5101.tif,0.474333,19.4755,0.294819
val,5102.tif,0.603937,21.754,0.241202
val,5103.tif,0.452082,20.435,0.28047
val,5104.tif,0.660729,22.2969,0.235132
val,5105.tif,0.618012,20.6183,0.29945
val,5106.tif,0.660346,22.0171,0.243378
val,5107.tif,0.753735,23.5623,0.224414
val,5108.tif,0.526677,22.2271,0.283527
val,5109.tif,0.680776,23.5933,0.222485
val,511.tif,0.532739,21.7777,0.328339
val,5110.tif,0.604644,19.639,0.263622
val,5111.tif,0.661539,22.9943,0.231894
val,5112.tif,0.584076,20.3084,0.257977
val,5113.tif,0.6726,22.3457,0.27559
val,5114.tif,0.45258,20.8899,0.272587
val,5115.tif,0.594996,23.0971,0.257554
val,5116.tif,0.568771,21.064,0.24777
val,5117.tif,0.665108,22.8481,0.229217
val,5118.tif,0.674159,22.2374,0.221089
val,5119.tif,0.548868,21.1014,0.310335
val,512.tif,0.551942,23.3305,0.34814
val,5120.tif,0.673336,22.945,0.237207
val,5121.tif,0.495385,21.5297,0.279007
val,5122.tif,0.657686,22.5168,0.242335
val,5123.tif,0.450577,20.1719,0.257157
val,5124.tif,0.520447,19.8646,0.286572
val,5125.tif,0.446414,19.6244,0.291758
val,5126.tif,0.6919,23.601,0.224242
val,5127.tif,0.656635,23.4479,0.258636
val,5128.tif,0.5317,21.4762,0.270172
val,5129.tif,0.502844,20.6673,0.258122
val,513.tif,0.539494,19.442,0.264624
val,5130.tif,0.694384,22.8506,0.24756
val,5131.tif,0.481865,18.7046,0.326361
val,5132.tif,0.60539,21.9737,0.260034
val,5133.tif,0.625061,23.4365,0.232358
val,5134.tif,0.685047,23.642,0.237358
val,5135.tif,0.521195,21.1693,0.278126
val,5136.tif,0.520515,20.2296,0.280071
val,5137.tif,0.569057,20.1586,0.261577
val,5138.tif,0.657712,23.505,0.230562
val,5139.tif,0.406037,20.048,0.325359
val,514.tif,0.481787,20.5441,0.280967
val,5140.tif,0.496311,19.1168,0.269499
val,5141.tif,0.575368,22.3678,0.32508
val,5142.tif,0.63551,23.342,0.291389
val,5143.tif,0.575661,21.9051,0.283242
val,5144.tif,0.58028,21.1678,0.268412
val,5145.tif,0.550152,22.3585,0.255649
val,5146.tif,0.454897,20.0652,0.245361
val,5147.tif,0.675826,23.7504,0.244989
val,5148.tif,0.575606,21.3519,0.292421
val,5149.tif,0.515075,20.5963,0.242024
val,515.tif,0.515732,19.5046,0.268946
val,5150.tif,0.596962,22.8395,0.259291
val,5151.tif,0.567841,19.5133,0.27629
val,5152.tif,0.507622,21.7252,0.241726
val,5153.tif,0.606012,23.5689,0.26688
val,5154.tif,0.519619,21.0739,0.263245
val,5155.tif,0.592961,20.4499,0.24968
val,5156.tif,0.676311,23.4583,0.207414
val,5157.tif,0.69522,23.909,0.226641
val,5158.tif,0.586561,17.2059,0.351356
val,5159.tif,0.651552,23.8451,0.236788
val,516.tif,0.495481,21.9341,0.342884
val,5160.tif,0.45719,20.7669,0.293724
val,5161.tif,0.580509,22.556,0.310671
val,5162.tif,0.525128,20.6629,0.284311
val,5163.tif,0.492117,21.3297,0.253193
val,5164.tif,0.572736,19.9403,0.303322
val,5165.tif,0.634625,23.8802,0.211195
val,5166.tif,0.639948,23.2938,0.26786
val,5167.tif,0.672187,22.7271,0.270714
val,5168.tif,0.646485,22.9107,0.222125
val,5169.tif,0.648875,23.5962,0.213609
val,517.tif,0.438277,19.9338,0.345619
val,5170.tif,0.547561,22.1968,0.262645
val,5171.tif,0.556028,19.4235,0.245704
val,5172.tif,0.623223,22.3644,0.267788
val,5173.tif,0.436243,20.1878,0.271834
val,5174.tif,0.704143,23.8188,0.217427
val,5175.tif,0.494653,21.0543,0.223193
val,5176.tif,0.61782,23.1549,0.270768
val,5177.tif,0.678598,22.2571,0.227867
val,5178.tif,0.459313,20.846,0.293167
val,5179.tif,0.603861,20.4177,0.269984
val,518.tif,0.641578,22.5744,0.261357
val,5180.tif,0.620111,20.2362,0.24539
val,5181.tif,0.707931,24.0456,0.275876
val,5182.tif,0.580466,21.5794,0.249583
val,5183.tif,0.434744,18.9975,0.285611
val,5184.tif,0.550342,21.4385,0.263397
val,5185.tif,0.534062,21.6719,0.270795
val,5186.tif,0.551587,21.706,0.248371
val,5187.tif,0.752598,24.1308,0.347306
val,5188.tif,0.514064,20.9667,0.294881
val,5189.tif,0.447591,20.6223,0.292753
val,519.tif,0.474077,20.3043,0.270206
val,5190.tif,0.491833,20.8565,0.270698
val,5191.tif,0.656356,22.1564,0.250358
val,5192.tif,0.520701,20.4292,0.253513
val,5193.tif,0.600318,24.5648,0.287732
val,5194.tif,0.588428,22.9589,0.239096
val,5195.tif,0.725781,21.4534,0.25327
val,5196.tif,0.594234,22.0328,0.268841
val,5197.tif,0.558096,22.5807,0.3152
val,5198.tif,0.613272,15.7395,0.331266
val,5199.tif,0.501241,20.3516,0.255806
val,52.tif,0.599784,18.4691,0.256806
val,520.tif,0.685058,22.1457,0.279815
val,5200.tif,0.719167,22.9405,0.269333
val,5201.tif,0.542707,21.8597,0.29758
val,5202.tif,0.524853,20.7547,0.291768
val,5203.tif,0.563835,20.4387,0.271847
val,5204.tif,0.620729,19.9706,0.301106
val,5205.tif,0.494266,18.6111,0.311615
val,5206.tif,0.455669,19.9987,0.272544
val,5207.tif,0.636086,22.6944,0.262865
val,5208.tif,0.635666,23.9296,0.276812
val,5209.tif,0.453084,18.9468,0.284099
val,521.tif,0.573547,20.3271,0.288053
val,5210.tif,0.517801,20.768,0.293652
val,5211.tif,0.64951,22.0713,0.234146
val,5212.tif,0.706636,23.3572,0.23417
val,5213.tif,0.516313,20.1763,0.269164
val,5214.tif,0.52444,22.3249,0.256
val,5215.tif,0.526028,20.0267,0.270723
val,5216.tif,0.611763,24.0044,0.236713
val,5217.tif,0.647935,23.7224,0.248328
val,5218.tif,0.470386,20.4359,0.287544
val,5219.tif,0.445713,18.1121,0.275612
val,522.tif,0.486812,19.5667,0.29676
val,5220.tif,0.657134,22.9355,0.274997
val,5221.tif,0.636806,23.8765,0.260909
val,5222.tif,0.596149,20.9163,0.302957
val,5223.tif,0.618611,21.931,0.272506
val,5224.tif,0.657523,23.6261,0.236261
val,5225.tif,0.618517,22.6896,0.236259
val,5226.tif,0.7505,23.3534,0.296167
val,5227.tif,0.531713,21.4366,0.287619
val,5228.tif,0.614064,22.7442,0.222788
val,5229.tif,0.502313,20.6156,0.266339
val,523.tif,0.555994,20.2671,0.267911
val,5230.tif,0.597787,22.8683,0.271183
val,5231.tif,0.656959,22.2191,0.263977
val,5232.tif,0.612793,22.8802,0.298036
val,5233.tif,0.663616,23.3814,0.249205
val,5234.tif,0.54666,21.2431,0.279729
val,5235.tif,0.474471,20.5306,0.271991
val,5236.tif,0.604566,22.4251,0.239677
val,5237.tif,0.745427,23.4797,0.196226
val,5238.tif,0.487522,20.5274,0.306591
val,5239.tif,0.502704,22.1045,0.279768
val,524.tif,0.465749,20.3792,0.304691
val,5240.tif,0.428035,20.4517,0.302039
val,5241.tif,0.559425,21.9008,0.274147
val,5242.tif,0.486849,20.9306,0.342902
val,5243.tif,0.548062,22.8493,0.249243
val,5244.tif,0.49672,20.2983,0.302532
val,5245.tif,0.534706,20.7586,0.274695
val,5246.tif,0.716535,22.7682,0.237082
val,5247.tif,0.446289,20.3455,0.276026
val,5248.tif,0.487295,20.999,0.262128
val,5249.tif,0.649187,23.9656,0.241449
val,525.tif,0.513924,22.2871,0.233298
val,5250.tif,0.678742,23.7871,0.25721
val,5251.tif,0.542411,21.3968,0.304984
val,5252.tif,0.712424,24.2386,0.236027
val,5253.tif,0.443498,20.6015,0.298805
val,5254.tif,0.510234,20.3921,0.237319
val,5255.tif,0.572331,22.2346,0.245283
val,5256.tif,0.685832,24.3608,0.228535
val,5257.tif,0.635062,21.167,0.290441
val,5258.tif,0.513103,20.0489,0.291594
val,5259.tif,0.661697,22.4632,0.243123
val,526.tif,0.547438,22.1474,0.329607
val,5260.tif,0.485,20.5915,0.298779
val,5261.tif,0.596954,22.1515,0.299618
val,5262.tif,0.476326,20.2944,0.280012
val,5263.tif,0.521166,21.4716,0.292573
val,5264.tif,0.64768,22.6013,0.261673
val,5265.tif,0.531748,20.5165,0.299219
val,5266.tif,0.658767,23.3536,0.255376
val,5267.tif,0.569602,20.5295,0.291435
val,5268.tif,0.615069,23.5484,0.262714
val,5269.tif,0.613403,22.7233,0.227742
val,527.tif,0.536304,18.7672,0.318887
val,5270.tif,0.573785,22.1609,0.241913
val,5271.tif,0.458988,19.7465,0.268214
val,5272.tif,0.641196,23.682,0.230657
val,5273.tif,0.575214,18.8613,0.356565
val,5274.tif,0.632583,24.2113,0.236511
val,5275.tif,0.696676,24.5856,0.227466
val,5276.tif,0.541706,20.1083,0.236724
val,5277.tif,0.564674,22.7035,0.283447
val,5278.tif,0.513082,21.5526,0.303162
val,5279.tif,0.469882,19.8239,0.248398
val,528.tif,0.58745,22.806,0.247986
val,5280.tif,0.641068,23.5723,0.230602
val,5281.tif,0.610304,21.8827,0.257712
val,5282.tif,0.676576,22.3751,0.243892
val,5283.tif,0.534684,20.8683,0.28367
val,5284.tif,0.588288,22.434,0.300185
val,5285.tif,0.734444,23.3845,0.211889
val,5286.tif,0.60371,21.4277,0.243056
val,5287.tif,0.543359,20.3122,0.300951
val,5288.tif,0.616489,22.4265,0.248273
val,5289.tif,0.521398,20.2149,0.274561
val,529.tif,0.726297,23.0062,0.248909
val,5290.tif,0.682253,24.5904,0.214515
val,5291.tif,0.615405,21.6357,0.236734
val,5292.tif,0.774645,23.501,0.251143
val,5293.tif,0.48022,20.2193,0.274425
val,5294.tif,0.713974,24.3676,0.247211
val,5295.tif,0.593153,23.145,0.249488
val,5296.tif,0.547194,19.0249,0.31685
val,5297.tif,0.613672,21.9109,0.26826
val,5298.tif,0.530421,21.8107,0.256991
val,5299.tif,0.701174,24.1549,0.196081
val,53.tif,0.520896,21.7652,0.323284
val,530.tif,0.532016,21.0918,0.344508
val,5300.tif,0.5613,20.8817,0.279933
val,5301.tif,0.694277,24.0016,0.241416
val,5302.tif,0.607451,23.7605,0.24092
val,5303.tif,0.608669,21.989,0.249266
val,5304.tif,0.554649,20.7621,0.315422
val,5305.tif,0.576771,20.3921,0.276973
val,5306.tif,0.513543,21.6017,0.260851
val,5307.tif,0.624191,23.124,0.254199
val,5308.tif,0.527379,21.1673,0.305228
val,5309.tif,0.455465,19.7835,0.287243
val,531.tif,0.491004,19.8675,0.289957
val,5310.tif,0.53341,20.59,0.27086
val,5311.tif,0.637013,21.9807,0.261286
val,5312.tif,0.455948,20.2657,0.269738
val,5313.tif,0.708141,24.0888,0.229846
val,5314.tif,0.692264,23.9162,0.221866
val,5315.tif,0.712008,24.0326,0.231099
val,5316.tif,0.548148,21.4192,0.248691
val,5317.tif,0.626182,23.0126,0.254855
val,5318.tif,0.557869,22.503,0.244063
val,5319.tif,0.70085,23.8305,0.248928
val,532.tif,0.488063,17.9915,0.274733
val,5320.tif,0.703053,23.1113,0.205888
val,5321.tif,0.731916,24.3678,0.2394
val,5322.tif,0.484541,20.7481,0.266194
val,5323.tif,0.531371,22.1222,0.288669
val,5324.tif,0.559178,22.4953,0.282846
val,5325.tif,0.472719,20.4795,0.289959
val,5326.tif,0.581288,17.23,0.281156
val,5327.tif,0.587032,21.4256,0.2739
val,5328.tif,0.764409,23.7741,0.220026
val,5329.tif,0.577227,20.9458,0.246514
val,533.tif,0.617207,18.8578,0.300647
val,5330.tif,0.576006,21.4589,0.289853
val,5331.tif,0.672443,22.8734,0.253188
val,5332.tif,0.609419,22.7833,0.256097
val,5333.tif,0.480996,21.4535,0.276802
val,5334.tif,0.687009,24.7353,0.207423
val,5335.tif,0.630726,21.5722,0.256629
val,5336.tif,0.549592,21.8518,0.25992
val,5337.tif,0.605524,19.7122,0.26177
val,5338.tif,0.535311,22.3063,0.277554
val,5339.tif,0.51561,21.3686,0.244047
val,534.tif,0.42847,19.2888,0.286915
val,5340.tif,0.631717,23.5115,0.268641
val,5341.tif,0.669684,24.0054,0.268049
val,5342.tif,0.54329,19.5828,0.290898
val,5343.tif,0.710897,21.8571,0.23838
val,5344.tif,0.565384,20.1309,0.269713
val,5345.tif,0.404662,18.996,0.305877
val,5346.tif,0.760606,22.1892,0.223544
val,5347.tif,0.453708,20.2459,0.288281
val,5348.tif,0.685579,20.0225,0.237658
val,5349.tif,0.595692,22.5871,0.255487
val,535.tif,0.61099,23.0131,0.247925
val,5350.tif,0.541199,20.2762,0.301358
val,5351.tif,0.715084,22.4164,0.235581
val,5352.tif,0.662239,21.7222,0.264357
val,5353.tif,0.631643,22.7763,0.249326
val,5354.tif,0.600203,20.5411,0.333281
val,5355.tif,0.525582,22.3003,0.271222
val,5356.tif,0.644081,22.1046,0.250997
val,5357.tif,0.430705,19.2383,0.347533
val,5358.tif,0.585414,21.2051,0.274919
val,5359.tif,0.599814,21.2113,0.319883
val,536.tif,0.609123,20.5727,0.246848
val,5360.tif,0.567259,21.2304,0.227897
val,5361.tif,0.544313,22.1863,0.250456
val,5362.tif,0.716952,25.5155,0.22079
val,5363.tif,0.605976,21.7571,0.292716
val,5364.tif,0.581582,22.8994,0.275981
val,5365.tif,0.578031,22.0035,0.249506
val,5366.tif,0.600903,21.6843,0.279328
val,5367.tif,0.492312,21.3022,0.291142
val,5368.tif,0.669638,25.0023,0.268212
val,5369.tif,0.592454,22.181,0.281319
val,537.tif,0.572949,22.7291,0.249099
val,5370.tif,0.681885,22.1099,0.225292
val,5371.tif,0.641257,23.7956,0.235553
val,5372.tif,0.543777,21.1526,0.297989
val,5373.tif,0.533443,19.707,0.289781
val,5374.tif,0.455835,20.8423,0.263139
val,5375.tif,0.655605,23.8346,0.282198
val,5376.tif,0.631146,21.6278,0.278629
val,5377.tif,0.553032,21.5427,0.328728
val,5378.tif,0.511432,22.304,0.308829
val,5379.tif,0.571491,20.618,0.260495
val,538.tif,0.609593,22.3558,0.260082
val,5380.tif,0.498071,19.7604,0.29032
val,5381.tif,0.584617,21.1429,0.314498
val,5382.tif,0.428028,20.026,0.326959
val,5383.tif,0.708555,25.2612,0.240364
val,5384.tif,0.736749,23.3465,0.226473
val,5385.tif,0.720881,24.1602,0.254322
val,5386.tif,0.592984,22.5456,0.308285
val,5387.tif,0.612465,21.5241,0.289789
val,5388.tif,0.558013,19.2745,0.34026
val,5389.tif,0.599155,22.9755,0.263888
val,539.tif,0.53713,19.7411,0.284632
val,5390.tif,0.531537,21.9418,0.295382
val,5391.tif,0.649317,22.0583,0.219689
val,5392.tif,0.541301,22.1114,0.265442
val,5393.tif,0.567096,23.3669,0.23097
val,5394.tif,0.638022,23.662,0.295178
val,5395.tif,0.666536,24.3791,0.23111
val,5396.tif,0.544264,20.9919,0.25442
val,5397.tif,0.644366,24.1967,0.249983
val,5398.tif,0.671789,22.4447,0.227766
val,5399.tif,0.537651,22.1628,0.238517
val,54.tif,0.577469,16.8981,0.349105
val,540.tif,0.56666,21.1706,0.265108
val,5400.tif,0.544894,22.4695,0.288955
val,5401.tif,0.658441,22.1327,0.235925
val,5402.tif,0.583193,21.7061,0.257823
val,5403.tif,0.580279,21.3272,0.248421
val,5404.tif,0.569713,20.1046,0.334693
val,5405.tif,0.710079,24.0691,0.277881
val,5406.tif,0.548471,21.5713,0.284692
val,5407.tif,0.555255,22.2186,0.235257
val,5408.tif,0.521302,21.7424,0.254362
val,5409.tif,0.666145,24.7262,0.245487
val,541.tif,0.513045,16.5321,0.302604
val,5410.tif,0.514837,21.3594,0.270946
val,5411.tif,0.616341,21.3522,0.248315
val,5412.tif,0.650075,23.4704,0.265441
val,5413.tif,0.551905,21.7116,0.266456
val,5414.tif,0.612053,23.4439,0.303673
val,5415.tif,0.687062,24.333,0.197767
val,5416.tif,0.569328,22.6498,0.245785
val,5417.tif,0.500727,21.4025,0.348981
val,5418.tif,0.503338,21.3182,0.275386
val,5419.tif,0.626985,24.0264,0.264396
val,542.tif,0.597104,21.6636,0.298709
val,5420.tif,0.614538,22.9677,0.251592
val,5421.tif,0.614644,22.1287,0.232023
val,5422.tif,0.624143,24.091,0.324278
val,5423.tif,0.541766,21.5718,0.258295
val,5424.tif,0.529082,22.187,0.281127
val,5425.tif,0.537755,20.5413,0.277513
val,5426.tif,0.645206,25.8718,0.247579
val,5427.tif,0.519834,20.175,0.351685
val,5428.tif,0.744464,24.5447,0.393088
val,5429.tif,0.50135,21.1695,0.319039
val,543.tif,0.626356,21.2986,0.273765
val,5430.tif,0.674191,24.6763,0.225422
val,5431.tif,0.464797,19.5317,0.280444
val,5432.tif,0.542885,23.2404,0.261367
val,5433.tif,0.64272,24.2099,0.28877
val,5434.tif,0.646799,23.5593,0.224984
val,5435.tif,0.61872,22.2723,0.262113
val,5436.tif,0.582124,21.8783,0.253362
val,5437.tif,0.500918,21.4551,0.338251
val,5438.tif,0.528288,19.4453,0.335721
val,5439.tif,0.686253,22.8049,0.20806
val,544.tif,0.514486,20.7623,0.297742
val,5440.tif,0.676446,23.6478,0.263087
val,5441.tif,0.531686,21.4911,0.243964
val,5442.tif,0.443573,20.3609,0.280622
val,5443.tif,0.516651,21.5856,0.277542
val,5444.tif,0.69733,24.2424,0.253301
val,5445.tif,0.62928,21.3774,0.235855
val,5446.tif,0.553292,23.4993,0.267973
val,5447.tif,0.560183,22.5618,0.257587
val,5448.tif,0.607579,22.9193,0.231253
val,5449.tif,0.600645,23.1721,0.214926
val,545.tif,0.609202,21.9052,0.283548
val,5450.tif,0.497993,22.2441,0.310232
val,5451.tif,0.616702,22.7248,0.265744
val,5452.tif,0.595825,22.7926,0.224428
val,5453.tif,0.539154,19.4496,0.342723
val,5454.tif,0.484425,19.9192,0.310097
val,5455.tif,0.541789,19.1716,0.330742
val,5456.tif,0.559112,23.6731,0.294241
val,5457.tif,0.512314,22.1961,0.245619
val,5458.tif,0.569612,19.7343,0.316222
val,5459.tif,0.476618,20.4466,0.325751
val,546.tif,0.694894,20.5361,0.240265
val,5460.tif,0.565624,22.0877,0.23776
val,5461.tif,0.627848,21.7071,0.288063
val,5462.tif,0.55802,21.0119,0.277223
val,5463.tif,0.536535,21.4803,0.26457
val,5464.tif,0.732792,22.8515,0.274059
val,5465.tif,0.601088,22.3669,0.227752
val,5466.tif,0.522878,20.6422,0.29084
val,5467.tif,0.567743,22.5973,0.270205
val,5468.tif,0.516314,21.8165,0.29132
val,5469.tif,0.545113,21.3915,0.308424
val,547.tif,0.615791,21.7752,0.304539
val,5470.tif,0.544944,20.4203,0.318032
val,5471.tif,0.570765,22.3873,0.24906
val,5472.tif,0.695693,24.2735,0.248502
val,5473.tif,0.64683,23.7239,0.240414
val,5474.tif,0.463023,20.8826,0.281117
val,5475.tif,0.524493,22.6297,0.280566
val,5476.tif,0.632692,22.931,0.268489
val,5477.tif,0.651364,22.897,0.268444
val,5478.tif,0.56333,22.8075,0.248932
val,5479.tif,0.613107,22.8774,0.234993
val,548.tif,0.599562,22.6499,0.328977
val,5480.tif,0.638347,23.1169,0.276542
val,5481.tif,0.672823,24.5558,0.220498
val,5482.tif,0.626791,22.4638,0.271314
val,5483.tif,0.64191,24.8678,0.239025
val,5484.tif,0.545025,21.7384,0.259564
val,5485.tif,0.564004,23.1168,0.274287
val,5486.tif,0.506052,21.0055,0.252022
val,5487.tif,0.545778,20.5023,0.316462
val,5488.tif,0.683962,23.9687,0.231787
val,5489.tif,0.660662,23.7362,0.240567
val,549.tif,0.566193,20.372,0.314283
val,5490.tif,0.511567,22.4284,0.315423
val,5491.tif,0.51508,21.1479,0.292734
val,5492.tif,0.552264,21.6278,0.261078
val,5493.tif,0.641879,21.4881,0.266916
val,5494.tif,0.527947,21.8344,0.279746
val,5495.tif,0.714876,23.2873,0.223144
val,5496.tif,0.688222,22.5925,0.23881
val,5497.tif,0.68458,24.5974,0.258111
val,5498.tif,0.625082,23.9425,0.222648
val,5499.tif,0.525085,21.5367,0.250431
val,55.tif,0.46678,19.8603,0.282174
val,550.tif,0.682126,21.1601,0.275168
val,5500.tif,0.579531,21.9836,0.249376
val,5501.tif,0.588817,22.1218,0.271566
val,5502.tif,0.512541,20.928,0.265264
val,5503.tif,0.668514,22.6138,0.20999
val,5504.tif,0.577862,22.9205,0.274046
val,5505.tif,0.470678,21.1383,0.292115
val,5506.tif,0.599521,22.8269,0.229684
val,5507.tif,0.546692,23.3686,0.271149
val,5508.tif,0.529168,22.3849,0.305512
val,5509.tif,0.608032,23.6384,0.252939
val,551.tif,0.55613,20.0137,0.273787
val,5510.tif,0.553935,22.4997,0.239755
val,5511.tif,0.60281,22.4674,0.252523
val,5512.tif,0.612932,23.6304,0.251216
val,5513.tif,0.593964,22.018,0.282194
val,5514.tif,0.550154,22.1576,0.272438
val,5515.tif,0.50877,21.267,0.311951
val,5516.tif,0.680873,25.2658,0.215202
val,5517.tif,0.456927,19.9335,0.291752
val,5518.tif,0.623448,22.9147,0.251399
val,5519.tif,0.656179,23.1301,0.244131
val,552.tif,0.764934,22.5388,0.250278
val,5520.tif,0.555307,22.7672,0.24862
val,5521.tif,0.455583,20.9051,0.341982
val,5522.tif,0.531308,21.843,0.299336
val,5523.tif,0.60998,20.4765,0.283295
val,5524.tif,0.580164,21.34,0.237232
val,5525.tif,0.602839,21.7021,0.255089
val,5526.tif,0.697825,24.328,0.185191
val,5527.tif,0.658882,23.0672,0.278485
val,5528.tif,0.534872,22.516,0.281431
val,5529.tif,0.57022,17.8219,0.34951
val,553.tif,0.777578,24.2705,0.213997
val,5530.tif,0.643668,23.6628,0.225248
val,5531.tif,0.668059,22.9486,0.247852
val,5532.tif,0.493475,21.2023,0.268567
val,5533.tif,0.559529,22.1593,0.236647
val,5534.tif,0.616238,22.2648,0.265055
val,5535.tif,0.599422,22.9966,0.255394
val,5536.tif,0.554622,23.6219,0.279897
val,5537.tif,0.610182,23.5986,0.272945
val,5538.tif,0.605137,22.3201,0.200787
val,5539.tif,0.57277,22.1827,0.239348
val,554.tif,0.620166,22.0179,0.287695
val,5540.tif,0.761657,25.3713,0.257113
val,5541.tif,0.775608,24.6951,0.255205
val,5542.tif,0.534648,21.4056,0.293743
val,5543.tif,0.543702,21.4657,0.25708
val,5544.tif,0.638261,23.7832,0.286621
val,5545.tif,0.62435,21.5114,0.239138
val,5546.tif,0.563841,22.9706,0.262682
val,5547.tif,0.65152,21.3514,0.276828
val,5548.tif,0.535148,22.3002,0.245785
val,5549.tif,0.510054,21.8991,0.27896
val,555.tif,0.578939,20.1396,0.300228
val,5550.tif,0.633479,23.0617,0.259276
val,5551.tif,0.402767,20.5765,0.344905
val,5552.tif,0.497983,19.3369,0.290556
val,5553.tif,0.572438,21.6571,0.228046
val,5554.tif,0.568742,22.346,0.289818
val,5555.tif,0.533042,21.8594,0.266582
val,5556.tif,0.635757,24.3928,0.265245
val,5557.tif,0.632541,23.3957,0.22373
val,5558.tif,0.635491,23.8996,0.235843
val,5559.tif,0.459023,20.4646,0.278045
val,556.tif,0.574435,17.7773,0.315078
val,5560.tif,0.719244,24.7619,0.217439
val,5561.tif,0.546519,22.0423,0.270337
val,5562.tif,0.614955,22.4424,0.264769
val,5563.tif,0.60862,22.7453,0.228559
val,5564.tif,0.538341,20.8983,0.261739
val,5565.tif,0.715618,24.3688,0.231216
val,5566.tif,0.610576,21.5151,0.296161
val,5567.tif,0.536772,22.6942,0.226979
val,5568.tif,0.590494,21.9239,0.250082
val,5569.tif,0.592274,21.8894,0.25826
val,557.tif,0.639127,25.187,0.251637
val,5570.tif,0.497488,21.9224,0.283775
val,5571.tif,0.702169,23.7377,0.239743
val,5572.tif,0.566128,20.3317,0.273629
val,5573.tif,0.552644,22.3427,0.266968
val,5574.tif,0.586667,21.2349,0.320181
val,5575.tif,0.561182,22.3319,0.250141
val,5576.tif,0.649874,22.2026,0.205215
val,5577.tif,0.538361,22.1596,0.242586
val,5578.tif,0.451041,20.1748,0.254208
val,5579.tif,0.539149,22.6791,0.258791
val,558.tif,0.47411,18.6298,0.341135
val,5580.tif,0.541545,20.4298,0.261968
val,5581.tif,0.705402,24.2482,0.226927
val,5582.tif,0.64166,23.5466,0.256429
val,5583.tif,0.430828,20.3454,0.258576
val,5584.tif,0.557893,23.4033,0.283843
val,5585.tif,0.491468,21.5305,0.273482
val,5586.tif,0.656928,24.3514,0.255687
val,5587.tif,0.689792,23.8023,0.304516
val,5588.tif,0.618257,23.9056,0.209977
val,5589.tif,0.577003,22.7528,0.250867
val,559.tif,0.619231,21.5205,0.263179
val,5590.tif,0.656346,22.6803,0.27154
val,5591.tif,0.539609,22.3437,0.248759
val,5592.tif,0.510785,21.2861,0.275883
val,5593.tif,0.543328,21.4159,0.293241
val,5594.tif,0.500468,21.6297,0.309223
val,5595.tif,0.592755,22.7598,0.300488
val,5596.tif,0.611802,23.9568,0.24535
val,5597.tif,0.490077,20.8332,0.278419
val,5598.tif,0.625372,22.1565,0.257472
val,5599.tif,0.581906,21.6553,0.231198
val,56.tif,0.583665,20.1856,0.286777
val,560.tif,0.613857,22.9517,0.222814
val,5600.tif,0.561412,21.4449,0.24514
val,5601.tif,0.623652,23.6295,0.273276
val,5602.tif,0.676932,23.0759,0.232201
val,5603.tif,0.581662,23.0073,0.237114
val,5604.tif,0.555455,22.4657,0.268075
val,5605.tif,0.642081,23.093,0.248675
val,5606.tif,0.571585,22.3617,0.295513
val,5607.tif,0.727679,25.1068,0.240337
val,5608.tif,0.532908,22.0655,0.304609
val,5609.tif,0.600132,23.2785,0.248616
val,561.tif,0.537896,18.4658,0.306438
val,5610.tif,0.48551,20.8825,0.270199
val,5611.tif,0.475793,21.1874,0.39101
val,5612.tif,0.491925,21.2641,0.257371
val,5613.tif,0.590633,23.0671,0.251232
val,5614.tif,0.629511,21.7235,0.256081
val,5615.tif,0.554631,22.0161,0.241612
val,5616.tif,0.547546,18.4303,0.319385
val,5617.tif,0.631664,21.5529,0.289018
val,5618.tif,0.551747,23.0258,0.252165
val,5619.tif,0.574982,22.4824,0.231843
val,562.tif,0.64375,21.9428,0.27236
val,5620.tif,0.533409,20.6856,0.326852
val,5621.tif,0.609723,22.8541,0.277015
val,5622.tif,0.602987,23.3894,0.262999
val,5623.tif,0.512366,21.1948,0.244845
val,5624.tif,0.709026,22.4599,0.232016
val,5625.tif,0.738755,23.4656,0.245516
val,5626.tif,0.540059,21.9563,0.283206
val,5627.tif,0.505513,21.0554,0.26047
val,5628.tif,0.538454,22.7342,0.279691
val,5629.tif,0.633806,22.5972,0.24822
val,563.tif,0.55096,21.2518,0.252586
val,5630.tif,0.593866,21.5358,0.285068
val,5631.tif,0.501549,22.6049,0.265636
val,5632.tif,0.617233,23.6801,0.25039
val,5633.tif,0.473251,21.5095,0.287776
val,5634.tif,0.652505,23.6255,0.244729
val,5635.tif,0.566389,22.2993,0.27736
val,5636.tif,0.588326,22.6994,0.236429
val,5637.tif,0.546707,21.3599,0.269411
val,5638.tif,0.41428,19.699,0.289891
val,5639.tif,0.621459,20.4615,0.276892
val,564.tif,0.539559,20.0123,0.277834
val,5640.tif,0.698829,22.3709,0.274641
val,5641.tif,0.674154,23.1064,0.225786
val,5642.tif,0.546279,22.3735,0.302467
val,5643.tif,0.636226,23.8161,0.260037
val,5644.tif,0.547315,21.3851,0.283405
val,5645.tif,0.516875,20.3613,0.284867
val,5646.tif,0.569915,22.7686,0.262028
val,5647.tif,0.426726,19.8093,0.302441
val,5648.tif,0.513957,19.9583,0.25761
val,5649.tif,0.605102,21.9258,0.247792
val,565.tif,0.546347,20.8682,0.237648
val,5650.tif,0.602169,22.8792,0.250854
val,5651.tif,0.543059,21.2227,0.244005
val,5652.tif,0.606218,21.4491,0.319597
val,5653.tif,0.667023,24.3005,0.214539
val,5654.tif,0.526272,22.4908,0.267488
val,5655.tif,0.529677,22.2822,0.266255
val,5656.tif,0.529653,22.2981,0.244344
val,5657.tif,0.622984,22.154,0.225928
val,5658.tif,0.483583,21.1617,0.248646
val,5659.tif,0.647759,22.5832,0.289155
val,566.tif,0.827409,25.1052,0.239721
val,5660.tif,0.534677,21.2105,0.280198
val,5661.tif,0.669351,23.1876,0.290455
val,5662.tif,0.785487,22.5034,0.268449
val,5663.tif,0.541808,19.8975,0.299385
val,5664.tif,0.589566,22.808,0.259192
val,5665.tif,0.655207,23.1426,0.243936
val,5666.tif,0.642059,22.8953,0.255466
val,5667.tif,0.65082,23.1211,0.21656
val,5668.tif,0.504514,21.2004,0.267006
val,5669.tif,0.610204,23.5756,0.23159
val,567.tif,0.539227,17.9404,0.250469
val,5670.tif,0.607792,23.0308,0.378222
val,5671.tif,0.47721,20.4238,0.278231
val,5672.tif,0.627422,22.1781,0.308675
val,5673.tif,0.471391,20.0361,0.293846
val,5674.tif,0.634198,21.4671,0.26649
val,5675.tif,0.680967,24.2284,0.221602
val,5676.tif,0.482548,21.5245,0.266713
val,5677.tif,0.522049,21.1035,0.322898
val,5678.tif,0.669635,22.6037,0.259688
val,5679.tif,0.679929,23.3595,0.228765
val,568.tif,0.688436,23.0097,0.237241
val,5680.tif,0.515967,19.8084,0.297931
val,5681.tif,0.623438,21.2702,0.256036
val,5682.tif,0.747088,20.9627,0.232966
val,5683.tif,0.650007,22.6035,0.236513
val,5684.tif,0.638313,21.9569,0.352368
val,5685.tif,0.708895,23.4012,0.250007
val,5686.tif,0.522138,20.2909,0.3339
val,5687.tif,0.619157,21.9163,0.282863
val,5688.tif,0.606164,22.6815,0.268427
val,5689.tif,0.60925,22.5079,0.244853
val,569.tif,0.55812,17.1952,0.301549
val,5690.tif,0.658617,18.2119,0.263525
val,5691.tif,0.58682,21.6372,0.255582
val,5692.tif,0.59491,22.0347,0.285706
val,5693.tif,0.56331,20.9438,0.285141
val,5694.tif,0.68182,21.5305,0.249488
val,5695.tif,0.663207,23.0267,0.222824
val,5696.tif,0.54436,21.1946,0.262998
val,5697.tif,0.558798,22.4566,0.254872
val,5698.tif,0.580826,21.1323,0.300392
val,5699.tif,0.668102,24.7944,0.267657
val,57.tif,0.545573,18.2958,0.25346
val,570.tif,0.470844,13.9654,0.351931
val,5700.tif,0.520437,21.3729,0.261633
val,5701.tif,0.50256,18.9775,0.279285
val,5702.tif,0.57478,21.5407,0.267938
val,5703.tif,0.567312,21.4157,0.299657
val,5704.tif,0.539245,20.9456,0.285657
val,5705.tif,0.526201,20.5582,0.323443
val,5706.tif,0.646558,21.3143,0.243573
val,5707.tif,0.668797,23.1608,0.29662
val,5708.tif,0.726959,22.2705,0.219841
val,5709.tif,0.659669,21.7716,0.231741
val,571.tif,0.509871,21.3771,0.342771
val,5710.tif,0.590333,21.7675,0.258832
val,5711.tif,0.546421,21.0962,0.281819
val,5712.tif,0.53305,21.4771,0.242772
val,5713.tif,0.581993,23.0795,0.285741
val,5714.tif,0.509991,20.9903,0.258295
val,5715.tif,0.506593,20.5347,0.323941
val,5716.tif,0.618776,21.257,0.239132
val,5717.tif,0.618751,22.9102,0.235095
val,5718.tif,0.703637,22.9305,0.212893
val,5719.tif,0.587389,21.0024,0.299377
val,572.tif,0.642401,21.615,0.244806
val,5720.tif,0.599502,22.7687,0.244068
val,5721.tif,0.544807,19.7818,0.286397
val,5722.tif,0.757671,23.6072,0.200304
val,5723.tif,0.684549,22.9403,0.240195
val,5724.tif,0.626667,24.0698,0.270756
val,5725.tif,0.519033,21.4092,0.257497
val,5726.tif,0.546256,17.7588,0.310117
val,5727.tif,0.576863,21.4738,0.26909
val,5728.tif,0.594005,22.5679,0.279155
val,5729.tif,0.634687,21.6989,0.244094
val,573.tif,0.434289,20.0041,0.268416
val,5730.tif,0.573054,22.431,0.281455
val,5731.tif,0.549128,18.6895,0.286107
val,5732.tif,0.501675,21.3723,0.28081
val,5733.tif,0.681792,22.8305,0.249863
val,5734.tif,0.601125,20.6382,0.251742
val,5735.tif,0.529174,20.3215,0.253908
val,5736.tif,0.548082,19.2177,0.333657
val,5737.tif,0.554799,21.5398,0.273545
val,5738.tif,0.666244,24.1655,0.232241
val,5739.tif,0.812503,23.826,0.194039
val,574.tif,0.578011,17.76,0.289849
val,5740.tif,0.589956,23.5505,0.302557
val,5741.tif,0.54151,21.7016,0.277851
val,5742.tif,0.658351,22.2633,0.242763
val,5743.tif,0.596548,21.5047,0.250679
val,5744.tif,0.633617,21.504,0.235022
val,5745.tif,0.625659,22.1872,0.239692
val,5746.tif,0.608888,22.0762,0.27612
val,5747.tif,0.52252,20.7068,0.256469
val,5748.tif,0.610631,23.3388,0.248716
val,5749.tif,0.539517,21.3425,0.26175
val,575.tif,0.455023,20.6207,0.314812
val,5750.tif,0.615414,21.8969,0.220268
val,5751.tif,0.508148,20.0058,0.272956
val,5752.tif,0.740681,24.7446,0.414657
val,5753.tif,0.474195,20.6849,0.322822
val,5754.tif,0.634146,22.3876,0.225723
val,5755.tif,0.653477,23.6481,0.229194
val,5756.tif,0.625758,19.592,0.24966
val,5757.tif,0.568185,19.7127,0.276186
val,5758.tif,0.752701,23.2994,0.203178
val,5759.tif,0.523257,20.7005,0.309747
val,576.tif,0.682942,21.58,0.261973
val,5760.tif,0.591018,23.0298,0.222651
val,5761.tif,0.505972,19.7625,0.290824
val,5762.tif,0.617161,22.9512,0.217369
val,5763.tif,0.483609,18.858,0.31642
val,5764.tif,0.5401,21.2986,0.282903
val,5765.tif,0.539927,20.9549,0.311451
val,5766.tif,0.518291,21.1688,0.232361
val,5767.tif,0.616632,23.0557,0.236568
val,5768.tif,0.750984,24.633,0.196109
val,5769.tif,0.658125,22.8047,0.213226
val,577.tif,0.696338,20.8247,0.241757
val,5770.tif,0.670022,21.7034,0.300047
val,5771.tif,0.492859,20.3035,0.264721
val,5772.tif,0.545091,20.4878,0.272511
val,5773.tif,0.547502,20.2345,0.249302
val,5774.tif,0.571662,20.5533,0.331058
val,5775.tif,0.554267,21.5722,0.257648
val,5776.tif,0.669039,22.8986,0.330023
val,5777.tif,0.545575,21.9246,0.268893
val,5778.tif,0.561442,21.5296,0.284912
val,5779.tif,0.551629,22.8664,0.232496
val,578.tif,0.562158,18.9373,0.334607
val,5780.tif,0.616425,21.5458,0.269288
val,5781.tif,0.799563,22.0325,0.245142
val,5782.tif,0.452732,19.7658,0.270463
val,5783.tif,0.594974,21.8848,0.302083
val,5784.tif,0.572482,22.0155,0.238257
val,5785.tif,0.530473,21.4026,0.272532
val,5786.tif,0.551363,20.4716,0.244956
val,5787.tif,0.547146,19.9746,0.284498
val,5788.tif,0.58,22.7519,0.301819
val,5789.tif,0.572218,22.2124,0.287251
val,579.tif,0.57528,21.3167,0.282491
val,5790.tif,0.514351,19.954,0.273351
val,5791.tif,0.519589,21.3944,0.287242
val,5792.tif,0.569082,21.1854,0.270497
val,5793.tif,0.597223,22.2872,0.283821
val,5794.tif,0.510853,20.1723,0.273262
val,5795.tif,0.686039,23.0027,0.279801
val,5796.tif,0.832552,23.968,0.276178
val,5797.tif,0.543732,21.1712,0.231695
val,5798.tif,0.488418,20.1084,0.291111
val,5799.tif,0.62808,20.6491,0.256985
val,58.tif,0.4994,21.2628,0.25723
val,580.tif,0.646261,23.0496,0.303041
val,5800.tif,0.807197,23.1822,0.197365
val,5801.tif,0.545901,22.3997,0.249682
val,5802.tif,0.678205,23.0864,0.248515
val,5803.tif,0.479456,20.5234,0.26042
val,5804.tif,0.662369,19.6671,0.267481
val,5805.tif,0.624296,22.6345,0.252122
val,5806.tif,0.606832,21.0496,0.318484
val,5807.tif,0.553829,18.7712,0.309406
val,5808.tif,0.587845,17.7207,0.312208
val,5809.tif,0.504643,21.3481,0.238338
val,581.tif,0.526004,18.3616,0.309692
val,5810.tif,0.594808,22.7314,0.246621
val,5811.tif,0.601751,23.7539,0.260257
val,5812.tif,0.525404,20.8062,0.28556
val,5813.tif,0.613147,21.0442,0.319279
val,5814.tif,0.573406,21.192,0.22756
val,5815.tif,0.577511,21.6776,0.294894
val,5816.tif,0.558505,22.0156,0.287556
val,5817.tif,0.616478,21.7388,0.264398
val,5818.tif,0.59618,23.0284,0.240997
val,5819.tif,0.479882,20.275,0.30047
val,582.tif,0.498362,19.7561,0.238388
val,5820.tif,0.598196,19.064,0.303646
val,5821.tif,0.520849,20.8434,0.284029
val,5822.tif,0.534186,20.4082,0.240227
val,5823.tif,0.55001,21.4907,0.237318
val,5824.tif,0.643254,20.3551,0.267218
val,5825.tif,0.580154,21.783,0.299299
val,5826.tif,0.796422,23.0799,0.242273
val,5827.tif,0.672323,23.4227,0.235321
val,5828.tif,0.676914,22.2919,0.306733
val,5829.tif,0.51598,20.8126,0.234051
val,583.tif,0.564025,20.1722,0.26357
val,5830.tif,0.599171,21.4605,0.239207
val,5831.tif,0.607116,21.8546,0.226396
val,5832.tif,0.603178,22.0549,0.247728
val,5833.tif,0.6146,22.13,0.241517
val,5834.tif,0.599568,24.3484,0.258294
val,5835.tif,0.595357,22.2292,0.279458
val,5836.tif,0.494957,20.4957,0.257425
val,5837.tif,0.584944,21.9721,0.246865
val,5838.tif,0.543295,21.2268,0.302225
val,5839.tif,0.47963,20.9819,0.295593
val,584.tif,0.595726,23.0496,0.203697
val,5840.tif,0.566439,21.8262,0.268001
val,5841.tif,0.576298,21.1184,0.255847
val,5842.tif,0.68171,22.5775,0.192436
val,5843.tif,0.548404,22.5048,0.27046
val,5844.tif,0.551796,21.0889,0.275729
val,5845.tif,0.597586,21.5426,0.255994
val,5846.tif,0.717967,22.2631,0.226297
val,5847.tif,0.508038,20.2809,0.279681
val,5848.tif,0.636723,24.3026,0.255635
val,5849.tif,0.494247,20.2016,0.251447
val,585.tif,0.489828,20.4515,0.336167
val,5850.tif,0.749477,23.9983,0.220061
val,5851.tif,0.531305,21.5449,0.287372
val,5852.tif,0.567239,20.2599,0.268545
val,5853.tif,0.545578,22.2585,0.264945
val,5854.tif,0.531548,20.1463,0.268309
val,5855.tif,0.524471,18.4058,0.29746
val,5856.tif,0.718757,23.246,0.238531
val,5857.tif,0.659395,22.3949,0.224318
val,5858.tif,0.506529,21.0689,0.232399
val,5859.tif,0.552631,19.4668,0.295322
val,586.tif,0.516339,20.2353,0.3054
val,5860.tif,0.63663,19.4506,0.247606
val,5861.tif,0.591464,21.5374,0.246037
val,5862.tif,0.62838,22.4857,0.287021
val,5863.tif,0.550964,21.519,0.248038
val,5864.tif,0.552458,22.3512,0.24582
val,5865.tif,0.655141,23.2633,0.261385
val,5866.tif,0.649818,23.7136,0.231023
val,5867.tif,0.578347,21.8426,0.275575
val,5868.tif,0.67506,22.8497,0.26556
val,5869.tif,0.609995,23.834,0.296385
val,587.tif,0.59642,20.5257,0.296047
val,5870.tif,0.562855,20.4117,0.289367
val,5871.tif,0.602925,22.8567,0.249086
val,5872.tif,0.749215,22.5108,0.214442
val,5873.tif,0.555302,20.8793,0.247861
val,5874.tif,0.533134,19.393,0.336843
val,5875.tif,0.580552,21.5273,0.284179
val,5876.tif,0.649187,19.2868,0.286777
val,5877.tif,0.663453,21.7105,0.230812
val,5878.tif,0.635036,24.2712,0.2664
val,5879.tif,0.66408,23.5808,0.231978
val,588.tif,0.540542,19.5162,0.262286
val,5880.tif,0.485783,19.6653,0.291472
val,5881.tif,0.575805,18.9413,0.249512
val,5882.tif,0.459671,17.9476,0.284133
val,5883.tif,0.634422,24.6125,0.274967
val,5884.tif,0.579374,22.6519,0.271902
val,5885.tif,0.532218,19.5163,0.27535
val,5886.tif,0.698354,22.8259,0.229505
val,5887.tif,0.520801,20.4826,0.296122
val,5888.tif,0.53859,21.0877,0.259489
val,5889.tif,0.544722,20.3121,0.305472
val,589.tif,0.505006,20.6593,0.232468
val,5890.tif,0.585327,21.0562,0.232383
val,5891.tif,0.692084,23.3558,0.259471
val,5892.tif,0.55147,21.1601,0.253677
val,5893.tif,0.571782,22.052,0.255923
val,5894.tif,0.53628,21.2587,0.28749
val,5895.tif,0.561428,21.1904,0.247955
val,5896.tif,0.558862,21.71,0.253201
val,5897.tif,0.618448,22.0023,0.253191
val,5898.tif,0.626497,22.9066,0.210643
val,5899.tif,0.66046,23.4365,0.253298
val,59.tif,0.765886,23.8384,0.290605
val,590.tif,0.574574,19.5618,0.26763
val,5900.tif,0.559244,20.5402,0.255038
val,5901.tif,0.546658,18.0181,0.332365
val,5902.tif,0.555294,21.6013,0.234514
val,5903.tif,0.519131,20.9088,0.293012
val,5904.tif,0.749285,21.5758,0.303977
val,5905.tif,0.568079,20.9357,0.264355
val,5906.tif,0.634993,22.0344,0.227075
val,5907.tif,0.564818,17.9192,0.29156
val,5908.tif,0.616693,23.1338,0.262858
val,5909.tif,0.614919,22.5613,0.240902
val,591.tif,0.615241,19.7885,0.317489
val,5910.tif,0.545474,21.889,0.24557
val,5911.tif,0.608331,23.7807,0.318134
val,5912.tif,0.540682,18.9767,0.308544
val,5913.tif,0.647733,22.8213,0.306828
val,5914.tif,0.690309,22.9815,0.215372
val,5915.tif,0.495258,20.1339,0.32712
val,5916.tif,0.509694,21.3455,0.25635
val,5917.tif,0.668105,23.8524,0.224596
val,5918.tif,0.485991,19.0255,0.325762
val,5919.tif,0.630307,22.7756,0.232564
val,592.tif,0.653672,18.8086,0.278595
val,5920.tif,0.515543,20.7652,0.28093
val,5921.tif,0.542245,20.1814,0.307151
val,5922.tif,0.544805,20.4703,0.293969
val,5923.tif,0.577789,21.9111,0.226631
val,5924.tif,0.575062,21.7079,0.283175
val,5925.tif,0.513236,18.823,0.289918
val,5926.tif,0.687202,21.3574,0.22632
val,5927.tif,0.592019,22.5317,0.246722
val,5928.tif,0.558206,18.4414,0.295485
val,5929.tif,0.617998,22.8473,0.283949
val,593.tif,0.490545,19.2173,0.300481
val,5930.tif,0.670141,22.3749,0.25486
val,5931.tif,0.624904,22.6361,0.277071
val,5932.tif,0.667271,23.509,0.223815
val,5933.tif,0.570259,22.2631,0.248535
val,5934.tif,0.56795,22.2571,0.265937
val,5935.tif,0.485641,18.7015,0.300604
val,5936.tif,0.447069,19.5564,0.273589
val,5937.tif,0.596312,21.4038,0.278732
val,5938.tif,0.630311,23.9516,0.252101
val,5939.tif,0.674725,23.5381,0.224903
val,594.tif,0.600227,17.8676,0.313053
val,5940.tif,0.648851,22.6972,0.240378
val,5941.tif,0.611299,23.5239,0.248132
val,5942.tif,0.609812,22.6176,0.274601
val,5943.tif,0.459958,20.0625,0.316738
val,5944.tif,0.610306,23.2245,0.233843
val,5945.tif,0.586673,20.8827,0.306025
val,5946.tif,0.728347,23.0645,0.280395
val,5947.tif,0.515931,20.3606,0.277986
val,5948.tif,0.760018,23.8996,0.205706
val,5949.tif,0.611199,22.8053,0.242324
val,595.tif,0.64381,24.1177,0.268516
val,5950.tif,0.61963,22.6986,0.252977
val,5951.tif,0.515539,20.9892,0.257592
val,5952.tif,0.67517,21.8937,0.231517
val,5953.tif,0.523714,21.6413,0.25321
val,5954.tif,0.613003,22.968,0.244459
val,5955.tif,0.617897,21.7516,0.251354
val,5956.tif,0.749632,23.713,0.245878
val,5957.tif,0.516489,20.3536,0.296311
val,5958.tif,0.617238,21.4896,0.221402
val,5959.tif,0.570593,20.7428,0.277097
val,596.tif,0.749662,24.5749,0.249912
val,5960.tif,0.624997,22.4275,0.23861
val,5961.tif,0.547455,18.1481,0.318449
val,5962.tif,0.627386,22.0055,0.228856
val,5963.tif,0.560409,20.9302,0.279833
val,5964.tif,0.606277,21.4415,0.279984
val,5965.tif,0.534174,21.3074,0.273471
val,5966.tif,0.694066,22.6455,0.222551
val,5967.tif,0.63396,21.4724,0.280632
val,5968.tif,0.650237,23.8346,0.249023
val,5969.tif,0.569745,20.9264,0.275537
val,597.tif,0.65419,24.9688,0.266633
val,5970.tif,0.584162,19.3755,0.27987
val,5971.tif,0.538756,22.5048,0.278107
val,5972.tif,0.746947,23.4434,0.247063
val,5973.tif,0.538205,20.2735,0.272904
val,5974.tif,0.607061,22.5547,0.249448
val,5975.tif,0.576956,21.947,0.238867
val,5976.tif,0.535551,19.28,0.289648
val,5977.tif,0.522716,19.9778,0.310351
val,5978.tif,0.608813,22.015,0.246343
val,5979.tif,0.5564,19.3107,0.31436
val,598.tif,0.501461,18.9562,0.334123
val,5980.tif,0.561666,20.4877,0.25558
val,5981.tif,0.552484,20.9593,0.297428
val,5982.tif,0.543991,22.0283,0.258791
val,5983.tif,0.66641,24.467,0.233665
val,5984.tif,0.612567,22.3766,0.259456
val,5985.tif,0.518828,21.0488,0.256873
val,5986.tif,0.676134,23.7798,0.276288
val,5987.tif,0.560599,21.2244,0.316053
val,5988.tif,0.53671,20.1129,0.351428
val,5989.tif,0.689362,23.131,0.194836
val,599.tif,0.578195,21.1735,0.302908
val,5990.tif,0.542373,21.1563,0.247972
val,5991.tif,0.521926,20.7651,0.280996
val,5992.tif,0.513592,23.0196,0.276605
val,5993.tif,0.562485,22.5704,0.338053
val,5994.tif,0.745664,22.5296,0.268219
val,5995.tif,0.543293,21.0327,0.272753
val,5996.tif,0.665231,23.1144,0.22346
val,5997.tif,0.51873,21.3326,0.27674
val,5998.tif,0.58166,21.6668,0.290408
val,5999.tif,0.54314,21.0682,0.232231
val,6.tif,0.624028,21.4757,0.25019
val,60.tif,0.417308,14.4942,0.329193
val,600.tif,0.556689,19.1314,0.271539
val,6000.tif,0.766654,24.3108,0.2512
val,6001.tif,0.565504,21.15,0.2997
val,6002.tif,0.636672,20.0926,0.275003
val,6003.tif,0.659225,20.5278,0.327183
val,6004.tif,0.560268,21.1873,0.276837
val,6005.tif,0.671473,21.9843,0.227589
val,6006.tif,0.553628,20.9811,0.27086
val,6007.tif,0.575488,21.0442,0.256146
val,6008.tif,0.500663,18.6655,0.29951
val,6009.tif,0.535646,20.3854,0.30711
val,601.tif,0.614071,23.5148,0.230038
val,6010.tif,0.629399,24.1032,0.216198
val,6011.tif,0.570723,20.9286,0.339604
val,6012.tif,0.591123,22.8904,0.242629
val,6013.tif,0.671772,21.9259,0.244728
val,6014.tif,0.594851,20.5266,0.254613
val,6015.tif,0.527767,20.2275,0.266464
val,6016.tif,0.584591,20.9252,0.250437
val,6017.tif,0.682527,20.0456,0.346689
val,6018.tif,0.574402,21.2901,0.246376
val,6019.tif,0.444493,18.8206,0.286693
val,602.tif,0.721801,21.6773,0.233581
val,6020.tif,0.592893,22.0917,0.250099
val,6021.tif,0.492057,21.1358,0.238955
val,6022.tif,0.538255,19.8851,0.302131
val,6023.tif,0.675832,23.87,0.226321
val,6024.tif,0.499239,20.8846,0.288677
val,6025.tif,0.575255,21.6802,0.247203
val,6026.tif,0.605313,22.528,0.24908
val,6027.tif,0.608114,21.427,0.361895
val,6028.tif,0.634929,22.2401,0.257814
val,6029.tif,0.521289,21.9431,0.26663
val,603.tif,0.68262,22.5161,0.264609
val,6030.tif,0.542698,20.8423,0.305567
val,6031.tif,0.583731,22.978,0.254627
val,6032.tif,0.587672,22.7085,0.276526
val,6033.tif,0.543186,21.7896,0.265527
val,6034.tif,0.564077,21.959,0.302982
val,6035.tif,0.679266,23.5942,0.250842
val,6036.tif,0.678958,21.5539,0.246686
val,6037.tif,0.668515,23.7088,0.268621
val,6038.tif,0.576344,22.3287,0.282042
val,6039.tif,0.686288,24.5376,0.225578
val,604.tif,0.591643,22.4319,0.276728
val,6040.tif,0.542681,21.7577,0.274542
val,6041.tif,0.605601,22.4801,0.293862
val,6042.tif,0.633898,19.8477,0.241971
val,6043.tif,0.617615,22.6883,0.305098
val,6044.tif,0.610637,22.0269,0.321757
val,6045.tif,0.568518,21.1749,0.321662
val,6046.tif,0.759946,23.9976,0.283837
val,6047.tif,0.5434,19.8437,0.297144
val,6048.tif,0.53644,21.2688,0.29381
val,6049.tif,0.66244,22.8287,0.264759
val,605.tif,0.55671,23.1343,0.297919
val,6050.tif,0.717603,22.9935,0.21072
val,6051.tif,0.491266,18.7049,0.293329
val,6052.tif,0.585846,20.7545,0.276039
val,6053.tif,0.658955,23.6361,0.247673
val,6054.tif,0.579542,22.2649,0.274524
val,6055.tif,0.595858,22.1617,0.276265
val,6056.tif,0.685877,24.8845,0.223259
val,6057.tif,0.616625,23.0038,0.260863
val,6058.tif,0.50363,20.1649,0.313792
val,6059.tif,0.667677,24.3343,0.245302
val,606.tif,0.474313,18.5458,0.405011
val,6060.tif,0.627751,21.8439,0.256804
val,6061.tif,0.66144,22.7798,0.228946
val,6062.tif,0.546613,21.8986,0.264877
val,6063.tif,0.589875,20.7495,0.243389
val,6064.tif,0.541566,20.1656,0.318985
val,6065.tif,0.680581,22.987,0.210003
val,6066.tif,0.573048,22.5184,0.325125
val,6067.tif,0.483581,19.3985,0.277436
val,6068.tif,0.562791,20.0584,0.29808
val,6069.tif,0.675326,23.8155,0.24194
val,607.tif,0.562182,19.2862,0.307361
val,6070.tif,0.564851,20.4368,0.292351
val,6071.tif,0.561993,17.6151,0.335596
val,6072.tif,0.532327,20.7549,0.41345
val,6073.tif,0.605559,22.4685,0.298278
val,6074.tif,0.583967,21.4822,0.294978
val,6075.tif,0.597726,23.4976,0.259902
val,6076.tif,0.648249,22.2717,0.271674
val,6077.tif,0.647089,23.1019,0.207885
val,6078.tif,0.607462,22.3673,0.255207
val,6079.tif,0.733064,22.9292,0.219406
val,608.tif,0.506328,20.9118,0.312672
val,6080.tif,0.512615,20.6355,0.327827
val,6081.tif,0.504865,20.6277,0.270181
val,6082.tif,0.688526,24.2914,0.201322
val,6083.tif,0.650276,23.9918,0.206324
val,6084.tif,0.480085,18.4699,0.310518
val,6085.tif,0.624622,23.1908,0.194915
val,6086.tif,0.574273,21.8505,0.281232
val,6087.tif,0.539315,20.9609,0.307537
val,6088.tif,0.544585,21.6169,0.28094
val,6089.tif,0.709467,25.0553,0.230517
val,609.tif,0.685737,23.6017,0.240447
val,6090.tif,0.621338,22.4263,0.279572
val,6091.tif,0.621291,21.0385,0.256793
val,6092.tif,0.756863,23.8321,0.250636
val,6093.tif,0.566351,22.2858,0.251266
val,6094.tif,0.542425,21.0872,0.305943
val,6095.tif,0.509276,19.3186,0.30761
val,6096.tif,0.526542,22.5579,0.307168
val,6097.tif,0.58711,19.0566,0.264975
val,6098.tif,0.524831,18.8993,0.32303
val,6099.tif,0.676927,21.1232,0.221057
val,61.tif,0.549651,21.2249,0.2759
val,610.tif,0.568052,20.9979,0.30539
val,6100.tif,0.519256,21.0476,0.285259
val,6101.tif,0.633471,22.5741,0.242657
val,6102.tif,0.521151,20.9054,0.254509
val,6103.tif,0.593385,22.5653,0.261779
val,6104.tif,0.550049,20.893,0.27691
val,6105.tif,0.655972,24.5549,0.263291
val,6106.tif,0.67669,23.8847,0.208436
val,6107.tif,0.626389,23.6168,0.254652
val,6108.tif,0.527089,21.0191,0.272288
val,6109.tif,0.592203,22.6709,0.254775
val,611.tif,0.566315,19.9384,0.261362
val,6110.tif,0.604111,22.0529,0.313686
val,6111.tif,0.668024,23.0847,0.229042
val,6112.tif,0.580376,21.8284,0.304353
val,6113.tif,0.65156,21.7943,0.263209
val,6114.tif,0.545445,19.5852,0.287429
val,6115.tif,0.650325,22.4599,0.285965
val,6116.tif,0.644062,22.2482,0.224301
val,6117.tif,0.654229,22.4233,0.293544
val,6118.tif,0.579691,20.3745,0.29773
val,6119.tif,0.619708,22.2743,0.282445
val,612.tif,0.51364,19.9981,0.26036
val,6120.tif,0.578332,20.747,0.319245
val,6121.tif,0.541059,21.6343,0.280534
val,6122.tif,0.576352,20.0349,0.297967
val,6123.tif,0.585349,21.4937,0.256522
val,6124.tif,0.51811,21.8516,0.270291
val,6125.tif,0.527124,21.6946,0.28269
val,6126.tif,0.616268,20.7301,0.293716
val,6127.tif,0.599272,21.0911,0.259432
val,6128.tif,0.602467,22.7876,0.283056
val,6129.tif,0.675663,24.6487,0.231219
val,613.tif,0.523951,18.5215,0.254893
val,6130.tif,0.48705,20.5886,0.311384
val,6131.tif,0.607928,21.8471,0.237306
val,6132.tif,0.618507,21.3767,0.264428
val,6133.tif,0.600873,23.0053,0.297875
val,6134.tif,0.653632,22.2932,0.253912
val,6135.tif,0.534691,21.1805,0.260057
val,6136.tif,0.554871,19.938,0.269917
val,6137.tif,0.549195,21.7328,0.245202
val,6138.tif,0.567759,20.9829,0.337058
val,6139.tif,0.677095,22.3996,0.251924
val,614.tif,0.55163,19.7257,0.274412
val,6140.tif,0.624504,22.0467,0.258112
val,6141.tif,0.604868,22.5344,0.232546
val,6142.tif,0.624148,22.6023,0.238764
val,6143.tif,0.578118,20.1459,0.281072
val,6144.tif,0.647971,23.6818,0.210308
val,6145.tif,0.69327,24.1527,0.246166
val,6146.tif,0.535368,21.6121,0.287514
val,6147.tif,0.606768,22.7368,0.253745
val,6148.tif,0.531762,20.1665,0.244159
val,6149.tif,0.582661,22.4504,0.234135
val,615.tif,0.546947,19.7994,0.268792
val,6150.tif,0.746154,24.3478,0.224141
val,6151.tif,0.521152,18.8825,0.27926
val,6152.tif,0.543388,20.7773,0.264315
val,6153.tif,0.580397,21.5358,0.240027
val,6154.tif,0.728792,23.9253,0.239539
val,6155.tif,0.560715,21.7631,0.284196
val,6156.tif,0.48555,19.1619,0.276617
val,6157.tif,0.620186,20.4498,0.313304
val,6158.tif,0.522476,20.5417,0.23836
val,6159.tif,0.666429,21.7404,0.235121
val,616.tif,0.534951,21.4661,0.278971
val,6160.tif,0.659767,22.9521,0.235987
val,6161.tif,0.790013,24.3614,0.23095
val,6162.tif,0.687491,24.0396,0.235782
val,6163.tif,0.64608,22.7571,0.272336
val,6164.tif,0.521724,20.8396,0.338804
val,6165.tif,0.519116,21.0944,0.244331
val,6166.tif,0.695055,24.5978,0.23672
val,6167.tif,0.652655,22.0759,0.262515
val,6168.tif,0.658089,21.4082,0.235369
val,6169.tif,0.683775,24.4197,0.248236
val,617.tif,0.624492,21.5626,0.278277
val,6170.tif,0.6268,22.2739,0.244476
val,6171.tif,0.621551,21.5602,0.269365
val,6172.tif,0.652198,23.9601,0.259219
val,6173.tif,0.494273,20.1725,0.262176
val,6174.tif,0.635944,24.0809,0.251411
val,6175.tif,0.537496,20.4142,0.265452
val,6176.tif,0.57708,21.2461,0.307092
val,6177.tif,0.615951,21.7727,0.281055
val,6178.tif,0.652788,23.3674,0.233221
val,6179.tif,0.533321,21.339,0.276236
val,618.tif,0.519768,18.2185,0.285505
val,6180.tif,0.666775,23.3039,0.246075
val,6181.tif,0.612375,22.7075,0.237904
val,6182.tif,0.578333,21.1816,0.282829
val,6183.tif,0.509186,19.9454,0.290743
val,6184.tif,0.526329,20.4474,0.277443
val,6185.tif,0.528108,21.773,0.306596
val,6186.tif,0.725326,24.3836,0.205947
val,6187.tif,0.686666,23.4722,0.231246
val,6188.tif,0.496201,20.6792,0.27347
val,6189.tif,0.59335,22.4108,0.237114
val,619.tif,0.648823,19.7376,0.218871
val,6190.tif,0.561571,20.1829,0.275504
val,6191.tif,0.58055,21.4388,0.26823
val,6192.tif,0.550884,20.8258,0.280713
val,6193.tif,0.757213,24.3349,0.274828
val,6194.tif,0.581639,21.8112,0.236866
val,6195.tif,0.625594,23.0218,0.325305
val,6196.tif,0.667361,20.9488,0.249678
val,6197.tif,0.565168,20.9675,0.335956
val,6198.tif,0.612769,22.6486,0.253891
val,6199.tif,0.684769,22.3123,0.306614
val,62.tif,0.513494,17.6666,0.305053
val,620.tif,0.593747,21.6463,0.25919
val,6200.tif,0.532504,20.1805,0.315628
val,6201.tif,0.590357,22.0219,0.252376
val,6202.tif,0.775105,25.8423,0.317047
val,6203.tif,0.576914,20.7176,0.245387
val,6204.tif,0.615081,22.4133,0.23067
val,6205.tif,0.64386,22.4268,0.211567
val,6206.tif,0.48834,22.1963,0.307713
val,6207.tif,0.6293,23.6034,0.236207
val,6208.tif,0.638296,24.0336,0.257166
val,6209.tif,0.566678,21.2316,0.28377
val,621.tif,0.611507,20.228,0.277772
val,6210.tif,0.526539,20.2119,0.285452
val,6211.tif,0.709956,24.2669,0.189257
val,6212.tif,0.464827,20.0786,0.299661
val,6213.tif,0.642227,21.4581,0.254746
val,6214.tif,0.518658,21.9226,0.287739
val,6215.tif,0.640843,20.0332,0.233522
val,6216.tif,0.650455,22.845,0.281208
val,6217.tif,0.505754,20.2504,0.282067
val,6218.tif,0.558299,21.3918,0.301641
val,6219.tif,0.48189,20.5885,0.348808
val,622.tif,0.684469,22.4269,0.258436
val,6220.tif,0.618165,22.5025,0.262535
val,6221.tif,0.589828,21.0849,0.265937
val,6222.tif,0.600983,22.5087,0.242145
val,6223.tif,0.553429,20.9976,0.306413
val,6224.tif,0.627323,22.7374,0.25881
val,6225.tif,0.635568,22.5632,0.301387
val,6226.tif,0.704493,24.4959,0.198899
val,6227.tif,0.527814,21.8764,0.317159
val,6228.tif,0.65058,23.386,0.220422
val,6229.tif,0.528367,19.5828,0.322419
val,623.tif,0.463235,20.1371,0.352077
val,6230.tif,0.613997,23.1005,0.257132
val,6231.tif,0.564902,20.1632,0.265127
val,6232.tif,0.673466,23.9391,0.231691
val,6233.tif,0.528352,21.024,0.296449
val,6234.tif,0.567157,21.1003,0.27598
val,6235.tif,0.690112,22.7405,0.271454
val,6236.tif,0.622209,22.5725,0.256519
val,6237.tif,0.591473,22.2808,0.201739
val,6238.tif,0.654776,24.0108,0.237201
val,6239.tif,0.648721,21.3044,0.357885
val,624.tif,0.599171,21.2319,0.267389
val,6240.tif,0.654852,21.4303,0.240885
val,6241.tif,0.72169,23.8592,0.268733
val,6242.tif,0.632496,22.1219,0.223778
val,6243.tif,0.56345,21.4573,0.249322
val,6244.tif,0.650631,21.9634,0.252128
val,6245.tif,0.640574,22.9296,0.228258
val,6246.tif,0.555568,21.1781,0.304261
val,6247.tif,0.650316,23.7471,0.229146
val,6248.tif,0.676105,22.9387,0.279181
val,6249.tif,0.551349,22.5284,0.301007
val,625.tif,0.600668,23.2989,0.249691
val,6250.tif,0.590877,21.6057,0.268934
val,6251.tif,0.565447,19.9991,0.2769
val,6252.tif,0.707155,24.8563,0.249588
val,6253.tif,0.707799,24.6854,0.21867
val,6254.tif,0.621724,22.8591,0.261948
val,6255.tif,0.574794,21.1663,0.310851
val,6256.tif,0.517163,20.7669,0.317413
val,6257.tif,0.544513,20.8504,0.286167
val,6258.tif,0.567807,22.6039,0.241268
val,6259.tif,0.619432,23.2168,0.273896
val,626.tif,0.561154,20.3997,0.294162
val,6260.tif,0.588259,22.6882,0.296687
val,6261.tif,0.549702,20.6657,0.302768
val,6262.tif,0.750645,24.1015,0.231831
val,6263.tif,0.646194,22.1412,0.23154
val,6264.tif,0.67762,22.764,0.270249
val,6265.tif,0.620386,22.4697,0.238276
val,6266.tif,0.588406,21.6425,0.284265
val,6267.tif,0.517389,20.5927,0.267046
val,6268.tif,0.695635,23.5835,0.264778
val,6269.tif,0.635113,22.5908,0.224259
val,627.tif,0.532567,21.922,0.276706
val,6270.tif,0.607241,20.3878,0.243524
val,6271.tif,0.668431,22.6469,0.299054
val,6272.tif,0.730887,23.6285,0.245498
val,6273.tif,0.605378,20.8563,0.310017
val,6274.tif,0.58496,19.9018,0.290107
val,6275.tif,0.555815,21.033,0.259281
val,6276.tif,0.637522,23.3953,0.238544
val,6277.tif,0.498054,19.548,0.301781
val,6278.tif,0.575076,22.0374,0.316074
val,6279.tif,0.552608,21.8192,0.274697
val,628.tif,0.47246,20.6755,0.272136
val,6280.tif,0.53177,18.7768,0.286823
val,6281.tif,0.553802,21.0923,0.296542
val,6282.tif,0.723125,22.9671,0.247642
val,6283.tif,0.591471,21.3614,0.25098
val,6284.tif,0.654314,23.1675,0.241666
val,6285.tif,0.640871,22.3625,0.260665
val,6286.tif,0.541708,21.9385,0.248645
val,6287.tif,0.544713,20.4577,0.286212
val,6288.tif,0.512638,19.771,0.28418
val,6289.tif,0.568466,22.2761,0.310825
val,629.tif,0.529647,21.8078,0.312353
val,6290.tif,0.588786,20.8933,0.246224
val,6291.tif,0.639269,22.4321,0.237011
val,6292.tif,0.647964,23.0365,0.232607
val,6293.tif,0.466086,20.3939,0.269178
val,6294.tif,0.729381,24.1139,0.21027
val,6295.tif,0.691434,22.1809,0.247893
val,6296.tif,0.571465,21.3801,0.263563
val,6297.tif,0.695419,24.5633,0.251496
val,6298.tif,0.654516,22.6942,0.246148
val,6299.tif,0.574778,20.3678,0.284753
val,63.tif,0.540001,20.6156,0.275952
val,630.tif,0.597743,22.206,0.264432
val,6300.tif,0.513948,20.8057,0.287322
val,6301.tif,0.554753,23.1285,0.350035
val,6302.tif,0.561197,21.0771,0.296216
val,6303.tif,0.652383,23.368,0.226142
val,6304.tif,0.682069,22.7099,0.256052
val,6305.tif,0.669309,22.7311,0.219676
val,6306.tif,0.549787,20.5875,0.297383
val,6307.tif,0.503746,19.1324,0.310686
val,6308.tif,0.526921,19.2508,0.325711
val,6309.tif,0.808392,25.3281,0.220239
val,631.tif,0.527418,20.246,0.264335
val,6310.tif,0.578374,19.8432,0.284724
val,6311.tif,0.506378,20.1283,0.290796
val,6312.tif,0.606871,22.7313,0.241826
val,6313.tif,0.617348,23.3482,0.214398
val,6314.tif,0.618511,21.7946,0.311565
val,6315.tif,0.569635,17.9354,0.388069
val,6316.tif,0.634382,22.5878,0.26212
val,6317.tif,0.532121,21.3543,0.276036
val,6318.tif,0.623311,22.6909,0.24958
val,6319.tif,0.505578,20.2446,0.294893
val,632.tif,0.675121,19.4201,0.289695
val,6320.tif,0.768335,25.2287,0.203083
val,6321.tif,0.549505,20.7728,0.326915
val,6322.tif,0.546945,20.0427,0.334972
val,6323.tif,0.788306,25.883,0.203097
val,6324.tif,0.652669,23.6398,0.271514
val,6325.tif,0.525221,19.607,0.310422
val,6326.tif,0.416081,20.261,0.335581
val,6327.tif,0.46329,19.7846,0.395246
val,6328.tif,0.50542,19.2055,0.301616
val,6329.tif,0.652008,23.0302,0.260927
val,633.tif,0.428173,19.5981,0.346431
val,6330.tif,0.681518,23.3971,0.226035
val,6331.tif,0.583784,22.5793,0.274734
val,6332.tif,0.789108,20.8937,0.312009
val,6333.tif,0.665944,23.8348,0.248226
val,6334.tif,0.518076,20.717,0.305198
val,6335.tif,0.482237,20.1663,0.32721
val,6336.tif,0.499352,20.9171,0.364678
val,6337.tif,0.52181,20.7852,0.297625
val,6338.tif,0.483985,20.1758,0.304314
val,6339.tif,0.51293,18.2673,0.292967
val,634.tif,0.535814,20.9657,0.268814
val,6340.tif,0.4209,20.5846,0.346573
val,6341.tif,0.495304,21.2659,0.31664
val,6342.tif,0.485752,18.9164,0.292037
val,6343.tif,0.535567,18.6286,0.353529
val,6344.tif,0.628349,22.5967,0.24032
val,6345.tif,0.57746,20.8869,0.313223
val,6346.tif,0.606611,23.066,0.230201
val,6347.tif,0.539291,21.4947,0.276623
val,6348.tif,0.558577,20.6699,0.308577
val,6349.tif,0.473583,19.4512,0.272422
val,635.tif,0.511096,18.6182,0.291341
val,6350.tif,0.480998,19.3498,0.354908
val,6351.tif,0.522138,19.7642,0.275007
val,6352.tif,0.523412,19.213,0.351028
val,6353.tif,0.63788,22.563,0.232991
val,6354.tif,0.485764,18.8128,0.329317
val,6355.tif,0.483577,19.2692,0.349974
val,6356.tif,0.609399,20.4574,0.354644
val,6357.tif,0.604537,21.9281,0.238928
val,6358.tif,0.624911,21.8465,0.242695
val,6359.tif,0.531356,20.4159,0.366244
val,636.tif,0.571743,20.8513,0.255822
val,6360.tif,0.541262,21.2338,0.24929
val,6361.tif,0.638328,22.2356,0.303152
val,6362.tif,0.496219,19.2313,0.306556
val,6363.tif,0.614243,21.4347,0.268138
val,6364.tif,0.516399,20.3999,0.304975
val,6365.tif,0.707098,24.3989,0.22079
val,6366.tif,0.572791,18.7129,0.278476
val,6367.tif,0.67243,22.1734,0.299385
val,6368.tif,0.541657,21.6054,0.316851
val,6369.tif,0.519913,18.1911,0.297805
val,637.tif,0.564014,20.3811,0.270817
val,6370.tif,0.821618,23.227,0.24152
val,6371.tif,0.493581,19.711,0.291429
val,6372.tif,0.503806,19.056,0.310326
val,6373.tif,0.5255,20.863,0.288053
val,6374.tif,0.517034,20.8276,0.299881
val,6375.tif,0.61707,20.9068,0.341585
val,6376.tif,0.481434,19.219,0.33288
val,6377.tif,0.502502,19.9467,0.304239
val,6378.tif,0.507794,17.2515,0.361959
val,6379.tif,0.513104,19.7952,0.320095
val,638.tif,0.463415,21.2319,0.255867
val,6380.tif,0.666889,22.9372,0.253902
val,6381.tif,0.676764,23.2412,0.203594
val,6382.tif,0.555197,21.9121,0.26453
val,6383.tif,0.628413,23.1738,0.22674
val,6384.tif,0.536721,20.5084,0.245748
val,6385.tif,0.584427,21.6176,0.234804
val,6386.tif,0.684746,23.9275,0.224882
val,6387.tif,0.509024,18.286,0.294123
val,6388.tif,0.526589,18.7189,0.349484
val,6389.tif,0.620673,22.7768,0.261488
val,639.tif,0.794247,25.4012,0.255852
val,6390.tif,0.49182,18.9094,0.279716
val,6391.tif,0.543239,20.7063,0.358543
val,6392.tif,0.511559,18.7715,0.305397
val,6393.tif,0.512564,18.9778,0.281848
val,6394.tif,0.482771,18.5326,0.355642
val,6395.tif,0.547892,18.9699,0.330692
val,6396.tif,0.646486,19.6083,0.236773
val,6397.tif,0.638556,20.1113,0.268945
val,6398.tif,0.49486,18.499,0.341835
val,6399.tif,0.627801,19.6864,0.363863
val,64.tif,0.586241,21.6862,0.286375
val,640.tif,0.470788,20.2138,0.303483
val,6400.tif,0.562672,19.2671,0.299201
val,6401.tif,0.540957,19.7997,0.309842
val,6402.tif,0.53892,18.369,0.324882
val,6403.tif,0.654862,22.252,0.268049
val,6404.tif,0.523666,17.7644,0.303571
val,6405.tif,0.597949,20.1103,0.309424
val,6406.tif,0.678697,24.2537,0.214682
val,6407.tif,0.722376,20.4386,0.226097
val,6408.tif,0.582059,20.8151,0.279697
val,6409.tif,0.477756,18.8013,0.357511
val,641.tif,0.52679,19.6205,0.297207
val,6410.tif,0.522114,18.6341,0.352188
val,6411.tif,0.57541,18.9178,0.276325
val,6412.tif,0.547786,20.3181,0.290505
val,6413.tif,0.560722,20.933,0.299054
val,6414.tif,0.521099,21.0885,0.262914
val,6415.tif,0.624444,23.1002,0.215811
val,6416.tif,0.573949,20.9536,0.254128
val,6417.tif,0.581404,21.5294,0.303524
val,6418.tif,0.522202,19.9362,0.296084
val,6419.tif,0.565305,20.8017,0.313562
val,642.tif,0.497466,18.6806,0.293682
val,6420.tif,0.67283,20.5439,0.286686
val,6421.tif,0.628643,18.784,0.314096
val,6422.tif,0.52645,19.1655,0.309365
val,6423.tif,0.631599,21.4223,0.261504
val,6424.tif,0.500524,19.8904,0.3318
val,6425.tif,0.52125,20.4016,0.293942
val,6426.tif,0.683913,23.3097,0.224829
val,6427.tif,0.546504,21.479,0.319864
val,6428.tif,0.682027,22.1596,0.287361
val,6429.tif,0.476983,17.2132,0.339543
val,643.tif,0.626178,19.9168,0.281702
val,6430.tif,0.590969,22.1193,0.247627
val,6431.tif,0.546981,20.1206,0.289224
val,6432.tif,0.640818,24.4429,0.229182
val,6433.tif,0.514142,17.4823,0.37444
val,6434.tif,0.557891,20.2014,0.272695
val,6435.tif,0.444379,20.8734,0.357061
val,6436.tif,0.508118,21.5072,0.27774
val,6437.tif,0.683368,20.1628,0.269938
val,6438.tif,0.48283,17.9561,0.284427
val,6439.tif,0.670204,20.2257,0.294793
val,644.tif,0.505904,21.7011,0.334689
val,6440.tif,0.734226,22.34,0.242734
val,6441.tif,0.567794,20.8245,0.282986
val,6442.tif,0.583294,21.1752,0.2369
val,6443.tif,0.505561,19.1044,0.293637
val,6444.tif,0.520883,19.8769,0.329077
val,6445.tif,0.811678,23.9343,0.27587
val,6446.tif,0.506157,19.467,0.382422
val,6447.tif,0.527401,20.37,0.307887
val,6448.tif,0.515922,18.855,0.331954
val,6449.tif,0.717861,19.9524,0.312095
val,645.tif,0.560778,20.3498,0.297568
val,6450.tif,0.432813,18.568,0.341397
val,6451.tif,0.56729,19.1857,0.289251
val,6452.tif,0.664719,23.1926,0.223453
val,6453.tif,0.595689,21.3576,0.255539
val,6454.tif,0.65361,24.1094,0.212696
val,6455.tif,0.531464,20.6271,0.28265
val,6456.tif,0.56588,21.4759,0.31578
val,6457.tif,0.637002,21.6507,0.272104
val,6458.tif,0.642048,19.5641,0.263453
val,6459.tif,0.613493,19.4677,0.289133
val,646.tif,0.668826,21.8968,0.232317
val,6460.tif,0.593414,22.152,0.224461
val,6461.tif,0.504396,21.4867,0.294017
val,6462.tif,0.696159,21.3967,0.243183
val,6463.tif,0.773563,21.2851,0.218594
val,6464.tif,0.751346,20.2427,0.332449
val,6465.tif,0.499074,19.7256,0.299705
val,6466.tif,0.531183,17.4996,0.344535
val,6467.tif,0.555651,19.4566,0.310944
val,6468.tif,0.813496,25.5629,0.24128
val,6469.tif,0.700876,24.4414,0.216505
val,647.tif,0.575554,20.8613,0.231384
val,6470.tif,0.563849,20.6717,0.263505
val,6471.tif,0.687418,23.902,0.227804
val,6472.tif,0.644634,24.4196,0.234163
val,6473.tif,0.624873,22.5617,0.284096
val,6474.tif,0.5243,21.4328,0.253799
val,6475.tif,0.790808,23.4172,0.249419
val,6476.tif,0.445611,19.9889,0.292243
val,6477.tif,0.628503,22.9945,0.24816
val,6478.tif,0.524098,19.9498,0.263171
val,6479.tif,0.523485,19.7581,0.250702
val,648.tif,0.586261,21.1162,0.243828
val,6480.tif,0.658368,23.0779,0.20263
val,6481.tif,0.687539,23.9744,0.188468
val,6482.tif,0.652624,24.2107,0.282944
val,6483.tif,0.539835,21.6348,0.232845
val,6484.tif,0.661911,23.1224,0.247245
val,6485.tif,0.559565,21.4187,0.264823
val,6486.tif,0.671304,23.8855,0.226514
val,6487.tif,0.558981,22.0848,0.256219
val,6488.tif,0.571119,22.7571,0.326241
val,6489.tif,0.510744,20.6563,0.258073
val,649.tif,0.563724,17.8492,0.265704
val,6490.tif,0.595368,22.2646,0.292492
val,6491.tif,0.590456,22.7208,0.255588
val,6492.tif,0.607369,22.7367,0.226166
val,6493.tif,0.589235,19.3864,0.290324
val,6494.tif,0.484148,21.4576,0.275373
val,6495.tif,0.555373,21.1854,0.318871
val,6496.tif,0.547775,19.9446,0.270738
val,6497.tif,0.63212,23.5517,0.218317
val,6498.tif,0.686402,24.598,0.227575
val,6499.tif,0.669517,24.4827,0.243564
val,65.tif,0.567586,22.8644,0.271083
val,650.tif,0.660589,24.6564,0.251464
val,6500.tif,0.62373,22.4061,0.282464
val,6501.tif,0.531496,22.1115,0.221674
val,6502.tif,0.613593,22.5114,0.296352
val,6503.tif,0.506861,20.3006,0.291794
val,6504.tif,0.675575,23.5229,0.218262
val,6505.tif,0.742593,24.5023,0.1989
val,6506.tif,0.661591,23.5809,0.220888
val,6507.tif,0.535918,22.697,0.229976
val,6508.tif,0.700979,24.5425,0.292115
val,6509.tif,0.505854,21.8167,0.243475
val,651.tif,0.528819,21.0138,0.298349
val,6510.tif,0.60436,22.7762,0.256557
val,6511.tif,0.574324,20.9496,0.267018
val,6512.tif,0.668951,24.0079,0.255088
val,6513.tif,0.700417,21.3302,0.215725
val,6514.tif,0.726393,23.5037,0.237951
val,6515.tif,0.631642,23.2355,0.296117
val,6516.tif,0.551756,19.6821,0.342055
val,6517.tif,0.613257,21.5804,0.23945
val,6518.tif,0.562246,22.1377,0.264902
val,6519.tif,0.619112,20.815,0.258389
val,652.tif,0.813963,23.438,0.266901
val,6520.tif,0.678396,21.2968,0.374387
val,6521.tif,0.553962,19.4225,0.275838
val,6522.tif,0.572046,21.2083,0.25705
val,6523.tif,0.50595,20.6368,0.233951
val,6524.tif,0.74407,25.4707,0.23388
val,6525.tif,0.590108,22.933,0.232024
val,6526.tif,0.66474,23.4166,0.241572
val,6527.tif,0.505613,18.831,0.276174
val,6528.tif,0.586883,24.0539,0.251979
val,6529.tif,0.696188,24.7849,0.214582
val,653.tif,0.480333,19.8937,0.282378
val,6530.tif,0.639026,23.0966,0.231927
val,6531.tif,0.647437,23.192,0.224402
val,6532.tif,0.670941,22.7284,0.239717
val,6533.tif,0.518205,17.9726,0.301158
val,6534.tif,0.593471,21.4228,0.266609
val,6535.tif,0.700949,23.0969,0.213165
val,6536.tif,0.517027,20.2957,0.273737
val,6537.tif,0.596268,22.954,0.241811
val,6538.tif,0.583287,22.0843,0.251155
val,6539.tif,0.569189,21.0911,0.24212
val,654.tif,0.505301,22.269,0.270878
val,6540.tif,0.591386,21.5898,0.280631
val,6541.tif,0.569627,22.0341,0.245556
val,6542.tif,0.577794,22.8705,0.229549
val,6543.tif,0.68227,23.136,0.220935
val,6544.tif,0.625678,22.8772,0.233205
val,6545.tif,0.534963,19.8084,0.284275
val,6546.tif,0.565484,22.0945,0.272774
val,6547.tif,0.601894,21.9517,0.242668
val,6548.tif,0.712766,24.6412,0.275451
val,6549.tif,0.670119,21.3581,0.235393
val,655.tif,0.505347,20.3922,0.28139
val,6550.tif,0.712334,23.2058,0.199477
val,6551.tif,0.581223,20.5928,0.274592
val,6552.tif,0.599064,23.3536,0.271622
val,6553.tif,0.671338,22.389,0.222375
val,6554.tif,0.547386,17.8921,0.309048
val,6555.tif,0.528167,22.1458,0.230014
val,6556.tif,0.492491,18.4972,0.293338
val,6557.tif,0.658914,23.1693,0.263374
val,6558.tif,0.585153,22.3204,0.270614
val,6559.tif,0.600803,21.8885,0.242205
val,656.tif,0.52498,20.7435,0.264711
val,6560.tif,0.63408,22.1909,0.259838
val,6561.tif,0.629372,22.9603,0.215936
val,6562.tif,0.626388,23.4918,0.258035
val,6563.tif,0.69995,22.4978,0.223875
val,6564.tif,0.562135,22.8474,0.2386
val,6565.tif,0.544608,19.9764,0.287841
val,6566.tif,0.692018,24.6014,0.22417
val,6567.tif,0.558895,21.5845,0.260054
val,6568.tif,0.564215,21.4789,0.245124
val,6569.tif,0.502721,19.715,0.296155
val,657.tif,0.566759,20.2141,0.320754
val,6570.tif,0.519986,21.1344,0.288088
val,6571.tif,0.61431,22.3312,0.234761
val,6572.tif,0.808624,24.2099,0.221383
val,6573.tif,0.542736,22.0071,0.236217
val,6574.tif,0.572041,22.1455,0.264692
val,6575.tif,0.694838,23.3702,0.23051
val,6576.tif,0.490534,21.5293,0.277152
val,6577.tif,0.726756,24.2645,0.207031
val,6578.tif,0.54438,21.3089,0.263545
val,6579.tif,0.50704,18.9179,0.290236
val,658.tif,0.463896,21.0796,0.274115
val,6580.tif,0.677568,24.1901,0.231744
val,6581.tif,0.467708,20.2366,0.277785
val,6582.tif,0.597365,22.8648,0.232721
val,6583.tif,0.646261,22.2064,0.267738
val,6584.tif,0.587394,21.5852,0.280385
val,6585.tif,0.645289,23.6476,0.249527
val,6586.tif,0.568355,22.7106,0.221185
val,6587.tif,0.604435,22.1484,0.289236
val,6588.tif,0.600077,20.9735,0.250587
val,6589.tif,0.484803,18.2858,0.298022
val,659.tif,0.509903,21.8995,0.262342
val,6590.tif,0.659005,22.9792,0.225641
val,6591.tif,0.525157,21.3456,0.274863
val,6592.tif,0.681634,22.5149,0.245841
val,6593.tif,0.580434,22.0893,0.260821
val,6594.tif,0.601519,21.9599,0.217357
val,6595.tif,0.632582,20.8601,0.251792
val,6596.tif,0.631883,23.3212,0.24542
val,6597.tif,0.460488,21.3167,0.294565
val,6598.tif,0.525377,20.4965,0.284265
val,6599.tif,0.676231,21.6925,0.237151
val,66.tif,0.523788,19.4031,0.341076
val,660.tif,0.509863,21.7875,0.243262
val,6600.tif,0.570835,23.2246,0.227609
val,6601.tif,0.583811,22.7639,0.239481
val,6602.tif,0.562483,21.3651,0.266002
val,6603.tif,0.490025,18.9554,0.290398
val,6604.tif,0.654301,23.1212,0.242612
val,6605.tif,0.658695,24.6814,0.234212
val,6606.tif,0.437324,20.414,0.296388
val,6607.tif,0.530668,22.2005,0.274702
val,6608.tif,0.582107,23.4443,0.262346
val,6609.tif,0.67376,23.6142,0.237654
val,661.tif,0.579282,20.9771,0.277772
val,6610.tif,0.70263,21.9255,0.262741
val,6611.tif,0.671795,23.4948,0.227163
val,6612.tif,0.667027,21.5741,0.223459
val,6613.tif,0.561278,21.8672,0.256347
val,6614.tif,0.62881,22.6233,0.256375
val,6615.tif,0.668246,22.8095,0.249347
val,6616.tif,0.508049,19.2434,0.287014
val,6617.tif,0.650774,20.8874,0.221733
val,6618.tif,0.818812,25.5457,0.227408
val,6619.tif,0.628986,22.6768,0.253947
val,662.tif,0.506103,20.3105,0.337384
val,6620.tif,0.578946,22.2099,0.240915
val,6621.tif,0.663986,22.9566,0.257104
val,6622.tif,0.610687,22.7673,0.232525
val,6623.tif,0.656112,22.9672,0.231655
val,6624.tif,0.706263,23.2532,0.219934
val,6625.tif,0.487403,20.9303,0.242642
val,6626.tif,0.536378,18.6139,0.2656
val,6627.tif,0.488761,21.2656,0.263024
val,6628.tif,0.618037,22.5574,0.239898
val,6629.tif,0.591754,21.7225,0.232684
val,663.tif,0.609218,22.7095,0.291081
val,6630.tif,0.633354,23.2186,0.247059
val,6631.tif,0.615092,22.3615,0.249387
val,6632.tif,0.655773,23.1359,0.230898
val,6633.tif,0.597606,20.9906,0.246338
val,6634.tif,0.715885,24.3801,0.237561
val,6635.tif,0.655473,23.387,0.239552
val,6636.tif,0.525874,20.4079,0.256939
val,6637.tif,0.53379,21.5577,0.260679
val,6638.tif,0.550219,19.3213,0.276432
val,6639.tif,0.68923,23.1969,0.246553
val,664.tif,0.625952,22.5077,0.245201
val,6640.tif,0.593745,20.6739,0.247619
val,6641.tif,0.606877,22.0089,0.25441
val,6642.tif,0.604814,23.3757,0.233371
val,6643.tif,0.636661,23.865,0.240559
val,6644.tif,0.526798,18.8956,0.26719
val,6645.tif,0.529619,19.1063,0.282214
val,6646.tif,0.65934,24.1908,0.247212
val,6647.tif,0.705963,22.7371,0.218344
val,6648.tif,0.61965,20.7097,0.322841
val,6649.tif,0.631399,18.2037,0.246994
val,665.tif,0.519635,22.3411,0.281033
val,6650.tif,0.55376,23.3343,0.2682
val,6651.tif,0.575972,22.5597,0.203279
val,6652.tif,0.639666,24.1003,0.23682
val,6653.tif,0.627485,23.4292,0.26108
val,6654.tif,0.624246,24.524,0.275057
val,6655.tif,0.528841,22.3129,0.25848
val,6656.tif,0.593182,23.1145,0.253265
val,6657.tif,0.642011,22.6979,0.210226
val,6658.tif,0.707906,23.0723,0.258828
val,6659.tif,0.49591,20.105,0.252904
val,666.tif,0.51171,19.6181,0.333757
val,6660.tif,0.604444,22.2662,0.224969
val,6661.tif,0.667125,24.1367,0.249873
val,6662.tif,0.620893,23.1879,0.287581
val,6663.tif,0.656859,23.7772,0.265313
val,6664.tif,0.605599,23.9385,0.235087
val,6665.tif,0.620874,23.498,0.241437
val,6666.tif,0.594776,22.8658,0.255151
val,6667.tif,0.691109,22.5189,0.246545
val,6668.tif,0.64407,23.8164,0.255856
val,6669.tif,0.592676,22.736,0.225396
val,667.tif,0.585009,23.7633,0.267666
val,6670.tif,0.705653,20.2487,0.231008
val,6671.tif,0.692383,24.0757,0.209349
val,6672.tif,0.570819,23.1687,0.239013
val,6673.tif,0.634288,23.8073,0.252766
val,6674.tif,0.521808,21.7573,0.286316
val,6675.tif,0.628166,22.5269,0.263047
val,6676.tif,0.526119,20.8544,0.332007
val,6677.tif,0.555593,22.682,0.236146
val,6678.tif,0.715155,23.9516,0.245267
val,6679.tif,0.577809,23.1815,0.254038
val,668.tif,0.532921,21.9854,0.30554
val,6680.tif,0.71838,23.8727,0.215842
val,6681.tif,0.721062,24.0626,0.213646
val,6682.tif,0.710048,22.7278,0.227605
val,6683.tif,0.544105,18.9544,0.257842
val,6684.tif,0.677546,24.3486,0.212591
val,6685.tif,0.605155,22.5681,0.254994
val,6686.tif,0.51352,20.181,0.284603
val,6687.tif,0.566302,22.0414,0.269523
val,6688.tif,0.655968,24.1664,0.233542
val,6689.tif,0.790368,25.0847,0.263636
val,669.tif,0.623941,21.4859,0.255447
val,6690.tif,0.534729,21.2579,0.255347
val,6691.tif,0.479227,20.8639,0.263426
val,6692.tif,0.600028,22.647,0.262711
val,6693.tif,0.677331,22.9807,0.272106
val,6694.tif,0.499321,21.102,0.292662
val,6695.tif,0.678686,21.8901,0.284101
val,6696.tif,0.706817,23.9845,0.257653
val,6697.tif,0.570251,22.8081,0.27409
val,6698.tif,0.636514,23.8588,0.256922
val,6699.tif,0.542107,20.8553,0.250121
val,67.tif,0.526211,20.6415,0.278586
val,670.tif,0.478357,20.9122,0.343405
val,6700.tif,0.497061,19.7081,0.259412
val,6701.tif,0.514906,20.1559,0.307328
val,6702.tif,0.591027,21.6924,0.261199
val,6703.tif,0.606969,21.6347,0.247344
val,6704.tif,0.625477,23.258,0.310093
val,6705.tif,0.70794,23.2195,0.21783
val,6706.tif,0.537552,22.7888,0.258224
val,6707.tif,0.492674,20.9371,0.242318
val,6708.tif,0.575728,22.5247,0.225921
val,6709.tif,0.641059,23.307,0.2783
val,671.tif,0.623449,21.1544,0.259102
val,6710.tif,0.661263,23.7468,0.235504
val,6711.tif,0.645079,19.937,0.24497
val,6712.tif,0.508314,21.6682,0.224419
val,6713.tif,0.528585,19.2413,0.305173
val,6714.tif,0.642772,23.2418,0.219789
val,6715.tif,0.599571,22.8534,0.268288
val,6716.tif,0.659869,22.6728,0.243728
val,6717.tif,0.554035,21.6121,0.242922
val,6718.tif,0.606036,19.8576,0.288452
val,6719.tif,0.767245,25.3305,0.201172
val,672.tif,0.532989,20.9807,0.296574
val,6720.tif,0.640439,23.1237,0.242333
val,6721.tif,0.678546,23.3352,0.249018
val,6722.tif,0.688755,24.8653,0.242224
val,6723.tif,0.559294,18.5816,0.308627
val,6724.tif,0.558033,22.1536,0.248926
val,6725.tif,0.652636,22.4988,0.243839
val,6726.tif,0.636173,22.1781,0.242284
val,6727.tif,0.566349,22.4322,0.299625
val,6728.tif,0.631162,23.9997,0.249859
val,6729.tif,0.567262,21.9325,0.224302
val,673.tif,0.641659,23.7844,0.300602
val,6730.tif,0.630362,24.3301,0.258254
val,6731.tif,0.609572,23.7277,0.257785
val,6732.tif,0.670275,21.6266,0.257184
val,6733.tif,0.626947,22.6323,0.28649
val,6734.tif,0.599475,22.7123,0.265095
val,6735.tif,0.67651,24.2078,0.25288
val,6736.tif,0.617908,22.8195,0.203863
val,6737.tif,0.439747,20.2914,0.234142
val,6738.tif,0.577544,20.7456,0.277775
val,6739.tif,0.586813,23.5886,0.23421
val,674.tif,0.584427,21.6658,0.279388
val,6740.tif,0.544425,22.2488,0.231568
val,6741.tif,0.579929,22.0634,0.25085
val,6742.tif,0.623731,21.6147,0.242765
val,6743.tif,0.63835,18.4098,0.297468
val,6744.tif,0.560179,23.538,0.256472
val,6745.tif,0.684153,24.6504,0.224778
val,6746.tif,0.632359,24.7555,0.253474
val,6747.tif,0.586471,22.9389,0.248372
val,6748.tif,0.671511,22.5993,0.255579
val,6749.tif,0.590972,22.8975,0.231998
val,675.tif,0.599639,22.7788,0.255043
val,6750.tif,0.601165,23.4161,0.235965
val,6751.tif,0.657569,24.0584,0.219724
val,6752.tif,0.587096,23.7077,0.26789
val,6753.tif,0.619362,22.6,0.239514
val,6754.tif,0.690341,24.0862,0.225659
val,6755.tif,0.50454,22.6393,0.255099
val,6756.tif,0.598352,21.5043,0.260382
val,6757.tif,0.615562,21.6738,0.278642
val,6758.tif,0.622254,23.7186,0.237804
val,6759.tif,0.540679,22.3177,0.240462
val,676.tif,0.581397,22.226,0.252717
val,6760.tif,0.530467,21.0162,0.298156
val,6761.tif,0.502156,19.6121,0.252383
val,6762.tif,0.55382,21.9388,0.248766
val,6763.tif,0.513823,21.4051,0.30994
val,6764.tif,0.557849,21.2736,0.262881
val,6765.tif,0.634212,22.3681,0.234158
val,6766.tif,0.483704,19.6838,0.28341
val,6767.tif,0.56439,19.4354,0.261098
val,6768.tif,0.491959,22.0325,0.308103
val,6769.tif,0.487126,21.6875,0.266653
val,677.tif,0.417425,18.8188,0.279855
val,6770.tif,0.497364,21.2316,0.273181
val,6771.tif,0.468866,20.5501,0.293551
val,6772.tif,0.587687,20.722,0.32842
val,6773.tif,0.494966,20.9662,0.271098
val,6774.tif,0.614441,23.4068,0.207506
val,6775.tif,0.459454,20.351,0.280728
val,6776.tif,0.627414,22.5096,0.224754
val,6777.tif,0.473138,19.4509,0.314961
val,6778.tif,0.565665,23.3819,0.276786
val,6779.tif,0.453594,21.6803,0.259827
val,678.tif,0.519877,21.3009,0.343043
val,6780.tif,0.430233,20.3996,0.266941
val,6781.tif,0.611642,20.8771,0.29311
val,6782.tif,0.521137,21.35,0.24818
val,6783.tif,0.598096,21.0539,0.2674
val,6784.tif,0.534236,21.9955,0.270091
val,6785.tif,0.658073,22.5772,0.240207
val,6786.tif,0.551332,21.222,0.263508
val,6787.tif,0.484864,21.0263,0.277451
val,6788.tif,0.601271,24.4711,0.245238
val,6789.tif,0.542691,21.9794,0.294174
val,679.tif,0.533462,20.9739,0.299861
val,6790.tif,0.559935,22.5627,0.284985
val,6791.tif,0.638669,24.3829,0.21207
val,6792.tif,0.485649,20.3752,0.261372
val,6793.tif,0.622576,23.37,0.238378
val,6794.tif,0.602757,20.9589,0.295269
val,6795.tif,0.543457,23.6049,0.269871
val,6796.tif,0.4862,21.6254,0.285663
val,6797.tif,0.473183,20.6247,0.284214
val,6798.tif,0.530537,21.9354,0.266368
val,6799.tif,0.469065,21.3864,0.278119
val,68.tif,0.751528,23.2807,0.321568
val,680.tif,0.533823,21.1203,0.286417
val,6800.tif,0.635001,23.235,0.26806
val,6801.tif,0.603057,22.7038,0.261152
val,6802.tif,0.56911,23.8047,0.258982
val,6803.tif,0.522699,22.3592,0.282429
val,6804.tif,0.62924,23.3591,0.271558
val,6805.tif,0.492501,20.6516,0.27837
val,6806.tif,0.565116,23.7911,0.247625
val,6807.tif,0.667,23.5352,0.221198
val,6808.tif,0.477979,20.0589,0.26097
val,6809.tif,0.450671,20.7595,0.254838
val,681.tif,0.518784,20.5667,0.270452
val,6810.tif,0.540569,23.4133,0.284595
val,6811.tif,0.628808,22.3549,0.279687
val,6812.tif,0.526506,22.6538,0.315222
val,6813.tif,0.573468,21.7103,0.276728
val,6814.tif,0.61253,22.9617,0.269078
val,6815.tif,0.552465,22.2,0.292893
val,6816.tif,0.515618,20.0518,0.296541
val,6817.tif,0.519439,21.559,0.265216
val,6818.tif,0.448468,20.853,0.235053
val,6819.tif,0.646405,21.358,0.24824
val,682.tif,0.557788,22.2461,0.298545
val,6820.tif,0.612906,20.5165,0.248208
val,6821.tif,0.55395,22.2599,0.242296
val,6822.tif,0.634141,23.9293,0.262376
val,6823.tif,0.692385,22.0956,0.214368
val,6824.tif,0.462236,21.1338,0.263775
val,6825.tif,0.666619,23.7508,0.23198
val,6826.tif,0.407136,19.511,0.301222
val,6827.tif,0.545162,23.7971,0.292686
val,6828.tif,0.493279,20.0,0.294423
val,6829.tif,0.61004,22.7171,0.242118
val,683.tif,0.543611,22.0864,0.246897
val,6830.tif,0.411214,19.6172,0.31765
val,6831.tif,0.547027,21.8744,0.256705
val,6832.tif,0.448105,20.4112,0.284548
val,6833.tif,0.651772,23.5289,0.243249
val,6834.tif,0.621159,22.9271,0.285751
val,6835.tif,0.616866,24.6963,0.230263
val,6836.tif,0.668938,24.4016,0.245009
val,6837.tif,0.544698,21.3554,0.270969
val,6838.tif,0.549029,20.9799,0.335681
val,6839.tif,0.579134,22.3145,0.244819
val,684.tif,0.54366,21.8922,0.302089
val,6840.tif,0.664352,23.3193,0.245202
val,6841.tif,0.645042,23.1845,0.242462
val,6842.tif,0.638732,23.9927,0.231039
val,6843.tif,0.707421,25.0107,0.244428
val,6844.tif,0.478926,20.9668,0.271411
val,6845.tif,0.480484,22.0922,0.269471
val,6846.tif,0.607438,22.5305,0.234353
val,6847.tif,0.548788,22.8931,0.280491
val,6848.tif,0.500385,22.4452,0.294255
val,6849.tif,0.621593,23.4486,0.231428
val,685.tif,0.516536,20.6541,0.296522
val,6850.tif,0.461681,19.9415,0.293375
val,6851.tif,0.687168,24.405,0.208122
val,6852.tif,0.618998,22.6586,0.24637
val,6853.tif,0.670427,23.5652,0.206874
val,6854.tif,0.585943,23.5355,0.250195
val,6855.tif,0.497019,21.7089,0.255512
val,6856.tif,0.550148,21.6598,0.233732
val,6857.tif,0.495279,21.5875,0.238592
val,6858.tif,0.610951,20.9722,0.252029
val,6859.tif,0.525033,22.2831,0.294675
val,686.tif,0.538959,21.9337,0.26287
val,6860.tif,0.579526,21.1106,0.266424
val,6861.tif,0.515496,22.1133,0.262837
val,6862.tif,0.496715,21.4395,0.260294
val,6863.tif,0.618295,23.9614,0.256847
val,6864.tif,0.618121,22.9768,0.28414
val,6865.tif,0.597477,22.8934,0.278182
val,6866.tif,0.44934,20.8158,0.288232
val,6867.tif,0.48525,20.6312,0.319575
val,6868.tif,0.531558,23.6417,0.286682
val,6869.tif,0.457334,20.3527,0.23445
val,687.tif,0.481904,21.2549,0.227273
val,6870.tif,0.648859,22.1209,0.25622
val,6871.tif,0.578708,17.9163,0.373389
val,6872.tif,0.639244,22.7997,0.220992
val,6873.tif,0.609159,19.6482,0.306074
val,6874.tif,0.560911,22.9315,0.245923
val,6875.tif,0.448381,19.0721,0.295446
val,6876.tif,0.67654,22.6459,0.228196
val,6877.tif,0.464905,20.3916,0.260302
val,6878.tif,0.505472,21.1415,0.281843
val,6879.tif,0.567127,22.6073,0.283144
val,688.tif,0.540951,21.9976,0.250868
val,6880.tif,0.678413,23.4172,0.248093
val,6881.tif,0.532184,19.2434,0.254357
val,6882.tif,0.506393,20.0751,0.265078
val,6883.tif,0.491022,22.1435,0.260923
val,6884.tif,0.434275,21.0793,0.273551
val,6885.tif,0.634144,22.4795,0.263271
val,6886.tif,0.55398,21.0689,0.25044
val,6887.tif,0.518521,21.3623,0.275269
val,6888.tif,0.713678,24.7645,0.222443
val,6889.tif,0.514001,22.6536,0.240387
val,689.tif,0.563048,21.9163,0.278091
val,6890.tif,0.549021,21.8392,0.253684
val,6891.tif,0.613809,21.894,0.256234
val,6892.tif,0.4946,18.584,0.29272
val,6893.tif,0.480415,19.3159,0.282409
val,6894.tif,0.522472,21.3889,0.258119
val,6895.tif,0.662974,22.6843,0.192757
val,6896.tif,0.625565,22.945,0.302561
val,6897.tif,0.659711,23.7838,0.232312
val,6898.tif,0.685365,22.7305,0.22284
val,6899.tif,0.42109,20.5316,0.301935
val,69.tif,0.542398,21.485,0.297475
val,690.tif,0.57281,22.4046,0.269721
val,6900.tif,0.569967,20.9301,0.279784
val,6901.tif,0.456417,20.2,0.255478
val,6902.tif,0.658917,23.7962,0.212247
val,6903.tif,0.519384,22.0191,0.257648
val,6904.tif,0.529528,21.3305,0.270839
val,6905.tif,0.612315,21.4538,0.247125
val,6906.tif,0.618911,21.1365,0.24221
val,6907.tif,0.586322,22.0731,0.278787
val,6908.tif,0.611834,19.7601,0.240303
val,6909.tif,0.543789,23.7274,0.268459
val,691.tif,0.54824,19.9443,0.276056
val,6910.tif,0.507706,19.7981,0.265413
val,6911.tif,0.560696,23.2613,0.281461
val,6912.tif,0.475502,18.1012,0.303633
val,6913.tif,0.50611,22.2478,0.271365
val,6914.tif,0.636798,22.141,0.237837
val,6915.tif,0.475766,20.7981,0.264751
val,6916.tif,0.591616,22.6001,0.258639
val,6917.tif,0.472462,21.3406,0.303825
val,6918.tif,0.456148,20.9487,0.282669
val,6919.tif,0.569019,22.6643,0.282918
val,692.tif,0.594605,21.3313,0.282191
val,6920.tif,0.563075,20.2323,0.282321
val,6921.tif,0.557914,21.5331,0.246183
val,6922.tif,0.496951,21.6236,0.255107
val,6923.tif,0.480356,20.2251,0.280381
val,6924.tif,0.459933,19.913,0.281361
val,6925.tif,0.695393,23.9505,0.238267
val,6926.tif,0.684104,23.5599,0.229396
val,6927.tif,0.448156,20.718,0.276859
val,6928.tif,0.652909,24.5735,0.267755
val,6929.tif,0.625531,23.6368,0.266545
val,693.tif,0.511429,19.9279,0.34978
val,6930.tif,0.454871,21.0097,0.255615
val,6931.tif,0.561,22.9799,0.240386
val,6932.tif,0.563282,23.2323,0.277482
val,6933.tif,0.578921,22.196,0.292467
val,6934.tif,0.60549,23.7199,0.270622
val,6935.tif,0.621208,23.7513,0.251017
val,6936.tif,0.512953,20.2098,0.286515
val,6937.tif,0.544989,20.392,0.312574
val,6938.tif,0.605831,23.7308,0.263806
val,6939.tif,0.599066,23.391,0.291821
val,694.tif,0.698519,25.1337,0.237259
val,6940.tif,0.637525,23.8426,0.237193
val,6941.tif,0.551088,23.4191,0.303886
val,6942.tif,0.487338,19.959,0.255723
val,6943.tif,0.622596,22.6113,0.256757
val,6944.tif,0.597573,24.2589,0.220912
val,6945.tif,0.517722,19.0905,0.346271
val,6946.tif,0.50821,21.6543,0.249022
val,6947.tif,0.579361,23.277,0.248178
val,6948.tif,0.571245,22.873,0.275717
val,6949.tif,0.539933,22.183,0.371791
val,695.tif,0.529951,22.6656,0.324482
val,6950.tif,0.578413,19.9661,0.259527
val,6951.tif,0.710276,23.4389,0.206317
val,6952.tif,0.49161,21.7899,0.266414
val,6953.tif,0.540536,22.0267,0.257353
val,6954.tif,0.714873,23.9148,0.253821
val,6955.tif,0.56484,22.2843,0.271346
val,6956.tif,0.567179,20.636,0.251268
val,6957.tif,0.522415,21.5905,0.241156
val,6958.tif,0.500961,19.0632,0.253715
val,6959.tif,0.672996,24.2855,0.223541
val,696.tif,0.562029,20.0394,0.297026
val,6960.tif,0.381631,19.2884,0.262165
val,6961.tif,0.623547,20.433,0.225316
val,6962.tif,0.619593,22.8882,0.275832
val,6963.tif,0.658151,20.0647,0.252679
val,6964.tif,0.511734,21.437,0.271552
val,6965.tif,0.709523,24.1101,0.214969
val,6966.tif,0.632483,22.3076,0.246876
val,6967.tif,0.465638,19.2304,0.284245
val,6968.tif,0.582873,23.3489,0.288916
val,6969.tif,0.633846,23.9383,0.249221
val,697.tif,0.543984,23.4888,0.259018
val,6970.tif,0.446578,18.8802,0.332339
val,6971.tif,0.574726,22.6363,0.248144
val,6972.tif,0.549444,23.3185,0.244755
val,6973.tif,0.504218,20.8801,0.275754
val,6974.tif,0.579635,23.4005,0.282811
val,6975.tif,0.632513,23.5372,0.239421
val,6976.tif,0.552761,21.5725,0.27271
val,6977.tif,0.599326,23.6693,0.285405
val,6978.tif,0.647287,23.7475,0.230026
val,6979.tif,0.509542,21.7564,0.25489
val,698.tif,0.737386,25.2274,0.220534
val,6980.tif,0.472771,20.3971,0.279128
val,6981.tif,0.616895,22.0103,0.22915
val,6982.tif,0.584864,22.3648,0.21373
val,6983.tif,0.655433,23.6373,0.227895
val,6984.tif,0.485559,21.1981,0.253391
val,6985.tif,0.5164,20.7703,0.299215
val,6986.tif,0.533804,21.2023,0.279752
val,6987.tif,0.5469,22.7749,0.259371
val,6988.tif,0.684401,23.7965,0.191186
val,6989.tif,0.656986,23.3439,0.22609
val,699.tif,0.510229,20.202,0.309402
val,6990.tif,0.506871,21.6869,0.269509
val,6991.tif,0.46102,21.1212,0.281845
val,6992.tif,0.544381,20.2937,0.252496
val,6993.tif,0.442069,19.8614,0.325127
val,6994.tif,0.634997,23.7481,0.23806
val,6995.tif,0.469767,21.6582,0.261878
val,6996.tif,0.484356,21.2478,0.283698
val,6997.tif,0.583611,22.2809,0.248627
val,6998.tif,0.598024,23.0908,0.227156
val,6999.tif,0.759119,22.3479,0.310311
val,7.tif,0.541436,20.3738,0.261341
val,70.tif,0.599349,15.6013,0.32035
val,700.tif,0.544935,20.5287,0.29982
val,7000.tif,0.556637,22.8078,0.279279
val,7001.tif,0.703518,23.4408,0.222703
val,7002.tif,0.530732,20.7625,0.312071
val,7003.tif,0.591334,23.4897,0.301872
val,7004.tif,0.485989,20.5144,0.295943
val,7005.tif,0.508934,20.319,0.323596
val,7006.tif,0.621898,23.1388,0.235752
val,7007.tif,0.522925,18.7767,0.352116
val,7008.tif,0.474815,21.2913,0.250377
val,7009.tif,0.618102,18.374,0.265652
val,701.tif,0.532994,23.9613,0.302177
val,7010.tif,0.53434,22.6408,0.278022
val,7011.tif,0.517603,22.267,0.281917
val,7012.tif,0.483071,20.7413,0.250056
val,7013.tif,0.660214,22.9564,0.246148
val,7014.tif,0.48991,22.2292,0.249422
val,7015.tif,0.467119,20.9967,0.301914
val,7016.tif,0.535999,22.0198,0.268798
val,7017.tif,0.648054,23.7035,0.232882
val,7018.tif,0.463053,21.1876,0.267782
val,7019.tif,0.523438,21.3104,0.295768
val,702.tif,0.554177,21.7944,0.281608
val,7020.tif,0.540652,22.5285,0.250107
val,7021.tif,0.535537,21.0325,0.277122
val,7022.tif,0.602064,23.9125,0.276914
val,7023.tif,0.489269,20.566,0.288008
val,7024.tif,0.589515,23.1974,0.27578
val,7025.tif,0.605496,22.1704,0.224535
val,7026.tif,0.536233,20.6194,0.287024
val,7027.tif,0.55216,22.3471,0.258305
val,7028.tif,0.555252,22.6177,0.316669
val,7029.tif,0.56493,23.3053,0.267019
val,703.tif,0.552494,21.1967,0.317432
val,7030.tif,0.517776,22.5298,0.280906
val,7031.tif,0.552069,23.1623,0.308574
val,7032.tif,0.601968,22.1552,0.236432
val,7033.tif,0.50912,21.686,0.247365
val,7034.tif,0.605844,22.0969,0.281055
val,7035.tif,0.678425,24.0136,0.231796
val,7036.tif,0.521789,21.4578,0.308538
val,7037.tif,0.449834,19.5346,0.322286
val,7038.tif,0.666831,23.1741,0.272679
val,7039.tif,0.496704,22.3731,0.252153
val,704.tif,0.548872,20.1181,0.254893
val,7040.tif,0.647368,20.2498,0.261025
val,7041.tif,0.673877,23.5564,0.220639
val,7042.tif,0.494682,20.5883,0.278241
val,7043.tif,0.533272,21.1046,0.272098
val,7044.tif,0.598244,21.1435,0.366031
val,7045.tif,0.611716,22.8355,0.23067
val,7046.tif,0.664535,22.6663,0.248631
val,7047.tif,0.557978,21.657,0.296934
val,7048.tif,0.605477,23.0566,0.237297
val,7049.tif,0.447276,20.7362,0.30355
val,705.tif,0.448812,20.4102,0.293777
val,7050.tif,0.687255,23.6257,0.234671
val,7051.tif,0.637186,23.0925,0.226455
val,7052.tif,0.567084,22.6159,0.282154
val,7053.tif,0.541741,21.7324,0.252257
val,7054.tif,0.598017,22.9909,0.286936
val,7055.tif,0.61496,24.0814,0.24356
val,7056.tif,0.596456,22.9909,0.272904
val,7057.tif,0.586807,23.6847,0.24544
val,7058.tif,0.535922,20.8503,0.298323
val,7059.tif,0.571499,21.7554,0.249532
val,706.tif,0.595234,20.6638,0.265337
val,7060.tif,0.504831,20.3132,0.306441
val,7061.tif,0.670444,22.2178,0.250161
val,7062.tif,0.670055,22.5714,0.218317
val,7063.tif,0.663158,22.0363,0.226656
val,7064.tif,0.661943,23.4079,0.212333
val,7065.tif,0.484834,23.3365,0.34106
val,7066.tif,0.45549,20.651,0.331294
val,7067.tif,0.669238,22.8108,0.245148
val,7068.tif,0.481144,20.9651,0.251105
val,7069.tif,0.440859,20.2476,0.253711
val,707.tif,0.53912,21.0134,0.27128
val,7070.tif,0.432671,18.5899,0.282402
val,7071.tif,0.714661,23.6285,0.197954
val,7072.tif,0.533438,21.8627,0.262924
val,7073.tif,0.598045,20.6381,0.262651
val,7074.tif,0.509202,22.3039,0.274436
val,7075.tif,0.597558,21.8333,0.26959
val,7076.tif,0.615631,22.9454,0.239151
val,7077.tif,0.525324,21.7504,0.243995
val,7078.tif,0.652194,22.7538,0.230355
val,7079.tif,0.635457,22.4698,0.239008
val,708.tif,0.486428,20.9635,0.271817
val,7080.tif,0.554208,20.0972,0.297796
val,7081.tif,0.520084,21.8686,0.298104
val,7082.tif,0.533461,22.9315,0.295983
val,7083.tif,0.507591,21.4124,0.259947
val,7084.tif,0.47754,21.0915,0.297806
val,7085.tif,0.494654,21.0702,0.230735
val,7086.tif,0.644178,20.5949,0.284701
val,7087.tif,0.695125,24.6344,0.229239
val,7088.tif,0.608962,22.6929,0.229361
val,7089.tif,0.678094,23.1464,0.223756
val,709.tif,0.509626,19.8843,0.332167
val,7090.tif,0.457688,21.438,0.292616
val,7091.tif,0.528541,20.0357,0.287319
val,7092.tif,0.502042,20.1131,0.245751
val,7093.tif,0.536573,21.0206,0.283961
val,7094.tif,0.62805,24.2057,0.236004
val,7095.tif,0.629206,23.0473,0.241393
val,7096.tif,0.568138,22.204,0.254402
val,7097.tif,0.62353,21.6358,0.250847
val,7098.tif,0.452739,20.5113,0.288033
val,7099.tif,0.607098,23.0015,0.264391
val,71.tif,0.555544,22.5511,0.282498
val,710.tif,0.483312,19.0464,0.289675
val,7100.tif,0.521797,20.7235,0.276838
val,7101.tif,0.511526,21.6554,0.288643
val,7102.tif,0.703035,24.1319,0.218341
val,7103.tif,0.534465,22.0212,0.30516
val,7104.tif,0.572592,22.8214,0.339292
val,7105.tif,0.514151,20.2192,0.272083
val,7106.tif,0.568813,21.7775,0.229521
val,7107.tif,0.490654,20.8574,0.295318
val,7108.tif,0.58883,22.5444,0.256878
val,7109.tif,0.664877,24.3538,0.252751
val,711.tif,0.543564,21.8808,0.364038
val,7110.tif,0.494598,22.5619,0.311823
val,7111.tif,0.653477,23.8258,0.257944
val,7112.tif,0.569043,23.5094,0.279428
val,7113.tif,0.488474,21.4833,0.312818
val,7114.tif,0.566474,22.7138,0.289613
val,7115.tif,0.625656,23.1252,0.220853
val,7116.tif,0.476273,19.8488,0.288966
val,7117.tif,0.704723,22.8773,0.279238
val,7118.tif,0.626561,22.7893,0.274673
val,7119.tif,0.654334,20.7603,0.223813
val,712.tif,0.549836,21.369,0.293215
val,7120.tif,0.561719,23.9535,0.270941
val,7121.tif,0.584738,23.9967,0.293035
val,7122.tif,0.450012,20.3286,0.300008
val,7123.tif,0.418964,19.9851,0.239295
val,7124.tif,0.47924,21.2333,0.270899
val,7125.tif,0.652364,22.5093,0.232533
val,7126.tif,0.47374,20.3802,0.260981
val,7127.tif,0.531838,22.7209,0.312363
val,7128.tif,0.697456,21.9789,0.23202
val,7129.tif,0.635958,19.4899,0.238193
val,713.tif,0.522547,19.9469,0.316969
val,7130.tif,0.582801,23.0525,0.241028
val,7131.tif,0.661155,24.4094,0.245949
val,7132.tif,0.603604,21.9899,0.252604
val,7133.tif,0.632408,23.6316,0.220756
val,7134.tif,0.586999,23.0032,0.246854
val,7135.tif,0.606966,22.5716,0.252339
val,7136.tif,0.641233,22.3005,0.256491
val,7137.tif,0.649617,23.8714,0.246537
val,7138.tif,0.640153,23.2863,0.23843
val,7139.tif,0.500717,20.5606,0.30861
val,714.tif,0.710737,23.036,0.251979
val,7140.tif,0.555818,20.5068,0.261859
val,7141.tif,0.596779,22.2359,0.241939
val,7142.tif,0.42061,20.1299,0.299104
val,7143.tif,0.596506,22.6969,0.234611
val,7144.tif,0.614512,19.9106,0.291492
val,7145.tif,0.482962,21.5244,0.278697
val,7146.tif,0.466789,19.1134,0.247297
val,7147.tif,0.629462,23.9808,0.234523
val,7148.tif,0.657629,23.3024,0.215704
val,7149.tif,0.496957,21.0833,0.282668
val,715.tif,0.512777,20.4339,0.293335
val,7150.tif,0.518732,20.7672,0.260432
val,7151.tif,0.528074,20.0929,0.331357
val,7152.tif,0.697783,22.5665,0.237139
val,7153.tif,0.515383,22.515,0.228469
val,7154.tif,0.625702,22.8933,0.243831
val,7155.tif,0.52307,18.2638,0.282095
val,7156.tif,0.590836,21.0861,0.256387
val,7157.tif,0.501699,21.4438,0.264932
val,7158.tif,0.645617,21.3089,0.27074
val,7159.tif,0.618178,23.4662,0.250623
val,716.tif,0.553297,21.2168,0.258974
val,7160.tif,0.608819,23.9277,0.255885
val,7161.tif,0.541566,19.7509,0.256665
val,7162.tif,0.624694,24.7303,0.256314
val,7163.tif,0.654239,22.8344,0.251704
val,7164.tif,0.537242,21.034,0.294833
val,7165.tif,0.628595,21.6421,0.252599
val,7166.tif,0.487596,21.3381,0.270363
val,7167.tif,0.588495,22.5344,0.282019
val,7168.tif,0.619621,23.044,0.241563
val,7169.tif,0.739172,20.2975,0.302851
val,717.tif,0.532935,22.5027,0.278612
val,7170.tif,0.655973,23.9311,0.294354
val,7171.tif,0.608162,22.5916,0.259497
val,7172.tif,0.585667,22.6858,0.277953
val,7173.tif,0.661614,22.8789,0.230413
val,7174.tif,0.672417,23.0434,0.221723
val,7175.tif,0.580352,22.3381,0.278435
val,7176.tif,0.60203,22.5777,0.29735
val,7177.tif,0.427576,20.4818,0.265626
val,7178.tif,0.493541,22.7549,0.269044
val,7179.tif,0.64757,22.3467,0.261527
val,718.tif,0.739749,23.5049,0.270639
val,7180.tif,0.456968,19.6872,0.285906
val,7181.tif,0.59626,21.9969,0.274527
val,7182.tif,0.503938,21.6579,0.255524
val,7183.tif,0.438829,14.9387,0.332847
val,7184.tif,0.533151,23.2255,0.274887
val,7185.tif,0.631015,23.5637,0.236314
val,7186.tif,0.602808,21.0855,0.25725
val,7187.tif,0.674355,23.6873,0.274659
val,7188.tif,0.645705,23.9788,0.276103
val,7189.tif,0.583897,22.2612,0.263104
val,719.tif,0.539909,21.2595,0.279368
val,7190.tif,0.50004,22.3199,0.252676
val,7191.tif,0.626518,23.5542,0.281038
val,7192.tif,0.596641,23.1762,0.244723
val,7193.tif,0.545083,24.2218,0.266361
val,7194.tif,0.551282,21.5651,0.288409
val,7195.tif,0.764292,23.2123,0.239659
val,7196.tif,0.637678,22.5418,0.253402
val,7197.tif,0.484291,20.9584,0.240103
val,7198.tif,0.55201,20.7612,0.274297
val,7199.tif,0.507504,20.3928,0.264339
val,72.tif,0.672406,22.9789,0.262175
val,720.tif,0.558367,21.1385,0.252315
val,7200.tif,0.556881,19.948,0.260914
val,7201.tif,0.606579,23.1011,0.267333
val,7202.tif,0.550668,18.6552,0.237859
val,7203.tif,0.487913,18.4563,0.329291
val,7204.tif,0.663368,22.4723,0.241768
val,7205.tif,0.431169,19.4257,0.297703
val,7206.tif,0.452058,20.4054,0.270648
val,7207.tif,0.563737,21.965,0.252364
val,7208.tif,0.674165,23.5546,0.234873
val,7209.tif,0.514314,21.8297,0.252294
val,721.tif,0.504006,20.307,0.279425
val,7210.tif,0.528437,21.8802,0.31562
val,7211.tif,0.745032,22.9681,0.241708
val,7212.tif,0.496305,19.4594,0.256314
val,7213.tif,0.542215,21.9281,0.228207
val,7214.tif,0.488037,21.2954,0.279672
val,7215.tif,0.549762,20.1749,0.258361
val,7216.tif,0.53076,22.9695,0.241232
val,7217.tif,0.683483,22.8712,0.210356
val,7218.tif,0.485897,22.3105,0.2873
val,7219.tif,0.610635,22.6573,0.291298
val,722.tif,0.483491,18.8463,0.327638
val,7220.tif,0.630765,22.1719,0.256616
val,7221.tif,0.53249,22.606,0.282938
val,7222.tif,0.447012,20.048,0.303994
val,7223.tif,0.784808,22.4658,0.241174
val,7224.tif,0.490434,20.3301,0.293528
val,7225.tif,0.693804,23.8735,0.241131
val,7226.tif,0.718109,21.748,0.276211
val,7227.tif,0.518788,20.4071,0.311623
val,7228.tif,0.498362,22.1852,0.276395
val,7229.tif,0.671202,24.5412,0.237086
val,723.tif,0.479578,18.9336,0.313012
val,7230.tif,0.5379,20.8887,0.252329
val,7231.tif,0.525405,21.1608,0.29951
val,7232.tif,0.683381,23.3609,0.240132
val,7233.tif,0.646709,23.1878,0.271533
val,7234.tif,0.500411,16.6368,0.253916
val,7235.tif,0.64925,21.9979,0.254043
val,7236.tif,0.612855,23.1984,0.24099
val,7237.tif,0.647671,23.8828,0.234912
val,7238.tif,0.4938,21.6569,0.260805
val,7239.tif,0.657249,21.8024,0.251444
val,724.tif,0.578567,21.221,0.281223
val,7240.tif,0.551546,22.1399,0.247573
val,7241.tif,0.636206,21.3374,0.253037
val,7242.tif,0.648498,22.8436,0.240721
val,7243.tif,0.675642,23.8614,0.24728
val,7244.tif,0.56741,22.3061,0.237052
val,7245.tif,0.561559,22.6037,0.26975
val,7246.tif,0.657977,22.9063,0.229049
val,7247.tif,0.660863,23.4229,0.250123
val,7248.tif,0.704769,24.9149,0.22526
val,7249.tif,0.505222,17.1253,0.310646
val,725.tif,0.6435,24.6128,0.296978
val,7250.tif,0.4666,20.8229,0.283604
val,7251.tif,0.533056,21.938,0.246343
val,7252.tif,0.666357,24.5712,0.233146
val,7253.tif,0.585267,18.9022,0.275873
val,7254.tif,0.514773,22.2151,0.244168
val,7255.tif,0.543782,21.9554,0.243101
val,7256.tif,0.534698,22.5933,0.2676
val,7257.tif,0.623022,23.418,0.191489
val,7258.tif,0.477391,19.2868,0.333904
val,7259.tif,0.561277,22.1986,0.230723
val,726.tif,0.53906,20.835,0.280339
val,7260.tif,0.616642,23.3789,0.247397
val,7261.tif,0.558009,22.682,0.263056
val,7262.tif,0.559577,23.1142,0.293206
val,7263.tif,0.589413,22.6466,0.235918
val,7264.tif,0.681282,24.6027,0.236024
val,7265.tif,0.692678,22.7126,0.240739
val,7266.tif,0.609569,23.9667,0.265412
val,7267.tif,0.632051,22.5152,0.254649
val,7268.tif,0.63287,23.749,0.266348
val,7269.tif,0.655386,23.1986,0.230959
val,727.tif,0.599094,22.6579,0.270566
val,7270.tif,0.542305,19.5635,0.243948
val,7271.tif,0.581438,21.5992,0.28835
val,7272.tif,0.540799,23.4793,0.267822
val,7273.tif,0.58508,22.0113,0.269513
val,7274.tif,0.59003,23.6097,0.25008
val,7275.tif,0.513524,21.6277,0.245493
val,7276.tif,0.610461,23.716,0.233993
val,7277.tif,0.54614,22.9681,0.255943
val,7278.tif,0.57304,21.211,0.326905
val,7279.tif,0.6737,22.7245,0.24639
val,728.tif,0.597191,23.0658,0.273356
val,7280.tif,0.505757,21.8693,0.301484
val,7281.tif,0.572633,21.1392,0.272453
val,7282.tif,0.476525,21.25,0.263375
val,7283.tif,0.561313,23.1367,0.291607
val,7284.tif,0.691355,24.3587,0.232623
val,7285.tif,0.716553,24.1252,0.203947
val,7286.tif,0.517424,19.8752,0.26911
val,7287.tif,0.492227,20.2981,0.244274
val,7288.tif,0.581777,23.1497,0.269295
val,7289.tif,0.518421,20.9398,0.275157
val,729.tif,0.616096,22.0177,0.292245
val,7290.tif,0.524836,20.1684,0.279654
val,7291.tif,0.570581,21.0018,0.265156
val,7292.tif,0.687895,23.155,0.221609
val,7293.tif,0.636734,23.3731,0.237399
val,7294.tif,0.613512,22.5989,0.258288
val,7295.tif,0.569489,21.6256,0.31786
val,7296.tif,0.614826,21.5069,0.228969
val,7297.tif,0.641818,22.3006,0.28246
val,7298.tif,0.518589,22.3736,0.290943
val,7299.tif,0.582253,21.7652,0.282053
val,73.tif,0.483629,20.7123,0.274753
val,730.tif,0.570325,21.5677,0.340235
val,7300.tif,0.479221,18.474,0.280817
val,7301.tif,0.483816,21.6957,0.322417
val,7302.tif,0.658827,21.739,0.231648
val,7303.tif,0.656365,20.6599,0.331698
val,7304.tif,0.630778,23.8973,0.220966
val,7305.tif,0.681609,23.1501,0.250972
val,7306.tif,0.474514,21.8936,0.273521
val,7307.tif,0.543726,20.6286,0.250071
val,7308.tif,0.534262,22.3031,0.269727
val,7309.tif,0.524074,20.1774,0.273911
val,731.tif,0.545343,20.5942,0.319676
val,7310.tif,0.47279,21.3327,0.273834
val,7311.tif,0.590743,22.9705,0.276251
val,7312.tif,0.440812,20.1734,0.251891
val,7313.tif,0.463624,18.9814,0.285883
val,7314.tif,0.673723,24.2258,0.213897
val,7315.tif,0.549999,22.6385,0.326582
val,7316.tif,0.696227,22.2079,0.260575
val,7317.tif,0.566788,21.2765,0.280589
val,7318.tif,0.563164,21.8526,0.239966
val,7319.tif,0.465056,20.6481,0.28759
val,732.tif,0.511441,19.1551,0.361931
val,7320.tif,0.59007,20.4052,0.280178
val,7321.tif,0.653553,22.174,0.278043
val,7322.tif,0.581505,22.8807,0.236929
val,7323.tif,0.535014,22.0359,0.265307
val,7324.tif,0.444528,20.0503,0.259609
val,7325.tif,0.507653,21.4985,0.261368
val,7326.tif,0.631822,24.0358,0.237467
val,7327.tif,0.619372,22.0061,0.23207
val,7328.tif,0.549965,23.5961,0.300751
val,7329.tif,0.534321,23.0724,0.275561
val,733.tif,0.536418,20.482,0.305938
val,7330.tif,0.628025,21.459,0.263518
val,7331.tif,0.526087,20.6681,0.286164
val,7332.tif,0.723003,25.4026,0.216415
val,7333.tif,0.5993,22.5194,0.24388
val,7334.tif,0.556117,23.084,0.321851
val,7335.tif,0.525921,20.8917,0.255932
val,7336.tif,0.47807,21.2293,0.244864
val,7337.tif,0.462412,20.9869,0.26902
val,7338.tif,0.621677,24.4883,0.223759
val,7339.tif,0.542518,22.8799,0.263283
val,734.tif,0.530084,20.5753,0.254488
val,7340.tif,0.585177,22.7107,0.311365
val,7341.tif,0.689816,24.5835,0.214832
val,7342.tif,0.717715,24.6162,0.193832
val,7343.tif,0.669045,21.5689,0.238096
val,7344.tif,0.590453,23.619,0.229072
val,7345.tif,0.590906,22.8445,0.264322
val,7346.tif,0.525634,18.7031,0.291977
val,7347.tif,0.649814,21.4007,0.241739
val,7348.tif,0.472986,20.9237,0.255938
val,7349.tif,0.504627,20.8348,0.328161
val,735.tif,0.544393,21.1646,0.249087
val,7350.tif,0.54573,22.1211,0.258446
val,7351.tif,0.554041,23.2322,0.306136
val,7352.tif,0.590324,22.0607,0.272272
val,7353.tif,0.587833,23.1201,0.250149
val,7354.tif,0.655393,23.3284,0.255031
val,7355.tif,0.616002,19.7012,0.254898
val,7356.tif,0.497051,21.5219,0.256694
val,7357.tif,0.424295,20.5679,0.290995
val,7358.tif,0.639973,22.6165,0.272304
val,7359.tif,0.573709,23.2886,0.271301
val,736.tif,0.537219,21.8964,0.262743
val,7360.tif,0.575454,21.7025,0.309716
val,7361.tif,0.563431,22.9143,0.26602
val,7362.tif,0.624479,22.661,0.273731
val,7363.tif,0.520909,23.4137,0.337382
val,7364.tif,0.552776,22.489,0.283238
val,7365.tif,0.617839,24.0057,0.276553
val,7366.tif,0.6179,22.7905,0.277905
val,7367.tif,0.53972,21.4867,0.317632
val,7368.tif,0.739584,23.6453,0.249548
val,7369.tif,0.458492,21.0397,0.260452
val,737.tif,0.471926,19.6159,0.286128
val,7370.tif,0.489415,20.8619,0.275317
val,7371.tif,0.472001,19.7402,0.271727
val,7372.tif,0.579138,21.4632,0.277483
val,738.tif,0.531303,22.5553,0.273455
val,739.tif,0.52009,22.0044,0.244904
val,74.tif,0.490936,20.0502,0.256535
val,740.tif,0.683128,23.6158,0.297473
val,741.tif,0.569027,20.5122,0.277906
val,742.tif,0.608643,22.5077,0.312945
val,743.tif,0.525117,21.8486,0.268035
val,744.tif,0.823771,27.6307,0.21467
val,745.tif,0.578258,22.0893,0.272553
val,746.tif,0.504301,20.1839,0.32353
val,747.tif,0.577816,20.2046,0.29603
val,748.tif,0.548969,21.6077,0.292723
val,749.tif,0.53756,19.1475,0.429658
val,75.tif,0.6563,22.2996,0.258596
val,750.tif,0.584358,21.5316,0.288551
val,751.tif,0.694319,23.0159,0.298379
val,752.tif,0.587141,21.5651,0.261964
val,753.tif,0.499385,19.9776,0.279087
val,754.tif,0.538234,20.5279,0.285184
val,755.tif,0.580748,22.2336,0.280162
val,756.tif,0.474939,21.0541,0.292796
val,757.tif,0.655799,23.2433,0.27003
val,758.tif,0.523836,21.7769,0.323258
val,759.tif,0.53364,22.5769,0.259027
val,76.tif,0.560995,19.2273,0.277111
val,760.tif,0.441177,17.7484,0.373433
val,761.tif,0.498961,18.5533,0.284984
val,762.tif,0.568093,21.9475,0.256623
val,763.tif,0.593469,20.177,0.29426
val,764.tif,0.799104,24.9108,0.268209
val,765.tif,0.784581,24.9746,0.277138
val,766.tif,0.625242,21.5489,0.252713
val,767.tif,0.6129,21.069,0.274277
val,768.tif,0.607081,21.8109,0.309126
val,769.tif,0.626504,19.7948,0.294699
val,77.tif,0.59625,20.4693,0.247252
val,770.tif,0.555398,21.3816,0.305383
val,771.tif,0.549649,19.1556,0.296986
val,772.tif,0.547952,22.8667,0.333161
val,773.tif,0.527085,20.5863,0.346117
val,774.tif,0.691522,23.2866,0.279738
val,775.tif,0.481972,21.1239,0.264692
val,776.tif,0.506385,22.2156,0.325818
val,777.tif,0.442344,16.654,0.362425
val,778.tif,0.601628,22.6153,0.30048
val,779.tif,0.723854,23.3248,0.236311
val,78.tif,0.619303,18.6641,0.294716
val,780.tif,0.532716,19.7725,0.272378
val,781.tif,0.62494,22.5283,0.270967
val,782.tif,0.491648,21.1126,0.296453
val,783.tif,0.506836,21.6674,0.357108
val,784.tif,0.593612,22.6106,0.303074
val,785.tif,0.561453,20.9015,0.248259
val,786.tif,0.607968,16.8288,0.321828
val,787.tif,0.575102,21.0752,0.314465
val,788.tif,0.529415,20.5456,0.266815
val,789.tif,0.591687,22.1055,0.247353
val,79.tif,0.583811,20.0978,0.244536
val,790.tif,0.553576,23.1025,0.292669
val,791.tif,0.434166,19.1028,0.34231
val,792.tif,0.515873,22.2246,0.344906
val,793.tif,0.583923,22.7654,0.27458
val,794.tif,0.46223,21.1331,0.280992
val,795.tif,0.572704,22.6325,0.255763
val,796.tif,0.507755,20.4502,0.292529
val,797.tif,0.556065,21.7018,0.334842
val,798.tif,0.482842,20.7375,0.265215
val,799.tif,0.592654,22.8697,0.24773
val,8.tif,0.570826,17.8317,0.266664
val,80.tif,0.562989,14.4927,0.354472
val,800.tif,0.548382,18.6695,0.257369
val,801.tif,0.495235,21.1541,0.306841
val,802.tif,0.40464,17.2412,0.331516
val,803.tif,0.498984,17.9051,0.282611
val,804.tif,0.534471,21.6289,0.308084
val,805.tif,0.466723,19.612,0.307749
val,806.tif,0.599763,21.3401,0.275221
val,807.tif,0.619531,22.0853,0.270998
val,808.tif,0.567454,20.7302,0.243706
val,809.tif,0.471867,20.6186,0.314273
val,81.tif,0.705266,21.7638,0.27472
val,810.tif,0.593326,21.9811,0.254217
val,811.tif,0.67306,22.6089,0.335398
val,812.tif,0.574283,21.548,0.26321
val,813.tif,0.712324,17.4072,0.462485
val,814.tif,0.488311,19.7896,0.310962
val,815.tif,0.547462,20.6736,0.270182
val,816.tif,0.615231,21.4315,0.249974
val,817.tif,0.497731,21.5565,0.303377
val,818.tif,0.661504,22.9277,0.27708
val,819.tif,0.465425,19.8247,0.280492
val,82.tif,0.53812,20.9083,0.256942
val,820.tif,0.675475,22.0665,0.295758
val,821.tif,0.483317,21.3473,0.293578
val,822.tif,0.577297,20.2714,0.327592
val,823.tif,0.55176,22.1813,0.248103
val,824.tif,0.532589,19.1564,0.278482
val,825.tif,0.573831,21.3541,0.263345
val,826.tif,0.493425,22.1808,0.301999
val,827.tif,0.377718,18.4563,0.327215
val,828.tif,0.605835,22.2582,0.301787
val,829.tif,0.449794,19.3739,0.327592
val,83.tif,0.581916,18.6762,0.295007
val,830.tif,0.520855,21.5961,0.305198
val,831.tif,0.627999,20.9812,0.31326
val,832.tif,0.546577,23.6748,0.303732
val,833.tif,0.42089,19.1386,0.284666
val,834.tif,0.544828,22.1371,0.23727
val,835.tif,0.581813,23.1479,0.320784
val,836.tif,0.66192,24.0306,0.265886
val,837.tif,0.620214,22.6543,0.288758
val,838.tif,0.466547,19.7059,0.282262
val,839.tif,0.531134,19.7639,0.289784
val,84.tif,0.807887,23.6333,0.234806
val,840.tif,0.560267,21.9431,0.250157
val,841.tif,0.544161,20.45,0.255571
val,842.tif,0.537635,18.1933,0.27221
val,843.tif,0.464355,21.8695,0.30718
val,844.tif,0.543752,21.3057,0.260871
val,845.tif,0.618073,21.6988,0.261202
val,846.tif,0.537639,21.5297,0.275721
val,847.tif,0.56169,21.3659,0.271373
val,848.tif,0.592103,22.8127,0.303024
val,849.tif,0.55482,21.6604,0.306838
val,85.tif,0.560219,21.9661,0.269894
val,850.tif,0.558355,22.2708,0.260885
val,851.tif,0.540459,21.6763,0.297626
val,852.tif,0.614108,18.8477,0.280267
val,853.tif,0.483553,20.552,0.267331
val,854.tif,0.573624,22.1103,0.268842
val,855.tif,0.481811,21.4361,0.286467
val,856.tif,0.656662,21.9812,0.323846
val,857.tif,0.521621,21.9551,0.271688
val,858.tif,0.660929,23.6023,0.251508
val,859.tif,0.638045,19.6765,0.335207
val,86.tif,0.526442,20.0625,0.303027
val,860.tif,0.544017,21.089,0.284328
val,861.tif,0.610544,20.4293,0.266775
val,862.tif,0.613439,20.6907,0.283417
val,863.tif,0.545857,22.2764,0.279827
val,864.tif,0.638608,23.0859,0.275908
val,865.tif,0.555057,21.285,0.300246
val,866.tif,0.52025,21.0174,0.292212
val,867.tif,0.436313,20.4671,0.285404
val,868.tif,0.551344,20.3257,0.241475
val,869.tif,0.629554,20.5201,0.273526
val,87.tif,0.545097,17.9932,0.284213
val,870.tif,0.489269,18.7913,0.300007
val,871.tif,0.611858,21.1755,0.282328
val,872.tif,0.468514,21.0868,0.279828
val,873.tif,0.495865,20.6076,0.392844
val,874.tif,0.60156,20.6864,0.263566
val,875.tif,0.49755,19.7537,0.332643
val,876.tif,0.591575,21.9709,0.261283
val,877.tif,0.740097,25.137,0.246002
val,878.tif,0.569252,22.0347,0.308094
val,879.tif,0.545135,21.4934,0.286344
val,88.tif,0.571176,21.0303,0.334572
val,880.tif,0.476594,21.5073,0.253657
val,881.tif,0.493791,20.8387,0.295759
val,882.tif,0.578275,16.3945,0.357412
val,883.tif,0.581517,21.4348,0.267634
val,884.tif,0.544772,22.5539,0.278555
val,885.tif,0.568056,21.9631,0.250536
val,886.tif,0.483755,20.1307,0.264065
val,887.tif,0.506143,21.8884,0.24725
val,888.tif,0.54123,22.0365,0.229345
val,889.tif,0.533386,23.0649,0.309717
val,89.tif,0.605373,20.4139,0.278732
val,890.tif,0.550883,23.1485,0.30571
val,891.tif,0.623855,22.7158,0.233191
val,892.tif,0.567929,22.9269,0.282525
val,893.tif,0.513437,20.7448,0.250182
val,894.tif,0.547279,20.9785,0.346877
val,895.tif,0.536812,19.905,0.290924
val,896.tif,0.560747,21.6787,0.279407
val,897.tif,0.537641,21.395,0.296848
val,898.tif,0.727767,24.023,0.300878
val,899.tif,0.484561,20.7518,0.289779
val,9.tif,0.55954,20.7004,0.305835
val,90.tif,0.548262,18.9943,0.265002
val,900.tif,0.704843,24.2246,0.267684
val,901.tif,0.593601,22.1221,0.2999
val,902.tif,0.434725,19.9106,0.269045
val,903.tif,0.439047,19.017,0.336587
val,904.tif,0.62511,23.6275,0.227949
val,905.tif,0.507893,20.3133,0.241658
val,906.tif,0.50211,19.1276,0.304839
val,907.tif,0.576819,21.9863,0.318177
val,908.tif,0.650304,23.9273,0.296984
val,909.tif,0.480865,20.2677,0.285559
val,91.tif,0.500889,17.2986,0.29947
val,910.tif,0.521921,20.3431,0.307416
val,911.tif,0.564057,20.3193,0.303239
val,912.tif,0.452121,20.6764,0.304859
val,913.tif,0.605159,22.3758,0.270026
val,914.tif,0.699327,21.1295,0.282201
val,915.tif,0.607638,21.081,0.276541
val,916.tif,0.510291,16.3876,0.298257
val,917.tif,0.570339,21.2317,0.291824
val,918.tif,0.632657,20.9149,0.261291
val,919.tif,0.539416,19.7728,0.259421
val,92.tif,0.497062,20.4217,0.253757
val,920.tif,0.586778,20.2443,0.320932
val,921.tif,0.547155,21.3821,0.291071
val,922.tif,0.479959,20.6553,0.266557
val,923.tif,0.537327,20.7715,0.30203
val,924.tif,0.502584,21.6597,0.27574
val,925.tif,0.54066,20.3275,0.269524
val,926.tif,0.595022,21.0849,0.325347
val,927.tif,0.651431,23.1163,0.289752
val,928.tif,0.712257,23.9224,0.309632
val,929.tif,0.553298,22.4746,0.297245
val,93.tif,0.671181,21.6265,0.252617
val,930.tif,0.538228,20.857,0.269038
val,931.tif,0.533133,18.8972,0.285802
val,932.tif,0.549231,20.262,0.281223
val,933.tif,0.544906,18.0568,0.282642
val,934.tif,0.644703,22.5883,0.279595
val,935.tif,0.785025,25.7127,0.246754
val,936.tif,0.534772,13.1602,0.361937
val,937.tif,0.487525,17.6935,0.294045
val,938.tif,0.568835,23.6966,0.256278
val,939.tif,0.701281,20.1285,0.279836
val,94.tif,0.513564,20.1363,0.263816
val,940.tif,0.648372,22.8692,0.256548
val,941.tif,0.483213,20.8828,0.256516
val,942.tif,0.707067,22.7634,0.27624
val,943.tif,0.620492,23.8621,0.271726
val,944.tif,0.576676,17.5431,0.327267
val,945.tif,0.573975,21.375,0.340606
val,946.tif,0.588467,20.5695,0.253643
val,947.tif,0.60448,21.2788,0.248079
val,948.tif,0.555904,21.0231,0.256703
val,949.tif,0.511265,19.595,0.306037
val,95.tif,0.508583,19.8882,0.28595
val,950.tif,0.498654,20.7732,0.286405
val,951.tif,0.845573,26.4826,0.239641
val,952.tif,0.756517,21.2914,0.289629
val,953.tif,0.529386,16.6177,0.338608
val,954.tif,0.668495,21.6403,0.305719
val,955.tif,0.317742,17.3906,0.398276
val,956.tif,0.508866,21.3317,0.26869
val,957.tif,0.54326,17.3068,0.315978
val,958.tif,0.491147,20.2732,0.300052
val,959.tif,0.489552,17.707,0.322969
val,96.tif,0.583436,23.9861,0.30015
val,960.tif,0.591268,21.6135,0.318244
val,961.tif,0.552827,22.2332,0.343673
val,962.tif,0.548289,22.506,0.251697
val,963.tif,0.471531,19.1882,0.34044
val,964.tif,0.582784,18.5498,0.276294
val,965.tif,0.559866,22.7758,0.340926
val,966.tif,0.607868,17.5208,0.30182
val,967.tif,0.555152,14.7506,0.316703
val,968.tif,0.639941,23.7578,0.303942
val,969.tif,0.588714,17.7369,0.30712
val,97.tif,0.565202,19.9959,0.345436
val,970.tif,0.521605,19.902,0.30247
val,971.tif,0.679199,22.5529,0.265312
val,972.tif,0.595642,20.1778,0.298648
val,973.tif,0.534207,21.5457,0.279514
val,974.tif,0.604302,21.7275,0.28141
val,975.tif,0.575559,22.8746,0.2525
val,976.tif,0.626767,22.6413,0.260916
val,977.tif,0.650199,22.5146,0.233023
val,978.tif,0.634507,20.0457,0.269801
val,979.tif,0.529428,22.238,0.264596
val,98.tif,0.514649,21.085,0.264694
val,980.tif,0.515401,19.6473,0.274969
val,981.tif,0.534492,20.5797,0.327821
val,982.tif,0.462368,22.7371,0.372392
val,983.tif,0.661836,21.4693,0.250704
val,984.tif,0.563147,22.344,0.28103
val,985.tif,0.670823,20.49,0.274906
val,986.tif,0.529264,20.8074,0.314484
val,987.tif,0.602841,21.673,0.258961
val,988.tif,0.59409,17.2058,0.293941
val,989.tif,0.528483,18.3679,0.27224
val,99.tif,0.524409,19.4207,0.27486
val,990.tif,0.529392,20.8037,0.281121
val,991.tif,0.557661,24.7105,0.313049
val,992.tif,0.498441,21.4502,0.280612
val,993.tif,0.676678,20.9367,0.261967
val,994.tif,0.694047,22.2308,0.269378
val,995.tif,0.637239,21.3384,0.317617
val,996.tif,0.541087,22.5539,0.248084
val,997.tif,0.697185,22.9671,0.217552
val,998.tif,0.659083,21.1468,0.267484
val,999.tif,0.513946,21.9345,0.302602
